SnapshotDate,StockCode,OnHandQty,Warehouse,LastCountDate,WarehouseClean,IsNegativeStock,IsMissingQty
2010-12-01,84715,67.0,WH-London ,2010-11-27,WH-London,False,False
2010-12-01,21484,0.0,WH-North,2010-11-26,WH-North,False,False
2010-12-01,20966,114.0,WH-London ,2010-11-19,WH-London,False,False
2010-12-01,37444C,0.0,WH-London ,2010-11-22,WH-London,False,False
2010-12-01,84789,54.0,,2010-11-17,UNKNOWN,False,False
2010-12-01,22248,45.0,WH_London,2010-11-20,WH-London,False,False
2010-12-01,79163,46.0,WH-North,2010-11-22,WH-North,False,False
2010-12-01,47593B,76.0,WH-London ,2010-11-30,WH-London,False,False
2010-12-01,21368,28.0,WH-London ,2010-11-19,WH-London,False,False
2010-12-01,20771,37.0,Warehouse North,2010-11-24,WH-North,False,False
2010-12-01,23483,15.0,Main,2010-11-21,WH-London,False,False
2010-12-01,20731,83.0,WH-North,2010-11-19,WH-North,False,False
2010-12-01,90214N,57.0,Warehouse North,2010-12-01,WH-North,False,False
2010-12-01,22087,69.0,WH_London,2010-11-19,WH-London,False,False
2010-12-01,22575,74.0,Main,2010-11-18,WH-London,False,False
2010-12-01,23075,109.0,WH-London ,2010-11-29,WH-London,False,False
2010-12-01,81950B,104.0,WH-North,2010-11-22,WH-North,False,False
2010-12-01,22960,,WH_London,2010-11-18,WH-London,False,True
2010-12-01,47590B,54.0,WH-London ,2010-11-30,WH-London,False,False
2010-12-01,22210,34.0,WH-London,2010-11-23,WH-London,False,False
2010-12-01,22415,72.0,Warehouse North,2010-11-29,WH-North,False,False
2010-12-01,84849B,71.0,Warehouse North,2010-11-17,WH-North,False,False
2010-12-01,15044B,28.0,WH-London ,2010-11-25,WH-London,False,False
2010-12-01,22156,71.0,Warehouse North,2010-11-24,WH-North,False,False
2010-12-01,85107,80.0,WH_London,,WH-London,False,False
2010-12-01,79160,16.0,WH-London,,WH-London,False,False
2010-12-01,21377,55.0,WH-London,2010-11-30,WH-London,False,False
2010-12-01,90026D,48.0,Warehouse North,2010-11-29,WH-North,False,False
2010-12-01,22098,49.0,WH-North,2010-11-19,WH-North,False,False
2010-12-01,90082D,21.0,WH-London,,WH-London,False,False
2010-12-01,21195,-4.0,Warehouse North,2010-12-01,WH-North,True,False
2010-12-01,17109D,27.0,WH-London,,WH-London,False,False
2010-12-01,85186C,23.0,WH-London,2010-11-28,WH-London,False,False
2010-12-01,72802C,60.0,WH-London ,2010-11-28,WH-London,False,False
2010-12-01,23135,61.0,Main,2010-11-23,WH-London,False,False
2010-12-01,90197B,59.0,WH-North,2010-11-30,WH-North,False,False
2010-12-01,84805B,8.0,WH-London ,2010-11-24,WH-London,False,False
2010-12-01,20996,16.0,WH-London,2010-12-01,WH-London,False,False
2010-12-01,85135A,31.0,Main,2010-11-27,WH-London,False,False
2010-12-01,90177A,50.0,Main,2010-11-20,WH-London,False,False
2010-12-01,23272,39.0,WH-London ,2010-11-22,WH-London,False,False
2010-12-01,23692,59.0,WH_London,,WH-London,False,False
2010-12-01,46000P,79.0,Main,2010-12-01,WH-London,False,False
2010-12-01,22715,20.0,WH-London ,,WH-London,False,False
2010-12-01,21745,-21.0,Warehouse North,2010-11-17,WH-North,True,False
2010-12-01,20677,54.0,WH-London,2010-11-25,WH-London,False,False
2010-12-01,84804A,47.0,WH_London,2010-11-28,WH-London,False,False
2010-12-01,22965,72.0,WH_London,2010-11-21,WH-London,False,False
2010-12-01,85230F,50.0,Main,2010-12-01,WH-London,False,False
2010-12-01,23093,102.0,WH-London,,WH-London,False,False
2010-12-01,21630,2.0,WH_London,2010-11-17,WH-London,False,False
2010-12-01,16218,75.0,Warehouse North,2010-11-20,WH-North,False,False
2010-12-01,37424,55.0,Main,2010-12-01,WH-London,False,False
2010-12-01,21504,7.0,,2010-11-17,UNKNOWN,False,False
2010-12-01,35965,-12.0,WH-London,2010-11-29,WH-London,True,False
2010-12-01,90201C,16.0,,2010-11-21,UNKNOWN,False,False
2010-12-01,21802,86.0,Warehouse North,2010-11-17,WH-North,False,False
2010-12-01,85231G,82.0,Warehouse North,2010-12-01,WH-North,False,False
2010-12-01,23068,-46.0,,2010-11-29,UNKNOWN,True,False
2010-12-01,22671,39.0,Warehouse North,2010-11-30,WH-North,False,False
2010-12-01,22928,-24.0,WH-London ,2010-11-18,WH-London,True,False
2010-12-01,23204,44.0,Warehouse North,2010-11-27,WH-North,False,False
2010-12-01,22904,35.0,Main,,WH-London,False,False
2010-12-01,90195B,101.0,,2010-11-19,UNKNOWN,False,False
2010-12-01,85026B,12.0,WH-North,2010-11-17,WH-North,False,False
2010-12-01,23611,61.0,Main,2010-11-17,WH-London,False,False
2010-12-01,21662,102.0,WH_London,2010-11-25,WH-London,False,False
2010-12-01,22114,73.0,Main,2010-11-29,WH-London,False,False
2010-12-01,85136C,16.0,Main,,WH-London,False,False
2010-12-01,23619,3.0,Warehouse North,2010-11-18,WH-North,False,False
2010-12-01,22272,58.0,WH-London,2010-11-25,WH-London,False,False
2010-12-01,21336,54.0,Main,2010-11-21,WH-London,False,False
2010-12-01,21865,86.0,Main,2010-12-01,WH-London,False,False
2010-12-01,21989,66.0,WH-London ,2010-11-27,WH-London,False,False
2010-12-01,72800F,-35.0,WH_London,2010-11-26,WH-London,True,False
2010-12-01,23334,33.0,WH-London,2010-11-22,WH-London,False,False
2010-12-01,37467,,Warehouse North,,WH-North,False,True
2010-12-01,90052,53.0,,2010-11-20,UNKNOWN,False,False
2010-12-01,23090,7.0,WH-London,2010-11-17,WH-London,False,False
2010-12-01,21159,77.0,Main,2010-11-17,WH-London,False,False
2010-12-03,81952B,67.0,Warehouse North,2010-11-22,WH-North,False,False
2010-12-03,22415,66.0,WH-North,2010-12-01,WH-North,False,False
2010-12-03,21222,10.0,WH_London,2010-11-20,WH-London,False,False
2010-12-03,22230,45.0,WH-North,2010-11-30,WH-North,False,False
2010-12-03,22908,38.0,WH_London,2010-11-28,WH-London,False,False
2010-12-03,23189,53.0,WH-London ,2010-11-27,WH-London,False,False
2010-12-03,15036,65.0,WH-London,2010-11-28,WH-London,False,False
2010-12-03,16048,34.0,WH-London ,2010-11-27,WH-London,False,False
2010-12-03,35965,35.0,,,UNKNOWN,False,False
2010-12-03,21504,70.0,Warehouse North,,WH-North,False,False
2010-12-03,22185,16.0,Main,2010-11-20,WH-London,False,False
2010-12-03,21802,27.0,WH-North,2010-11-19,WH-North,False,False
2010-12-03,90026D,50.0,Warehouse North,2010-11-27,WH-North,False,False
2010-12-03,78124,76.0,Warehouse North,2010-11-20,WH-North,False,False
2010-12-03,46000P,20.0,WH-North,2010-11-19,WH-North,False,False
2010-12-03,23483,103.0,WH-London,,WH-London,False,False
2010-12-03,79071B,9.0,WH-London ,,WH-London,False,False
2010-12-03,85026B,96.0,WH_London,2010-11-19,WH-London,False,False
2010-12-03,DCGSSBOY,85.0,Main,2010-11-20,WH-London,False,False
2010-12-03,23090,,WH-North,,WH-North,False,True
2010-12-03,22099,1.0,WH-London,2010-11-23,WH-London,False,False
2010-12-03,84856S,,WH-London ,2010-12-03,WH-London,False,True
2010-12-03,21428,38.0,Warehouse North,2010-11-24,WH-North,False,False
2010-12-03,22904,19.0,WH_London,2010-12-01,WH-London,False,False
2010-12-03,23140,104.0,,2010-11-20,UNKNOWN,False,False
2010-12-03,21336,14.0,WH-North,,WH-North,False,False
2010-12-03,10133,28.0,Warehouse North,2010-11-22,WH-North,False,False
2010-12-03,90214C,31.0,Main,2010-12-02,WH-London,False,False
2010-12-03,90152A,-33.0,,2010-12-02,UNKNOWN,True,False
2010-12-03,21281,52.0,WH-London,2010-11-27,WH-London,False,False
2010-12-03,37467,22.0,,2010-11-20,UNKNOWN,False,False
2010-12-03,72800F,74.0,Warehouse North,2010-11-23,WH-North,False,False
2010-12-03,84675,78.0,WH-London ,2010-11-22,WH-London,False,False
2010-12-03,85119,56.0,WH-North,2010-11-25,WH-North,False,False
2010-12-03,22483,57.0,Main,2010-11-29,WH-London,False,False
2010-12-03,82616C,54.0,WH-London,2010-11-26,WH-London,False,False
2010-12-03,82613C,28.0,WH-North,2010-11-28,WH-North,False,False
2010-12-03,23010,-31.0,WH-London ,2010-11-28,WH-London,True,False
2010-12-03,20702,89.0,WH-North,2010-11-29,WH-North,False,False
2010-12-03,23518,72.0,WH-London ,,WH-London,False,False
2010-12-03,23547,56.0,Main,2010-11-26,WH-London,False,False
2010-12-03,21009,68.0,Main,,WH-London,False,False
2010-12-03,21348,48.0,WH-London ,2010-11-24,WH-London,False,False
2010-12-03,22960,55.0,WH_London,2010-11-22,WH-London,False,False
2010-12-03,90067B,67.0,Warehouse North,2010-11-29,WH-North,False,False
2010-12-03,15044B,-12.0,WH_London,2010-11-25,WH-London,True,False
2010-12-03,79163,77.0,WH-London ,2010-11-26,WH-London,False,False
2010-12-03,85107,75.0,Main,2010-11-29,WH-London,False,False
2010-12-03,84660C,26.0,WH_London,2010-12-01,WH-London,False,False
2010-12-03,20966,87.0,WH-London ,2010-12-03,WH-London,False,False
2010-12-03,22965,-16.0,WH-London ,2010-11-21,WH-London,True,False
2010-12-03,22248,60.0,WH-North,2010-11-26,WH-North,False,False
2010-12-03,84715,51.0,WH-London,2010-11-20,WH-London,False,False
2010-12-03,84638,40.0,Warehouse North,2010-11-24,WH-North,False,False
2010-12-03,21662,50.0,WH-London ,2010-11-29,WH-London,False,False
2010-12-03,82616B,67.0,WH-North,2010-11-24,WH-North,False,False
2010-12-03,21368,-4.0,Main,2010-11-26,WH-London,True,False
2010-12-03,22030,80.0,WH-North,2010-11-29,WH-North,False,False
2010-12-03,84872A,37.0,,,UNKNOWN,False,False
2010-12-03,22882,80.0,WH_London,2010-12-01,WH-London,False,False
2010-12-03,90143,69.0,WH-London ,,WH-London,False,False
2010-12-03,22087,37.0,WH_London,,WH-London,False,False
2010-12-03,85186C,47.0,Main,2010-11-23,WH-London,False,False
2010-12-03,47591D,49.0,Main,2010-11-23,WH-London,False,False
2010-12-03,22575,98.0,WH-London,2010-11-23,WH-London,False,False
2010-12-03,22098,15.0,WH-London ,,WH-London,False,False
2010-12-03,23471,36.0,,2010-11-19,UNKNOWN,False,False
2010-12-03,22923,2.0,,2010-11-27,UNKNOWN,False,False
2010-12-03,21356,53.0,Warehouse North,2010-11-24,WH-North,False,False
2010-12-03,37471,-31.0,WH_London,2010-12-03,WH-London,True,False
2010-12-03,20803,34.0,Main,2010-11-24,WH-London,False,False
2010-12-03,21630,94.0,,2010-11-24,UNKNOWN,False,False
2010-12-03,85135A,-25.0,Warehouse North,2010-11-26,WH-North,True,False
2010-12-03,85231G,45.0,WH-North,2010-11-20,WH-North,False,False
2010-12-03,22216,36.0,WH_London,2010-11-28,WH-London,False,False
2010-12-03,22210,38.0,WH_London,2010-11-26,WH-London,False,False
2010-12-03,23692,133.0,Main,2010-12-03,WH-London,False,False
2010-12-03,84804A,-2.0,WH_London,2010-11-21,WH-London,True,False
2010-12-03,17109D,69.0,WH-London,2010-11-25,WH-London,False,False
2010-12-03,23611,122.0,WH-North,2010-11-21,WH-North,False,False
2010-12-05,85040A,82.0,Main,2010-12-03,WH-London,False,False
2010-12-05,23440,,WH-North,2010-11-30,WH-North,False,True
2010-12-05,84675,14.0,Warehouse North,,WH-North,False,False
2010-12-05,21220,,WH-London ,2010-11-25,WH-London,False,True
2010-12-05,90161B,78.0,Main,2010-11-30,WH-London,False,False
2010-12-05,44092C,4.0,WH-London,2010-11-22,WH-London,False,False
2010-12-05,21865,40.0,WH_London,2010-11-21,WH-London,False,False
2010-12-05,84856S,13.0,WH-London,2010-12-02,WH-London,False,False
2010-12-05,47469,-35.0,WH-London ,2010-11-29,WH-London,True,False
2010-12-05,23140,13.0,,2010-11-28,UNKNOWN,False,False
2010-12-05,21830,53.0,WH-London,,WH-London,False,False
2010-12-05,16048,67.0,WH_London,2010-12-02,WH-London,False,False
2010-12-05,21135,40.0,Main,2010-12-03,WH-London,False,False
2010-12-05,21630,-91.0,WH-North,2010-11-28,WH-North,True,False
2010-12-05,81950B,80.0,Warehouse North,2010-11-28,WH-North,False,False
2010-12-05,22905,,Main,2010-12-01,WH-London,False,True
2010-12-05,90152A,42.0,Warehouse North,2010-11-26,WH-North,False,False
2010-12-05,22095,61.0,,2010-11-22,UNKNOWN,False,False
2010-12-05,85135A,49.0,Main,2010-12-02,WH-London,False,False
2010-12-05,72802C,7.0,WH_London,2010-12-01,WH-London,False,False
2010-12-05,21222,-41.0,Warehouse North,2010-11-26,WH-North,True,False
2010-12-05,21504,69.0,WH-London,2010-11-24,WH-London,False,False
2010-12-05,35819P,89.0,WH_London,2010-12-02,WH-London,False,False
2010-12-05,21368,78.0,,2010-12-01,UNKNOWN,False,False
2010-12-05,22908,60.0,,2010-12-03,UNKNOWN,False,False
2010-12-05,22960,93.0,,,UNKNOWN,False,False
2010-12-05,79163,,WH_London,2010-12-04,WH-London,False,True
2010-12-05,16011,47.0,Warehouse North,2010-12-03,WH-North,False,False
2010-12-05,21356,94.0,WH_London,2010-11-21,WH-London,False,False
2010-12-05,21188,71.0,Main,2010-11-23,WH-London,False,False
2010-12-05,85184C,89.0,Main,2010-12-04,WH-London,False,False
2010-12-05,20996,14.0,Main,2010-11-25,WH-London,False,False
2010-12-05,23611,24.0,Main,2010-12-04,WH-London,False,False
2010-12-05,22928,,WH-North,2010-11-30,WH-North,False,True
2010-12-05,82616C,55.0,WH-North,2010-11-25,WH-North,False,False
2010-12-05,84674,104.0,WH-London ,2010-11-26,WH-London,False,False
2010-12-05,82616B,15.0,WH-North,2010-12-04,WH-North,False,False
2010-12-05,84596J,77.0,,2010-11-29,UNKNOWN,False,False
2010-12-05,90071,,WH-London,2010-11-28,WH-London,False,True
2010-12-05,22248,113.0,WH-North,2010-11-28,WH-North,False,False
2010-12-05,21662,2.0,,2010-11-29,UNKNOWN,False,False
2010-12-05,20724,72.0,Warehouse North,2010-11-22,WH-North,False,False
2010-12-05,84660C,76.0,WH_London,,WH-London,False,False
2010-12-05,22030,68.0,WH-London ,2010-12-04,WH-London,False,False
2010-12-05,84559B,23.0,,2010-11-29,UNKNOWN,False,False
2010-12-05,22070,18.0,Main,2010-12-04,WH-London,False,False
2010-12-05,84631,88.0,WH-North,2010-12-05,WH-North,False,False
2010-12-05,17028J,81.0,WH-London ,2010-12-02,WH-London,False,False
2010-12-05,85231G,-81.0,WH-London ,2010-11-22,WH-London,True,False
2010-12-05,84789,84.0,WH-London ,2010-11-26,WH-London,False,False
2010-12-05,84715,-3.0,WH-London ,2010-11-27,WH-London,True,False
2010-12-05,90197B,3.0,,2010-12-03,UNKNOWN,False,False
2010-12-05,22415,-29.0,WH-London ,2010-12-05,WH-London,True,False
2010-12-05,22099,35.0,,2010-12-04,UNKNOWN,False,False
2010-12-05,21428,32.0,Main,2010-11-26,WH-London,False,False
2010-12-05,23518,58.0,WH-North,,WH-North,False,False
2010-12-05,81952B,83.0,WH-North,2010-11-25,WH-North,False,False
2010-12-05,90185B,41.0,Warehouse North,2010-11-29,WH-North,False,False
2010-12-05,20657,25.0,Warehouse North,,WH-North,False,False
2010-12-05,90082D,74.0,WH-London,2010-11-26,WH-London,False,False
2010-12-05,23093,41.0,WH_London,2010-11-26,WH-London,False,False
2010-12-05,84686,53.0,WH-North,2010-11-23,WH-North,False,False
2010-12-05,20677,40.0,,2010-11-27,UNKNOWN,False,False
2010-12-05,21348,60.0,Warehouse North,2010-11-29,WH-North,False,False
2010-12-05,16218,19.0,Warehouse North,2010-11-30,WH-North,False,False
2010-12-05,23535,71.0,WH_London,2010-11-25,WH-London,False,False
2010-12-05,37467,49.0,Main,,WH-London,False,False
2010-12-05,90025E,27.0,WH_London,2010-11-27,WH-London,False,False
2010-12-05,23692,-65.0,WH-North,2010-12-04,WH-North,True,False
2010-12-05,72225C,27.0,Main,2010-11-21,WH-London,False,False
2010-12-05,22210,28.0,WH-North,2010-12-04,WH-North,False,False
2010-12-05,84746,13.0,,2010-11-22,UNKNOWN,False,False
2010-12-05,22965,-1.0,WH_London,2010-12-01,WH-London,True,False
2010-12-05,22904,66.0,Main,2010-11-23,WH-London,False,False
2010-12-05,84989A,84.0,,2010-11-26,UNKNOWN,False,False
2010-12-05,90067B,36.0,WH_London,,WH-London,False,False
2010-12-05,22272,26.0,WH_London,2010-12-03,WH-London,False,False
2010-12-05,21265,-4.0,Warehouse North,,WH-North,True,False
2010-12-05,15036,-15.0,WH-London,2010-12-02,WH-London,True,False
2010-12-05,22923,71.0,WH-London ,2010-11-24,WH-London,False,False
2010-12-07,23189,-9.0,Main,2010-12-01,WH-London,True,False
2010-12-07,85163B,15.0,Warehouse North,2010-11-26,WH-North,False,False
2010-12-07,DCGSSBOY,58.0,WH-London ,,WH-London,False,False
2010-12-07,23068,52.0,WH-London ,2010-12-02,WH-London,False,False
2010-12-07,20702,59.0,,2010-12-04,UNKNOWN,False,False
2010-12-07,90161B,50.0,WH-London ,2010-11-25,WH-London,False,False
2010-12-07,20996,39.0,Main,2010-11-30,WH-London,False,False
2010-12-07,72802C,15.0,Warehouse North,2010-11-23,WH-North,False,False
2010-12-07,21009,30.0,WH-North,2010-11-27,WH-North,False,False
2010-12-07,37471,41.0,Warehouse North,2010-12-03,WH-North,False,False
2010-12-07,90143,-6.0,WH_London,2010-12-03,WH-London,True,False
2010-12-07,37424,,WH_London,2010-12-06,WH-London,False,True
2010-12-07,84674,38.0,WH-London,2010-11-29,WH-London,False,False
2010-12-07,84675,29.0,Main,2010-12-07,WH-London,False,False
2010-12-07,84631,39.0,,2010-11-28,UNKNOWN,False,False
2010-12-07,22575,70.0,WH-London,2010-11-25,WH-London,False,False
2010-12-07,21135,73.0,,,UNKNOWN,False,False
2010-12-07,90152A,,,2010-11-30,UNKNOWN,False,True
2010-12-07,85119,4.0,WH_London,2010-12-03,WH-London,False,False
2010-12-07,82616B,37.0,,2010-11-25,UNKNOWN,False,False
2010-12-07,23234,86.0,WH_London,,WH-London,False,False
2010-12-07,47590B,-2.0,,2010-11-23,UNKNOWN,True,False
2010-12-07,23547,14.0,WH-London,2010-12-05,WH-London,False,False
2010-12-07,16011,31.0,,2010-12-01,UNKNOWN,False,False
2010-12-07,20677,111.0,WH-London,2010-12-01,WH-London,False,False
2010-12-07,10133,20.0,WH-London ,2010-11-24,WH-London,False,False
2010-12-07,21484,82.0,WH-North,,WH-North,False,False
2010-12-07,23518,49.0,WH-London,2010-12-05,WH-London,False,False
2010-12-07,22087,15.0,Main,2010-12-04,WH-London,False,False
2010-12-07,90025E,133.0,WH_London,2010-12-06,WH-London,False,False
2010-12-07,21265,55.0,,2010-12-07,UNKNOWN,False,False
2010-12-07,47593A,61.0,WH-North,2010-12-01,WH-North,False,False
2010-12-07,22965,66.0,,2010-11-25,UNKNOWN,False,False
2010-12-07,22098,63.0,WH-London,2010-11-27,WH-London,False,False
2010-12-07,90065B,114.0,WH-North,2010-11-26,WH-North,False,False
2010-12-07,22070,103.0,WH-London ,2010-11-25,WH-London,False,False
2010-12-07,23085,22.0,WH-London ,2010-11-28,WH-London,False,False
2010-12-07,85186C,110.0,WH_London,2010-11-29,WH-London,False,False
2010-12-07,44092C,28.0,Main,2010-11-28,WH-London,False,False
2010-12-07,23090,59.0,,2010-12-02,UNKNOWN,False,False
2010-12-07,22483,6.0,Main,2010-12-06,WH-London,False,False
2010-12-07,47593B,81.0,WH_London,2010-11-29,WH-London,False,False
2010-12-07,22332,40.0,WH-London ,2010-11-23,WH-London,False,False
2010-12-07,22928,,WH-London,2010-12-02,WH-London,False,True
2010-12-07,23611,85.0,WH_London,2010-12-02,WH-London,False,False
2010-12-07,21188,93.0,,2010-12-05,UNKNOWN,False,False
2010-12-07,84686,94.0,Main,2010-11-24,WH-London,False,False
2010-12-07,85040A,4.0,Warehouse North,2010-11-23,WH-North,False,False
2010-12-07,84732B,-97.0,Main,2010-11-26,WH-London,True,False
2010-12-07,79071B,40.0,Main,2010-12-03,WH-London,False,False
2010-12-07,47469,111.0,,2010-11-30,UNKNOWN,False,False
2010-12-07,46000P,-68.0,Warehouse North,2010-12-07,WH-North,True,False
2010-12-07,23159,57.0,,2010-12-01,UNKNOWN,False,False
2010-12-07,22671,-50.0,WH-North,2010-11-27,WH-North,True,False
2010-12-07,20963,49.0,WH_London,,WH-London,False,False
2010-12-07,22156,29.0,WH-North,2010-12-01,WH-North,False,False
2010-12-07,22272,,Warehouse North,2010-12-03,WH-North,False,True
2010-12-07,84638,39.0,WH-London,2010-11-26,WH-London,False,False
2010-12-07,85184C,85.0,WH-North,2010-12-02,WH-North,False,False
2010-12-07,23458,8.0,WH_London,2010-12-05,WH-London,False,False
2010-12-07,21628,90.0,,2010-12-05,UNKNOWN,False,False
2010-12-07,21147,54.0,Main,2010-12-07,WH-London,False,False
2010-12-07,85230F,,WH-London ,2010-12-02,WH-London,False,True
2010-12-07,21080,74.0,Main,2010-12-03,WH-London,False,False
2010-12-07,22066,-77.0,WH_London,2010-11-25,WH-London,True,False
2010-12-07,22178,-50.0,WH_London,2010-12-02,WH-London,True,False
2010-12-07,15036,51.0,Warehouse North,2010-12-01,WH-North,False,False
2010-12-07,22904,76.0,,2010-11-23,UNKNOWN,False,False
2010-12-07,72225C,18.0,WH-London,2010-12-06,WH-London,False,False
2010-12-07,20724,14.0,WH-London ,2010-12-02,WH-London,False,False
2010-12-07,90001C,36.0,WH_London,2010-11-28,WH-London,False,False
2010-12-07,21670,58.0,Warehouse North,2010-12-07,WH-North,False,False
2010-12-07,23692,107.0,WH-North,2010-12-03,WH-North,False,False
2010-12-07,79190B,51.0,WH-London,,WH-London,False,False
2010-12-07,22882,110.0,Main,2010-12-05,WH-London,False,False
2010-12-07,82613C,65.0,WH-North,2010-11-30,WH-North,False,False
2010-12-07,21222,-36.0,Main,2010-12-02,WH-London,True,False
2010-12-07,22962,84.0,WH-North,2010-11-30,WH-North,False,False
2010-12-07,22923,42.0,Main,,WH-London,False,False
2010-12-07,90152C,57.0,WH_London,2010-12-04,WH-London,False,False
2010-12-09,16011,9.0,WH_London,2010-12-06,WH-London,False,False
2010-12-09,20966,4.0,WH_London,2010-12-05,WH-London,False,False
2010-12-09,21368,66.0,WH_London,2010-12-05,WH-London,False,False
2010-12-09,20756,83.0,,2010-11-30,UNKNOWN,False,False
2010-12-09,85040A,108.0,,2010-12-04,UNKNOWN,False,False
2010-12-09,22923,25.0,Main,2010-12-08,WH-London,False,False
2010-12-09,20974,-93.0,WH-North,2010-12-06,WH-North,True,False
2010-12-09,22156,89.0,,,UNKNOWN,False,False
2010-12-09,21188,35.0,,2010-12-02,UNKNOWN,False,False
2010-12-09,84804A,91.0,Warehouse North,2010-12-08,WH-North,False,False
2010-12-09,22289,78.0,Warehouse North,2010-12-06,WH-North,False,False
2010-12-09,22904,84.0,Main,2010-11-28,WH-London,False,False
2010-12-09,90082D,115.0,Warehouse North,2010-12-04,WH-North,False,False
2010-12-09,22483,83.0,WH-London ,2010-12-05,WH-London,False,False
2010-12-09,72225C,-14.0,WH-London,2010-12-03,WH-London,True,False
2010-12-09,23140,59.0,Main,2010-11-26,WH-London,False,False
2010-12-09,72807B,2.0,WH_London,2010-12-07,WH-London,False,False
2010-12-09,90185B,54.0,Warehouse North,2010-12-02,WH-North,False,False
2010-12-09,22228,-52.0,WH-North,2010-12-06,WH-North,True,False
2010-12-09,21630,32.0,WH-London,2010-11-30,WH-London,False,False
2010-12-09,17028J,19.0,Warehouse North,2010-12-09,WH-North,False,False
2010-12-09,84638,34.0,WH_London,2010-11-27,WH-London,False,False
2010-12-09,21683,,WH-London,2010-12-06,WH-London,False,True
2010-12-09,79071B,46.0,Warehouse North,2010-11-27,WH-North,False,False
2010-12-09,84675,53.0,WH-North,2010-12-08,WH-North,False,False
2010-12-09,90214N,67.0,WH_London,2010-12-04,WH-London,False,False
2010-12-09,21159,40.0,WH-London ,2010-12-01,WH-London,False,False
2010-12-09,22230,,WH-London,2010-12-04,WH-London,False,True
2010-12-09,20677,48.0,WH-London ,2010-12-01,WH-London,False,False
2010-12-09,72232,77.0,WH_London,2010-11-30,WH-London,False,False
2010-12-09,84856S,40.0,WH_London,2010-12-01,WH-London,False,False
2010-12-09,22084,132.0,WH_London,2010-12-09,WH-London,False,False
2010-12-09,22928,64.0,Warehouse North,2010-11-27,WH-North,False,False
2010-12-09,81952B,99.0,,,UNKNOWN,False,False
2010-12-09,72802C,29.0,Main,2010-11-30,WH-London,False,False
2010-12-09,84715,36.0,WH-North,2010-12-01,WH-North,False,False
2010-12-09,20724,42.0,Main,2010-11-26,WH-London,False,False
2010-12-09,90201C,,,2010-12-09,UNKNOWN,False,True
2010-12-09,82616C,43.0,Warehouse North,2010-12-03,WH-North,False,False
2010-12-09,79163,25.0,Warehouse North,2010-11-28,WH-North,False,False
2010-12-09,15044B,89.0,WH-North,2010-12-04,WH-North,False,False
2010-12-09,85135A,51.0,Warehouse North,2010-12-07,WH-North,False,False
2010-12-09,47593B,43.0,WH-North,2010-11-27,WH-North,False,False
2010-12-09,90067B,31.0,Main,2010-11-30,WH-London,False,False
2010-12-09,84872A,64.0,WH_London,2010-12-06,WH-London,False,False
2010-12-09,85163B,81.0,Main,2010-12-06,WH-London,False,False
2010-12-09,84686,73.0,Warehouse North,2010-11-25,WH-North,False,False
2010-12-09,21504,35.0,WH_London,2010-11-29,WH-London,False,False
2010-12-09,22962,20.0,Warehouse North,2010-11-27,WH-North,False,False
2010-12-09,23619,-70.0,WH_London,2010-12-08,WH-London,True,False
2010-12-09,72800F,21.0,WH_London,2010-12-06,WH-London,False,False
2010-12-09,23068,38.0,WH-North,2010-12-07,WH-North,False,False
2010-12-09,47469,48.0,WH-London ,2010-11-29,WH-London,False,False
2010-12-09,84732B,41.0,WH-London ,,WH-London,False,False
2010-12-09,90143,134.0,WH-London,2010-12-07,WH-London,False,False
2010-12-09,21222,-64.0,WH-London ,2010-11-25,WH-London,True,False
2010-12-09,90065B,12.0,,2010-12-05,UNKNOWN,False,False
2010-12-09,23057,69.0,Main,,WH-London,False,False
2010-12-09,21265,61.0,,2010-12-09,UNKNOWN,False,False
2010-12-09,84746,18.0,Main,2010-11-25,WH-London,False,False
2010-12-09,22908,-58.0,Main,2010-11-25,WH-London,True,False
2010-12-09,16048,65.0,WH_London,2010-12-09,WH-London,False,False
2010-12-09,22185,80.0,WH_London,2010-11-29,WH-London,False,False
2010-12-09,23483,-3.0,WH-London ,2010-12-02,WH-London,True,False
2010-12-09,84805B,69.0,WH_London,2010-12-02,WH-London,False,False
2010-12-09,90025E,92.0,WH-London,2010-11-27,WH-London,False,False
2010-12-09,23342,106.0,WH-London ,2010-11-26,WH-London,False,False
2010-12-09,21220,13.0,Warehouse North,2010-12-08,WH-North,False,False
2010-12-09,21216,45.0,WH-London ,2010-11-25,WH-London,False,False
2010-12-09,23093,48.0,WH-London ,2010-12-05,WH-London,False,False
2010-12-09,22470,70.0,,2010-12-05,UNKNOWN,False,False
2010-12-09,23204,45.0,WH-London,2010-12-02,WH-London,False,False
2010-12-09,10133,28.0,WH-North,2010-11-25,WH-North,False,False
2010-12-09,21735,56.0,WH-London,2010-12-05,WH-London,False,False
2010-12-09,21662,39.0,WH-London ,2010-12-02,WH-London,False,False
2010-12-09,21628,66.0,Warehouse North,2010-11-25,WH-North,False,False
2010-12-09,81950B,25.0,,2010-11-27,UNKNOWN,False,False
2010-12-09,82616B,19.0,Main,2010-12-01,WH-London,False,False
2010-12-09,22637,89.0,WH-London,2010-12-08,WH-London,False,False
2010-12-09,37444C,-118.0,WH-North,2010-12-01,WH-North,True,False
2010-12-11,20657,104.0,Warehouse North,2010-11-27,WH-North,False,False
2010-12-11,23089,,WH-London ,,WH-London,False,True
2010-12-11,23189,81.0,,2010-12-11,UNKNOWN,False,False
2010-12-11,90001C,,Warehouse North,2010-12-08,WH-North,False,True
2010-12-11,84675,65.0,WH-London ,2010-12-07,WH-London,False,False
2010-12-11,16011,32.0,WH-North,2010-12-02,WH-North,False,False
2010-12-11,84732B,87.0,WH-London ,2010-12-09,WH-London,False,False
2010-12-11,44092C,83.0,Warehouse North,2010-12-11,WH-North,False,False
2010-12-11,90025E,112.0,,2010-12-01,UNKNOWN,False,False
2010-12-11,23342,43.0,WH-London,2010-12-01,WH-London,False,False
2010-12-11,90185B,97.0,WH_London,2010-12-05,WH-London,False,False
2010-12-11,22960,65.0,Main,2010-12-08,WH-London,False,False
2010-12-11,82616C,52.0,,2010-12-04,UNKNOWN,False,False
2010-12-11,90082D,60.0,Warehouse North,2010-12-09,WH-North,False,False
2010-12-11,23085,100.0,WH_London,2010-11-27,WH-London,False,False
2010-12-11,21662,46.0,WH-North,2010-12-08,WH-North,False,False
2010-12-11,47469,-47.0,WH-North,2010-11-28,WH-North,True,False
2010-12-11,23547,11.0,WH-North,2010-12-03,WH-North,False,False
2010-12-11,82616B,45.0,WH_London,2010-11-27,WH-London,False,False
2010-12-11,22779,-57.0,,2010-11-29,UNKNOWN,True,False
2010-12-11,85024C,27.0,WH-North,2010-12-05,WH-North,False,False
2010-12-11,23135,19.0,Main,2010-12-04,WH-London,False,False
2010-12-11,22156,-5.0,WH_London,2010-11-27,WH-London,True,False
2010-12-11,21356,32.0,,2010-11-28,UNKNOWN,False,False
2010-12-11,90143,92.0,WH_London,2010-12-02,WH-London,False,False
2010-12-11,47593A,5.0,WH-London,2010-11-27,WH-London,False,False
2010-12-11,21670,73.0,WH_London,2010-12-06,WH-London,False,False
2010-12-11,90065B,76.0,WH-London ,2010-12-01,WH-London,False,False
2010-12-11,22332,123.0,Main,2010-11-30,WH-London,False,False
2010-12-11,21428,81.0,WH-London ,2010-12-06,WH-London,False,False
2010-12-11,47590B,78.0,Warehouse North,2010-11-27,WH-North,False,False
2010-12-11,90214C,61.0,WH-London,2010-11-28,WH-London,False,False
2010-12-11,84638,50.0,,,UNKNOWN,False,False
2010-12-11,22965,-75.0,,2010-11-30,UNKNOWN,True,False
2010-12-11,22575,87.0,Warehouse North,2010-12-02,WH-North,False,False
2010-12-11,20677,55.0,Warehouse North,2010-12-11,WH-North,False,False
2010-12-11,72232,-88.0,WH-London,,WH-London,True,False
2010-12-11,22084,136.0,WH_London,,WH-London,False,False
2010-12-11,22637,52.0,Main,2010-12-09,WH-London,False,False
2010-12-11,85231G,52.0,WH-London ,2010-12-02,WH-London,False,False
2010-12-11,90071,47.0,WH_London,2010-12-10,WH-London,False,False
2010-12-11,23075,54.0,WH-North,2010-11-30,WH-North,False,False
2010-12-11,23140,86.0,Main,,WH-London,False,False
2010-12-11,22908,52.0,WH-London,,WH-London,False,False
2010-12-11,22470,55.0,WH-London,2010-11-30,WH-London,False,False
2010-12-11,17028J,42.0,Warehouse North,2010-12-06,WH-North,False,False
2010-12-11,90026D,64.0,WH-London,2010-11-27,WH-London,False,False
2010-12-11,84989A,-34.0,Main,2010-12-02,WH-London,True,False
2010-12-11,46000P,,WH-London,2010-12-07,WH-London,False,True
2010-12-11,85119,63.0,WH-London,2010-11-28,WH-London,False,False
2010-12-11,16218,109.0,WH-North,2010-11-28,WH-North,False,False
2010-12-11,23272,41.0,WH-London,2010-12-02,WH-London,False,False
2010-12-11,37424,18.0,Warehouse North,2010-12-03,WH-North,False,False
2010-12-11,84686,107.0,WH-London ,2010-11-30,WH-London,False,False
2010-12-11,84849B,51.0,WH_London,,WH-London,False,False
2010-12-11,21989,78.0,WH_London,2010-12-02,WH-London,False,False
2010-12-11,21188,28.0,Main,2010-12-01,WH-London,False,False
2010-12-11,23471,50.0,Warehouse North,2010-12-03,WH-North,False,False
2010-12-11,23093,92.0,,2010-12-05,UNKNOWN,False,False
2010-12-11,21791,53.0,Main,2010-12-10,WH-London,False,False
2010-12-11,22323,54.0,,2010-12-09,UNKNOWN,False,False
2010-12-11,22185,5.0,WH-London,,WH-London,False,False
2010-12-11,79163,73.0,Main,2010-12-09,WH-London,False,False
2010-12-11,22230,26.0,WH-North,2010-12-05,WH-North,False,False
2010-12-11,23483,83.0,WH-North,,WH-North,False,False
2010-12-11,81952B,56.0,Warehouse North,,WH-North,False,False
2010-12-11,20724,58.0,,2010-11-27,UNKNOWN,False,False
2010-12-11,85184C,73.0,WH-North,2010-12-05,WH-North,False,False
2010-12-11,22087,61.0,WH_London,2010-12-10,WH-London,False,False
2010-12-11,22671,101.0,WH_London,2010-12-10,WH-London,False,False
2010-12-11,20803,96.0,,2010-12-02,UNKNOWN,False,False
2010-12-11,85230F,13.0,WH-London ,2010-12-05,WH-London,False,False
2010-12-11,23334,44.0,Main,2010-12-04,WH-London,False,False
2010-12-11,21080,75.0,Main,2010-12-02,WH-London,False,False
2010-12-11,47593B,21.0,,2010-12-06,UNKNOWN,False,False
2010-12-11,22715,2.0,WH_London,2010-11-30,WH-London,False,False
2010-12-11,72800F,27.0,Main,2010-12-05,WH-London,False,False
2010-12-11,21830,46.0,WH_London,2010-12-02,WH-London,False,False
2010-12-11,90201C,-71.0,WH-London ,2010-12-03,WH-London,True,False
2010-12-11,23692,-16.0,,2010-11-29,UNKNOWN,True,False
2010-12-13,22928,-3.0,WH_London,,WH-London,True,False
2010-12-13,72807B,,WH_London,2010-12-03,WH-London,False,True
2010-12-13,85231G,77.0,,2010-12-11,UNKNOWN,False,False
2010-12-13,22908,58.0,Warehouse North,2010-12-10,WH-North,False,False
2010-12-13,90143,53.0,WH-London ,2010-12-07,WH-London,False,False
2010-12-13,85040A,66.0,WH-London ,2010-12-07,WH-London,False,False
2010-12-13,47593B,20.0,WH-London ,2010-12-02,WH-London,False,False
2010-12-13,84686,87.0,WH-London,2010-12-05,WH-London,False,False
2010-12-13,23090,52.0,Warehouse North,2010-12-03,WH-North,False,False
2010-12-13,22095,77.0,,2010-12-07,UNKNOWN,False,False
2010-12-13,21735,76.0,WH_London,2010-12-06,WH-London,False,False
2010-12-13,84805B,66.0,,2010-11-29,UNKNOWN,False,False
2010-12-13,20996,59.0,WH-London ,2010-12-10,WH-London,False,False
2010-12-13,90025E,57.0,,2010-12-07,UNKNOWN,False,False
2010-12-13,22575,48.0,Warehouse North,2010-12-06,WH-North,False,False
2010-12-13,16218,64.0,,2010-12-11,UNKNOWN,False,False
2010-12-13,84638,56.0,WH-London ,2010-11-30,WH-London,False,False
2010-12-13,90082D,35.0,WH_London,2010-12-06,WH-London,False,False
2010-12-13,22070,68.0,WH-North,2010-12-06,WH-North,False,False
2010-12-13,23057,58.0,,2010-12-06,UNKNOWN,False,False
2010-12-13,23342,86.0,Main,2010-12-09,WH-London,False,False
2010-12-13,22882,4.0,WH_London,2010-12-06,WH-London,False,False
2010-12-13,23159,51.0,Warehouse North,2010-12-12,WH-North,False,False
2010-12-13,22415,28.0,WH-North,2010-12-08,WH-North,False,False
2010-12-13,90026D,34.0,Main,2010-12-05,WH-London,False,False
2010-12-13,20731,66.0,,2010-12-01,UNKNOWN,False,False
2010-12-13,90052,6.0,WH-London,2010-12-08,WH-London,False,False
2010-12-13,90201C,53.0,Main,2010-12-01,WH-London,False,False
2010-12-13,23093,50.0,,2010-12-08,UNKNOWN,False,False
2010-12-13,23068,18.0,Warehouse North,2010-12-11,WH-North,False,False
2010-12-13,84715,54.0,Main,,WH-London,False,False
2010-12-13,20702,27.0,WH-North,2010-12-02,WH-North,False,False
2010-12-13,47591D,115.0,Main,2010-11-29,WH-London,False,False
2010-12-13,20803,86.0,Main,2010-11-29,WH-London,False,False
2010-12-13,22272,-52.0,,2010-11-30,UNKNOWN,True,False
2010-12-13,23089,37.0,WH_London,2010-12-01,WH-London,False,False
2010-12-13,72225C,65.0,WH-London ,2010-12-09,WH-London,False,False
2010-12-13,22965,73.0,WH-London,2010-11-29,WH-London,False,False
2010-12-13,85024C,57.0,,2010-11-29,UNKNOWN,False,False
2010-12-13,16048,19.0,Warehouse North,2010-12-13,WH-North,False,False
2010-12-13,23341,43.0,WH-London,2010-12-06,WH-London,False,False
2010-12-13,10133,52.0,Main,,WH-London,False,False
2010-12-13,21281,58.0,Warehouse North,2010-12-06,WH-North,False,False
2010-12-13,22560,59.0,WH_London,2010-12-11,WH-London,False,False
2010-12-13,90195B,71.0,WH_London,2010-12-01,WH-London,False,False
2010-12-13,22289,-90.0,Main,2010-12-13,WH-London,True,False
2010-12-13,22098,80.0,Warehouse North,2010-12-07,WH-North,False,False
2010-12-13,82616C,67.0,WH-London ,2010-12-09,WH-London,False,False
2010-12-13,22923,12.0,WH_London,,WH-London,False,False
2010-12-13,16010,85.0,,2010-12-11,UNKNOWN,False,False
2010-12-13,90214C,-74.0,,2010-12-10,UNKNOWN,True,False
2010-12-13,23204,42.0,WH-London,,WH-London,False,False
2010-12-13,85135A,50.0,WH-London ,2010-12-06,WH-London,False,False
2010-12-13,23692,-51.0,Main,2010-11-30,WH-London,True,False
2010-12-13,84989A,36.0,WH-London,2010-12-12,WH-London,False,False
2010-12-13,21791,-2.0,WH_London,2010-12-09,WH-London,True,False
2010-12-13,21356,16.0,Main,2010-12-03,WH-London,False,False
2010-12-13,20963,22.0,WH-North,2010-12-04,WH-North,False,False
2010-12-13,20657,-9.0,,2010-12-02,UNKNOWN,True,False
2010-12-13,20677,16.0,,2010-12-10,UNKNOWN,False,False
2010-12-13,20966,84.0,Main,2010-12-02,WH-London,False,False
2010-12-13,84596J,64.0,WH_London,2010-12-10,WH-London,False,False
2010-12-13,20771,20.0,WH-North,2010-12-02,WH-North,False,False
2010-12-13,35965,29.0,,,UNKNOWN,False,False
2010-12-13,82616B,86.0,WH-London ,2010-12-05,WH-London,False,False
2010-12-13,21368,86.0,,,UNKNOWN,False,False
2010-12-13,16011,52.0,Warehouse North,2010-12-10,WH-North,False,False
2010-12-13,23060,85.0,WH-North,2010-12-13,WH-North,False,False
2010-12-13,21989,27.0,WH-London ,2010-11-30,WH-London,False,False
2010-12-13,21222,56.0,,2010-12-06,UNKNOWN,False,False
2010-12-13,90197B,5.0,WH-London,2010-12-13,WH-London,False,False
2010-12-13,21662,,WH-London,2010-12-07,WH-London,False,True
2010-12-13,44092C,50.0,WH-North,2010-12-07,WH-North,False,False
2010-12-13,84849B,0.0,WH-North,2010-12-11,WH-North,False,False
2010-12-13,23272,67.0,WH-North,2010-12-01,WH-North,False,False
2010-12-13,79071B,72.0,WH-North,2010-11-30,WH-North,False,False
2010-12-13,90067B,80.0,WH_London,2010-12-02,WH-London,False,False
2010-12-13,37471,120.0,WH-London ,,WH-London,False,False
2010-12-13,90011C,62.0,WH-North,,WH-North,False,False
2010-12-13,79190B,48.0,WH-London ,2010-12-02,WH-London,False,False
2010-12-15,47593B,-1.0,WH-North,2010-12-04,WH-North,True,False
2010-12-15,90011C,61.0,WH-North,2010-12-03,WH-North,False,False
2010-12-15,22560,66.0,WH-North,2010-12-12,WH-North,False,False
2010-12-15,85136C,9.0,WH-London,2010-12-10,WH-London,False,False
2010-12-15,85040A,42.0,WH-London,2010-12-15,WH-London,False,False
2010-12-15,20677,50.0,,2010-12-14,UNKNOWN,False,False
2010-12-15,90001C,65.0,Warehouse North,2010-12-15,WH-North,False,False
2010-12-15,22923,75.0,WH_London,,WH-London,False,False
2010-12-15,22779,33.0,WH-North,2010-12-01,WH-North,False,False
2010-12-15,22289,56.0,WH-London,2010-12-07,WH-London,False,False
2010-12-15,23089,67.0,WH-London,2010-12-15,WH-London,False,False
2010-12-15,84989A,44.0,WH-London ,2010-12-02,WH-London,False,False
2010-12-15,22185,37.0,,2010-12-10,UNKNOWN,False,False
2010-12-15,21865,71.0,WH-London,2010-12-13,WH-London,False,False
2010-12-15,21188,44.0,WH-London ,2010-12-08,WH-London,False,False
2010-12-15,81950B,14.0,WH-North,2010-12-03,WH-North,False,False
2010-12-15,21348,91.0,WH_London,2010-12-14,WH-London,False,False
2010-12-15,22178,17.0,Main,2010-12-06,WH-London,False,False
2010-12-15,84674,-47.0,WH_London,2010-12-04,WH-London,True,False
2010-12-15,21265,59.0,WH-North,,WH-North,False,False
2010-12-15,72232,63.0,WH-London ,,WH-London,False,False
2010-12-15,84804A,55.0,,2010-12-14,UNKNOWN,False,False
2010-12-15,23204,-38.0,WH-London ,2010-12-15,WH-London,True,False
2010-12-15,23440,28.0,WH-London ,2010-12-09,WH-London,False,False
2010-12-15,21080,58.0,,,UNKNOWN,False,False
2010-12-15,79190B,46.0,WH-London,,WH-London,False,False
2010-12-15,21662,-65.0,Warehouse North,2010-12-14,WH-North,True,False
2010-12-15,82616C,80.0,WH_London,2010-12-08,WH-London,False,False
2010-12-15,90201C,-65.0,Warehouse North,2010-12-09,WH-North,True,False
2010-12-15,23085,28.0,Warehouse North,2010-12-12,WH-North,False,False
2010-12-15,84732B,33.0,Warehouse North,2010-12-15,WH-North,False,False
2010-12-15,DCGSSBOY,98.0,,2010-12-09,UNKNOWN,False,False
2010-12-15,37444C,44.0,WH-London,2010-12-13,WH-London,False,False
2010-12-15,23619,47.0,Main,2010-12-05,WH-London,False,False
2010-12-15,72802C,65.0,WH-London,2010-12-03,WH-London,False,False
2010-12-15,22332,87.0,Main,2010-12-01,WH-London,False,False
2010-12-15,20771,22.0,WH_London,2010-12-10,WH-London,False,False
2010-12-15,22962,,Main,2010-12-15,WH-London,False,True
2010-12-15,16011,1.0,WH_London,2010-12-12,WH-London,False,False
2010-12-15,22671,41.0,,2010-12-07,UNKNOWN,False,False
2010-12-15,90143,67.0,WH-London,2010-12-12,WH-London,False,False
2010-12-15,21428,39.0,Warehouse North,2010-12-02,WH-North,False,False
2010-12-15,22965,102.0,WH-London ,2010-12-03,WH-London,False,False
2010-12-15,35819P,53.0,WH-North,,WH-North,False,False
2010-12-15,22248,46.0,WH-North,2010-12-12,WH-North,False,False
2010-12-15,85026B,39.0,Warehouse North,2010-12-13,WH-North,False,False
2010-12-15,90071,9.0,WH-London ,2010-12-15,WH-London,False,False
2010-12-15,22114,,WH-North,2010-12-13,WH-North,False,True
2010-12-15,22030,60.0,Main,2010-12-10,WH-London,False,False
2010-12-15,20657,-46.0,,2010-12-03,UNKNOWN,True,False
2010-12-15,23471,56.0,WH_London,2010-12-10,WH-London,False,False
2010-12-15,90052,29.0,WH-North,2010-12-11,WH-North,False,False
2010-12-15,21504,12.0,,2010-12-03,UNKNOWN,False,False
2010-12-15,90026D,46.0,WH_London,2010-12-07,WH-London,False,False
2010-12-15,79163,56.0,Main,2010-12-05,WH-London,False,False
2010-12-15,37467,44.0,WH_London,2010-12-11,WH-London,False,False
2010-12-15,20803,56.0,,2010-12-09,UNKNOWN,False,False
2010-12-15,82616B,73.0,WH-North,,WH-North,False,False
2010-12-15,21159,73.0,WH-North,2010-12-06,WH-North,False,False
2010-12-15,85135A,75.0,WH_London,2010-12-12,WH-London,False,False
2010-12-15,90152C,80.0,,2010-12-14,UNKNOWN,False,False
2010-12-15,21368,64.0,,2010-12-08,UNKNOWN,False,False
2010-12-15,23135,-60.0,,,UNKNOWN,True,False
2010-12-15,20963,108.0,WH-London,,WH-London,False,False
2010-12-15,90161B,73.0,WH-London ,2010-12-08,WH-London,False,False
2010-12-15,23342,24.0,Warehouse North,2010-12-08,WH-North,False,False
2010-12-15,84805B,-5.0,Main,2010-12-13,WH-London,True,False
2010-12-15,22216,42.0,WH-London,2010-12-10,WH-London,False,False
2010-12-15,84849B,68.0,WH_London,2010-12-09,WH-London,False,False
2010-12-15,22882,78.0,WH-London,2010-12-06,WH-London,False,False
2010-12-15,85231G,12.0,Warehouse North,2010-12-13,WH-North,False,False
2010-12-15,72800F,71.0,WH-London,2010-12-12,WH-London,False,False
2010-12-15,23518,84.0,WH-North,2010-12-04,WH-North,False,False
2010-12-15,20974,68.0,WH_London,2010-12-15,WH-London,False,False
2010-12-15,22575,62.0,Warehouse North,2010-12-10,WH-North,False,False
2010-12-15,20996,-46.0,Main,2010-12-06,WH-London,True,False
2010-12-15,78124,36.0,WH-London ,2010-12-11,WH-London,False,False
2010-12-15,23547,73.0,WH-London,2010-12-09,WH-London,False,False
2010-12-15,84789,67.0,WH_London,,WH-London,False,False
2010-12-15,20724,40.0,Warehouse North,2010-12-08,WH-North,False,False
2010-12-17,22965,126.0,Warehouse North,2010-12-10,WH-North,False,False
2010-12-17,84804A,-4.0,WH-London ,2010-12-07,WH-London,True,False
2010-12-17,21830,,WH_London,2010-12-17,WH-London,False,True
2010-12-17,72800F,26.0,WH_London,,WH-London,False,False
2010-12-17,85163B,61.0,WH_London,2010-12-04,WH-London,False,False
2010-12-17,79163,-8.0,Main,2010-12-13,WH-London,True,False
2010-12-17,21865,88.0,Main,2010-12-06,WH-London,False,False
2010-12-17,85024C,80.0,WH-London ,2010-12-03,WH-London,False,False
2010-12-17,22637,58.0,Main,2010-12-12,WH-London,False,False
2010-12-17,20657,40.0,WH-London ,,WH-London,False,False
2010-12-17,16048,71.0,Main,2010-12-03,WH-London,False,False
2010-12-17,22230,59.0,Main,2010-12-17,WH-London,False,False
2010-12-17,22715,78.0,WH_London,2010-12-13,WH-London,False,False
2010-12-17,20702,46.0,Warehouse North,2010-12-16,WH-North,False,False
2010-12-17,21216,44.0,Warehouse North,2010-12-15,WH-North,False,False
2010-12-17,20677,82.0,WH-North,2010-12-15,WH-North,False,False
2010-12-17,22084,69.0,Main,2010-12-13,WH-London,False,False
2010-12-17,84746,,Main,2010-12-14,WH-London,False,True
2010-12-17,21195,61.0,,2010-12-07,UNKNOWN,False,False
2010-12-17,22671,,Main,2010-12-07,WH-London,False,True
2010-12-17,21504,-64.0,,2010-12-05,UNKNOWN,True,False
2010-12-17,21377,-88.0,Main,2010-12-06,WH-London,True,False
2010-12-17,20974,39.0,Warehouse North,2010-12-04,WH-North,False,False
2010-12-17,90001C,30.0,Warehouse North,2010-12-09,WH-North,False,False
2010-12-17,90026D,58.0,WH-London,,WH-London,False,False
2010-12-17,23093,33.0,Main,2010-12-07,WH-London,False,False
2010-12-17,82613C,22.0,,2010-12-16,UNKNOWN,False,False
2010-12-17,22962,79.0,WH_London,2010-12-13,WH-London,False,False
2010-12-17,90067B,41.0,,2010-12-15,UNKNOWN,False,False
2010-12-17,23483,-6.0,WH-London,2010-12-05,WH-London,True,False
2010-12-17,81952B,75.0,WH_London,2010-12-06,WH-London,False,False
2010-12-17,37424,-36.0,WH_London,2010-12-11,WH-London,True,False
2010-12-17,90065B,67.0,WH-North,2010-12-08,WH-North,False,False
2010-12-17,23075,82.0,,2010-12-09,UNKNOWN,False,False
2010-12-17,20963,55.0,,2010-12-13,UNKNOWN,False,False
2010-12-17,90143,-11.0,WH-North,2010-12-16,WH-North,True,False
2010-12-17,22923,-8.0,,2010-12-05,UNKNOWN,True,False
2010-12-17,23334,29.0,WH_London,2010-12-14,WH-London,False,False
2010-12-17,21009,48.0,WH_London,2010-12-03,WH-London,False,False
2010-12-17,84660C,86.0,WH_London,2010-12-16,WH-London,False,False
2010-12-17,21188,58.0,WH-North,2010-12-08,WH-North,False,False
2010-12-17,90082D,-128.0,WH-North,2010-12-07,WH-North,True,False
2010-12-17,79071B,5.0,WH-London,2010-12-15,WH-London,False,False
2010-12-17,23089,53.0,Warehouse North,2010-12-03,WH-North,False,False
2010-12-17,22483,36.0,WH_London,2010-12-15,WH-London,False,False
2010-12-17,21802,57.0,,2010-12-12,UNKNOWN,False,False
2010-12-17,22185,,WH_London,2010-12-05,WH-London,False,True
2010-12-17,23458,104.0,Warehouse North,2010-12-05,WH-North,False,False
2010-12-17,22575,51.0,,2010-12-11,UNKNOWN,False,False
2010-12-17,84805B,75.0,WH-London,2010-12-06,WH-London,False,False
2010-12-17,21628,,WH_London,2010-12-09,WH-London,False,True
2010-12-17,22228,17.0,,2010-12-14,UNKNOWN,False,False
2010-12-17,23440,50.0,WH-London ,2010-12-09,WH-London,False,False
2010-12-17,22289,34.0,Main,,WH-London,False,False
2010-12-17,21159,48.0,WH-North,2010-12-12,WH-North,False,False
2010-12-17,85231G,24.0,WH-London ,2010-12-03,WH-London,False,False
2010-12-17,90214N,54.0,WH-London ,2010-12-03,WH-London,False,False
2010-12-17,72807B,,WH-London ,2010-12-15,WH-London,False,True
2010-12-17,21281,,WH-North,2010-12-12,WH-North,False,True
2010-12-17,23189,59.0,Warehouse North,2010-12-13,WH-North,False,False
2010-12-17,84789,99.0,WH-North,2010-12-07,WH-North,False,False
2010-12-17,20724,115.0,WH-London,2010-12-11,WH-London,False,False
2010-12-17,85230F,37.0,WH_London,2010-12-15,WH-London,False,False
2010-12-17,35819P,79.0,WH-London,2010-12-07,WH-London,False,False
2010-12-17,90025E,113.0,WH-North,2010-12-15,WH-North,False,False
2010-12-17,90152C,79.0,WH-North,2010-12-16,WH-North,False,False
2010-12-17,21484,71.0,Warehouse North,2010-12-14,WH-North,False,False
2010-12-17,82616B,-4.0,WH-London ,2010-12-11,WH-London,True,False
2010-12-17,23272,,Warehouse North,2010-12-06,WH-North,False,True
2010-12-17,23204,37.0,WH-London,,WH-London,False,False
2010-12-17,90195B,91.0,WH-North,2010-12-15,WH-North,False,False
2010-12-17,47591D,28.0,WH-London,2010-12-16,WH-London,False,False
2010-12-17,22415,47.0,Warehouse North,2010-12-13,WH-North,False,False
2010-12-17,21791,75.0,Main,2010-12-17,WH-London,False,False
2010-12-17,23060,26.0,,2010-12-06,UNKNOWN,False,False
2010-12-17,23342,58.0,WH-London,,WH-London,False,False
2010-12-17,22099,54.0,WH_London,2010-12-10,WH-London,False,False
2010-12-17,15044B,76.0,,,UNKNOWN,False,False
2010-12-17,85026B,69.0,Warehouse North,2010-12-10,WH-North,False,False
2010-12-17,23057,68.0,Main,2010-12-11,WH-London,False,False
2010-12-19,79160,,Warehouse North,2010-12-11,WH-North,False,True
2010-12-19,23089,0.0,Main,2010-12-10,WH-London,False,False
2010-12-19,21484,54.0,WH-North,2010-12-09,WH-North,False,False
2010-12-19,47469,51.0,Main,,WH-London,False,False
2010-12-19,16048,72.0,WH-North,2010-12-10,WH-North,False,False
2010-12-19,23135,37.0,,2010-12-18,UNKNOWN,False,False
2010-12-19,22637,51.0,WH_London,2010-12-09,WH-London,False,False
2010-12-19,72802C,52.0,WH-North,2010-12-18,WH-North,False,False
2010-12-19,20771,-28.0,WH-London ,2010-12-08,WH-London,True,False
2010-12-19,82616B,15.0,WH-North,2010-12-18,WH-North,False,False
2010-12-19,22087,61.0,Warehouse North,2010-12-16,WH-North,False,False
2010-12-19,84596J,80.0,Warehouse North,,WH-North,False,False
2010-12-19,DCGSSBOY,31.0,WH-London,2010-12-12,WH-London,False,False
2010-12-19,23483,43.0,WH-North,2010-12-12,WH-North,False,False
2010-12-19,21830,-74.0,WH-North,2010-12-06,WH-North,True,False
2010-12-19,22470,77.0,Main,2010-12-17,WH-London,False,False
2010-12-19,72225C,56.0,Main,2010-12-13,WH-London,False,False
2010-12-19,46000P,62.0,WH_London,2010-12-13,WH-London,False,False
2010-12-19,21745,65.0,,2010-12-15,UNKNOWN,False,False
2010-12-19,90025E,71.0,WH_London,2010-12-17,WH-London,False,False
2010-12-19,81950B,17.0,,2010-12-06,UNKNOWN,False,False
2010-12-19,90152C,107.0,,2010-12-11,UNKNOWN,False,False
2010-12-19,78124,58.0,WH-North,2010-12-09,WH-North,False,False
2010-12-19,21368,71.0,,2010-12-17,UNKNOWN,False,False
2010-12-19,21135,27.0,WH_London,2010-12-07,WH-London,False,False
2010-12-19,15044B,44.0,WH-North,2010-12-08,WH-North,False,False
2010-12-19,84746,61.0,Main,2010-12-05,WH-London,False,False
2010-12-19,21220,-4.0,WH-North,2010-12-13,WH-North,True,False
2010-12-19,22965,22.0,WH-London ,2010-12-07,WH-London,False,False
2010-12-19,72232,28.0,WH_London,2010-12-19,WH-London,False,False
2010-12-19,22289,11.0,Main,2010-12-14,WH-London,False,False
2010-12-19,21281,53.0,Main,2010-12-11,WH-London,False,False
2010-12-19,22066,47.0,WH-North,2010-12-11,WH-North,False,False
2010-12-19,35819P,92.0,WH_London,2010-12-19,WH-London,False,False
2010-12-19,21265,16.0,Main,2010-12-14,WH-London,False,False
2010-12-19,23204,57.0,,2010-12-10,UNKNOWN,False,False
2010-12-19,85024C,23.0,Warehouse North,2010-12-05,WH-North,False,False
2010-12-19,79163,-1.0,WH_London,2010-12-11,WH-London,True,False
2010-12-19,90177A,67.0,,2010-12-15,UNKNOWN,False,False
2010-12-19,22923,70.0,WH-London,2010-12-17,WH-London,False,False
2010-12-19,90001C,66.0,WH-London,2010-12-11,WH-London,False,False
2010-12-19,21009,10.0,Main,2010-12-14,WH-London,False,False
2010-12-19,22715,52.0,WH-London,2010-12-14,WH-London,False,False
2010-12-19,10133,67.0,,2010-12-09,UNKNOWN,False,False
2010-12-19,20803,78.0,WH-North,2010-12-07,WH-North,False,False
2010-12-19,20724,68.0,WH-London ,2010-12-07,WH-London,False,False
2010-12-19,20677,78.0,WH-North,2010-12-14,WH-North,False,False
2010-12-19,22030,82.0,WH_London,2010-12-15,WH-London,False,False
2010-12-19,20657,53.0,WH-North,2010-12-11,WH-North,False,False
2010-12-19,16010,64.0,WH-London,2010-12-14,WH-London,False,False
2010-12-19,90161B,79.0,WH-North,2010-12-16,WH-North,False,False
2010-12-19,22560,61.0,WH_London,2010-12-07,WH-London,False,False
2010-12-19,22216,85.0,WH-North,2010-12-19,WH-North,False,False
2010-12-19,22415,76.0,WH_London,2010-12-11,WH-London,False,False
2010-12-19,90071,,,2010-12-11,UNKNOWN,False,True
2010-12-19,84872A,10.0,Main,2010-12-19,WH-London,False,False
2010-12-19,85163B,50.0,,2010-12-06,UNKNOWN,False,False
2010-12-19,21080,14.0,WH-London ,2010-12-08,WH-London,False,False
2010-12-19,90185B,52.0,Warehouse North,2010-12-18,WH-North,False,False
2010-12-19,37467,49.0,Warehouse North,2010-12-19,WH-North,False,False
2010-12-19,22095,89.0,Main,2010-12-18,WH-London,False,False
2010-12-19,23341,65.0,WH_London,2010-12-12,WH-London,False,False
2010-12-19,17109D,79.0,WH-London,2010-12-18,WH-London,False,False
2010-12-19,37471,35.0,WH-North,,WH-North,False,False
2010-12-19,22962,,Main,,WH-London,False,True
2010-12-19,84686,76.0,Main,2010-12-10,WH-London,False,False
2010-12-19,16218,62.0,Warehouse North,2010-12-06,WH-North,False,False
2010-12-19,15036,-4.0,WH-North,2010-12-08,WH-North,True,False
2010-12-19,90067B,85.0,WH-North,2010-12-09,WH-North,False,False
2010-12-19,37424,103.0,Main,2010-12-09,WH-London,False,False
2010-12-19,85230F,50.0,WH-North,2010-12-17,WH-North,False,False
2010-12-19,84675,,WH-North,2010-12-11,WH-North,False,True
2010-12-19,90082D,34.0,,2010-12-08,UNKNOWN,False,False
2010-12-19,21216,1.0,,2010-12-17,UNKNOWN,False,False
2010-12-19,22178,33.0,Main,2010-12-18,WH-London,False,False
2010-12-19,90152A,99.0,Main,,WH-London,False,False
2010-12-19,85184C,82.0,WH-North,2010-12-11,WH-North,False,False
2010-12-19,23334,-26.0,WH_London,,WH-London,True,False
2010-12-19,22099,32.0,WH_London,2010-12-09,WH-London,False,False
2010-12-19,79190B,114.0,WH-North,,WH-North,False,False
2010-12-21,21802,19.0,Warehouse North,2010-12-12,WH-North,False,False
2010-12-21,21159,28.0,WH-London ,2010-12-14,WH-London,False,False
2010-12-21,21135,,Main,2010-12-20,WH-London,False,True
2010-12-21,21683,9.0,,2010-12-07,UNKNOWN,False,False
2010-12-21,23341,33.0,Warehouse North,2010-12-21,WH-North,False,False
2010-12-21,85026B,34.0,,2010-12-11,UNKNOWN,False,False
2010-12-21,84805B,22.0,WH_London,2010-12-12,WH-London,False,False
2010-12-21,47593A,89.0,WH_London,2010-12-07,WH-London,False,False
2010-12-21,72807B,14.0,Warehouse North,2010-12-18,WH-North,False,False
2010-12-21,23342,45.0,Main,2010-12-09,WH-London,False,False
2010-12-21,20996,23.0,WH-North,2010-12-14,WH-North,False,False
2010-12-21,85024C,43.0,,2010-12-19,UNKNOWN,False,False
2010-12-21,DCGSSBOY,22.0,,2010-12-11,UNKNOWN,False,False
2010-12-21,22114,52.0,,2010-12-11,UNKNOWN,False,False
2010-12-21,22066,59.0,WH-London ,2010-12-15,WH-London,False,False
2010-12-21,22178,,WH-North,2010-12-19,WH-North,False,True
2010-12-21,23010,,WH-North,2010-12-19,WH-North,False,True
2010-12-21,85186C,98.0,Warehouse North,2010-12-12,WH-North,False,False
2010-12-21,23135,25.0,,2010-12-17,UNKNOWN,False,False
2010-12-21,20803,42.0,WH-North,2010-12-08,WH-North,False,False
2010-12-21,22098,102.0,Warehouse North,2010-12-09,WH-North,False,False
2010-12-21,23334,137.0,WH-North,2010-12-17,WH-North,False,False
2010-12-21,21628,100.0,Warehouse North,2010-12-20,WH-North,False,False
2010-12-21,84789,43.0,WH-London,,WH-London,False,False
2010-12-21,90201C,65.0,,2010-12-19,UNKNOWN,False,False
2010-12-21,17028J,70.0,WH-North,2010-12-07,WH-North,False,False
2010-12-21,23483,60.0,WH-London,,WH-London,False,False
2010-12-21,79190B,19.0,WH-North,2010-12-07,WH-North,False,False
2010-12-21,23057,57.0,Warehouse North,2010-12-16,WH-North,False,False
2010-12-21,21356,34.0,Warehouse North,2010-12-09,WH-North,False,False
2010-12-21,90082D,20.0,WH_London,2010-12-10,WH-London,False,False
2010-12-21,21745,40.0,WH-North,,WH-North,False,False
2010-12-21,22216,59.0,WH-London ,2010-12-20,WH-London,False,False
2010-12-21,15044B,80.0,Warehouse North,2010-12-21,WH-North,False,False
2010-12-21,21504,42.0,WH-North,2010-12-13,WH-North,False,False
2010-12-21,47591D,-47.0,,2010-12-15,UNKNOWN,True,False
2010-12-21,79071B,74.0,,2010-12-17,UNKNOWN,False,False
2010-12-21,90152A,52.0,WH_London,2010-12-11,WH-London,False,False
2010-12-21,37424,61.0,WH-North,2010-12-14,WH-North,False,False
2010-12-21,17109D,52.0,Warehouse North,2010-12-17,WH-North,False,False
2010-12-21,47593B,56.0,Warehouse North,2010-12-08,WH-North,False,False
2010-12-21,23093,17.0,WH-London ,2010-12-10,WH-London,False,False
2010-12-21,85107,53.0,WH-North,2010-12-16,WH-North,False,False
2010-12-21,84804A,92.0,,2010-12-19,UNKNOWN,False,False
2010-12-21,21080,55.0,Main,,WH-London,False,False
2010-12-21,84686,24.0,Warehouse North,,WH-North,False,False
2010-12-21,21147,94.0,WH-North,,WH-North,False,False
2010-12-21,22415,71.0,WH-North,2010-12-17,WH-North,False,False
2010-12-21,81950B,73.0,Main,2010-12-11,WH-London,False,False
2010-12-21,90214C,,Main,2010-12-09,WH-London,False,True
2010-12-21,21195,16.0,Main,2010-12-13,WH-London,False,False
2010-12-21,15036,69.0,,,UNKNOWN,False,False
2010-12-21,22483,,WH-London ,,WH-London,False,True
2010-12-21,90052,35.0,,2010-12-12,UNKNOWN,False,False
2010-12-21,85184C,,,,UNKNOWN,False,True
2010-12-21,22289,60.0,Main,2010-12-12,WH-London,False,False
2010-12-21,20731,50.0,WH_London,2010-12-18,WH-London,False,False
2010-12-21,22084,3.0,WH-London,2010-12-15,WH-London,False,False
2010-12-21,90071,68.0,WH-North,2010-12-20,WH-North,False,False
2010-12-21,20657,65.0,WH-North,2010-12-12,WH-North,False,False
2010-12-21,85119,6.0,Warehouse North,2010-12-09,WH-North,False,False
2010-12-21,21791,106.0,Main,2010-12-14,WH-London,False,False
2010-12-21,79163,72.0,Warehouse North,2010-12-20,WH-North,False,False
2010-12-21,22928,-6.0,WH-London ,2010-12-18,WH-London,True,False
2010-12-21,84732B,74.0,WH_London,2010-12-21,WH-London,False,False
2010-12-21,22230,73.0,WH_London,,WH-London,False,False
2010-12-21,20963,92.0,WH-London,2010-12-19,WH-London,False,False
2010-12-21,82616C,31.0,WH-North,2010-12-10,WH-North,False,False
2010-12-21,22960,74.0,Warehouse North,2010-12-18,WH-North,False,False
2010-12-21,90065B,42.0,WH-London ,2010-12-08,WH-London,False,False
2010-12-21,22156,33.0,WH-London ,2010-12-20,WH-London,False,False
2010-12-21,90001C,24.0,,2010-12-21,UNKNOWN,False,False
2010-12-21,22560,-7.0,WH-London,2010-12-16,WH-London,True,False
2010-12-21,90143,66.0,WH-North,2010-12-14,WH-North,False,False
2010-12-21,21188,41.0,WH-North,2010-12-18,WH-North,False,False
2010-12-21,22575,-31.0,WH-North,2010-12-14,WH-North,True,False
2010-12-21,84596J,,WH_London,2010-12-11,WH-London,False,True
2010-12-21,23272,84.0,WH-London,2010-12-14,WH-London,False,False
2010-12-21,21281,,,2010-12-12,UNKNOWN,False,True
2010-12-21,90197B,28.0,Main,2010-12-13,WH-London,False,False
2010-12-23,84804A,63.0,WH-London ,2010-12-13,WH-London,False,False
2010-12-23,90067B,-26.0,,2010-12-17,UNKNOWN,True,False
2010-12-23,21865,33.0,WH-London ,2010-12-18,WH-London,False,False
2010-12-23,90071,60.0,WH_London,2010-12-17,WH-London,False,False
2010-12-23,72225C,33.0,Main,2010-12-12,WH-London,False,False
2010-12-23,90197B,11.0,Warehouse North,2010-12-10,WH-North,False,False
2010-12-23,22114,-12.0,,2010-12-12,UNKNOWN,True,False
2010-12-23,20756,1.0,WH-London ,2010-12-22,WH-London,False,False
2010-12-23,85040A,-31.0,WH-North,,WH-North,True,False
2010-12-23,22575,81.0,WH-London,2010-12-14,WH-London,False,False
2010-12-23,21336,120.0,Warehouse North,2010-12-20,WH-North,False,False
2010-12-23,90026D,51.0,WH-London ,2010-12-10,WH-London,False,False
2010-12-23,90011C,,WH_London,2010-12-18,WH-London,False,True
2010-12-23,84989A,21.0,Main,2010-12-19,WH-London,False,False
2010-12-23,22099,-12.0,,2010-12-14,UNKNOWN,True,False
2010-12-23,22882,105.0,,2010-12-17,UNKNOWN,False,False
2010-12-23,17109D,32.0,WH_London,2010-12-16,WH-London,False,False
2010-12-23,21683,71.0,Warehouse North,2010-12-17,WH-North,False,False
2010-12-23,22470,54.0,WH-London,2010-12-11,WH-London,False,False
2010-12-23,22962,79.0,Warehouse North,2010-12-12,WH-North,False,False
2010-12-23,47469,78.0,Warehouse North,2010-12-11,WH-North,False,False
2010-12-23,23204,58.0,WH-London ,2010-12-15,WH-London,False,False
2010-12-23,90152C,61.0,WH-North,2010-12-20,WH-North,False,False
2010-12-23,22671,86.0,Warehouse North,2010-12-20,WH-North,False,False
2010-12-23,90195B,37.0,WH-London ,2010-12-11,WH-London,False,False
2010-12-23,84674,96.0,,2010-12-13,UNKNOWN,False,False
2010-12-23,85163B,28.0,Warehouse North,2010-12-22,WH-North,False,False
2010-12-23,16010,52.0,,2010-12-16,UNKNOWN,False,False
2010-12-23,10133,68.0,WH-London ,2010-12-21,WH-London,False,False
2010-12-23,46000P,-1.0,WH-London ,2010-12-19,WH-London,True,False
2010-12-23,85107,91.0,,,UNKNOWN,False,False
2010-12-23,84660C,,WH-London ,2010-12-19,WH-London,False,True
2010-12-23,20657,149.0,WH_London,2010-12-11,WH-London,False,False
2010-12-23,82613C,-112.0,Main,2010-12-23,WH-London,True,False
2010-12-23,22560,49.0,WH-North,2010-12-20,WH-North,False,False
2010-12-23,23471,103.0,Warehouse North,2010-12-22,WH-North,False,False
2010-12-23,21368,75.0,Warehouse North,2010-12-16,WH-North,False,False
2010-12-23,21377,56.0,WH-London ,2010-12-11,WH-London,False,False
2010-12-23,17028J,0.0,WH-London ,2010-12-13,WH-London,False,False
2010-12-23,22923,7.0,WH-London ,2010-12-23,WH-London,False,False
2010-12-23,23159,50.0,WH-London,2010-12-13,WH-London,False,False
2010-12-23,22066,35.0,WH-London,2010-12-20,WH-London,False,False
2010-12-23,21135,56.0,Warehouse North,2010-12-21,WH-North,False,False
2010-12-23,81952B,91.0,Warehouse North,2010-12-23,WH-North,False,False
2010-12-23,21735,75.0,,2010-12-14,UNKNOWN,False,False
2010-12-23,22156,29.0,WH-London ,2010-12-22,WH-London,False,False
2010-12-23,DCGSSBOY,77.0,Main,2010-12-23,WH-London,False,False
2010-12-23,37471,22.0,WH-North,2010-12-21,WH-North,False,False
2010-12-23,90065B,15.0,WH-North,2010-12-11,WH-North,False,False
2010-12-23,72807B,61.0,,2010-12-12,UNKNOWN,False,False
2010-12-23,85136C,25.0,WH_London,2010-12-16,WH-London,False,False
2010-12-23,22637,30.0,WH-North,2010-12-20,WH-North,False,False
2010-12-23,47590B,79.0,WH_London,2010-12-19,WH-London,False,False
2010-12-23,22332,69.0,Main,2010-12-22,WH-London,False,False
2010-12-23,79160,38.0,Main,2010-12-18,WH-London,False,False
2010-12-23,22715,1.0,WH-North,2010-12-21,WH-North,False,False
2010-12-23,23692,27.0,WH_London,2010-12-20,WH-London,False,False
2010-12-23,21348,108.0,WH-North,2010-12-20,WH-North,False,False
2010-12-23,22289,78.0,WH-North,2010-12-19,WH-North,False,False
2010-12-23,90201C,92.0,WH-London,,WH-London,False,False
2010-12-23,84856S,,WH-London ,2010-12-23,WH-London,False,True
2010-12-23,22904,39.0,WH-London,,WH-London,False,False
2010-12-23,20677,77.0,Warehouse North,2010-12-12,WH-North,False,False
2010-12-23,21670,,WH-London ,2010-12-22,WH-London,False,True
2010-12-23,84746,-35.0,,2010-12-09,UNKNOWN,True,False
2010-12-23,21630,28.0,,,UNKNOWN,False,False
2010-12-23,21989,4.0,Warehouse North,2010-12-11,WH-North,False,False
2010-12-23,84631,27.0,WH_London,2010-12-12,WH-London,False,False
2010-12-23,79071B,-70.0,WH-London ,2010-12-22,WH-London,True,False
2010-12-23,23518,32.0,Warehouse North,2010-12-15,WH-North,False,False
2010-12-23,22272,77.0,WH-London ,2010-12-15,WH-London,False,False
2010-12-23,23189,109.0,,2010-12-13,UNKNOWN,False,False
2010-12-23,85026B,50.0,WH-London,2010-12-21,WH-London,False,False
2010-12-23,20974,49.0,,2010-12-14,UNKNOWN,False,False
2010-12-23,23619,66.0,WH_London,2010-12-18,WH-London,False,False
2010-12-23,79163,32.0,,2010-12-12,UNKNOWN,False,False
2010-12-23,84675,30.0,WH-North,2010-12-11,WH-North,False,False
2010-12-23,23458,31.0,WH_London,2010-12-16,WH-London,False,False
2010-12-23,84559B,,WH-London,2010-12-14,WH-London,False,True
2010-12-23,47593A,-76.0,WH_London,,WH-London,True,False
2010-12-25,22098,35.0,Warehouse North,2010-12-13,WH-North,False,False
2010-12-25,22483,83.0,Warehouse North,2010-12-18,WH-North,False,False
2010-12-25,22066,65.0,WH-North,2010-12-14,WH-North,False,False
2010-12-25,21670,49.0,WH_London,2010-12-20,WH-London,False,False
2010-12-25,20724,74.0,WH-London,2010-12-19,WH-London,False,False
2010-12-25,84789,21.0,WH_London,2010-12-25,WH-London,False,False
2010-12-25,21504,26.0,WH_London,2010-12-13,WH-London,False,False
2010-12-25,82616C,71.0,WH-London,2010-12-22,WH-London,False,False
2010-12-25,16010,-15.0,Main,2010-12-24,WH-London,True,False
2010-12-25,22962,50.0,WH-North,2010-12-12,WH-North,False,False
2010-12-25,23272,67.0,WH_London,2010-12-24,WH-London,False,False
2010-12-25,20996,89.0,WH_London,2010-12-17,WH-London,False,False
2010-12-25,22715,95.0,Main,2010-12-18,WH-London,False,False
2010-12-25,90052,46.0,,2010-12-25,UNKNOWN,False,False
2010-12-25,85230F,73.0,WH-North,,WH-North,False,False
2010-12-25,21745,25.0,Main,2010-12-21,WH-London,False,False
2010-12-25,21368,-36.0,WH-London,,WH-London,True,False
2010-12-25,47593B,91.0,,2010-12-24,UNKNOWN,False,False
2010-12-25,84804A,-48.0,,2010-12-19,UNKNOWN,True,False
2010-12-25,22114,54.0,WH_London,2010-12-16,WH-London,False,False
2010-12-25,23342,19.0,WH-North,2010-12-17,WH-North,False,False
2010-12-25,20803,,WH-London ,2010-12-21,WH-London,False,True
2010-12-25,22210,72.0,WH-London ,,WH-London,False,False
2010-12-25,22332,71.0,WH_London,2010-12-17,WH-London,False,False
2010-12-25,81952B,13.0,WH_London,2010-12-11,WH-London,False,False
2010-12-25,22960,79.0,WH-North,2010-12-22,WH-North,False,False
2010-12-25,37444C,20.0,,2010-12-14,UNKNOWN,False,False
2010-12-25,22882,49.0,WH-North,2010-12-15,WH-North,False,False
2010-12-25,DCGSSBOY,1.0,WH-London ,2010-12-21,WH-London,False,False
2010-12-25,47590B,44.0,WH-North,2010-12-15,WH-North,False,False
2010-12-25,21080,19.0,Main,2010-12-23,WH-London,False,False
2010-12-25,23189,36.0,WH-North,2010-12-19,WH-North,False,False
2010-12-25,84596J,51.0,WH-London ,2010-12-16,WH-London,False,False
2010-12-25,79071B,74.0,WH-North,2010-12-14,WH-North,False,False
2010-12-25,21135,73.0,WH-London ,2010-12-13,WH-London,False,False
2010-12-25,23204,-20.0,Warehouse North,2010-12-14,WH-North,True,False
2010-12-25,23234,70.0,,2010-12-13,UNKNOWN,False,False
2010-12-25,23068,56.0,WH-London,2010-12-16,WH-London,False,False
2010-12-25,90152C,33.0,WH-North,2010-12-22,WH-North,False,False
2010-12-25,85119,,WH-London,2010-12-18,WH-London,False,True
2010-12-25,23334,48.0,Warehouse North,2010-12-20,WH-North,False,False
2010-12-25,46000P,56.0,Warehouse North,2010-12-22,WH-North,False,False
2010-12-25,37424,61.0,WH-London,2010-12-19,WH-London,False,False
2010-12-25,23085,44.0,WH-London ,2010-12-24,WH-London,False,False
2010-12-25,21348,-25.0,Warehouse North,2010-12-18,WH-North,True,False
2010-12-25,21989,35.0,WH-London ,2010-12-13,WH-London,False,False
2010-12-25,21628,-14.0,Warehouse North,2010-12-19,WH-North,True,False
2010-12-25,82616B,111.0,WH-North,2010-12-15,WH-North,False,False
2010-12-25,21188,51.0,WH-North,2010-12-18,WH-North,False,False
2010-12-25,22671,,WH-London ,2010-12-19,WH-London,False,True
2010-12-25,22560,,Warehouse North,2010-12-15,WH-North,False,True
2010-12-25,21009,59.0,Warehouse North,2010-12-21,WH-North,False,False
2010-12-25,90161B,37.0,WH-London ,2010-12-16,WH-London,False,False
2010-12-25,47593A,33.0,WH-London ,2010-12-15,WH-London,False,False
2010-12-25,21265,-10.0,WH-London,2010-12-16,WH-London,True,False
2010-12-25,23458,54.0,WH-London ,2010-12-20,WH-London,False,False
2010-12-25,21159,59.0,WH-North,2010-12-11,WH-North,False,False
2010-12-25,22084,48.0,WH_London,2010-12-15,WH-London,False,False
2010-12-25,20657,54.0,,2010-12-24,UNKNOWN,False,False
2010-12-25,84805B,13.0,WH_London,,WH-London,False,False
2010-12-25,20963,41.0,WH-North,2010-12-23,WH-North,False,False
2010-12-25,23611,30.0,Main,2010-12-20,WH-London,False,False
2010-12-25,90025E,69.0,WH-London ,2010-12-23,WH-London,False,False
2010-12-25,37471,51.0,Warehouse North,2010-12-14,WH-North,False,False
2010-12-25,21791,30.0,,2010-12-11,UNKNOWN,False,False
2010-12-25,90082D,45.0,WH-North,2010-12-25,WH-North,False,False
2010-12-25,22415,18.0,WH-North,2010-12-16,WH-North,False,False
2010-12-25,84732B,40.0,WH-North,2010-12-18,WH-North,False,False
2010-12-25,21377,67.0,WH-North,,WH-North,False,False
2010-12-25,10133,10.0,,2010-12-12,UNKNOWN,False,False
2010-12-25,22928,48.0,WH-London,2010-12-25,WH-London,False,False
2010-12-25,22323,,WH-North,2010-12-21,WH-North,False,True
2010-12-25,84660C,10.0,WH-London,2010-12-23,WH-London,False,False
2010-12-25,72232,105.0,,2010-12-16,UNKNOWN,False,False
2010-12-25,23010,87.0,Warehouse North,2010-12-20,WH-North,False,False
2010-12-25,85024C,32.0,WH_London,2010-12-11,WH-London,False,False
2010-12-25,90067B,41.0,Warehouse North,2010-12-24,WH-North,False,False
2010-12-25,23140,-10.0,,2010-12-20,UNKNOWN,True,False
2010-12-25,84989A,2.0,,2010-12-25,UNKNOWN,False,False
2010-12-25,20966,16.0,,2010-12-24,UNKNOWN,False,False
2010-12-27,84596J,,WH-North,2010-12-15,WH-North,False,True
2010-12-27,23135,46.0,WH-London,2010-12-23,WH-London,False,False
2010-12-27,20724,59.0,Warehouse North,2010-12-14,WH-North,False,False
2010-12-27,84849B,70.0,WH-London ,2010-12-14,WH-London,False,False
2010-12-27,22904,58.0,Main,2010-12-27,WH-London,False,False
2010-12-27,23140,17.0,WH-London ,2010-12-14,WH-London,False,False
2010-12-27,22178,59.0,WH_London,2010-12-22,WH-London,False,False
2010-12-27,90152A,69.0,WH-London,2010-12-27,WH-London,False,False
2010-12-27,21159,37.0,WH-London ,2010-12-13,WH-London,False,False
2010-12-27,22289,-5.0,WH_London,2010-12-25,WH-London,True,False
2010-12-27,21265,85.0,WH-North,2010-12-25,WH-North,False,False
2010-12-27,23204,,Warehouse North,2010-12-19,WH-North,False,True
2010-12-27,23535,-33.0,WH-London,2010-12-18,WH-London,True,False
2010-12-27,22272,112.0,WH-London,2010-12-15,WH-London,False,False
2010-12-27,47469,35.0,WH-North,2010-12-17,WH-North,False,False
2010-12-27,85026B,123.0,WH-London ,2010-12-19,WH-London,False,False
2010-12-27,85024C,61.0,WH-London,2010-12-25,WH-London,False,False
2010-12-27,85040A,,WH-North,2010-12-26,WH-North,False,True
2010-12-27,90001C,55.0,WH_London,2010-12-16,WH-London,False,False
2010-12-27,22905,28.0,WH-London ,,WH-London,False,False
2010-12-27,23692,51.0,Warehouse North,,WH-North,False,False
2010-12-27,84872A,-110.0,WH-London,2010-12-27,WH-London,True,False
2010-12-27,22470,23.0,,2010-12-18,UNKNOWN,False,False
2010-12-27,72225C,66.0,Warehouse North,2010-12-23,WH-North,False,False
2010-12-27,22210,28.0,Main,2010-12-19,WH-London,False,False
2010-12-27,22928,-44.0,Main,2010-12-25,WH-London,True,False
2010-12-27,21802,109.0,,2010-12-20,UNKNOWN,False,False
2010-12-27,21428,65.0,Main,2010-12-24,WH-London,False,False
2010-12-27,21188,72.0,WH-North,2010-12-22,WH-North,False,False
2010-12-27,20966,52.0,,2010-12-14,UNKNOWN,False,False
2010-12-27,72800F,130.0,WH-London,,WH-London,False,False
2010-12-27,23440,21.0,Main,2010-12-15,WH-London,False,False
2010-12-27,21216,2.0,WH-North,2010-12-14,WH-North,False,False
2010-12-27,21336,100.0,WH-North,2010-12-15,WH-North,False,False
2010-12-27,22779,38.0,WH-North,2010-12-18,WH-North,False,False
2010-12-27,82616B,62.0,Warehouse North,2010-12-22,WH-North,False,False
2010-12-27,84746,101.0,Warehouse North,2010-12-21,WH-North,False,False
2010-12-27,22965,62.0,,2010-12-17,UNKNOWN,False,False
2010-12-27,21348,116.0,,2010-12-20,UNKNOWN,False,False
2010-12-27,21989,54.0,WH_London,2010-12-14,WH-London,False,False
2010-12-27,22156,28.0,Warehouse North,,WH-North,False,False
2010-12-27,22483,-20.0,Main,2010-12-22,WH-London,True,False
2010-12-27,22560,59.0,WH-London,2010-12-25,WH-London,False,False
2010-12-27,22228,-17.0,,2010-12-15,UNKNOWN,True,False
2010-12-27,23518,59.0,WH-North,2010-12-18,WH-North,False,False
2010-12-27,22332,93.0,,2010-12-23,UNKNOWN,False,False
2010-12-27,85231G,49.0,WH_London,2010-12-13,WH-London,False,False
2010-12-27,47593A,55.0,WH_London,2010-12-18,WH-London,False,False
2010-12-27,81952B,-77.0,Warehouse North,2010-12-14,WH-North,True,False
2010-12-27,22415,70.0,WH-North,2010-12-27,WH-North,False,False
2010-12-27,84856S,84.0,WH_London,2010-12-23,WH-London,False,False
2010-12-27,37467,49.0,,2010-12-17,UNKNOWN,False,False
2010-12-27,85186C,-17.0,Warehouse North,2010-12-24,WH-North,True,False
2010-12-27,16011,85.0,WH-London ,2010-12-14,WH-London,False,False
2010-12-27,79190B,42.0,WH-London ,2010-12-14,WH-London,False,False
2010-12-27,90197B,23.0,WH-London,2010-12-25,WH-London,False,False
2010-12-27,90065B,60.0,Warehouse North,2010-12-25,WH-North,False,False
2010-12-27,81950B,55.0,Warehouse North,2010-12-13,WH-North,False,False
2010-12-27,79071B,27.0,Warehouse North,2010-12-20,WH-North,False,False
2010-12-27,23483,11.0,Warehouse North,2010-12-24,WH-North,False,False
2010-12-27,23341,64.0,WH-North,2010-12-16,WH-North,False,False
2010-12-27,90177A,24.0,Warehouse North,2010-12-18,WH-North,False,False
2010-12-27,23057,53.0,WH-North,2010-12-22,WH-North,False,False
2010-12-27,82613C,61.0,,,UNKNOWN,False,False
2010-12-27,90052,79.0,Main,2010-12-15,WH-London,False,False
2010-12-27,17028J,113.0,WH-North,2010-12-26,WH-North,False,False
2010-12-27,23611,57.0,,2010-12-26,UNKNOWN,False,False
2010-12-27,20996,37.0,WH-North,2010-12-27,WH-North,False,False
2010-12-27,85230F,99.0,WH-London,2010-12-19,WH-London,False,False
2010-12-27,DCGSSBOY,81.0,WH_London,2010-12-15,WH-London,False,False
2010-12-27,21356,55.0,,2010-12-16,UNKNOWN,False,False
2010-12-27,84715,57.0,WH_London,,WH-London,False,False
2010-12-27,23085,50.0,WH-London,2010-12-23,WH-London,False,False
2010-12-27,23334,54.0,WH_London,2010-12-25,WH-London,False,False
2010-12-27,23272,46.0,WH_London,2010-12-18,WH-London,False,False
2010-12-27,20657,20.0,WH-London,2010-12-18,WH-London,False,False
2010-12-27,22216,50.0,WH-London ,2010-12-22,WH-London,False,False
2010-12-27,90201C,102.0,,2010-12-25,UNKNOWN,False,False
2010-12-27,22084,25.0,WH_London,2010-12-25,WH-London,False,False
2010-12-27,72802C,41.0,Main,2010-12-21,WH-London,False,False
2010-12-29,15044B,23.0,WH-North,2010-12-18,WH-North,False,False
2010-12-29,22030,84.0,WH-North,2010-12-19,WH-North,False,False
2010-12-29,90067B,74.0,Main,2010-12-15,WH-London,False,False
2010-12-29,84631,11.0,WH_London,2010-12-15,WH-London,False,False
2010-12-29,21830,10.0,WH_London,2010-12-18,WH-London,False,False
2010-12-29,23135,75.0,WH_London,2010-12-17,WH-London,False,False
2010-12-29,84715,-9.0,Warehouse North,2010-12-29,WH-North,True,False
2010-12-29,23089,74.0,WH-London ,2010-12-22,WH-London,False,False
2010-12-29,21336,30.0,Warehouse North,2010-12-22,WH-North,False,False
2010-12-29,23204,70.0,Warehouse North,2010-12-19,WH-North,False,False
2010-12-29,23234,63.0,WH_London,2010-12-28,WH-London,False,False
2010-12-29,20677,-33.0,Main,2010-12-15,WH-London,True,False
2010-12-29,90161B,23.0,WH-London,2010-12-19,WH-London,False,False
2010-12-29,23334,67.0,WH_London,2010-12-20,WH-London,False,False
2010-12-29,84804A,-29.0,Main,2010-12-23,WH-London,True,False
2010-12-29,16011,83.0,Main,2010-12-21,WH-London,False,False
2010-12-29,37444C,25.0,,2010-12-22,UNKNOWN,False,False
2010-12-29,22216,60.0,WH_London,2010-12-25,WH-London,False,False
2010-12-29,21356,38.0,,,UNKNOWN,False,False
2010-12-29,22882,50.0,WH-London,2010-12-17,WH-London,False,False
2010-12-29,82613C,28.0,WH-London ,2010-12-23,WH-London,False,False
2010-12-29,23090,44.0,Warehouse North,2010-12-19,WH-North,False,False
2010-12-29,90011C,-26.0,,2010-12-26,UNKNOWN,True,False
2010-12-29,23159,25.0,,2010-12-26,UNKNOWN,False,False
2010-12-29,22210,32.0,WH-North,2010-12-22,WH-North,False,False
2010-12-29,46000P,47.0,Warehouse North,2010-12-29,WH-North,False,False
2010-12-29,20974,-88.0,Main,2010-12-23,WH-London,True,False
2010-12-29,72807B,29.0,,2010-12-19,UNKNOWN,False,False
2010-12-29,21220,92.0,,2010-12-15,UNKNOWN,False,False
2010-12-29,84660C,-24.0,Warehouse North,2010-12-22,WH-North,True,False
2010-12-29,22323,16.0,WH-London ,2010-12-27,WH-London,False,False
2010-12-29,21628,6.0,WH_London,2010-12-28,WH-London,False,False
2010-12-29,35819P,68.0,WH-North,,WH-North,False,False
2010-12-29,23140,52.0,WH-North,2010-12-26,WH-North,False,False
2010-12-29,90082D,-66.0,WH_London,2010-12-18,WH-London,True,False
2010-12-29,84732B,53.0,,2010-12-27,UNKNOWN,False,False
2010-12-29,22066,49.0,WH-London ,2010-12-20,WH-London,False,False
2010-12-29,78124,58.0,WH_London,2010-12-23,WH-London,False,False
2010-12-29,23458,114.0,WH-London ,2010-12-15,WH-London,False,False
2010-12-29,22715,35.0,Main,2010-12-20,WH-London,False,False
2010-12-29,20724,111.0,Warehouse North,,WH-North,False,False
2010-12-29,22272,-75.0,,2010-12-15,UNKNOWN,True,False
2010-12-29,10133,60.0,Main,2010-12-18,WH-London,False,False
2010-12-29,72225C,66.0,WH_London,2010-12-23,WH-London,False,False
2010-12-29,84674,-45.0,,,UNKNOWN,True,False
2010-12-29,21348,42.0,WH-London,2010-12-17,WH-London,False,False
2010-12-29,90152A,29.0,WH-North,2010-12-28,WH-North,False,False
2010-12-29,21865,113.0,WH-North,2010-12-17,WH-North,False,False
2010-12-29,90195B,39.0,Warehouse North,2010-12-19,WH-North,False,False
2010-12-29,22332,49.0,WH-London,2010-12-19,WH-London,False,False
2010-12-29,23342,48.0,Warehouse North,2010-12-19,WH-North,False,False
2010-12-29,21791,10.0,WH_London,2010-12-23,WH-London,False,False
2010-12-29,85135A,33.0,Main,2010-12-28,WH-London,False,False
2010-12-29,22095,74.0,WH-London ,2010-12-29,WH-London,False,False
2010-12-29,21802,-13.0,WH-London ,2010-12-20,WH-London,True,False
2010-12-29,90001C,59.0,,2010-12-24,UNKNOWN,False,False
2010-12-29,90177A,22.0,WH-London ,,WH-London,False,False
2010-12-29,22470,88.0,Warehouse North,2010-12-28,WH-North,False,False
2010-12-29,22099,61.0,Warehouse North,2010-12-15,WH-North,False,False
2010-12-29,84856S,4.0,WH_London,2010-12-18,WH-London,False,False
2010-12-29,22560,37.0,WH_London,2010-12-27,WH-London,False,False
2010-12-29,20731,-63.0,WH_London,2010-12-16,WH-London,True,False
2010-12-29,85231G,40.0,Main,2010-12-15,WH-London,False,False
2010-12-29,21281,54.0,Main,2010-12-20,WH-London,False,False
2010-12-29,84746,49.0,WH-North,2010-12-28,WH-North,False,False
2010-12-29,22087,76.0,Main,2010-12-20,WH-London,False,False
2010-12-29,20771,63.0,WH-London,2010-12-18,WH-London,False,False
2010-12-29,85184C,48.0,Warehouse North,2010-12-15,WH-North,False,False
2010-12-29,21989,50.0,WH-North,2010-12-23,WH-North,False,False
2010-12-29,22098,,Warehouse North,2010-12-21,WH-North,False,True
2010-12-29,23518,-94.0,Warehouse North,2010-12-18,WH-North,True,False
2010-12-29,21735,138.0,WH-London ,,WH-London,False,False
2010-12-29,DCGSSBOY,40.0,Warehouse North,2010-12-27,WH-North,False,False
2010-12-29,21147,51.0,WH-London,,WH-London,False,False
2010-12-29,23535,80.0,Warehouse North,2010-12-18,WH-North,False,False
2010-12-29,21222,80.0,Warehouse North,2010-12-16,WH-North,False,False
2010-12-29,22965,55.0,Main,2010-12-22,WH-London,False,False
2010-12-29,81950B,,,,UNKNOWN,False,True
2010-12-29,90071,104.0,WH-London,2010-12-17,WH-London,False,False
2010-12-29,81952B,70.0,WH-North,2010-12-26,WH-North,False,False
2010-12-31,90152C,56.0,,2010-12-27,UNKNOWN,False,False
2010-12-31,37424,,Main,2010-12-23,WH-London,False,True
2010-12-31,21009,51.0,WH_London,2010-12-19,WH-London,False,False
2010-12-31,21348,-4.0,,2010-12-23,UNKNOWN,True,False
2010-12-31,21368,72.0,WH-London ,2010-12-27,WH-London,False,False
2010-12-31,23085,79.0,Warehouse North,2010-12-27,WH-North,False,False
2010-12-31,23547,,WH_London,2010-12-29,WH-London,False,True
2010-12-31,90143,21.0,WH-North,2010-12-29,WH-North,False,False
2010-12-31,22114,63.0,,2010-12-29,UNKNOWN,False,False
2010-12-31,90161B,,WH_London,2010-12-24,WH-London,False,True
2010-12-31,21484,27.0,WH-North,2010-12-21,WH-North,False,False
2010-12-31,22030,78.0,WH_London,2010-12-29,WH-London,False,False
2010-12-31,21377,65.0,WH-London,2010-12-24,WH-London,False,False
2010-12-31,72800F,41.0,WH_London,2010-12-20,WH-London,False,False
2010-12-31,15044B,33.0,,2010-12-24,UNKNOWN,False,False
2010-12-31,23458,44.0,Main,2010-12-22,WH-London,False,False
2010-12-31,23234,20.0,,2010-12-24,UNKNOWN,False,False
2010-12-31,90025E,57.0,Warehouse North,2010-12-29,WH-North,False,False
2010-12-31,79071B,66.0,WH-London,2010-12-18,WH-London,False,False
2010-12-31,85184C,85.0,WH_London,,WH-London,False,False
2010-12-31,22156,58.0,WH-London ,2010-12-19,WH-London,False,False
2010-12-31,85231G,,WH-North,2010-12-21,WH-North,False,True
2010-12-31,90011C,41.0,WH-North,2010-12-24,WH-North,False,False
2010-12-31,44092C,23.0,WH-London,2010-12-26,WH-London,False,False
2010-12-31,47593B,37.0,Warehouse North,2010-12-26,WH-North,False,False
2010-12-31,78124,-92.0,WH_London,2010-12-18,WH-London,True,False
2010-12-31,22095,69.0,Warehouse North,2010-12-25,WH-North,False,False
2010-12-31,22084,62.0,Main,2010-12-17,WH-London,False,False
2010-12-31,16011,-4.0,WH-London ,2010-12-22,WH-London,True,False
2010-12-31,79160,59.0,Warehouse North,2010-12-23,WH-North,False,False
2010-12-31,23057,10.0,WH-North,2010-12-30,WH-North,False,False
2010-12-31,90214C,-12.0,WH_London,2010-12-23,WH-London,True,False
2010-12-31,21336,15.0,WH-London ,2010-12-18,WH-London,False,False
2010-12-31,79163,26.0,WH-London,2010-12-27,WH-London,False,False
2010-12-31,37467,75.0,WH-North,2010-12-28,WH-North,False,False
2010-12-31,22272,,WH_London,2010-12-21,WH-London,False,True
2010-12-31,21865,21.0,,2010-12-27,UNKNOWN,False,False
2010-12-31,20963,32.0,,2010-12-31,UNKNOWN,False,False
2010-12-31,22575,64.0,WH-London,2010-12-26,WH-London,False,False
2010-12-31,84789,70.0,Main,2010-12-21,WH-London,False,False
2010-12-31,23272,54.0,WH-London,2010-12-20,WH-London,False,False
2010-12-31,72232,15.0,WH-London ,2010-12-29,WH-London,False,False
2010-12-31,84989A,37.0,WH-London ,2010-12-31,WH-London,False,False
2010-12-31,20677,121.0,WH_London,,WH-London,False,False
2010-12-31,21683,13.0,WH-London,2010-12-19,WH-London,False,False
2010-12-31,21135,61.0,WH-North,2010-12-23,WH-North,False,False
2010-12-31,84686,113.0,Main,2010-12-27,WH-London,False,False
2010-12-31,21265,41.0,WH_London,,WH-London,False,False
2010-12-31,21630,105.0,WH-London,2010-12-27,WH-London,False,False
2010-12-31,90071,29.0,WH_London,2010-12-29,WH-London,False,False
2010-12-31,23159,-9.0,WH-London ,2010-12-19,WH-London,True,False
2010-12-31,23342,32.0,Main,2010-12-18,WH-London,False,False
2010-12-31,22928,27.0,Main,2010-12-25,WH-London,False,False
2010-12-31,90152A,0.0,Main,2010-12-31,WH-London,False,False
2010-12-31,23619,37.0,WH_London,2010-12-24,WH-London,False,False
2010-12-31,23135,79.0,Main,2010-12-29,WH-London,False,False
2010-12-31,84559B,,Main,2010-12-29,WH-London,False,True
2010-12-31,85230F,38.0,WH-London ,2010-12-28,WH-London,False,False
2010-12-31,90214N,91.0,,2010-12-30,UNKNOWN,False,False
2010-12-31,85163B,-27.0,Main,2010-12-28,WH-London,True,False
2010-12-31,21791,68.0,WH-North,2010-12-24,WH-North,False,False
2010-12-31,23471,-1.0,WH-London,2010-12-31,WH-London,True,False
2010-12-31,23140,21.0,WH-North,2010-12-17,WH-North,False,False
2010-12-31,21080,43.0,WH-London,,WH-London,False,False
2010-12-31,47591D,86.0,WH-North,2010-12-29,WH-North,False,False
2010-12-31,23089,22.0,WH-North,2010-12-22,WH-North,False,False
2010-12-31,23440,-22.0,Main,,WH-London,True,False
2010-12-31,37444C,58.0,WH_London,2010-12-19,WH-London,False,False
2010-12-31,84660C,62.0,WH-London,2010-12-17,WH-London,False,False
2010-12-31,85040A,18.0,WH_London,2010-12-29,WH-London,False,False
2010-12-31,20657,34.0,WH-London ,2010-12-25,WH-London,False,False
2010-12-31,20724,82.0,Warehouse North,2010-12-26,WH-North,False,False
2010-12-31,21670,14.0,WH-London ,2010-12-26,WH-London,False,False
2010-12-31,22099,60.0,WH-London,,WH-London,False,False
2010-12-31,21281,34.0,Warehouse North,2010-12-27,WH-North,False,False
2010-12-31,84849B,92.0,WH-London ,2010-12-27,WH-London,False,False
2010-12-31,90197B,67.0,Main,,WH-London,False,False
2010-12-31,84674,76.0,,2010-12-31,UNKNOWN,False,False
2010-12-31,85119,33.0,WH-London,2010-12-23,WH-London,False,False
2010-12-31,85024C,74.0,WH-London ,2010-12-20,WH-London,False,False
2011-01-02,22087,73.0,WH-London ,2010-12-31,WH-London,False,False
2011-01-02,20771,65.0,Main,2010-12-23,WH-London,False,False
2011-01-02,37444C,41.0,WH-North,2010-12-26,WH-North,False,False
2011-01-02,23010,54.0,WH-London,2010-12-26,WH-London,False,False
2011-01-02,72232,-5.0,,2010-12-29,UNKNOWN,True,False
2011-01-02,22114,,WH-London,2010-12-28,WH-London,False,True
2011-01-02,85107,31.0,WH-London,2010-12-23,WH-London,False,False
2011-01-02,90177A,39.0,WH_London,2010-12-27,WH-London,False,False
2011-01-02,22228,10.0,WH-London ,2010-12-29,WH-London,False,False
2011-01-02,23068,70.0,WH-London,2011-01-01,WH-London,False,False
2011-01-02,15036,,WH_London,,WH-London,False,True
2011-01-02,21630,41.0,WH-North,2010-12-29,WH-North,False,False
2011-01-02,22210,20.0,WH-London,2010-12-27,WH-London,False,False
2011-01-02,22575,28.0,WH-London,2011-01-01,WH-London,False,False
2011-01-02,23135,63.0,Warehouse North,2010-12-21,WH-North,False,False
2011-01-02,85040A,57.0,WH_London,2010-12-27,WH-London,False,False
2011-01-02,17109D,48.0,Main,,WH-London,False,False
2011-01-02,23692,37.0,WH_London,,WH-London,False,False
2011-01-02,90214C,2.0,WH-London ,2011-01-01,WH-London,False,False
2011-01-02,23611,78.0,WH-North,2011-01-01,WH-North,False,False
2011-01-02,84674,6.0,Warehouse North,2010-12-21,WH-North,False,False
2011-01-02,23334,-43.0,WH-North,2010-12-27,WH-North,True,False
2011-01-02,22882,18.0,Warehouse North,2010-12-24,WH-North,False,False
2011-01-02,21745,79.0,WH-North,2011-01-02,WH-North,False,False
2011-01-02,82613C,67.0,WH-London ,2010-12-30,WH-London,False,False
2011-01-02,22230,39.0,Warehouse North,2010-12-23,WH-North,False,False
2011-01-02,84849B,70.0,Main,2010-12-19,WH-London,False,False
2011-01-02,15044B,5.0,WH-North,2010-12-26,WH-North,False,False
2011-01-02,21135,47.0,,2010-12-20,UNKNOWN,False,False
2011-01-02,82616C,18.0,Main,2010-12-23,WH-London,False,False
2011-01-02,90025E,80.0,Main,2010-12-31,WH-London,False,False
2011-01-02,84660C,61.0,Warehouse North,2010-12-31,WH-North,False,False
2011-01-02,21662,69.0,Main,2010-12-26,WH-London,False,False
2011-01-02,47591D,33.0,,2010-12-30,UNKNOWN,False,False
2011-01-02,21368,72.0,WH_London,2010-12-29,WH-London,False,False
2011-01-02,21735,16.0,Main,,WH-London,False,False
2011-01-02,90185B,20.0,WH-London,2011-01-01,WH-London,False,False
2011-01-02,22779,44.0,WH-London,2010-12-27,WH-London,False,False
2011-01-02,23234,21.0,WH-London,2010-12-20,WH-London,False,False
2011-01-02,23440,71.0,WH-London,2010-12-25,WH-London,False,False
2011-01-02,17028J,35.0,Main,2010-12-21,WH-London,False,False
2011-01-02,81950B,17.0,WH-London,2011-01-01,WH-London,False,False
2011-01-02,90195B,13.0,Main,2010-12-27,WH-London,False,False
2011-01-02,90161B,70.0,Warehouse North,2011-01-01,WH-North,False,False
2011-01-02,85231G,-26.0,Warehouse North,2010-12-20,WH-North,True,False
2011-01-02,84686,19.0,WH_London,2011-01-01,WH-London,False,False
2011-01-02,20966,92.0,,2010-12-29,UNKNOWN,False,False
2011-01-02,23471,39.0,WH_London,2010-12-28,WH-London,False,False
2011-01-02,46000P,,WH-North,,WH-North,False,True
2011-01-02,23189,62.0,WH-London,2010-12-21,WH-London,False,False
2011-01-02,20996,44.0,Warehouse North,2010-12-22,WH-North,False,False
2011-01-02,23090,0.0,WH-London,2010-12-30,WH-London,False,False
2011-01-02,22715,10.0,Warehouse North,2010-12-19,WH-North,False,False
2011-01-02,21080,9.0,Main,2010-12-29,WH-London,False,False
2011-01-02,90001C,64.0,Warehouse North,2010-12-19,WH-North,False,False
2011-01-02,84872A,70.0,Main,,WH-London,False,False
2011-01-02,72800F,23.0,Warehouse North,2010-12-27,WH-North,False,False
2011-01-02,21377,47.0,Warehouse North,2010-12-20,WH-North,False,False
2011-01-02,35965,50.0,WH_London,2010-12-28,WH-London,False,False
2011-01-02,23483,52.0,WH-North,2010-12-26,WH-North,False,False
2011-01-02,84715,27.0,,2010-12-23,UNKNOWN,False,False
2011-01-02,22415,99.0,WH-London,2010-12-23,WH-London,False,False
2011-01-02,22289,70.0,WH-London,2010-12-25,WH-London,False,False
2011-01-02,90197B,52.0,,2010-12-20,UNKNOWN,False,False
2011-01-02,21147,34.0,WH_London,2010-12-20,WH-London,False,False
2011-01-02,23075,24.0,,2010-12-28,UNKNOWN,False,False
2011-01-02,10133,61.0,Warehouse North,2010-12-27,WH-North,False,False
2011-01-02,21188,35.0,WH-North,2011-01-02,WH-North,False,False
2011-01-02,22030,54.0,,2011-01-01,UNKNOWN,False,False
2011-01-02,21683,-6.0,,2011-01-02,UNKNOWN,True,False
2011-01-02,22066,34.0,WH_London,2010-12-28,WH-London,False,False
2011-01-02,16218,46.0,WH-London,2010-12-27,WH-London,False,False
2011-01-02,84675,79.0,Main,2011-01-01,WH-London,False,False
2011-01-02,22671,22.0,Main,2010-12-29,WH-London,False,False
2011-01-02,22323,5.0,WH-London ,2010-12-30,WH-London,False,False
2011-01-02,20731,63.0,WH_London,2010-12-30,WH-London,False,False
2011-01-02,90214N,48.0,WH-London ,,WH-London,False,False
2011-01-02,84631,-1.0,Warehouse North,2010-12-28,WH-North,True,False
2011-01-02,23341,0.0,WH-London,,WH-London,False,False
2011-01-02,DCGSSBOY,30.0,,2010-12-30,UNKNOWN,False,False
2011-01-04,23692,47.0,WH-London,2010-12-24,WH-London,False,False
2011-01-04,22030,91.0,WH-London,2010-12-22,WH-London,False,False
2011-01-04,85135A,17.0,WH-London ,2011-01-02,WH-London,False,False
2011-01-04,22575,66.0,Main,2010-12-21,WH-London,False,False
2011-01-04,21368,-8.0,WH-London,2010-12-26,WH-London,True,False
2011-01-04,23068,60.0,WH-London ,2010-12-25,WH-London,False,False
2011-01-04,22332,95.0,WH_London,2010-12-25,WH-London,False,False
2011-01-04,84638,54.0,WH-London,2011-01-02,WH-London,False,False
2011-01-04,22715,-29.0,,2010-12-28,UNKNOWN,True,False
2011-01-04,16010,86.0,,,UNKNOWN,False,False
2011-01-04,22637,60.0,Warehouse North,2010-12-24,WH-North,False,False
2011-01-04,90161B,54.0,Main,2011-01-01,WH-London,False,False
2011-01-04,21348,19.0,WH_London,2011-01-04,WH-London,False,False
2011-01-04,90067B,60.0,WH-North,2010-12-29,WH-North,False,False
2011-01-04,90071,29.0,Main,2011-01-03,WH-London,False,False
2011-01-04,22272,-59.0,Warehouse North,2010-12-31,WH-North,True,False
2011-01-04,90152A,51.0,WH-London ,2010-12-28,WH-London,False,False
2011-01-04,21216,82.0,WH_London,2010-12-26,WH-London,False,False
2011-01-04,22070,32.0,Main,2011-01-01,WH-London,False,False
2011-01-04,22965,45.0,Warehouse North,2010-12-26,WH-North,False,False
2011-01-04,85186C,73.0,Main,2011-01-02,WH-London,False,False
2011-01-04,21735,42.0,WH-London,2010-12-28,WH-London,False,False
2011-01-04,22415,49.0,,2010-12-28,UNKNOWN,False,False
2011-01-04,21009,37.0,WH-London,2010-12-29,WH-London,False,False
2011-01-04,46000P,-45.0,WH_London,2011-01-02,WH-London,True,False
2011-01-04,23090,70.0,WH-London ,2010-12-31,WH-London,False,False
2011-01-04,90065B,105.0,WH-London,2010-12-27,WH-London,False,False
2011-01-04,23611,0.0,,2010-12-22,UNKNOWN,False,False
2011-01-04,23619,12.0,WH-London,2011-01-04,WH-London,False,False
2011-01-04,47469,45.0,WH-London ,2010-12-22,WH-London,False,False
2011-01-04,22156,51.0,,2010-12-26,UNKNOWN,False,False
2011-01-04,23458,43.0,Warehouse North,2010-12-31,WH-North,False,False
2011-01-04,90214C,33.0,Main,2011-01-02,WH-London,False,False
2011-01-04,23471,-13.0,WH_London,2011-01-03,WH-London,True,False
2011-01-04,22289,,Warehouse North,2011-01-02,WH-North,False,True
2011-01-04,23010,74.0,Warehouse North,2010-12-24,WH-North,False,False
2011-01-04,20963,52.0,WH-North,2010-12-26,WH-North,False,False
2011-01-04,84872A,70.0,,2010-12-23,UNKNOWN,False,False
2011-01-04,90177A,13.0,WH-London,2010-12-22,WH-London,False,False
2011-01-04,72800F,-93.0,Main,,WH-London,True,False
2011-01-04,22230,33.0,WH-London ,2010-12-25,WH-London,False,False
2011-01-04,90214N,64.0,WH-London,2010-12-28,WH-London,False,False
2011-01-04,21159,46.0,WH-London,2011-01-02,WH-London,False,False
2011-01-04,22323,33.0,Warehouse North,2010-12-22,WH-North,False,False
2011-01-04,10133,62.0,WH_London,2010-12-22,WH-London,False,False
2011-01-04,23060,68.0,WH-London,2010-12-24,WH-London,False,False
2011-01-04,85184C,130.0,Warehouse North,2010-12-26,WH-North,False,False
2011-01-04,16011,69.0,WH-London,2010-12-28,WH-London,False,False
2011-01-04,22066,68.0,,2010-12-22,UNKNOWN,False,False
2011-01-04,22904,84.0,WH-North,,WH-North,False,False
2011-01-04,22185,65.0,WH_London,2010-12-29,WH-London,False,False
2011-01-04,85040A,48.0,WH-North,2010-12-30,WH-North,False,False
2011-01-04,17109D,59.0,WH-London ,2011-01-01,WH-London,False,False
2011-01-04,90201C,75.0,WH-North,2010-12-21,WH-North,False,False
2011-01-04,90025E,91.0,Main,2010-12-25,WH-London,False,False
2011-01-04,23518,4.0,,2010-12-29,UNKNOWN,False,False
2011-01-04,84804A,-6.0,,2010-12-28,UNKNOWN,True,False
2011-01-04,84631,90.0,WH-North,2010-12-24,WH-North,False,False
2011-01-04,22923,26.0,WH-London ,2011-01-02,WH-London,False,False
2011-01-04,22087,0.0,Warehouse North,2010-12-28,WH-North,False,False
2011-01-04,21628,-2.0,WH-London,2010-12-30,WH-London,True,False
2011-01-04,23089,104.0,WH-London ,2010-12-22,WH-London,False,False
2011-01-04,84856S,,WH-London,2011-01-03,WH-London,False,True
2011-01-04,90185B,26.0,WH-London ,2010-12-30,WH-London,False,False
2011-01-04,20657,27.0,Main,2010-12-31,WH-London,False,False
2011-01-04,21830,51.0,Main,2010-12-25,WH-London,False,False
2011-01-04,79190B,75.0,Warehouse North,2010-12-22,WH-North,False,False
2011-01-04,84559B,41.0,Main,2010-12-23,WH-London,False,False
2011-01-04,72225C,26.0,WH-North,,WH-North,False,False
2011-01-04,90001C,84.0,Main,2010-12-30,WH-London,False,False
2011-01-04,22671,49.0,Warehouse North,2010-12-28,WH-North,False,False
2011-01-04,22470,44.0,,2010-12-22,UNKNOWN,False,False
2011-01-04,90052,67.0,Warehouse North,2010-12-23,WH-North,False,False
2011-01-04,85119,-14.0,Main,2010-12-31,WH-London,True,False
2011-01-04,23535,64.0,WH_London,2010-12-29,WH-London,False,False
2011-01-04,37424,62.0,WH-London ,2010-12-27,WH-London,False,False
2011-01-04,22779,8.0,Main,2010-12-21,WH-London,False,False
2011-01-04,22210,-8.0,Main,2010-12-25,WH-London,True,False
2011-01-04,47590B,,WH-London ,2010-12-24,WH-London,False,True
2011-01-04,23085,55.0,WH-London,2010-12-29,WH-London,False,False
2011-01-06,15044B,,WH_London,2010-12-25,WH-London,False,True
2011-01-06,23089,101.0,,2010-12-27,UNKNOWN,False,False
2011-01-06,21628,55.0,WH-London ,2011-01-02,WH-London,False,False
2011-01-06,22637,8.0,WH-North,2010-12-26,WH-North,False,False
2011-01-06,21791,42.0,WH-London,2010-12-28,WH-London,False,False
2011-01-06,21220,11.0,Warehouse North,,WH-North,False,False
2011-01-06,90052,44.0,WH-London,,WH-London,False,False
2011-01-06,84631,92.0,WH-London ,2011-01-01,WH-London,False,False
2011-01-06,23334,63.0,WH-North,2010-12-31,WH-North,False,False
2011-01-06,20657,28.0,,2010-12-30,UNKNOWN,False,False
2011-01-06,23204,67.0,,2010-12-24,UNKNOWN,False,False
2011-01-06,23085,26.0,Warehouse North,2011-01-04,WH-North,False,False
2011-01-06,22905,-32.0,WH-North,2011-01-03,WH-North,True,False
2011-01-06,23692,,WH-London ,2011-01-01,WH-London,False,True
2011-01-06,22216,63.0,Main,2011-01-05,WH-London,False,False
2011-01-06,90001C,73.0,WH-North,2011-01-01,WH-North,False,False
2011-01-06,35965,101.0,WH_London,2010-12-25,WH-London,False,False
2011-01-06,90026D,60.0,Warehouse North,,WH-North,False,False
2011-01-06,22882,90.0,WH-London ,2010-12-26,WH-London,False,False
2011-01-06,84732B,68.0,WH_London,,WH-London,False,False
2011-01-06,90011C,-78.0,WH_London,2010-12-23,WH-London,True,False
2011-01-06,21504,83.0,Main,2010-12-28,WH-London,False,False
2011-01-06,23090,64.0,,2010-12-30,UNKNOWN,False,False
2011-01-06,22066,82.0,,2010-12-25,UNKNOWN,False,False
2011-01-06,20677,29.0,Warehouse North,2010-12-31,WH-North,False,False
2011-01-06,22560,,,2010-12-26,UNKNOWN,False,True
2011-01-06,17109D,69.0,WH-London ,2010-12-28,WH-London,False,False
2011-01-06,22323,61.0,WH_London,2011-01-05,WH-London,False,False
2011-01-06,72225C,23.0,WH-North,2010-12-25,WH-North,False,False
2011-01-06,84660C,-12.0,WH-London ,2010-12-29,WH-London,True,False
2011-01-06,15036,53.0,WH-North,2011-01-06,WH-North,False,False
2011-01-06,90082D,71.0,Main,2010-12-23,WH-London,False,False
2011-01-06,21377,65.0,WH-North,2010-12-31,WH-North,False,False
2011-01-06,44092C,19.0,WH-London,2011-01-04,WH-London,False,False
2011-01-06,20731,26.0,WH_London,2011-01-05,WH-London,False,False
2011-01-06,23535,70.0,WH-London ,2011-01-04,WH-London,False,False
2011-01-06,21009,52.0,WH_London,2010-12-27,WH-London,False,False
2011-01-06,84675,81.0,WH_London,2010-12-26,WH-London,False,False
2011-01-06,90152C,-40.0,WH_London,2010-12-23,WH-London,True,False
2011-01-06,23135,72.0,Main,2011-01-06,WH-London,False,False
2011-01-06,85107,48.0,WH-North,2010-12-29,WH-North,False,False
2011-01-06,72807B,28.0,WH-London,2011-01-01,WH-London,False,False
2011-01-06,20702,77.0,Warehouse North,,WH-North,False,False
2011-01-06,22099,20.0,WH-London,2010-12-28,WH-London,False,False
2011-01-06,23093,52.0,WH-North,2011-01-04,WH-North,False,False
2011-01-06,21348,55.0,WH-London,2010-12-29,WH-London,False,False
2011-01-06,20974,46.0,WH_London,2011-01-04,WH-London,False,False
2011-01-06,22185,79.0,Warehouse North,2010-12-29,WH-North,False,False
2011-01-06,22779,,Warehouse North,2010-12-28,WH-North,False,True
2011-01-06,22084,63.0,WH-London,,WH-London,False,False
2011-01-06,23518,52.0,WH_London,2010-12-31,WH-London,False,False
2011-01-06,22483,105.0,WH-London ,2010-12-29,WH-London,False,False
2011-01-06,22960,93.0,WH-North,2011-01-02,WH-North,False,False
2011-01-06,82616C,77.0,Main,2010-12-29,WH-London,False,False
2011-01-06,16048,72.0,WH-London ,2010-12-25,WH-London,False,False
2011-01-06,21222,31.0,WH_London,2010-12-25,WH-London,False,False
2011-01-06,22087,48.0,,2011-01-01,UNKNOWN,False,False
2011-01-06,90197B,69.0,WH_London,,WH-London,False,False
2011-01-06,72802C,81.0,WH-London,2011-01-06,WH-London,False,False
2011-01-06,21670,76.0,Warehouse North,2010-12-26,WH-North,False,False
2011-01-06,81950B,67.0,WH-North,,WH-North,False,False
2011-01-06,21195,110.0,WH-North,,WH-North,False,False
2011-01-06,22289,45.0,,2010-12-24,UNKNOWN,False,False
2011-01-06,22095,80.0,Warehouse North,2010-12-25,WH-North,False,False
2011-01-06,84715,76.0,WH-London,2010-12-23,WH-London,False,False
2011-01-06,22575,,,,UNKNOWN,False,True
2011-01-06,22415,64.0,WH_London,2010-12-24,WH-London,False,False
2011-01-06,21484,63.0,,2010-12-30,UNKNOWN,False,False
2011-01-06,78124,,Warehouse North,2010-12-26,WH-North,False,True
2011-01-06,84989A,,Main,2011-01-05,WH-London,False,True
2011-01-06,90152A,72.0,Warehouse North,2011-01-03,WH-North,False,False
2011-01-06,22272,59.0,,2011-01-04,UNKNOWN,False,False
2011-01-06,21630,5.0,WH-London,2010-12-23,WH-London,False,False
2011-01-06,20966,2.0,WH-North,2011-01-02,WH-North,False,False
2011-01-06,16218,25.0,,2010-12-28,UNKNOWN,False,False
2011-01-06,23189,46.0,Warehouse North,,WH-North,False,False
2011-01-06,90071,27.0,,,UNKNOWN,False,False
2011-01-06,23547,69.0,Warehouse North,2010-12-27,WH-North,False,False
2011-01-06,79163,85.0,WH-North,2010-12-23,WH-North,False,False
2011-01-06,23272,,Warehouse North,2011-01-01,WH-North,False,True
2011-01-08,85186C,,WH-North,2011-01-05,WH-North,False,True
2011-01-08,21791,,,,UNKNOWN,False,True
2011-01-08,21802,33.0,WH-North,2010-12-31,WH-North,False,False
2011-01-08,21348,45.0,,2011-01-06,UNKNOWN,False,False
2011-01-08,37424,14.0,WH-London,2010-12-30,WH-London,False,False
2011-01-08,22962,86.0,Main,2010-12-30,WH-London,False,False
2011-01-08,20966,108.0,WH-London ,2010-12-30,WH-London,False,False
2011-01-08,21368,39.0,WH-London,2010-12-29,WH-London,False,False
2011-01-08,79163,-15.0,WH-North,2010-12-31,WH-North,True,False
2011-01-08,20724,21.0,WH-London ,2010-12-29,WH-London,False,False
2011-01-08,22575,30.0,WH_London,2011-01-01,WH-London,False,False
2011-01-08,21080,10.0,WH-North,2010-12-26,WH-North,False,False
2011-01-08,20803,19.0,WH-North,2011-01-03,WH-North,False,False
2011-01-08,85107,56.0,Main,2011-01-01,WH-London,False,False
2011-01-08,23089,,WH-London ,2011-01-01,WH-London,False,True
2011-01-08,23341,-11.0,,2010-12-26,UNKNOWN,True,False
2011-01-08,21222,34.0,WH-London ,2010-12-26,WH-London,False,False
2011-01-08,72232,51.0,WH-London,2010-12-31,WH-London,False,False
2011-01-08,23440,17.0,WH-London ,2010-12-25,WH-London,False,False
2011-01-08,85135A,,WH-London,2011-01-04,WH-London,False,True
2011-01-08,22715,46.0,,2010-12-26,UNKNOWN,False,False
2011-01-08,81950B,36.0,WH-London,2011-01-04,WH-London,False,False
2011-01-08,23057,,,2010-12-29,UNKNOWN,False,True
2011-01-08,10133,58.0,WH-London ,2011-01-05,WH-London,False,False
2011-01-08,22099,27.0,WH-London ,2010-12-27,WH-London,False,False
2011-01-08,22087,-1.0,,,UNKNOWN,True,False
2011-01-08,22904,50.0,Main,2010-12-31,WH-London,False,False
2011-01-08,78124,12.0,WH-North,2010-12-29,WH-North,False,False
2011-01-08,21735,,WH-North,2010-12-26,WH-North,False,True
2011-01-08,23234,53.0,WH_London,2010-12-29,WH-London,False,False
2011-01-08,47591D,45.0,Main,2010-12-30,WH-London,False,False
2011-01-08,82613C,24.0,WH-London,2010-12-27,WH-London,False,False
2011-01-08,22095,56.0,WH-North,2010-12-25,WH-North,False,False
2011-01-08,90197B,62.0,Warehouse North,2011-01-06,WH-North,False,False
2011-01-08,90161B,57.0,,2011-01-01,UNKNOWN,False,False
2011-01-08,90143,56.0,,2010-12-30,UNKNOWN,False,False
2011-01-08,90001C,1.0,WH-London ,2011-01-05,WH-London,False,False
2011-01-08,90067B,88.0,Warehouse North,2010-12-25,WH-North,False,False
2011-01-08,84638,66.0,WH-London,2011-01-07,WH-London,False,False
2011-01-08,22070,21.0,WH-London ,2011-01-01,WH-London,False,False
2011-01-08,21009,49.0,Warehouse North,2011-01-02,WH-North,False,False
2011-01-08,21830,55.0,WH_London,2011-01-06,WH-London,False,False
2011-01-08,90011C,48.0,WH-London,2011-01-07,WH-London,False,False
2011-01-08,90082D,103.0,WH-North,2010-12-27,WH-North,False,False
2011-01-08,90214C,-8.0,WH-London,,WH-London,True,False
2011-01-08,21630,-5.0,WH-London ,2011-01-04,WH-London,True,False
2011-01-08,20702,-18.0,,2011-01-05,UNKNOWN,True,False
2011-01-08,22637,52.0,Main,2010-12-28,WH-London,False,False
2011-01-08,23075,66.0,Main,2010-12-26,WH-London,False,False
2011-01-08,16218,60.0,Warehouse North,2010-12-27,WH-North,False,False
2011-01-08,22066,41.0,WH-North,2011-01-06,WH-North,False,False
2011-01-08,23692,62.0,,2011-01-01,UNKNOWN,False,False
2011-01-08,22185,41.0,WH-North,2010-12-28,WH-North,False,False
2011-01-08,23068,72.0,WH-London,2011-01-05,WH-London,False,False
2011-01-08,84675,83.0,Warehouse North,2011-01-01,WH-North,False,False
2011-01-08,23085,,WH-London ,2011-01-06,WH-London,False,True
2011-01-08,23090,41.0,Warehouse North,2010-12-26,WH-North,False,False
2011-01-08,23272,46.0,Warehouse North,2011-01-02,WH-North,False,False
2011-01-08,90152A,92.0,WH_London,2011-01-08,WH-London,False,False
2011-01-08,20771,,WH-London ,2011-01-03,WH-London,False,True
2011-01-08,85024C,82.0,WH-North,2011-01-02,WH-North,False,False
2011-01-08,85184C,6.0,Warehouse North,,WH-North,False,False
2011-01-08,35965,87.0,WH_London,2011-01-01,WH-London,False,False
2011-01-08,46000P,75.0,WH-London ,2010-12-31,WH-London,False,False
2011-01-08,22882,45.0,WH-North,2011-01-06,WH-North,False,False
2011-01-08,85026B,77.0,Warehouse North,2011-01-05,WH-North,False,False
2011-01-08,84746,34.0,Warehouse North,,WH-North,False,False
2011-01-08,22210,22.0,Main,2011-01-02,WH-London,False,False
2011-01-08,22560,101.0,WH-North,2010-12-28,WH-North,False,False
2011-01-08,21662,-33.0,Main,2010-12-26,WH-London,True,False
2011-01-08,22030,70.0,,2011-01-06,UNKNOWN,False,False
2011-01-08,21356,83.0,WH-North,2010-12-28,WH-North,False,False
2011-01-08,22178,74.0,WH-London,2011-01-01,WH-London,False,False
2011-01-08,23535,-67.0,Main,2011-01-03,WH-London,True,False
2011-01-08,90025E,70.0,Warehouse North,2011-01-08,WH-North,False,False
2011-01-08,90185B,81.0,Warehouse North,2010-12-26,WH-North,False,False
2011-01-08,37471,59.0,WH-North,2010-12-26,WH-North,False,False
2011-01-08,23010,48.0,WH-North,2011-01-01,WH-North,False,False
2011-01-08,23189,8.0,,2011-01-02,UNKNOWN,False,False
2011-01-08,90071,,Main,2010-12-25,WH-London,False,True
2011-01-10,23440,80.0,WH-London,2011-01-06,WH-London,False,False
2011-01-10,23093,16.0,WH-London,2010-12-29,WH-London,False,False
2011-01-10,22928,43.0,WH-London ,2011-01-10,WH-London,False,False
2011-01-10,22230,62.0,WH_London,2010-12-31,WH-London,False,False
2011-01-10,85231G,95.0,WH-London,2010-12-28,WH-London,False,False
2011-01-10,16048,15.0,WH-London,2011-01-09,WH-London,False,False
2011-01-10,23135,73.0,,2011-01-07,UNKNOWN,False,False
2011-01-10,22779,39.0,Warehouse North,2011-01-07,WH-North,False,False
2011-01-10,47590B,29.0,WH-London,2011-01-05,WH-London,False,False
2011-01-10,84872A,-22.0,WH-London ,,WH-London,True,False
2011-01-10,84746,30.0,WH_London,,WH-London,False,False
2011-01-10,21504,64.0,Main,2011-01-09,WH-London,False,False
2011-01-10,21630,43.0,Main,2011-01-06,WH-London,False,False
2011-01-10,23619,71.0,,2010-12-31,UNKNOWN,False,False
2011-01-10,21080,16.0,WH-London ,2010-12-31,WH-London,False,False
2011-01-10,20771,70.0,Main,2011-01-09,WH-London,False,False
2011-01-10,22415,63.0,WH-North,2011-01-02,WH-North,False,False
2011-01-10,23189,4.0,WH-North,2011-01-10,WH-North,False,False
2011-01-10,22908,95.0,WH-London,2010-12-30,WH-London,False,False
2011-01-10,21683,60.0,WH-London,,WH-London,False,False
2011-01-10,23089,72.0,WH-London ,2010-12-31,WH-London,False,False
2011-01-10,21735,-84.0,WH-North,2011-01-03,WH-North,True,False
2011-01-10,21336,79.0,WH_London,2010-12-29,WH-London,False,False
2011-01-10,90025E,46.0,Warehouse North,2011-01-06,WH-North,False,False
2011-01-10,22965,71.0,,2011-01-07,UNKNOWN,False,False
2011-01-10,21356,-4.0,,2010-12-29,UNKNOWN,True,False
2011-01-10,20966,61.0,WH-North,2011-01-02,WH-North,False,False
2011-01-10,84638,101.0,WH-London,,WH-London,False,False
2011-01-10,84715,29.0,WH-London,2011-01-08,WH-London,False,False
2011-01-10,84732B,77.0,WH-London ,2010-12-28,WH-London,False,False
2011-01-10,46000P,103.0,WH-North,,WH-North,False,False
2011-01-10,90197B,70.0,,2011-01-04,UNKNOWN,False,False
2011-01-10,22882,80.0,WH_London,2010-12-31,WH-London,False,False
2011-01-10,21802,2.0,Warehouse North,,WH-North,False,False
2011-01-10,90065B,21.0,WH-London ,2011-01-04,WH-London,False,False
2011-01-10,90052,92.0,Main,2010-12-29,WH-London,False,False
2011-01-10,22560,78.0,Warehouse North,2010-12-29,WH-North,False,False
2011-01-10,21220,64.0,WH-North,2010-12-30,WH-North,False,False
2011-01-10,16011,42.0,WH_London,2011-01-04,WH-London,False,False
2011-01-10,17028J,58.0,WH_London,2011-01-03,WH-London,False,False
2011-01-10,23692,102.0,WH-London,,WH-London,False,False
2011-01-10,78124,46.0,Warehouse North,2011-01-04,WH-North,False,False
2011-01-10,21135,70.0,WH_London,2011-01-06,WH-London,False,False
2011-01-10,21009,70.0,Warehouse North,2010-12-27,WH-North,False,False
2011-01-10,79190B,30.0,WH-London ,2011-01-04,WH-London,False,False
2011-01-10,20702,32.0,Main,2011-01-02,WH-London,False,False
2011-01-10,84856S,95.0,WH_London,2010-12-31,WH-London,False,False
2011-01-10,22248,67.0,WH-London ,2011-01-10,WH-London,False,False
2011-01-10,21830,29.0,,2010-12-30,UNKNOWN,False,False
2011-01-10,47593B,40.0,WH-North,2010-12-31,WH-North,False,False
2011-01-10,90071,20.0,WH-North,2010-12-28,WH-North,False,False
2011-01-10,17109D,81.0,WH-London,2010-12-27,WH-London,False,False
2011-01-10,85136C,42.0,WH-London,2011-01-07,WH-London,False,False
2011-01-10,23010,42.0,Warehouse North,2011-01-06,WH-North,False,False
2011-01-10,21147,75.0,Warehouse North,2010-12-30,WH-North,False,False
2011-01-10,90195B,0.0,,2011-01-09,UNKNOWN,False,False
2011-01-10,23471,48.0,WH_London,2011-01-06,WH-London,False,False
2011-01-10,35965,49.0,Warehouse North,2011-01-10,WH-North,False,False
2011-01-10,23234,41.0,WH-London,,WH-London,False,False
2011-01-10,23159,33.0,Warehouse North,2010-12-30,WH-North,False,False
2011-01-10,21791,28.0,WH-London ,2011-01-07,WH-London,False,False
2011-01-10,22962,58.0,WH-London,2010-12-28,WH-London,False,False
2011-01-10,22099,19.0,,2010-12-29,UNKNOWN,False,False
2011-01-10,21216,54.0,Main,2010-12-31,WH-London,False,False
2011-01-10,84674,33.0,,2011-01-06,UNKNOWN,False,False
2011-01-10,20996,35.0,WH-London,2011-01-01,WH-London,False,False
2011-01-10,22087,55.0,Main,2011-01-10,WH-London,False,False
2011-01-10,21745,35.0,,2011-01-10,UNKNOWN,False,False
2011-01-10,22156,88.0,WH-London,2011-01-02,WH-London,False,False
2011-01-10,21377,45.0,Warehouse North,2011-01-05,WH-North,False,False
2011-01-10,23075,81.0,,2011-01-05,UNKNOWN,False,False
2011-01-10,82616C,27.0,,2011-01-01,UNKNOWN,False,False
2011-01-10,84675,-26.0,WH_London,2011-01-10,WH-London,True,False
2011-01-10,21989,0.0,,2010-12-27,UNKNOWN,False,False
2011-01-10,23483,35.0,Main,2010-12-30,WH-London,False,False
2011-01-10,90026D,43.0,Warehouse North,2010-12-31,WH-North,False,False
2011-01-10,21159,52.0,,2010-12-31,UNKNOWN,False,False
2011-01-10,15036,70.0,WH-London,2010-12-28,WH-London,False,False
2011-01-10,22289,-68.0,WH_London,2011-01-07,WH-London,True,False
2011-01-10,37467,84.0,WH-North,2011-01-05,WH-North,False,False
2011-01-12,22178,23.0,Warehouse North,2011-01-07,WH-North,False,False
2011-01-12,82613C,50.0,WH-London ,2011-01-03,WH-London,False,False
2011-01-12,84805B,19.0,WH-London,2011-01-05,WH-London,False,False
2011-01-12,90011C,62.0,WH_London,2011-01-05,WH-London,False,False
2011-01-12,90195B,104.0,WH_London,2011-01-02,WH-London,False,False
2011-01-12,23234,14.0,WH-London,2011-01-08,WH-London,False,False
2011-01-12,22030,70.0,WH_London,2011-01-01,WH-London,False,False
2011-01-12,35965,81.0,WH-London ,2011-01-01,WH-London,False,False
2011-01-12,90152A,23.0,Main,2010-12-30,WH-London,False,False
2011-01-12,21802,63.0,Main,2011-01-01,WH-London,False,False
2011-01-12,23692,-39.0,WH-London ,2011-01-01,WH-London,True,False
2011-01-12,23060,46.0,,2011-01-10,UNKNOWN,False,False
2011-01-12,90001C,38.0,WH_London,2011-01-05,WH-London,False,False
2011-01-12,22962,43.0,Warehouse North,,WH-North,False,False
2011-01-12,90025E,84.0,WH-London ,2011-01-04,WH-London,False,False
2011-01-12,22415,47.0,Main,2010-12-30,WH-London,False,False
2011-01-12,23075,31.0,,2011-01-02,UNKNOWN,False,False
2011-01-12,22185,52.0,,2010-12-29,UNKNOWN,False,False
2011-01-12,85040A,-13.0,,2011-01-02,UNKNOWN,True,False
2011-01-12,90214N,-25.0,WH-North,2010-12-31,WH-North,True,False
2011-01-12,23090,87.0,Warehouse North,2011-01-10,WH-North,False,False
2011-01-12,90143,45.0,Warehouse North,2011-01-12,WH-North,False,False
2011-01-12,84856S,35.0,WH_London,2011-01-10,WH-London,False,False
2011-01-12,72800F,55.0,WH-London,2011-01-06,WH-London,False,False
2011-01-12,23010,72.0,WH-London ,2011-01-06,WH-London,False,False
2011-01-12,90082D,89.0,,2010-12-31,UNKNOWN,False,False
2011-01-12,16011,36.0,Warehouse North,2011-01-02,WH-North,False,False
2011-01-12,84596J,,WH-London,,WH-London,False,True
2011-01-12,84631,43.0,WH-North,2011-01-03,WH-North,False,False
2011-01-12,22084,80.0,WH_London,2011-01-11,WH-London,False,False
2011-01-12,22095,51.0,Warehouse North,2011-01-01,WH-North,False,False
2011-01-12,22248,114.0,WH-London,2011-01-01,WH-London,False,False
2011-01-12,22483,45.0,WH-London ,2011-01-01,WH-London,False,False
2011-01-12,90152C,-102.0,WH-North,2011-01-04,WH-North,True,False
2011-01-12,22904,23.0,WH-North,2010-12-30,WH-North,False,False
2011-01-12,47591D,8.0,Main,2011-01-02,WH-London,False,False
2011-01-12,21628,46.0,WH-North,2011-01-12,WH-North,False,False
2011-01-12,81950B,84.0,WH-London,,WH-London,False,False
2011-01-12,85136C,35.0,WH-London,2010-12-30,WH-London,False,False
2011-01-12,23189,31.0,WH-London,2011-01-07,WH-London,False,False
2011-01-12,22099,80.0,,,UNKNOWN,False,False
2011-01-12,17109D,71.0,WH-North,2011-01-08,WH-North,False,False
2011-01-12,22098,26.0,WH-North,2011-01-07,WH-North,False,False
2011-01-12,22332,24.0,WH_London,2011-01-04,WH-London,False,False
2011-01-12,85163B,74.0,Main,,WH-London,False,False
2011-01-12,21630,-1.0,Main,2011-01-10,WH-London,True,False
2011-01-12,17028J,82.0,WH_London,2011-01-01,WH-London,False,False
2011-01-12,23159,70.0,WH_London,2011-01-02,WH-London,False,False
2011-01-12,90185B,-18.0,WH-London,2011-01-02,WH-London,True,False
2011-01-12,22960,50.0,WH-North,2011-01-02,WH-North,False,False
2011-01-12,21348,-9.0,,2011-01-01,UNKNOWN,True,False
2011-01-12,79163,13.0,Main,2011-01-10,WH-London,False,False
2011-01-12,23204,34.0,Main,2011-01-12,WH-London,False,False
2011-01-12,72232,11.0,WH_London,2011-01-11,WH-London,False,False
2011-01-12,90197B,116.0,WH_London,2011-01-07,WH-London,False,False
2011-01-12,16218,75.0,WH-London ,2011-01-09,WH-London,False,False
2011-01-12,46000P,91.0,WH-London ,2011-01-11,WH-London,False,False
2011-01-12,84715,45.0,WH-North,2011-01-08,WH-North,False,False
2011-01-12,22210,50.0,WH-London,2011-01-01,WH-London,False,False
2011-01-12,90214C,97.0,WH_London,2010-12-29,WH-London,False,False
2011-01-12,22289,-63.0,Main,2011-01-07,WH-London,True,False
2011-01-12,23483,68.0,Main,2011-01-03,WH-London,False,False
2011-01-12,22928,22.0,WH-North,2011-01-12,WH-North,False,False
2011-01-12,85184C,22.0,,2011-01-06,UNKNOWN,False,False
2011-01-12,21484,57.0,,2011-01-07,UNKNOWN,False,False
2011-01-12,23068,61.0,WH-North,2011-01-05,WH-North,False,False
2011-01-12,DCGSSBOY,20.0,Main,2011-01-08,WH-London,False,False
2011-01-12,84559B,60.0,,2010-12-30,UNKNOWN,False,False
2011-01-12,22230,13.0,WH-London,2011-01-06,WH-London,False,False
2011-01-12,23619,50.0,,,UNKNOWN,False,False
2011-01-12,37444C,6.0,WH-London ,2011-01-11,WH-London,False,False
2011-01-12,22066,89.0,Warehouse North,2011-01-12,WH-North,False,False
2011-01-12,22156,40.0,WH-North,2011-01-10,WH-North,False,False
2011-01-12,23140,29.0,,2011-01-01,UNKNOWN,False,False
2011-01-12,82616C,,WH-London ,2011-01-01,WH-London,False,True
2011-01-12,21428,-12.0,WH-North,2011-01-09,WH-North,True,False
2011-01-12,20996,63.0,Main,2011-01-04,WH-London,False,False
2011-01-12,84686,,Warehouse North,2011-01-02,WH-North,False,True
2011-01-12,22216,77.0,WH-London ,2011-01-07,WH-London,False,False
2011-01-12,21865,91.0,WH-London,2011-01-06,WH-London,False,False
2011-01-14,23010,-102.0,,2011-01-14,UNKNOWN,True,False
2011-01-14,84989A,78.0,Warehouse North,2011-01-10,WH-North,False,False
2011-01-14,21484,34.0,Warehouse North,2011-01-03,WH-North,False,False
2011-01-14,90177A,55.0,Main,2011-01-06,WH-London,False,False
2011-01-14,23483,-17.0,Main,2011-01-13,WH-London,True,False
2011-01-14,20803,69.0,WH-London ,2011-01-06,WH-London,False,False
2011-01-14,22084,-54.0,WH-London,2011-01-09,WH-London,True,False
2011-01-14,21188,97.0,WH-London,2011-01-10,WH-London,False,False
2011-01-14,22928,27.0,Warehouse North,2011-01-12,WH-North,False,False
2011-01-14,81952B,65.0,WH_London,2011-01-01,WH-London,False,False
2011-01-14,84596J,19.0,,2011-01-11,UNKNOWN,False,False
2011-01-14,35965,46.0,WH-London,2011-01-06,WH-London,False,False
2011-01-14,84804A,0.0,Main,2011-01-04,WH-London,False,False
2011-01-14,22483,90.0,Warehouse North,,WH-North,False,False
2011-01-14,21428,81.0,Warehouse North,,WH-North,False,False
2011-01-14,22905,35.0,Warehouse North,2011-01-10,WH-North,False,False
2011-01-14,DCGSSBOY,57.0,WH-London ,2011-01-07,WH-London,False,False
2011-01-14,21791,-51.0,WH-London,2011-01-10,WH-London,True,False
2011-01-14,47590B,31.0,,2011-01-09,UNKNOWN,False,False
2011-01-14,47593A,53.0,WH-London,,WH-London,False,False
2011-01-14,23334,36.0,Warehouse North,2011-01-05,WH-North,False,False
2011-01-14,23547,79.0,Warehouse North,2011-01-10,WH-North,False,False
2011-01-14,90052,43.0,,2011-01-01,UNKNOWN,False,False
2011-01-14,21356,121.0,Main,2011-01-02,WH-London,False,False
2011-01-14,21009,47.0,WH-London ,2011-01-11,WH-London,False,False
2011-01-14,21135,53.0,WH-London,2011-01-03,WH-London,False,False
2011-01-14,23085,,,2011-01-11,UNKNOWN,False,True
2011-01-14,21745,75.0,WH-London,2011-01-05,WH-London,False,False
2011-01-14,85186C,52.0,Main,2011-01-03,WH-London,False,False
2011-01-14,85026B,65.0,Warehouse North,2011-01-10,WH-North,False,False
2011-01-14,85230F,55.0,Main,2011-01-09,WH-London,False,False
2011-01-14,23341,26.0,,2011-01-08,UNKNOWN,False,False
2011-01-14,23272,-18.0,WH-North,2011-01-12,WH-North,True,False
2011-01-14,22272,70.0,WH-London ,2011-01-05,WH-London,False,False
2011-01-14,47591D,-95.0,WH-London ,2011-01-08,WH-London,True,False
2011-01-14,21216,1.0,WH-North,2011-01-12,WH-North,False,False
2011-01-14,21989,6.0,WH-North,2011-01-08,WH-North,False,False
2011-01-14,20756,6.0,WH-London,2011-01-11,WH-London,False,False
2011-01-14,22882,,Main,2011-01-06,WH-London,False,True
2011-01-14,79160,75.0,WH_London,2011-01-10,WH-London,False,False
2011-01-14,22560,20.0,WH-London ,2011-01-06,WH-London,False,False
2011-01-14,90195B,,WH-London ,2011-01-10,WH-London,False,True
2011-01-14,10133,38.0,Main,,WH-London,False,False
2011-01-14,90185B,93.0,WH-London ,2011-01-14,WH-London,False,False
2011-01-14,85107,74.0,WH_London,2011-01-03,WH-London,False,False
2011-01-14,20702,21.0,WH-London ,2011-01-05,WH-London,False,False
2011-01-14,22323,37.0,,2011-01-01,UNKNOWN,False,False
2011-01-14,16048,23.0,WH_London,2011-01-14,WH-London,False,False
2011-01-14,20996,9.0,Main,2011-01-05,WH-London,False,False
2011-01-14,84746,42.0,Warehouse North,2011-01-10,WH-North,False,False
2011-01-14,21630,14.0,WH-North,2011-01-07,WH-North,False,False
2011-01-14,84732B,44.0,WH-North,2011-01-01,WH-North,False,False
2011-01-14,90011C,107.0,WH-London ,2011-01-08,WH-London,False,False
2011-01-14,22087,70.0,WH-London,2011-01-07,WH-London,False,False
2011-01-14,21735,33.0,WH-London ,2011-01-03,WH-London,False,False
2011-01-14,79163,30.0,WH_London,2011-01-12,WH-London,False,False
2011-01-14,90071,37.0,WH-London ,,WH-London,False,False
2011-01-14,90065B,-112.0,,2011-01-13,UNKNOWN,True,False
2011-01-14,85163B,17.0,Main,2011-01-05,WH-London,False,False
2011-01-14,21281,49.0,WH-London,2011-01-02,WH-London,False,False
2011-01-14,22114,63.0,WH-London ,2011-01-13,WH-London,False,False
2011-01-14,22178,86.0,WH-North,,WH-North,False,False
2011-01-14,22470,40.0,WH-London,2011-01-01,WH-London,False,False
2011-01-14,21865,21.0,WH-London ,2011-01-02,WH-London,False,False
2011-01-14,85184C,58.0,WH-London ,2011-01-07,WH-London,False,False
2011-01-14,21830,89.0,,2011-01-06,UNKNOWN,False,False
2011-01-14,21265,41.0,WH-London,2011-01-13,WH-London,False,False
2011-01-14,85136C,24.0,WH-London ,,WH-London,False,False
2011-01-14,47593B,53.0,Warehouse North,2011-01-04,WH-North,False,False
2011-01-14,23440,1.0,,2010-12-31,UNKNOWN,False,False
2011-01-14,21628,43.0,Warehouse North,2011-01-13,WH-North,False,False
2011-01-14,23204,85.0,WH_London,2011-01-05,WH-London,False,False
2011-01-14,90143,76.0,WH-London,2011-01-05,WH-London,False,False
2011-01-14,84675,45.0,WH_London,2011-01-04,WH-London,False,False
2011-01-14,22415,99.0,,2011-01-01,UNKNOWN,False,False
2011-01-14,82616C,107.0,WH_London,2011-01-04,WH-London,False,False
2011-01-14,90152C,69.0,,2011-01-02,UNKNOWN,False,False
2011-01-14,79190B,-5.0,WH-London ,2011-01-12,WH-London,True,False
2011-01-14,22715,-6.0,,2011-01-07,UNKNOWN,True,False
2011-01-14,23060,91.0,Warehouse North,2011-01-10,WH-North,False,False
2011-01-16,84660C,57.0,WH-London ,2011-01-09,WH-London,False,False
2011-01-16,22960,99.0,,2011-01-09,UNKNOWN,False,False
2011-01-16,37467,9.0,Main,2011-01-16,WH-London,False,False
2011-01-16,22185,45.0,,,UNKNOWN,False,False
2011-01-16,22470,80.0,WH-London,2011-01-10,WH-London,False,False
2011-01-16,22030,28.0,WH-North,2011-01-12,WH-North,False,False
2011-01-16,22272,80.0,,2011-01-02,UNKNOWN,False,False
2011-01-16,21159,46.0,WH-North,2011-01-14,WH-North,False,False
2011-01-16,84872A,50.0,WH-London,2011-01-14,WH-London,False,False
2011-01-16,22575,14.0,WH-North,2011-01-03,WH-North,False,False
2011-01-16,84596J,57.0,,2011-01-03,UNKNOWN,False,False
2011-01-16,72807B,115.0,WH_London,2011-01-13,WH-London,False,False
2011-01-16,84746,61.0,WH_London,2011-01-03,WH-London,False,False
2011-01-16,84849B,26.0,WH-London ,2011-01-15,WH-London,False,False
2011-01-16,84686,,WH_London,2011-01-13,WH-London,False,True
2011-01-16,21348,,WH_London,,WH-London,False,True
2011-01-16,47593B,,Main,2011-01-16,WH-London,False,True
2011-01-16,21281,11.0,WH-London,2011-01-04,WH-London,False,False
2011-01-16,22248,58.0,WH-London ,2011-01-10,WH-London,False,False
2011-01-16,21220,95.0,,2011-01-11,UNKNOWN,False,False
2011-01-16,90026D,23.0,WH-London,2011-01-04,WH-London,False,False
2011-01-16,84856S,52.0,Warehouse North,2011-01-03,WH-North,False,False
2011-01-16,85040A,84.0,WH-London ,2011-01-15,WH-London,False,False
2011-01-16,23093,-17.0,,2011-01-13,UNKNOWN,True,False
2011-01-16,23159,77.0,Main,2011-01-08,WH-London,False,False
2011-01-16,21377,47.0,,2011-01-04,UNKNOWN,False,False
2011-01-16,90152C,93.0,WH_London,2011-01-07,WH-London,False,False
2011-01-16,20724,25.0,,2011-01-10,UNKNOWN,False,False
2011-01-16,22671,8.0,WH-North,,WH-North,False,False
2011-01-16,22904,33.0,Warehouse North,,WH-North,False,False
2011-01-16,20702,-33.0,WH_London,2011-01-04,WH-London,True,False
2011-01-16,90214C,43.0,WH-London,2011-01-14,WH-London,False,False
2011-01-16,90011C,35.0,WH_London,2011-01-11,WH-London,False,False
2011-01-16,21265,-10.0,Main,2011-01-09,WH-London,True,False
2011-01-16,23204,47.0,Warehouse North,2011-01-14,WH-North,False,False
2011-01-16,22098,56.0,Warehouse North,,WH-North,False,False
2011-01-16,90214N,44.0,Main,2011-01-06,WH-London,False,False
2011-01-16,90067B,58.0,Main,2011-01-11,WH-London,False,False
2011-01-16,90201C,52.0,WH-North,2011-01-02,WH-North,False,False
2011-01-16,21428,8.0,WH-North,2011-01-16,WH-North,False,False
2011-01-16,44092C,40.0,Main,2011-01-14,WH-London,False,False
2011-01-16,21147,53.0,WH-London ,2011-01-03,WH-London,False,False
2011-01-16,22905,-42.0,Warehouse North,2011-01-11,WH-North,True,False
2011-01-16,16010,5.0,Main,2011-01-15,WH-London,False,False
2011-01-16,82613C,86.0,Warehouse North,2011-01-13,WH-North,False,False
2011-01-16,17028J,20.0,WH_London,2011-01-09,WH-London,False,False
2011-01-16,21484,12.0,WH-London,2011-01-16,WH-London,False,False
2011-01-16,22637,51.0,WH-London ,2011-01-11,WH-London,False,False
2011-01-16,21989,40.0,Main,2011-01-02,WH-London,False,False
2011-01-16,85026B,68.0,Warehouse North,2011-01-13,WH-North,False,False
2011-01-16,90025E,76.0,,2011-01-12,UNKNOWN,False,False
2011-01-16,35965,71.0,WH-London,2011-01-15,WH-London,False,False
2011-01-16,85230F,49.0,Main,2011-01-13,WH-London,False,False
2011-01-16,23060,66.0,Main,,WH-London,False,False
2011-01-16,21504,3.0,Main,2011-01-13,WH-London,False,False
2011-01-16,23692,82.0,Warehouse North,2011-01-04,WH-North,False,False
2011-01-16,85135A,37.0,WH_London,2011-01-07,WH-London,False,False
2011-01-16,21336,,Main,2011-01-13,WH-London,False,True
2011-01-16,79163,-83.0,WH-North,2011-01-06,WH-North,True,False
2011-01-16,23085,44.0,,2011-01-05,UNKNOWN,False,False
2011-01-16,23342,50.0,Warehouse North,2011-01-09,WH-North,False,False
2011-01-16,21188,85.0,,2011-01-08,UNKNOWN,False,False
2011-01-16,22962,-17.0,Main,2011-01-06,WH-London,True,False
2011-01-16,16218,45.0,WH-London,,WH-London,False,False
2011-01-16,20966,101.0,,2011-01-14,UNKNOWN,False,False
2011-01-16,23272,75.0,WH-London ,2011-01-06,WH-London,False,False
2011-01-16,84989A,,Main,2011-01-12,WH-London,False,True
2011-01-16,90161B,59.0,Main,2011-01-09,WH-London,False,False
2011-01-16,47591D,20.0,Warehouse North,2011-01-03,WH-North,False,False
2011-01-16,84638,39.0,Main,2011-01-02,WH-London,False,False
2011-01-16,23057,60.0,WH-London ,2011-01-14,WH-London,False,False
2011-01-16,72802C,65.0,Main,2011-01-06,WH-London,False,False
2011-01-16,81950B,71.0,WH-North,2011-01-02,WH-North,False,False
2011-01-16,82616C,87.0,Main,2011-01-15,WH-London,False,False
2011-01-16,79190B,14.0,Warehouse North,2011-01-05,WH-North,False,False
2011-01-16,84732B,50.0,WH-London,2011-01-08,WH-London,False,False
2011-01-16,23458,,WH_London,2011-01-13,WH-London,False,True
2011-01-16,21630,38.0,Warehouse North,2011-01-03,WH-North,False,False
2011-01-16,90052,27.0,Main,2011-01-10,WH-London,False,False
2011-01-16,85186C,64.0,Main,2011-01-16,WH-London,False,False
2011-01-18,84989A,81.0,,,UNKNOWN,False,False
2011-01-18,79163,83.0,WH-London,2011-01-09,WH-London,False,False
2011-01-18,22415,16.0,WH-North,2011-01-16,WH-North,False,False
2011-01-18,23518,46.0,WH-London,,WH-London,False,False
2011-01-18,21865,16.0,WH-London ,2011-01-11,WH-London,False,False
2011-01-18,84805B,15.0,Warehouse North,2011-01-17,WH-North,False,False
2011-01-18,84804A,30.0,WH_London,2011-01-11,WH-London,False,False
2011-01-18,47593A,60.0,WH-London,2011-01-08,WH-London,False,False
2011-01-18,82616B,65.0,WH-London,2011-01-13,WH-London,False,False
2011-01-18,90143,69.0,WH-North,2011-01-18,WH-North,False,False
2011-01-18,22095,67.0,WH-London,2011-01-18,WH-London,False,False
2011-01-18,85186C,24.0,Main,2011-01-05,WH-London,False,False
2011-01-18,21377,85.0,WH-London,2011-01-15,WH-London,False,False
2011-01-18,23075,74.0,WH-London ,2011-01-11,WH-London,False,False
2011-01-18,35819P,37.0,,2011-01-14,UNKNOWN,False,False
2011-01-18,20966,38.0,Warehouse North,2011-01-12,WH-North,False,False
2011-01-18,20996,30.0,WH-London ,2011-01-04,WH-London,False,False
2011-01-18,23611,11.0,WH-London,2011-01-06,WH-London,False,False
2011-01-18,22923,69.0,WH-London ,2011-01-11,WH-London,False,False
2011-01-18,22070,74.0,WH-North,2011-01-05,WH-North,False,False
2011-01-18,21159,22.0,Warehouse North,2011-01-09,WH-North,False,False
2011-01-18,21348,13.0,Main,,WH-London,False,False
2011-01-18,23010,,WH-North,2011-01-12,WH-North,False,True
2011-01-18,22962,53.0,,2011-01-10,UNKNOWN,False,False
2011-01-18,10133,,WH-London ,2011-01-12,WH-London,False,True
2011-01-18,37444C,83.0,WH-London,2011-01-13,WH-London,False,False
2011-01-18,16010,82.0,WH-London,,WH-London,False,False
2011-01-18,21791,62.0,WH-London ,2011-01-06,WH-London,False,False
2011-01-18,21802,74.0,WH-London,2011-01-09,WH-London,False,False
2011-01-18,85026B,51.0,WH-North,2011-01-09,WH-North,False,False
2011-01-18,23334,63.0,,,UNKNOWN,False,False
2011-01-18,23272,10.0,Main,2011-01-05,WH-London,False,False
2011-01-18,90161B,91.0,Main,2011-01-18,WH-London,False,False
2011-01-18,23204,35.0,WH-London,2011-01-09,WH-London,False,False
2011-01-18,22178,46.0,WH-North,,WH-North,False,False
2011-01-18,22185,-124.0,WH-North,2011-01-04,WH-North,True,False
2011-01-18,84686,43.0,Warehouse North,,WH-North,False,False
2011-01-18,20974,72.0,WH_London,2011-01-17,WH-London,False,False
2011-01-18,79071B,65.0,Warehouse North,2011-01-14,WH-North,False,False
2011-01-18,15036,10.0,WH-London,2011-01-13,WH-London,False,False
2011-01-18,90011C,,WH_London,2011-01-11,WH-London,False,True
2011-01-18,85135A,111.0,WH-London,2011-01-09,WH-London,False,False
2011-01-18,72802C,67.0,Main,,WH-London,False,False
2011-01-18,21628,49.0,,2011-01-15,UNKNOWN,False,False
2011-01-18,22210,33.0,Main,2011-01-04,WH-London,False,False
2011-01-18,90195B,,,2011-01-14,UNKNOWN,False,True
2011-01-18,84631,,WH-London,2011-01-17,WH-London,False,True
2011-01-18,15044B,56.0,Main,2011-01-14,WH-London,False,False
2011-01-18,21188,82.0,WH-North,2011-01-16,WH-North,False,False
2011-01-18,79160,23.0,WH-North,2011-01-04,WH-North,False,False
2011-01-18,21220,19.0,WH-London,2011-01-15,WH-London,False,False
2011-01-18,22289,81.0,WH_London,2011-01-07,WH-London,False,False
2011-01-18,21504,113.0,Main,2011-01-17,WH-London,False,False
2011-01-18,22230,75.0,WH-London ,2011-01-07,WH-London,False,False
2011-01-18,37467,88.0,WH-London,2011-01-18,WH-London,False,False
2011-01-18,44092C,47.0,Warehouse North,2011-01-15,WH-North,False,False
2011-01-18,22960,57.0,Main,2011-01-10,WH-London,False,False
2011-01-18,22156,57.0,WH_London,2011-01-08,WH-London,False,False
2011-01-18,22779,48.0,WH-London ,2011-01-13,WH-London,False,False
2011-01-18,72225C,92.0,WH-North,2011-01-06,WH-North,False,False
2011-01-18,22560,83.0,Warehouse North,2011-01-14,WH-North,False,False
2011-01-18,90025E,38.0,WH-London,2011-01-04,WH-London,False,False
2011-01-18,81950B,0.0,WH-London,2011-01-16,WH-London,False,False
2011-01-18,37424,48.0,WH-North,2011-01-14,WH-North,False,False
2011-01-18,46000P,15.0,WH_London,2011-01-16,WH-London,False,False
2011-01-18,21195,50.0,WH_London,,WH-London,False,False
2011-01-18,47469,17.0,,2011-01-04,UNKNOWN,False,False
2011-01-18,21662,87.0,Warehouse North,2011-01-14,WH-North,False,False
2011-01-18,21745,70.0,Warehouse North,2011-01-18,WH-North,False,False
2011-01-18,20756,69.0,WH-London ,2011-01-04,WH-London,False,False
2011-01-18,84732B,-82.0,WH-London,2011-01-14,WH-London,True,False
2011-01-18,22098,61.0,,2011-01-12,UNKNOWN,False,False
2011-01-18,81952B,66.0,,2011-01-15,UNKNOWN,False,False
2011-01-18,22715,93.0,,2011-01-09,UNKNOWN,False,False
2011-01-18,79190B,,WH-London ,2011-01-07,WH-London,False,True
2011-01-18,90026D,68.0,Main,2011-01-15,WH-London,False,False
2011-01-18,21630,18.0,WH-London ,2011-01-04,WH-London,False,False
2011-01-18,90201C,52.0,,2011-01-13,UNKNOWN,False,False
2011-01-18,84715,-117.0,WH-London,2011-01-06,WH-London,True,False
2011-01-18,23440,74.0,Warehouse North,2011-01-11,WH-North,False,False
2011-01-20,20803,47.0,WH-North,2011-01-11,WH-North,False,False
2011-01-20,90071,57.0,Warehouse North,2011-01-08,WH-North,False,False
2011-01-20,21484,49.0,WH-London ,2011-01-11,WH-London,False,False
2011-01-20,22965,56.0,WH-London,2011-01-10,WH-London,False,False
2011-01-20,21147,,WH-London ,2011-01-16,WH-London,False,True
2011-01-20,DCGSSBOY,64.0,Main,2011-01-19,WH-London,False,False
2011-01-20,84732B,65.0,,2011-01-11,UNKNOWN,False,False
2011-01-20,22928,50.0,WH-London,2011-01-15,WH-London,False,False
2011-01-20,22671,54.0,Warehouse North,2011-01-06,WH-North,False,False
2011-01-20,21265,60.0,WH_London,2011-01-18,WH-London,False,False
2011-01-20,20963,34.0,WH_London,2011-01-18,WH-London,False,False
2011-01-20,23089,64.0,WH-London ,2011-01-17,WH-London,False,False
2011-01-20,84660C,73.0,WH-North,2011-01-13,WH-North,False,False
2011-01-20,22715,93.0,Main,2011-01-18,WH-London,False,False
2011-01-20,90195B,59.0,WH-North,2011-01-09,WH-North,False,False
2011-01-20,23090,33.0,Warehouse North,2011-01-14,WH-North,False,False
2011-01-20,21348,46.0,WH-London,2011-01-14,WH-London,False,False
2011-01-20,21683,15.0,WH_London,2011-01-11,WH-London,False,False
2011-01-20,90185B,71.0,WH-North,2011-01-06,WH-North,False,False
2011-01-20,21989,-11.0,Warehouse North,2011-01-10,WH-North,True,False
2011-01-20,20731,-80.0,Main,2011-01-07,WH-London,True,False
2011-01-20,22332,-84.0,Main,2011-01-19,WH-London,True,False
2011-01-20,84631,-37.0,WH_London,2011-01-09,WH-London,True,False
2011-01-20,21135,88.0,,2011-01-12,UNKNOWN,False,False
2011-01-20,21735,80.0,WH-London ,2011-01-12,WH-London,False,False
2011-01-20,22114,41.0,WH-London ,2011-01-10,WH-London,False,False
2011-01-20,85230F,14.0,WH_London,2011-01-06,WH-London,False,False
2011-01-20,35819P,-24.0,,2011-01-19,UNKNOWN,True,False
2011-01-20,22272,-27.0,WH-London,2011-01-17,WH-London,True,False
2011-01-20,22779,89.0,Main,2011-01-14,WH-London,False,False
2011-01-20,90025E,-36.0,Warehouse North,2011-01-18,WH-North,True,False
2011-01-20,22923,77.0,WH-North,2011-01-11,WH-North,False,False
2011-01-20,23068,46.0,WH-North,2011-01-18,WH-North,False,False
2011-01-20,84596J,51.0,Main,2011-01-17,WH-London,False,False
2011-01-20,15044B,2.0,WH-North,2011-01-13,WH-North,False,False
2011-01-20,84674,15.0,WH-North,2011-01-10,WH-North,False,False
2011-01-20,84805B,88.0,Main,2011-01-14,WH-London,False,False
2011-01-20,21670,45.0,WH_London,2011-01-11,WH-London,False,False
2011-01-20,23234,59.0,WH-London,2011-01-06,WH-London,False,False
2011-01-20,84746,104.0,WH_London,2011-01-13,WH-London,False,False
2011-01-20,22098,46.0,WH-London,2011-01-15,WH-London,False,False
2011-01-20,23060,44.0,WH-London ,2011-01-09,WH-London,False,False
2011-01-20,21745,86.0,WH-London ,2011-01-15,WH-London,False,False
2011-01-20,85040A,50.0,Warehouse North,2011-01-08,WH-North,False,False
2011-01-20,81950B,59.0,,2011-01-14,UNKNOWN,False,False
2011-01-20,22248,-79.0,Warehouse North,2011-01-13,WH-North,True,False
2011-01-20,23204,50.0,,2011-01-08,UNKNOWN,False,False
2011-01-20,10133,73.0,,2011-01-11,UNKNOWN,False,False
2011-01-20,90201C,46.0,Warehouse North,,WH-North,False,False
2011-01-20,44092C,-79.0,WH-London ,,WH-London,True,False
2011-01-20,90214N,62.0,Warehouse North,2011-01-17,WH-North,False,False
2011-01-20,21802,43.0,,2011-01-19,UNKNOWN,False,False
2011-01-20,16218,52.0,Warehouse North,2011-01-14,WH-North,False,False
2011-01-20,47591D,-23.0,WH_London,2011-01-07,WH-London,True,False
2011-01-20,84789,85.0,WH_London,2011-01-07,WH-London,False,False
2011-01-20,90011C,-12.0,WH-London,2011-01-14,WH-London,True,False
2011-01-20,23692,17.0,WH-North,2011-01-16,WH-North,False,False
2011-01-20,23272,36.0,WH-London ,2011-01-18,WH-London,False,False
2011-01-20,79071B,-3.0,Main,2011-01-11,WH-London,True,False
2011-01-20,84804A,-64.0,WH-London,2011-01-08,WH-London,True,False
2011-01-20,22904,,Main,2011-01-12,WH-London,False,True
2011-01-20,23341,35.0,,2011-01-06,UNKNOWN,False,False
2011-01-20,21791,29.0,WH-London ,2011-01-11,WH-London,False,False
2011-01-20,82616B,29.0,WH_London,2011-01-12,WH-London,False,False
2011-01-20,21220,68.0,Warehouse North,2011-01-14,WH-North,False,False
2011-01-20,21222,2.0,WH-London ,2011-01-16,WH-London,False,False
2011-01-20,84559B,37.0,WH-London,2011-01-15,WH-London,False,False
2011-01-20,23458,-4.0,WH_London,2011-01-16,WH-London,True,False
2011-01-20,90197B,73.0,Main,2011-01-16,WH-London,False,False
2011-01-20,21630,-39.0,Main,2011-01-11,WH-London,True,False
2011-01-20,21281,66.0,WH-London,2011-01-06,WH-London,False,False
2011-01-20,21662,87.0,WH_London,2011-01-20,WH-London,False,False
2011-01-20,20677,87.0,WH_London,2011-01-20,WH-London,False,False
2011-01-20,21009,19.0,,2011-01-08,UNKNOWN,False,False
2011-01-20,23085,59.0,WH-London ,2011-01-08,WH-London,False,False
2011-01-20,20724,83.0,,2011-01-08,UNKNOWN,False,False
2011-01-20,85186C,-70.0,Warehouse North,2011-01-11,WH-North,True,False
2011-01-20,23611,73.0,Warehouse North,2011-01-16,WH-North,False,False
2011-01-20,21356,-3.0,Warehouse North,2011-01-10,WH-North,True,False
2011-01-20,23547,70.0,Main,2011-01-17,WH-London,False,False
2011-01-22,21670,26.0,Warehouse North,2011-01-13,WH-North,False,False
2011-01-22,23085,69.0,WH-London ,2011-01-14,WH-London,False,False
2011-01-22,20966,69.0,WH-London ,2011-01-11,WH-London,False,False
2011-01-22,85107,67.0,WH-London ,2011-01-12,WH-London,False,False
2011-01-22,23159,46.0,WH-London,2011-01-22,WH-London,False,False
2011-01-22,90152A,89.0,WH_London,2011-01-21,WH-London,False,False
2011-01-22,46000P,-65.0,Warehouse North,2011-01-09,WH-North,True,False
2011-01-22,84732B,59.0,WH-London ,2011-01-20,WH-London,False,False
2011-01-22,90152C,21.0,,2011-01-14,UNKNOWN,False,False
2011-01-22,21368,61.0,WH-North,2011-01-17,WH-North,False,False
2011-01-22,21147,109.0,Main,2011-01-19,WH-London,False,False
2011-01-22,21504,8.0,Main,2011-01-09,WH-London,False,False
2011-01-22,84596J,71.0,,2011-01-10,UNKNOWN,False,False
2011-01-22,90161B,75.0,,2011-01-18,UNKNOWN,False,False
2011-01-22,20974,101.0,Warehouse North,2011-01-11,WH-North,False,False
2011-01-22,16218,71.0,WH-London ,2011-01-15,WH-London,False,False
2011-01-22,16048,50.0,WH-London ,2011-01-18,WH-London,False,False
2011-01-22,22185,62.0,WH-London,2011-01-10,WH-London,False,False
2011-01-22,10133,41.0,Warehouse North,,WH-North,False,False
2011-01-22,90011C,86.0,WH_London,2011-01-10,WH-London,False,False
2011-01-22,22178,,WH_London,2011-01-17,WH-London,False,True
2011-01-22,84856S,35.0,Warehouse North,2011-01-15,WH-North,False,False
2011-01-22,47593B,,WH_London,2011-01-09,WH-London,False,True
2011-01-22,16011,85.0,WH-North,2011-01-18,WH-North,False,False
2011-01-22,21830,49.0,WH-London,2011-01-18,WH-London,False,False
2011-01-22,21188,26.0,Main,2011-01-19,WH-London,False,False
2011-01-22,85026B,43.0,WH-North,2011-01-19,WH-North,False,False
2011-01-22,23619,,,2011-01-15,UNKNOWN,False,True
2011-01-22,22272,,,2011-01-11,UNKNOWN,False,True
2011-01-22,21802,36.0,WH-London,2011-01-09,WH-London,False,False
2011-01-22,90197B,36.0,WH-London,2011-01-17,WH-London,False,False
2011-01-22,21628,-1.0,WH-London,2011-01-19,WH-London,True,False
2011-01-22,85163B,59.0,Main,2011-01-16,WH-London,False,False
2011-01-22,90067B,-70.0,WH_London,2011-01-17,WH-London,True,False
2011-01-22,22210,94.0,Warehouse North,2011-01-17,WH-North,False,False
2011-01-22,22960,75.0,WH-North,,WH-North,False,False
2011-01-22,21195,74.0,WH-London ,2011-01-22,WH-London,False,False
2011-01-22,22560,58.0,WH_London,2011-01-10,WH-London,False,False
2011-01-22,22671,-2.0,,2011-01-19,UNKNOWN,True,False
2011-01-22,84746,58.0,,2011-01-16,UNKNOWN,False,False
2011-01-22,23093,53.0,WH-London,2011-01-19,WH-London,False,False
2011-01-22,DCGSSBOY,80.0,,2011-01-16,UNKNOWN,False,False
2011-01-22,22965,67.0,WH-North,2011-01-13,WH-North,False,False
2011-01-22,35819P,46.0,Warehouse North,2011-01-19,WH-North,False,False
2011-01-22,20803,108.0,WH-London ,2011-01-10,WH-London,False,False
2011-01-22,21281,75.0,Warehouse North,2011-01-21,WH-North,False,False
2011-01-22,21080,60.0,Warehouse North,2011-01-17,WH-North,False,False
2011-01-22,84849B,63.0,WH_London,2011-01-13,WH-London,False,False
2011-01-22,23692,51.0,WH-London ,2011-01-09,WH-London,False,False
2011-01-22,21377,50.0,WH-London ,2011-01-16,WH-London,False,False
2011-01-22,22470,-15.0,WH-North,2011-01-18,WH-North,True,False
2011-01-22,23518,22.0,Warehouse North,2011-01-20,WH-North,False,False
2011-01-22,23483,33.0,Main,2011-01-20,WH-London,False,False
2011-01-22,22066,,WH-London,2011-01-10,WH-London,False,True
2011-01-22,21989,0.0,,2011-01-09,UNKNOWN,False,False
2011-01-22,22248,-34.0,,2011-01-21,UNKNOWN,True,False
2011-01-22,22928,30.0,Warehouse North,2011-01-17,WH-North,False,False
2011-01-22,47469,53.0,WH-London ,2011-01-21,WH-London,False,False
2011-01-22,90065B,63.0,WH_London,2011-01-13,WH-London,False,False
2011-01-22,23057,30.0,WH-London,2011-01-17,WH-London,False,False
2011-01-22,21630,32.0,,2011-01-09,UNKNOWN,False,False
2011-01-22,22070,29.0,,2011-01-20,UNKNOWN,False,False
2011-01-22,22084,38.0,Main,2011-01-21,WH-London,False,False
2011-01-22,21735,,WH-North,2011-01-12,WH-North,False,True
2011-01-22,44092C,89.0,WH-London ,2011-01-13,WH-London,False,False
2011-01-22,84872A,19.0,WH-London ,2011-01-17,WH-London,False,False
2011-01-22,21745,-102.0,WH-North,2011-01-09,WH-North,True,False
2011-01-22,22098,12.0,Warehouse North,2011-01-20,WH-North,False,False
2011-01-22,84675,,,2011-01-11,UNKNOWN,False,True
2011-01-22,23090,35.0,WH-North,2011-01-17,WH-North,False,False
2011-01-22,22114,22.0,WH-London,2011-01-15,WH-London,False,False
2011-01-22,22156,89.0,WH_London,2011-01-18,WH-London,False,False
2011-01-22,85024C,52.0,WH-London ,2011-01-20,WH-London,False,False
2011-01-22,84804A,51.0,WH-North,2011-01-22,WH-North,False,False
2011-01-22,90082D,,WH-North,2011-01-19,WH-North,False,True
2011-01-22,17028J,-32.0,WH-London,2011-01-18,WH-London,True,False
2011-01-22,72802C,44.0,,2011-01-20,UNKNOWN,False,False
2011-01-22,21009,-46.0,WH-London,2011-01-08,WH-London,True,False
2011-01-22,84674,-5.0,Warehouse North,2011-01-21,WH-North,True,False
2011-01-22,79190B,61.0,,2011-01-17,UNKNOWN,False,False
2011-01-24,37424,85.0,Warehouse North,2011-01-14,WH-North,False,False
2011-01-24,23272,90.0,WH_London,2011-01-19,WH-London,False,False
2011-01-24,22098,21.0,Main,2011-01-11,WH-London,False,False
2011-01-24,85119,55.0,Warehouse North,2011-01-24,WH-North,False,False
2011-01-24,21080,-15.0,Main,2011-01-24,WH-London,True,False
2011-01-24,23189,39.0,,2011-01-18,UNKNOWN,False,False
2011-01-24,72802C,74.0,WH_London,2011-01-20,WH-London,False,False
2011-01-24,22415,49.0,,2011-01-20,UNKNOWN,False,False
2011-01-24,21348,40.0,WH-London ,2011-01-12,WH-London,False,False
2011-01-24,84789,49.0,WH-North,2011-01-22,WH-North,False,False
2011-01-24,21662,,,,UNKNOWN,False,True
2011-01-24,22905,42.0,WH_London,2011-01-12,WH-London,False,False
2011-01-24,23547,52.0,WH-London,2011-01-19,WH-London,False,False
2011-01-24,90143,95.0,Main,2011-01-11,WH-London,False,False
2011-01-24,84638,43.0,WH-London ,2011-01-19,WH-London,False,False
2011-01-24,22904,0.0,WH-London ,2011-01-24,WH-London,False,False
2011-01-24,20724,91.0,WH-North,2011-01-18,WH-North,False,False
2011-01-24,22066,,WH_London,2011-01-21,WH-London,False,True
2011-01-24,90052,-16.0,WH-London,2011-01-23,WH-London,True,False
2011-01-24,10133,46.0,Warehouse North,2011-01-13,WH-North,False,False
2011-01-24,90195B,49.0,WH-London,,WH-London,False,False
2011-01-24,90001C,91.0,Warehouse North,,WH-North,False,False
2011-01-24,21159,49.0,WH-London ,,WH-London,False,False
2011-01-24,84559B,54.0,Main,2011-01-20,WH-London,False,False
2011-01-24,16010,55.0,,,UNKNOWN,False,False
2011-01-24,84631,36.0,WH_London,2011-01-15,WH-London,False,False
2011-01-24,23440,88.0,WH-London,2011-01-18,WH-London,False,False
2011-01-24,85135A,26.0,,2011-01-21,UNKNOWN,False,False
2011-01-24,84686,35.0,,2011-01-19,UNKNOWN,False,False
2011-01-24,23483,49.0,Warehouse North,2011-01-24,WH-North,False,False
2011-01-24,22560,9.0,WH_London,2011-01-23,WH-London,False,False
2011-01-24,22248,102.0,Main,2011-01-23,WH-London,False,False
2011-01-24,47593B,49.0,Main,2011-01-15,WH-London,False,False
2011-01-24,21195,74.0,WH-North,2011-01-16,WH-North,False,False
2011-01-24,16218,21.0,WH-London ,,WH-London,False,False
2011-01-24,15044B,71.0,,2011-01-22,UNKNOWN,False,False
2011-01-24,85107,-73.0,WH-North,2011-01-24,WH-North,True,False
2011-01-24,84804A,78.0,WH-North,2011-01-16,WH-North,False,False
2011-01-24,90071,107.0,WH-London ,2011-01-13,WH-London,False,False
2011-01-24,20657,33.0,,2011-01-23,UNKNOWN,False,False
2011-01-24,21135,44.0,WH-London,2011-01-12,WH-London,False,False
2011-01-24,20756,-24.0,WH-London,2011-01-17,WH-London,True,False
2011-01-24,85040A,47.0,Warehouse North,2011-01-14,WH-North,False,False
2011-01-24,23518,69.0,,2011-01-18,UNKNOWN,False,False
2011-01-24,47469,68.0,Warehouse North,2011-01-13,WH-North,False,False
2011-01-24,84715,99.0,WH-North,2011-01-10,WH-North,False,False
2011-01-24,90214N,64.0,WH-London ,2011-01-14,WH-London,False,False
2011-01-24,22923,50.0,,2011-01-15,UNKNOWN,False,False
2011-01-24,22483,17.0,WH_London,2011-01-13,WH-London,False,False
2011-01-24,21428,75.0,WH-London ,2011-01-11,WH-London,False,False
2011-01-24,21628,45.0,WH-London ,2011-01-23,WH-London,False,False
2011-01-24,85231G,,,2011-01-13,UNKNOWN,False,True
2011-01-24,90185B,37.0,WH-London,,WH-London,False,False
2011-01-24,90152C,86.0,WH_London,2011-01-10,WH-London,False,False
2011-01-24,21336,61.0,WH-London ,2011-01-11,WH-London,False,False
2011-01-24,23471,79.0,,2011-01-15,UNKNOWN,False,False
2011-01-24,78124,61.0,WH-North,2011-01-14,WH-North,False,False
2011-01-24,90026D,22.0,WH-London,2011-01-20,WH-London,False,False
2011-01-24,21216,39.0,WH-London ,2011-01-15,WH-London,False,False
2011-01-24,46000P,11.0,WH-North,2011-01-15,WH-North,False,False
2011-01-24,90067B,55.0,,2011-01-14,UNKNOWN,False,False
2011-01-24,21989,6.0,WH-London,2011-01-21,WH-London,False,False
2011-01-24,84596J,58.0,WH-London ,2011-01-17,WH-London,False,False
2011-01-24,22323,-58.0,WH-London,2011-01-12,WH-London,True,False
2011-01-24,22470,74.0,WH_London,2011-01-12,WH-London,False,False
2011-01-24,81952B,16.0,Warehouse North,2011-01-13,WH-North,False,False
2011-01-24,22210,21.0,WH-North,2011-01-23,WH-North,False,False
2011-01-24,22928,91.0,WH-London ,2011-01-11,WH-London,False,False
2011-01-24,23535,59.0,Warehouse North,2011-01-17,WH-North,False,False
2011-01-24,23204,75.0,WH-London,2011-01-18,WH-London,False,False
2011-01-24,21791,19.0,Main,2011-01-17,WH-London,False,False
2011-01-24,21745,78.0,Warehouse North,2011-01-16,WH-North,False,False
2011-01-24,23093,45.0,WH-London ,2011-01-22,WH-London,False,False
2011-01-24,84660C,53.0,WH-London ,2011-01-16,WH-London,False,False
2011-01-24,37471,94.0,WH_London,,WH-London,False,False
2011-01-24,21484,15.0,WH-London,2011-01-24,WH-London,False,False
2011-01-24,23085,77.0,Warehouse North,,WH-North,False,False
2011-01-24,21830,61.0,,,UNKNOWN,False,False
2011-01-24,90082D,,,2011-01-15,UNKNOWN,False,True
2011-01-24,85184C,17.0,Warehouse North,2011-01-14,WH-North,False,False
2011-01-26,22216,43.0,,2011-01-13,UNKNOWN,False,False
2011-01-26,20731,25.0,WH-London ,2011-01-20,WH-London,False,False
2011-01-26,20771,85.0,WH-London ,2011-01-20,WH-London,False,False
2011-01-26,90052,52.0,WH-London ,2011-01-22,WH-London,False,False
2011-01-26,23619,29.0,WH-London,2011-01-17,WH-London,False,False
2011-01-26,81950B,6.0,WH-North,2011-01-16,WH-North,False,False
2011-01-26,72225C,36.0,Main,2011-01-24,WH-London,False,False
2011-01-26,23692,87.0,,2011-01-16,UNKNOWN,False,False
2011-01-26,20996,53.0,WH-London ,2011-01-18,WH-London,False,False
2011-01-26,22904,44.0,WH_London,,WH-London,False,False
2011-01-26,21368,100.0,Warehouse North,2011-01-12,WH-North,False,False
2011-01-26,23471,37.0,WH-London ,2011-01-19,WH-London,False,False
2011-01-26,47469,25.0,Warehouse North,2011-01-12,WH-North,False,False
2011-01-26,20702,-62.0,,2011-01-12,UNKNOWN,True,False
2011-01-26,90026D,-62.0,WH_London,2011-01-12,WH-London,True,False
2011-01-26,21188,32.0,WH_London,2011-01-18,WH-London,False,False
2011-01-26,23085,,Main,2011-01-17,WH-London,False,True
2011-01-26,84675,93.0,Warehouse North,2011-01-23,WH-North,False,False
2011-01-26,84715,37.0,WH_London,2011-01-20,WH-London,False,False
2011-01-26,22637,6.0,WH-London ,2011-01-12,WH-London,False,False
2011-01-26,22066,55.0,Warehouse North,2011-01-17,WH-North,False,False
2011-01-26,22715,,WH-North,2011-01-22,WH-North,False,True
2011-01-26,85163B,44.0,WH-North,2011-01-17,WH-North,False,False
2011-01-26,17109D,66.0,WH_London,2011-01-26,WH-London,False,False
2011-01-26,21802,18.0,Main,2011-01-21,WH-London,False,False
2011-01-26,21281,68.0,WH-London,2011-01-23,WH-London,False,False
2011-01-26,85026B,21.0,WH-London,2011-01-13,WH-London,False,False
2011-01-26,21147,59.0,WH-London ,2011-01-18,WH-London,False,False
2011-01-26,21348,73.0,Warehouse North,2011-01-25,WH-North,False,False
2011-01-26,21159,52.0,,2011-01-19,UNKNOWN,False,False
2011-01-26,23010,12.0,,2011-01-12,UNKNOWN,False,False
2011-01-26,21195,14.0,Main,2011-01-20,WH-London,False,False
2011-01-26,22114,97.0,Main,2011-01-13,WH-London,False,False
2011-01-26,22923,26.0,WH-London,2011-01-16,WH-London,False,False
2011-01-26,35819P,72.0,WH-London ,2011-01-24,WH-London,False,False
2011-01-26,15036,53.0,WH_London,2011-01-26,WH-London,False,False
2011-01-26,82616B,19.0,WH-London,2011-01-24,WH-London,False,False
2011-01-26,23272,,WH_London,2011-01-21,WH-London,False,True
2011-01-26,72232,100.0,WH-London ,2011-01-20,WH-London,False,False
2011-01-26,90152C,154.0,WH_London,2011-01-20,WH-London,False,False
2011-01-26,20963,40.0,WH-North,2011-01-19,WH-North,False,False
2011-01-26,84660C,38.0,,2011-01-13,UNKNOWN,False,False
2011-01-26,21865,0.0,WH-London ,2011-01-17,WH-London,False,False
2011-01-26,85119,0.0,WH-London,2011-01-16,WH-London,False,False
2011-01-26,79071B,24.0,WH_London,2011-01-15,WH-London,False,False
2011-01-26,23611,36.0,Main,2011-01-18,WH-London,False,False
2011-01-26,22965,49.0,WH_London,2011-01-21,WH-London,False,False
2011-01-26,84789,70.0,Warehouse North,2011-01-20,WH-North,False,False
2011-01-26,85107,56.0,WH-London,2011-01-12,WH-London,False,False
2011-01-26,22415,71.0,WH-North,2011-01-15,WH-North,False,False
2011-01-26,22908,31.0,Warehouse North,2011-01-25,WH-North,False,False
2011-01-26,90152A,47.0,WH-London,2011-01-16,WH-London,False,False
2011-01-26,21428,39.0,,2011-01-13,UNKNOWN,False,False
2011-01-26,21222,-11.0,WH_London,2011-01-26,WH-London,True,False
2011-01-26,23068,-9.0,WH-London,2011-01-21,WH-London,True,False
2011-01-26,22156,29.0,Warehouse North,2011-01-25,WH-North,False,False
2011-01-26,21989,-24.0,WH-London ,2011-01-20,WH-London,True,False
2011-01-26,22779,16.0,Warehouse North,2011-01-23,WH-North,False,False
2011-01-26,90197B,66.0,,2011-01-17,UNKNOWN,False,False
2011-01-26,72800F,55.0,WH_London,,WH-London,False,False
2011-01-26,90214N,50.0,Main,2011-01-20,WH-London,False,False
2011-01-26,21356,85.0,WH_London,2011-01-15,WH-London,False,False
2011-01-26,72807B,28.0,WH-London ,2011-01-22,WH-London,False,False
2011-01-26,16011,70.0,WH-London,2011-01-20,WH-London,False,False
2011-01-26,22960,25.0,WH-North,2011-01-22,WH-North,False,False
2011-01-26,22470,58.0,Main,2011-01-14,WH-London,False,False
2011-01-26,23093,-54.0,WH-London ,2011-01-20,WH-London,True,False
2011-01-26,20756,56.0,WH-London ,2011-01-16,WH-London,False,False
2011-01-26,22230,-38.0,WH-London ,2011-01-22,WH-London,True,False
2011-01-26,21670,-59.0,Main,2011-01-24,WH-London,True,False
2011-01-26,84631,61.0,Main,2011-01-21,WH-London,False,False
2011-01-26,22560,7.0,,2011-01-25,UNKNOWN,False,False
2011-01-26,47590B,75.0,WH-North,2011-01-17,WH-North,False,False
2011-01-26,23547,12.0,WH-North,2011-01-12,WH-North,False,False
2011-01-26,79160,23.0,WH_London,2011-01-19,WH-London,False,False
2011-01-26,22671,57.0,Warehouse North,2011-01-15,WH-North,False,False
2011-01-26,23458,67.0,Warehouse North,,WH-North,False,False
2011-01-26,21830,56.0,,2011-01-21,UNKNOWN,False,False
2011-01-26,90201C,59.0,WH-North,2011-01-22,WH-North,False,False
2011-01-26,90071,15.0,Warehouse North,,WH-North,False,False
2011-01-28,23535,34.0,WH-London,2011-01-14,WH-London,False,False
2011-01-28,23342,-11.0,WH-North,2011-01-15,WH-North,True,False
2011-01-28,23089,22.0,,2011-01-26,UNKNOWN,False,False
2011-01-28,23611,9.0,WH-London ,2011-01-24,WH-London,False,False
2011-01-28,22272,,WH-North,2011-01-25,WH-North,False,True
2011-01-28,85024C,120.0,WH-London ,2011-01-21,WH-London,False,False
2011-01-28,10133,72.0,WH-North,2011-01-15,WH-North,False,False
2011-01-28,82616B,-17.0,Warehouse North,2011-01-27,WH-North,True,False
2011-01-28,21670,,,2011-01-20,UNKNOWN,False,True
2011-01-28,23518,11.0,WH-London,2011-01-24,WH-London,False,False
2011-01-28,16010,-2.0,,2011-01-18,UNKNOWN,True,False
2011-01-28,90185B,41.0,Warehouse North,2011-01-17,WH-North,False,False
2011-01-28,90067B,-56.0,Main,2011-01-16,WH-London,True,False
2011-01-28,16218,-11.0,WH-North,2011-01-21,WH-North,True,False
2011-01-28,23093,43.0,WH-London ,2011-01-16,WH-London,False,False
2011-01-28,47469,56.0,WH-London,2011-01-23,WH-London,False,False
2011-01-28,85119,70.0,WH-London ,2011-01-25,WH-London,False,False
2011-01-28,90152A,54.0,,,UNKNOWN,False,False
2011-01-28,21630,59.0,WH-London ,2011-01-23,WH-London,False,False
2011-01-28,22715,48.0,Main,2011-01-24,WH-London,False,False
2011-01-28,90065B,19.0,Main,2011-01-20,WH-London,False,False
2011-01-28,47590B,26.0,WH_London,2011-01-17,WH-London,False,False
2011-01-28,22483,10.0,WH-London ,2011-01-24,WH-London,False,False
2011-01-28,21484,94.0,WH_London,2011-01-16,WH-London,False,False
2011-01-28,22962,5.0,WH_London,2011-01-24,WH-London,False,False
2011-01-28,22928,,WH-London ,2011-01-26,WH-London,False,True
2011-01-28,23471,6.0,,2011-01-15,UNKNOWN,False,False
2011-01-28,72802C,73.0,WH-North,2011-01-23,WH-North,False,False
2011-01-28,22882,79.0,WH-North,2011-01-23,WH-North,False,False
2011-01-28,84856S,84.0,,2011-01-20,UNKNOWN,False,False
2011-01-28,22908,18.0,Warehouse North,,WH-North,False,False
2011-01-28,79190B,54.0,WH_London,2011-01-26,WH-London,False,False
2011-01-28,16048,31.0,Main,2011-01-25,WH-London,False,False
2011-01-28,90026D,23.0,,2011-01-15,UNKNOWN,False,False
2011-01-28,22070,51.0,Main,2011-01-25,WH-London,False,False
2011-01-28,17109D,74.0,WH-London,2011-01-27,WH-London,False,False
2011-01-28,21159,32.0,WH_London,2011-01-20,WH-London,False,False
2011-01-28,90201C,59.0,WH-London,2011-01-28,WH-London,False,False
2011-01-28,22905,22.0,WH-London ,2011-01-17,WH-London,False,False
2011-01-28,47591D,18.0,Main,2011-01-17,WH-London,False,False
2011-01-28,84715,40.0,WH-North,2011-01-24,WH-North,False,False
2011-01-28,20963,42.0,Main,2011-01-14,WH-London,False,False
2011-01-28,23135,70.0,WH-London,2011-01-25,WH-London,False,False
2011-01-28,23159,12.0,Warehouse North,,WH-North,False,False
2011-01-28,21791,114.0,Main,2011-01-25,WH-London,False,False
2011-01-28,79163,-3.0,Warehouse North,2011-01-20,WH-North,True,False
2011-01-28,15036,56.0,WH_London,2011-01-19,WH-London,False,False
2011-01-28,84872A,41.0,,2011-01-16,UNKNOWN,False,False
2011-01-28,21356,30.0,,2011-01-21,UNKNOWN,False,False
2011-01-28,23140,44.0,Warehouse North,2011-01-21,WH-North,False,False
2011-01-28,21683,70.0,Warehouse North,2011-01-18,WH-North,False,False
2011-01-28,90143,74.0,WH-London ,2011-01-18,WH-London,False,False
2011-01-28,23483,43.0,Warehouse North,2011-01-16,WH-North,False,False
2011-01-28,21216,59.0,WH_London,2011-01-20,WH-London,False,False
2011-01-28,21195,10.0,WH-London,2011-01-18,WH-London,False,False
2011-01-28,21428,44.0,Warehouse North,2011-01-18,WH-North,False,False
2011-01-28,72225C,61.0,Main,2011-01-25,WH-London,False,False
2011-01-28,21348,-18.0,WH_London,2011-01-21,WH-London,True,False
2011-01-28,22087,52.0,WH-North,2011-01-18,WH-North,False,False
2011-01-28,79071B,44.0,Main,2011-01-26,WH-London,False,False
2011-01-28,90195B,88.0,WH-London ,2011-01-20,WH-London,False,False
2011-01-28,22030,55.0,Main,2011-01-17,WH-London,False,False
2011-01-28,79160,64.0,Warehouse North,2011-01-15,WH-North,False,False
2011-01-28,85026B,41.0,WH_London,2011-01-15,WH-London,False,False
2011-01-28,84746,68.0,Warehouse North,2011-01-16,WH-North,False,False
2011-01-28,84559B,66.0,Warehouse North,,WH-North,False,False
2011-01-28,81950B,10.0,WH-London ,2011-01-16,WH-London,False,False
2011-01-28,84849B,59.0,WH-London ,2011-01-17,WH-London,False,False
2011-01-28,47593B,85.0,WH-London,2011-01-16,WH-London,False,False
2011-01-28,21009,79.0,,2011-01-25,UNKNOWN,False,False
2011-01-28,37424,50.0,WH_London,2011-01-25,WH-London,False,False
2011-01-28,84631,59.0,,2011-01-28,UNKNOWN,False,False
2011-01-28,21377,77.0,,2011-01-24,UNKNOWN,False,False
2011-01-28,85136C,15.0,WH-London,2011-01-18,WH-London,False,False
2011-01-28,47593A,64.0,Warehouse North,2011-01-27,WH-North,False,False
2011-01-28,85135A,-9.0,WH-London,2011-01-16,WH-London,True,False
2011-01-28,20702,75.0,Main,2011-01-24,WH-London,False,False
2011-01-28,23272,38.0,Warehouse North,2011-01-19,WH-North,False,False
2011-01-28,22066,47.0,WH-North,2011-01-24,WH-North,False,False
2011-01-28,23234,33.0,Main,,WH-London,False,False
2011-01-30,90011C,48.0,WH-London ,2011-01-18,WH-London,False,False
2011-01-30,23692,57.0,,2011-01-17,UNKNOWN,False,False
2011-01-30,37444C,72.0,,2011-01-28,UNKNOWN,False,False
2011-01-30,22066,88.0,WH_London,2011-01-30,WH-London,False,False
2011-01-30,90201C,51.0,WH-London,2011-01-22,WH-London,False,False
2011-01-30,90082D,0.0,Main,2011-01-27,WH-London,False,False
2011-01-30,21377,89.0,WH-London ,2011-01-26,WH-London,False,False
2011-01-30,22483,5.0,Main,2011-01-28,WH-London,False,False
2011-01-30,20756,37.0,WH-London,2011-01-24,WH-London,False,False
2011-01-30,37467,-35.0,Main,2011-01-24,WH-London,True,False
2011-01-30,72800F,-50.0,WH-London ,2011-01-24,WH-London,True,False
2011-01-30,22671,12.0,WH-London ,2011-01-21,WH-London,False,False
2011-01-30,85230F,10.0,Main,2011-01-23,WH-London,False,False
2011-01-30,79190B,49.0,WH_London,2011-01-27,WH-London,False,False
2011-01-30,21348,26.0,WH_London,2011-01-22,WH-London,False,False
2011-01-30,85107,90.0,WH-London,2011-01-24,WH-London,False,False
2011-01-30,23483,33.0,WH_London,2011-01-26,WH-London,False,False
2011-01-30,22904,19.0,Main,2011-01-27,WH-London,False,False
2011-01-30,22289,100.0,,2011-01-16,UNKNOWN,False,False
2011-01-30,22332,64.0,WH_London,2011-01-16,WH-London,False,False
2011-01-30,84849B,131.0,WH-London ,2011-01-30,WH-London,False,False
2011-01-30,21670,-7.0,,2011-01-30,UNKNOWN,True,False
2011-01-30,47593B,-56.0,Main,2011-01-26,WH-London,True,False
2011-01-30,21188,64.0,WH-London ,2011-01-28,WH-London,False,False
2011-01-30,23334,50.0,,2011-01-20,UNKNOWN,False,False
2011-01-30,84746,39.0,WH-London,2011-01-30,WH-London,False,False
2011-01-30,22178,87.0,,2011-01-17,UNKNOWN,False,False
2011-01-30,90065B,63.0,Main,,WH-London,False,False
2011-01-30,21135,0.0,,2011-01-16,UNKNOWN,False,False
2011-01-30,37471,23.0,Main,2011-01-22,WH-London,False,False
2011-01-30,22323,15.0,WH_London,2011-01-29,WH-London,False,False
2011-01-30,22637,46.0,Warehouse North,2011-01-24,WH-North,False,False
2011-01-30,23547,78.0,WH-London ,2011-01-18,WH-London,False,False
2011-01-30,84989A,38.0,Warehouse North,2011-01-26,WH-North,False,False
2011-01-30,21147,42.0,WH_London,2011-01-20,WH-London,False,False
2011-01-30,85024C,20.0,,2011-01-21,UNKNOWN,False,False
2011-01-30,21628,72.0,WH-London ,2011-01-28,WH-London,False,False
2011-01-30,23075,86.0,WH-London,2011-01-26,WH-London,False,False
2011-01-30,22415,49.0,WH-London ,2011-01-19,WH-London,False,False
2011-01-30,23189,97.0,Warehouse North,2011-01-22,WH-North,False,False
2011-01-30,23093,33.0,WH_London,2011-01-28,WH-London,False,False
2011-01-30,90185B,8.0,WH-London ,2011-01-16,WH-London,False,False
2011-01-30,23518,74.0,Main,2011-01-30,WH-London,False,False
2011-01-30,23204,47.0,WH-London,2011-01-30,WH-London,False,False
2011-01-30,23135,32.0,Warehouse North,2011-01-21,WH-North,False,False
2011-01-30,85231G,52.0,WH-London ,2011-01-17,WH-London,False,False
2011-01-30,21080,2.0,WH-London ,2011-01-26,WH-London,False,False
2011-01-30,90152C,-2.0,WH_London,2011-01-22,WH-London,True,False
2011-01-30,22960,52.0,WH-London ,2011-01-18,WH-London,False,False
2011-01-30,16010,63.0,Warehouse North,2011-01-20,WH-North,False,False
2011-01-30,21484,91.0,WH_London,,WH-London,False,False
2011-01-30,23159,76.0,WH-North,2011-01-27,WH-North,False,False
2011-01-30,72802C,69.0,WH-London,2011-01-26,WH-London,False,False
2011-01-30,21281,88.0,Warehouse North,2011-01-29,WH-North,False,False
2011-01-30,90214N,64.0,WH-London ,2011-01-16,WH-London,False,False
2011-01-30,15044B,39.0,Main,2011-01-18,WH-London,False,False
2011-01-30,84559B,-77.0,WH_London,2011-01-18,WH-London,True,False
2011-01-30,84638,76.0,WH-North,,WH-North,False,False
2011-01-30,10133,49.0,,2011-01-22,UNKNOWN,False,False
2011-01-30,84789,14.0,,2011-01-20,UNKNOWN,False,False
2011-01-30,23068,-3.0,Main,2011-01-22,WH-London,True,False
2011-01-30,21683,75.0,Main,2011-01-30,WH-London,False,False
2011-01-30,20657,64.0,WH_London,2011-01-22,WH-London,False,False
2011-01-30,23341,68.0,Warehouse North,2011-01-19,WH-North,False,False
2011-01-30,21195,,WH_London,2011-01-20,WH-London,False,True
2011-01-30,22470,23.0,WH-North,2011-01-29,WH-North,False,False
2011-01-30,90177A,6.0,WH-London ,2011-01-28,WH-London,False,False
2011-01-30,21662,65.0,WH-London ,2011-01-28,WH-London,False,False
2011-01-30,21504,85.0,WH-London ,2011-01-25,WH-London,False,False
2011-01-30,16048,-60.0,WH_London,2011-01-24,WH-London,True,False
2011-01-30,22882,5.0,,2011-01-23,UNKNOWN,False,False
2011-01-30,35965,57.0,WH_London,,WH-London,False,False
2011-01-30,85186C,16.0,WH-London,2011-01-21,WH-London,False,False
2011-01-30,21222,3.0,WH_London,2011-01-22,WH-London,False,False
2011-01-30,82616B,49.0,WH-London,2011-01-18,WH-London,False,False
2011-01-30,21802,54.0,WH_London,2011-01-30,WH-London,False,False
2011-01-30,22560,47.0,WH-London,2011-01-24,WH-London,False,False
2011-01-30,85040A,63.0,,2011-01-23,UNKNOWN,False,False
2011-01-30,23342,26.0,WH-London,,WH-London,False,False
2011-01-30,85136C,52.0,Main,2011-01-17,WH-London,False,False
2011-02-01,22230,35.0,,2011-01-28,UNKNOWN,False,False
2011-02-01,84872A,42.0,WH-North,2011-01-24,WH-North,False,False
2011-02-01,90011C,58.0,Main,2011-01-19,WH-London,False,False
2011-02-01,10133,81.0,WH-London,2011-01-23,WH-London,False,False
2011-02-01,90026D,58.0,WH-London ,2011-01-28,WH-London,False,False
2011-02-01,23085,68.0,,2011-01-23,UNKNOWN,False,False
2011-02-01,84715,50.0,Warehouse North,2011-01-19,WH-North,False,False
2011-02-01,20771,64.0,Main,2011-01-27,WH-London,False,False
2011-02-01,17109D,81.0,WH_London,,WH-London,False,False
2011-02-01,23135,106.0,WH-North,2011-01-24,WH-North,False,False
2011-02-01,23234,86.0,WH-London ,2011-01-21,WH-London,False,False
2011-02-01,84789,-48.0,,2011-01-18,UNKNOWN,True,False
2011-02-01,21735,84.0,WH-London ,2011-01-24,WH-London,False,False
2011-02-01,22099,66.0,Warehouse North,2011-01-21,WH-North,False,False
2011-02-01,82616C,31.0,WH_London,2011-01-31,WH-London,False,False
2011-02-01,23341,66.0,Main,,WH-London,False,False
2011-02-01,79190B,16.0,WH_London,,WH-London,False,False
2011-02-01,23611,66.0,WH-London ,2011-01-29,WH-London,False,False
2011-02-01,37444C,102.0,WH-London ,,WH-London,False,False
2011-02-01,21745,,WH-North,2011-01-25,WH-North,False,True
2011-02-01,20702,85.0,WH-North,2011-01-30,WH-North,False,False
2011-02-01,35819P,38.0,,2011-01-18,UNKNOWN,False,False
2011-02-01,90195B,64.0,,2011-01-27,UNKNOWN,False,False
2011-02-01,21135,70.0,WH_London,2011-01-18,WH-London,False,False
2011-02-01,22248,40.0,WH_London,,WH-London,False,False
2011-02-01,23342,70.0,Main,2011-01-29,WH-London,False,False
2011-02-01,85163B,63.0,WH-London,2011-01-20,WH-London,False,False
2011-02-01,22098,70.0,WH-North,2011-01-20,WH-North,False,False
2011-02-01,22087,19.0,WH_London,2011-01-22,WH-London,False,False
2011-02-01,21628,88.0,WH-London ,2011-01-23,WH-London,False,False
2011-02-01,21865,63.0,Warehouse North,2011-01-26,WH-North,False,False
2011-02-01,22216,-46.0,WH-London,2011-01-24,WH-London,True,False
2011-02-01,20724,47.0,Warehouse North,2011-01-30,WH-North,False,False
2011-02-01,22156,-48.0,,2011-01-28,UNKNOWN,True,False
2011-02-01,90152A,25.0,,2011-01-26,UNKNOWN,False,False
2011-02-01,85024C,85.0,Warehouse North,2011-01-25,WH-North,False,False
2011-02-01,16218,78.0,WH_London,2011-01-23,WH-London,False,False
2011-02-01,85184C,80.0,Warehouse North,2011-01-24,WH-North,False,False
2011-02-01,22923,95.0,Main,,WH-London,False,False
2011-02-01,46000P,55.0,WH_London,2011-01-20,WH-London,False,False
2011-02-01,23458,0.0,WH-North,2011-01-30,WH-North,False,False
2011-02-01,84849B,68.0,WH-North,2011-01-30,WH-North,False,False
2011-02-01,47591D,,Warehouse North,2011-01-27,WH-North,False,True
2011-02-01,21216,96.0,WH-North,2011-01-22,WH-North,False,False
2011-02-01,72807B,82.0,,2011-01-19,UNKNOWN,False,False
2011-02-01,23204,54.0,WH_London,2011-01-26,WH-London,False,False
2011-02-01,22715,45.0,WH-London ,2011-01-29,WH-London,False,False
2011-02-01,21188,80.0,,,UNKNOWN,False,False
2011-02-01,22095,-29.0,WH_London,,WH-London,True,False
2011-02-01,90201C,57.0,WH-London,2011-01-31,WH-London,False,False
2011-02-01,90214C,78.0,WH-North,,WH-North,False,False
2011-02-01,90025E,46.0,Main,2011-01-23,WH-London,False,False
2011-02-01,21791,38.0,WH-London ,2011-01-23,WH-London,False,False
2011-02-01,23535,58.0,WH_London,,WH-London,False,False
2011-02-01,20677,90.0,WH_London,2011-01-18,WH-London,False,False
2011-02-01,21830,63.0,Main,2011-01-30,WH-London,False,False
2011-02-01,85230F,29.0,WH-North,,WH-North,False,False
2011-02-01,90001C,86.0,WH-London,2011-01-28,WH-London,False,False
2011-02-01,90052,92.0,,2011-01-24,UNKNOWN,False,False
2011-02-01,22882,25.0,WH-London ,2011-01-23,WH-London,False,False
2011-02-01,78124,133.0,,2011-01-26,UNKNOWN,False,False
2011-02-01,20966,49.0,,2011-01-27,UNKNOWN,False,False
2011-02-01,47590B,78.0,Main,2011-01-20,WH-London,False,False
2011-02-01,22470,71.0,Warehouse North,2011-01-18,WH-North,False,False
2011-02-01,22084,29.0,WH-North,,WH-North,False,False
2011-02-01,22779,36.0,WH_London,2011-01-23,WH-London,False,False
2011-02-01,84686,52.0,Warehouse North,2011-01-22,WH-North,False,False
2011-02-01,22928,-6.0,Warehouse North,2011-01-28,WH-North,True,False
2011-02-01,84746,74.0,Warehouse North,2011-01-25,WH-North,False,False
2011-02-01,81950B,6.0,WH-North,2011-01-26,WH-North,False,False
2011-02-01,21662,50.0,Main,2011-01-22,WH-London,False,False
2011-02-01,85135A,29.0,WH-London,2011-01-31,WH-London,False,False
2011-02-01,22904,67.0,WH-North,2011-01-22,WH-North,False,False
2011-02-01,22908,,WH-London,,WH-London,False,True
2011-02-01,90197B,0.0,WH-North,,WH-North,False,False
2011-02-01,79071B,32.0,,2011-01-19,UNKNOWN,False,False
2011-02-01,23471,65.0,,,UNKNOWN,False,False
2011-02-01,21630,56.0,WH-London ,2011-01-21,WH-London,False,False
2011-02-01,47593B,81.0,Warehouse North,2011-01-22,WH-North,False,False
2011-02-01,79163,,Warehouse North,2011-01-21,WH-North,False,True
2011-02-03,16011,49.0,WH-London ,2011-01-29,WH-London,False,False
2011-02-03,22928,17.0,WH-North,2011-01-24,WH-North,False,False
2011-02-03,85186C,43.0,WH-London ,2011-01-23,WH-London,False,False
2011-02-03,22095,49.0,WH-London ,2011-01-30,WH-London,False,False
2011-02-03,84805B,-11.0,WH-London ,2011-02-03,WH-London,True,False
2011-02-03,23341,23.0,WH_London,2011-01-31,WH-London,False,False
2011-02-03,23471,63.0,,2011-02-03,UNKNOWN,False,False
2011-02-03,20974,55.0,WH-London ,2011-01-30,WH-London,False,False
2011-02-03,22671,42.0,WH_London,,WH-London,False,False
2011-02-03,84989A,31.0,WH-North,,WH-North,False,False
2011-02-03,22882,-2.0,WH_London,2011-02-01,WH-London,True,False
2011-02-03,22965,-15.0,WH-London,2011-01-25,WH-London,True,False
2011-02-03,20996,-40.0,WH-North,2011-01-31,WH-North,True,False
2011-02-03,23060,,WH-North,,WH-North,False,True
2011-02-03,22070,51.0,WH-North,2011-01-30,WH-North,False,False
2011-02-03,20803,80.0,,2011-01-27,UNKNOWN,False,False
2011-02-03,23535,14.0,,2011-01-20,UNKNOWN,False,False
2011-02-03,21216,58.0,WH_London,2011-01-30,WH-London,False,False
2011-02-03,22289,28.0,Warehouse North,2011-01-20,WH-North,False,False
2011-02-03,22575,27.0,Warehouse North,2011-02-01,WH-North,False,False
2011-02-03,84732B,-72.0,WH-North,2011-01-28,WH-North,True,False
2011-02-03,22962,46.0,WH-London ,2011-01-28,WH-London,False,False
2011-02-03,23440,8.0,Warehouse North,2011-01-28,WH-North,False,False
2011-02-03,21222,52.0,,2011-01-23,UNKNOWN,False,False
2011-02-03,44092C,28.0,,2011-01-31,UNKNOWN,False,False
2011-02-03,21281,6.0,Main,2011-01-20,WH-London,False,False
2011-02-03,84674,20.0,Main,2011-01-24,WH-London,False,False
2011-02-03,22908,111.0,Warehouse North,2011-01-24,WH-North,False,False
2011-02-03,22560,86.0,Main,2011-01-28,WH-London,False,False
2011-02-03,82616B,10.0,WH-North,2011-01-24,WH-North,False,False
2011-02-03,84746,44.0,WH-London ,2011-02-03,WH-London,False,False
2011-02-03,16218,46.0,,2011-01-23,UNKNOWN,False,False
2011-02-03,17109D,42.0,,2011-01-22,UNKNOWN,False,False
2011-02-03,84559B,30.0,WH_London,2011-01-21,WH-London,False,False
2011-02-03,21135,72.0,Warehouse North,2011-01-20,WH-North,False,False
2011-02-03,21735,78.0,,2011-01-24,UNKNOWN,False,False
2011-02-03,23135,81.0,WH-London,,WH-London,False,False
2011-02-03,23692,59.0,Main,,WH-London,False,False
2011-02-03,72807B,68.0,,2011-01-31,UNKNOWN,False,False
2011-02-03,90065B,39.0,WH-North,2011-01-25,WH-North,False,False
2011-02-03,23458,2.0,WH_London,2011-01-30,WH-London,False,False
2011-02-03,90082D,1.0,WH-London ,2011-02-01,WH-London,False,False
2011-02-03,22185,24.0,WH-North,2011-01-26,WH-North,False,False
2011-02-03,79163,43.0,WH_London,2011-01-20,WH-London,False,False
2011-02-03,84638,11.0,WH-London ,2011-02-02,WH-London,False,False
2011-02-03,23611,16.0,Warehouse North,2011-01-27,WH-North,False,False
2011-02-03,84849B,,,2011-01-29,UNKNOWN,False,True
2011-02-03,72802C,75.0,WH-London ,2011-02-03,WH-London,False,False
2011-02-03,90185B,60.0,WH-North,2011-01-29,WH-North,False,False
2011-02-03,85231G,24.0,WH-London,2011-01-25,WH-London,False,False
2011-02-03,22470,51.0,WH-London ,2011-01-20,WH-London,False,False
2011-02-03,23093,10.0,,2011-01-23,UNKNOWN,False,False
2011-02-03,23189,24.0,WH_London,2011-01-22,WH-London,False,False
2011-02-03,23089,0.0,WH-North,2011-02-01,WH-North,False,False
2011-02-03,22332,62.0,WH-North,2011-01-26,WH-North,False,False
2011-02-03,22905,,WH_London,2011-02-03,WH-London,False,True
2011-02-03,23518,45.0,WH_London,2011-01-28,WH-London,False,False
2011-02-03,90214C,74.0,Main,2011-01-24,WH-London,False,False
2011-02-03,23140,20.0,WH-London ,2011-01-20,WH-London,False,False
2011-02-03,22156,64.0,WH-London,2011-01-31,WH-London,False,False
2011-02-03,85135A,109.0,WH-London,2011-01-30,WH-London,False,False
2011-02-03,47591D,20.0,Main,2011-01-22,WH-London,False,False
2011-02-03,21188,3.0,WH-London ,2011-01-23,WH-London,False,False
2011-02-03,85024C,12.0,WH_London,2011-01-20,WH-London,False,False
2011-02-03,22228,61.0,Main,2011-01-29,WH-London,False,False
2011-02-03,90214N,102.0,WH-London,2011-01-22,WH-London,False,False
2011-02-03,85040A,101.0,WH-London ,2011-02-01,WH-London,False,False
2011-02-03,22323,75.0,WH-London,2011-02-03,WH-London,False,False
2011-02-03,85026B,76.0,WH_London,2011-01-25,WH-London,False,False
2011-02-03,90052,-63.0,Main,2011-01-24,WH-London,True,False
2011-02-03,90071,71.0,WH-London,2011-02-03,WH-London,False,False
2011-02-03,23057,59.0,,2011-02-01,UNKNOWN,False,False
2011-02-03,22084,26.0,WH-London,2011-01-24,WH-London,False,False
2011-02-03,23085,,WH-London,2011-01-24,WH-London,False,True
2011-02-03,84715,90.0,WH-London ,2011-01-27,WH-London,False,False
2011-02-03,21147,26.0,WH_London,2011-01-25,WH-London,False,False
2011-02-03,22230,69.0,WH-London ,2011-02-02,WH-London,False,False
2011-02-03,21802,93.0,WH-London ,2011-01-25,WH-London,False,False
2011-02-03,22960,62.0,,2011-01-31,UNKNOWN,False,False
2011-02-03,90025E,43.0,WH-London ,2011-01-24,WH-London,False,False
2011-02-05,22087,92.0,WH-London ,,WH-London,False,False
2011-02-05,35965,57.0,WH_London,2011-01-29,WH-London,False,False
2011-02-05,22070,31.0,Main,2011-02-02,WH-London,False,False
2011-02-05,84746,15.0,Warehouse North,2011-01-23,WH-North,False,False
2011-02-05,22415,-37.0,WH-London,2011-02-04,WH-London,True,False
2011-02-05,84715,-109.0,Warehouse North,2011-02-03,WH-North,True,False
2011-02-05,23140,24.0,Main,2011-01-29,WH-London,False,False
2011-02-05,47590B,-78.0,WH-London ,2011-02-01,WH-London,True,False
2011-02-05,22178,22.0,WH-London,2011-01-28,WH-London,False,False
2011-02-05,21735,55.0,Main,2011-02-03,WH-London,False,False
2011-02-05,20677,63.0,WH-London,,WH-London,False,False
2011-02-05,21368,12.0,WH_London,2011-01-22,WH-London,False,False
2011-02-05,22095,78.0,Warehouse North,2011-01-28,WH-North,False,False
2011-02-05,22323,44.0,,2011-02-03,UNKNOWN,False,False
2011-02-05,85186C,66.0,WH-North,2011-02-02,WH-North,False,False
2011-02-05,21281,93.0,Main,2011-01-29,WH-London,False,False
2011-02-05,84732B,72.0,WH_London,2011-02-04,WH-London,False,False
2011-02-05,23272,47.0,WH_London,,WH-London,False,False
2011-02-05,23518,108.0,,2011-01-29,UNKNOWN,False,False
2011-02-05,85136C,48.0,Main,2011-02-03,WH-London,False,False
2011-02-05,72232,52.0,Warehouse North,2011-01-26,WH-North,False,False
2011-02-05,22637,-45.0,WH-North,2011-02-03,WH-North,True,False
2011-02-05,90011C,13.0,Warehouse North,2011-01-27,WH-North,False,False
2011-02-05,84872A,9.0,Main,2011-01-22,WH-London,False,False
2011-02-05,37444C,33.0,,,UNKNOWN,False,False
2011-02-05,16048,19.0,WH-North,2011-01-24,WH-North,False,False
2011-02-05,21009,41.0,Main,,WH-London,False,False
2011-02-05,10133,74.0,WH-London,,WH-London,False,False
2011-02-05,37424,37.0,WH_London,2011-01-22,WH-London,False,False
2011-02-05,90082D,56.0,Warehouse North,2011-01-27,WH-North,False,False
2011-02-05,35819P,34.0,WH_London,2011-02-02,WH-London,False,False
2011-02-05,90214N,126.0,WH-London ,2011-01-31,WH-London,False,False
2011-02-05,21159,95.0,Main,2011-01-29,WH-London,False,False
2011-02-05,21195,42.0,,2011-02-05,UNKNOWN,False,False
2011-02-05,90201C,58.0,Warehouse North,2011-01-27,WH-North,False,False
2011-02-05,90152A,,WH_London,2011-01-24,WH-London,False,True
2011-02-05,72807B,43.0,WH-London,2011-01-25,WH-London,False,False
2011-02-05,DCGSSBOY,31.0,WH-London,2011-02-04,WH-London,False,False
2011-02-05,84804A,72.0,WH-London ,,WH-London,False,False
2011-02-05,22779,22.0,WH-London,2011-01-24,WH-London,False,False
2011-02-05,21683,-99.0,WH-London,2011-01-26,WH-London,True,False
2011-02-05,21745,48.0,WH-North,2011-01-23,WH-North,False,False
2011-02-05,23057,23.0,Main,2011-02-01,WH-London,False,False
2011-02-05,23619,50.0,,2011-02-05,UNKNOWN,False,False
2011-02-05,85040A,72.0,Warehouse North,,WH-North,False,False
2011-02-05,81952B,65.0,WH-London ,2011-02-03,WH-London,False,False
2011-02-05,90185B,54.0,Main,2011-01-30,WH-London,False,False
2011-02-05,22066,-76.0,Warehouse North,,WH-North,True,False
2011-02-05,20731,74.0,WH-London,,WH-London,False,False
2011-02-05,84559B,74.0,WH-North,2011-01-31,WH-North,False,False
2011-02-05,22671,41.0,WH_London,2011-01-23,WH-London,False,False
2011-02-05,23010,41.0,WH-North,,WH-North,False,False
2011-02-05,23458,43.0,WH_London,2011-01-28,WH-London,False,False
2011-02-05,22272,35.0,Main,2011-01-31,WH-London,False,False
2011-02-05,22908,53.0,Warehouse North,2011-02-01,WH-North,False,False
2011-02-05,72800F,49.0,,2011-01-24,UNKNOWN,False,False
2011-02-05,21356,99.0,WH-London,2011-02-04,WH-London,False,False
2011-02-05,23189,34.0,WH-London ,2011-01-25,WH-London,False,False
2011-02-05,15036,20.0,,2011-01-27,UNKNOWN,False,False
2011-02-05,22156,69.0,WH-London,2011-02-02,WH-London,False,False
2011-02-05,84856S,52.0,WH_London,2011-02-05,WH-London,False,False
2011-02-05,23535,29.0,WH-London ,2011-02-02,WH-London,False,False
2011-02-05,20996,73.0,,2011-01-30,UNKNOWN,False,False
2011-02-05,23060,41.0,Warehouse North,2011-01-27,WH-North,False,False
2011-02-05,22030,95.0,Main,2011-02-04,WH-London,False,False
2011-02-05,90026D,21.0,Main,,WH-London,False,False
2011-02-05,20966,,WH_London,2011-02-01,WH-London,False,True
2011-02-05,47593B,53.0,WH-London ,,WH-London,False,False
2011-02-05,23440,90.0,Warehouse North,2011-01-31,WH-North,False,False
2011-02-05,46000P,-28.0,WH-London,2011-02-05,WH-London,True,False
2011-02-05,20657,61.0,WH_London,2011-01-22,WH-London,False,False
2011-02-05,22882,15.0,WH-London ,2011-01-26,WH-London,False,False
2011-02-05,22114,77.0,WH-London,2011-01-22,WH-London,False,False
2011-02-05,23135,,WH-London,2011-01-29,WH-London,False,True
2011-02-05,22216,68.0,WH-North,2011-02-05,WH-North,False,False
2011-02-05,90065B,70.0,,2011-02-02,UNKNOWN,False,False
2011-02-05,84686,4.0,WH-London,,WH-London,False,False
2011-02-05,23341,56.0,WH-London ,2011-01-27,WH-London,False,False
2011-02-05,22084,34.0,Main,2011-01-25,WH-London,False,False
2011-02-05,84805B,64.0,Main,2011-01-26,WH-London,False,False
2011-02-07,84674,23.0,WH_London,2011-02-02,WH-London,False,False
2011-02-07,84559B,32.0,WH-North,2011-01-30,WH-North,False,False
2011-02-07,90067B,85.0,WH-North,2011-02-01,WH-North,False,False
2011-02-07,20724,83.0,WH-London ,2011-01-31,WH-London,False,False
2011-02-07,90082D,20.0,Main,2011-02-07,WH-London,False,False
2011-02-07,21428,103.0,Main,2011-02-05,WH-London,False,False
2011-02-07,79160,-27.0,WH_London,2011-02-01,WH-London,True,False
2011-02-07,22965,56.0,,,UNKNOWN,False,False
2011-02-07,85024C,,WH-London,2011-02-04,WH-London,False,True
2011-02-07,21628,61.0,WH-London,,WH-London,False,False
2011-02-07,22156,42.0,WH_London,2011-02-07,WH-London,False,False
2011-02-07,90011C,19.0,Warehouse North,2011-02-03,WH-North,False,False
2011-02-07,90185B,27.0,Warehouse North,2011-01-29,WH-North,False,False
2011-02-07,22210,-26.0,WH-London,2011-02-02,WH-London,True,False
2011-02-07,90025E,-52.0,Main,2011-01-26,WH-London,True,False
2011-02-07,37471,79.0,,2011-01-24,UNKNOWN,False,False
2011-02-07,23140,108.0,Warehouse North,2011-02-01,WH-North,False,False
2011-02-07,22114,-44.0,WH-London,2011-01-30,WH-London,True,False
2011-02-07,90214N,58.0,Main,2011-01-24,WH-London,False,False
2011-02-07,22070,85.0,WH_London,2011-01-31,WH-London,False,False
2011-02-07,23619,-36.0,Main,2011-01-31,WH-London,True,False
2011-02-07,21662,26.0,WH-London,2011-01-29,WH-London,False,False
2011-02-07,90071,108.0,WH-North,2011-01-30,WH-North,False,False
2011-02-07,20731,44.0,WH-North,2011-01-24,WH-North,False,False
2011-02-07,85136C,56.0,WH_London,2011-01-27,WH-London,False,False
2011-02-07,84989A,1.0,Warehouse North,2011-02-05,WH-North,False,False
2011-02-07,84805B,-34.0,Warehouse North,2011-02-05,WH-North,True,False
2011-02-07,84732B,106.0,Warehouse North,2011-02-07,WH-North,False,False
2011-02-07,21504,63.0,,2011-01-26,UNKNOWN,False,False
2011-02-07,22084,49.0,WH-London ,2011-01-28,WH-London,False,False
2011-02-07,84660C,91.0,,2011-01-27,UNKNOWN,False,False
2011-02-07,37467,0.0,WH-London ,2011-01-27,WH-London,False,False
2011-02-07,84715,37.0,WH-London,2011-02-02,WH-London,False,False
2011-02-07,20677,118.0,,2011-01-27,UNKNOWN,False,False
2011-02-07,22908,48.0,Warehouse North,2011-02-03,WH-North,False,False
2011-02-07,79071B,48.0,WH-London,,WH-London,False,False
2011-02-07,90214C,85.0,WH_London,2011-01-30,WH-London,False,False
2011-02-07,22882,87.0,WH-London ,2011-02-05,WH-London,False,False
2011-02-07,90143,10.0,WH-London ,2011-01-30,WH-London,False,False
2011-02-07,72800F,62.0,WH-London,2011-01-28,WH-London,False,False
2011-02-07,22099,102.0,WH-North,,WH-North,False,False
2011-02-07,22928,30.0,,2011-02-07,UNKNOWN,False,False
2011-02-07,84631,38.0,WH-London,2011-01-28,WH-London,False,False
2011-02-07,84872A,50.0,WH_London,2011-02-05,WH-London,False,False
2011-02-07,22230,70.0,Warehouse North,2011-02-04,WH-North,False,False
2011-02-07,85184C,7.0,WH-London ,,WH-London,False,False
2011-02-07,90201C,-43.0,WH-North,2011-02-06,WH-North,True,False
2011-02-07,10133,56.0,WH-North,2011-01-26,WH-North,False,False
2011-02-07,85135A,-84.0,WH-London,2011-02-04,WH-London,True,False
2011-02-07,21735,40.0,,2011-02-04,UNKNOWN,False,False
2011-02-07,47593B,31.0,Main,2011-01-25,WH-London,False,False
2011-02-07,21348,44.0,WH-London ,2011-01-24,WH-London,False,False
2011-02-07,21745,97.0,Main,2011-01-27,WH-London,False,False
2011-02-07,23440,30.0,Main,2011-02-01,WH-London,False,False
2011-02-07,21683,67.0,WH-London ,2011-01-30,WH-London,False,False
2011-02-07,90152A,15.0,Warehouse North,2011-02-01,WH-North,False,False
2011-02-07,23089,-16.0,Main,2011-01-28,WH-London,True,False
2011-02-07,23458,-75.0,WH_London,2011-01-26,WH-London,True,False
2011-02-07,90197B,99.0,Main,2011-02-02,WH-London,False,False
2011-02-07,22415,76.0,Warehouse North,2011-02-01,WH-North,False,False
2011-02-07,85026B,-11.0,WH-North,2011-01-24,WH-North,True,False
2011-02-07,21216,37.0,Main,2011-01-31,WH-London,False,False
2011-02-07,72802C,57.0,WH_London,2011-01-29,WH-London,False,False
2011-02-07,23342,51.0,WH_London,2011-01-25,WH-London,False,False
2011-02-07,44092C,-7.0,WH_London,2011-02-02,WH-London,True,False
2011-02-07,90065B,11.0,WH_London,2011-02-04,WH-London,False,False
2011-02-07,37424,25.0,Warehouse North,2011-01-29,WH-North,False,False
2011-02-07,90026D,47.0,Main,2011-01-26,WH-London,False,False
2011-02-07,21484,-8.0,WH_London,2011-01-28,WH-London,True,False
2011-02-07,20963,68.0,WH_London,2011-01-31,WH-London,False,False
2011-02-07,16010,47.0,,2011-02-03,UNKNOWN,False,False
2011-02-07,20771,18.0,Main,2011-02-02,WH-London,False,False
2011-02-07,85186C,55.0,Warehouse North,2011-02-01,WH-North,False,False
2011-02-07,22185,6.0,WH-North,2011-02-02,WH-North,False,False
2011-02-07,22962,48.0,WH_London,2011-02-01,WH-London,False,False
2011-02-07,84789,-4.0,WH-London,,WH-London,True,False
2011-02-07,21281,0.0,Warehouse North,2011-01-30,WH-North,False,False
2011-02-07,72807B,36.0,WH-North,2011-02-03,WH-North,False,False
2011-02-07,20702,-28.0,Warehouse North,2011-01-31,WH-North,True,False
2011-02-07,21368,61.0,WH-London ,2011-02-02,WH-London,False,False
2011-02-09,21220,49.0,Warehouse North,,WH-North,False,False
2011-02-09,90161B,113.0,,2011-01-28,UNKNOWN,False,False
2011-02-09,23458,42.0,WH-London,2011-01-31,WH-London,False,False
2011-02-09,85231G,-48.0,WH-London ,2011-01-29,WH-London,True,False
2011-02-09,17109D,11.0,,2011-01-28,UNKNOWN,False,False
2011-02-09,47591D,14.0,WH_London,2011-02-06,WH-London,False,False
2011-02-09,84856S,151.0,Warehouse North,2011-02-02,WH-North,False,False
2011-02-09,23093,48.0,WH-North,2011-01-29,WH-North,False,False
2011-02-09,21865,-83.0,WH-London,2011-02-04,WH-London,True,False
2011-02-09,22185,,Warehouse North,2011-01-26,WH-North,False,True
2011-02-09,22715,11.0,WH_London,2011-02-04,WH-London,False,False
2011-02-09,90152C,-3.0,WH-London ,2011-01-27,WH-London,True,False
2011-02-09,22575,69.0,WH-North,2011-01-27,WH-North,False,False
2011-02-09,44092C,16.0,WH-London,2011-02-08,WH-London,False,False
2011-02-09,15044B,79.0,WH-North,2011-02-09,WH-North,False,False
2011-02-09,84631,46.0,WH_London,2011-02-05,WH-London,False,False
2011-02-09,DCGSSBOY,68.0,Main,2011-02-06,WH-London,False,False
2011-02-09,22637,59.0,WH-London,2011-02-08,WH-London,False,False
2011-02-09,22560,60.0,Main,2011-01-27,WH-London,False,False
2011-02-09,21484,53.0,WH-North,2011-02-03,WH-North,False,False
2011-02-09,90177A,58.0,Main,2011-01-31,WH-London,False,False
2011-02-09,23535,51.0,WH-London,2011-01-28,WH-London,False,False
2011-02-09,84789,8.0,Warehouse North,2011-02-04,WH-North,False,False
2011-02-09,23518,38.0,WH-London ,2011-02-09,WH-London,False,False
2011-02-09,10133,115.0,WH_London,2011-02-09,WH-London,False,False
2011-02-09,22095,59.0,Warehouse North,2011-02-09,WH-North,False,False
2011-02-09,22210,84.0,WH-London ,2011-01-27,WH-London,False,False
2011-02-09,22098,20.0,Warehouse North,2011-02-07,WH-North,False,False
2011-02-09,21009,19.0,WH-London ,2011-01-28,WH-London,False,False
2011-02-09,84849B,-13.0,WH-London ,,WH-London,True,False
2011-02-09,22962,10.0,,2011-02-01,UNKNOWN,False,False
2011-02-09,21377,1.0,WH-North,2011-01-30,WH-North,False,False
2011-02-09,21504,56.0,WH-North,2011-01-27,WH-North,False,False
2011-02-09,22272,39.0,WH-North,2011-02-07,WH-North,False,False
2011-02-09,90067B,76.0,Main,,WH-London,False,False
2011-02-09,20657,-40.0,Main,2011-01-31,WH-London,True,False
2011-02-09,21670,-22.0,WH_London,2011-02-04,WH-London,True,False
2011-02-09,21281,63.0,WH-London ,2011-01-30,WH-London,False,False
2011-02-09,23342,-10.0,WH-North,2011-01-29,WH-North,True,False
2011-02-09,21159,56.0,Warehouse North,2011-02-09,WH-North,False,False
2011-02-09,90143,26.0,WH_London,2011-02-02,WH-London,False,False
2011-02-09,23010,56.0,WH-London ,2011-02-03,WH-London,False,False
2011-02-09,22030,6.0,WH-London ,2011-01-26,WH-London,False,False
2011-02-09,85119,73.0,WH_London,2011-02-03,WH-London,False,False
2011-02-09,22084,51.0,WH-London,2011-02-04,WH-London,False,False
2011-02-09,21147,39.0,WH-London,2011-01-27,WH-London,False,False
2011-02-09,85136C,0.0,WH_London,2011-01-26,WH-London,False,False
2011-02-09,22960,,WH-London,2011-01-29,WH-London,False,True
2011-02-09,22779,22.0,WH-North,2011-02-01,WH-North,False,False
2011-02-09,84674,57.0,WH_London,2011-02-02,WH-London,False,False
2011-02-09,21135,21.0,WH_London,,WH-London,False,False
2011-02-09,21630,163.0,Warehouse North,2011-02-03,WH-North,False,False
2011-02-09,37444C,,Main,2011-01-29,WH-London,False,True
2011-02-09,20803,31.0,WH-London ,2011-02-03,WH-London,False,False
2011-02-09,22908,68.0,,2011-02-05,UNKNOWN,False,False
2011-02-09,16048,72.0,WH-London ,,WH-London,False,False
2011-02-09,84732B,61.0,WH-London,,WH-London,False,False
2011-02-09,85230F,-40.0,Warehouse North,2011-02-03,WH-North,True,False
2011-02-09,23089,63.0,Warehouse North,2011-02-05,WH-North,False,False
2011-02-09,79071B,45.0,WH-London,2011-02-09,WH-London,False,False
2011-02-09,85024C,49.0,WH-London,2011-01-26,WH-London,False,False
2011-02-09,79190B,26.0,Warehouse North,2011-01-30,WH-North,False,False
2011-02-09,23611,6.0,WH-North,2011-02-04,WH-North,False,False
2011-02-09,21428,66.0,WH_London,2011-02-01,WH-London,False,False
2011-02-09,22156,68.0,WH_London,2011-02-04,WH-London,False,False
2011-02-09,47593A,88.0,Main,2011-02-01,WH-London,False,False
2011-02-09,21628,51.0,Main,2011-02-06,WH-London,False,False
2011-02-09,85026B,43.0,WH_London,2011-02-01,WH-London,False,False
2011-02-09,90082D,7.0,Warehouse North,,WH-North,False,False
2011-02-09,22483,48.0,WH_London,2011-02-07,WH-London,False,False
2011-02-09,23483,60.0,WH-London ,2011-02-06,WH-London,False,False
2011-02-09,90195B,-4.0,WH-London,2011-02-01,WH-London,True,False
2011-02-09,37424,82.0,Warehouse North,2011-02-05,WH-North,False,False
2011-02-09,72225C,28.0,Warehouse North,2011-01-30,WH-North,False,False
2011-02-09,21745,-44.0,WH-London,2011-01-27,WH-London,True,False
2011-02-09,20731,67.0,WH-London,2011-02-04,WH-London,False,False
2011-02-09,22905,49.0,Warehouse North,2011-02-03,WH-North,False,False
2011-02-09,21080,92.0,Main,2011-02-06,WH-London,False,False
2011-02-09,23619,68.0,WH-London ,2011-01-31,WH-London,False,False
2011-02-09,84675,45.0,WH-London,,WH-London,False,False
2011-02-11,21368,43.0,WH-London ,2011-02-04,WH-London,False,False
2011-02-11,22560,79.0,WH_London,2011-01-31,WH-London,False,False
2011-02-11,20657,14.0,Warehouse North,2011-02-10,WH-North,False,False
2011-02-11,22084,75.0,,2011-02-02,UNKNOWN,False,False
2011-02-11,22178,64.0,Warehouse North,2011-02-06,WH-North,False,False
2011-02-11,84872A,44.0,WH-London,,WH-London,False,False
2011-02-11,22960,78.0,Warehouse North,2011-02-04,WH-North,False,False
2011-02-11,16048,65.0,Main,2011-02-06,WH-London,False,False
2011-02-11,85184C,59.0,,2011-02-05,UNKNOWN,False,False
2011-02-11,15044B,-1.0,Main,2011-01-31,WH-London,True,False
2011-02-11,90161B,51.0,WH-London ,2011-02-05,WH-London,False,False
2011-02-11,21428,12.0,WH_London,2011-01-28,WH-London,False,False
2011-02-11,90071,17.0,Warehouse North,2011-01-28,WH-North,False,False
2011-02-11,23471,39.0,WH-London,2011-02-01,WH-London,False,False
2011-02-11,23075,93.0,WH-North,2011-02-11,WH-North,False,False
2011-02-11,17028J,60.0,WH-North,2011-02-09,WH-North,False,False
2011-02-11,22928,62.0,,2011-02-07,UNKNOWN,False,False
2011-02-11,22114,73.0,WH-North,2011-02-02,WH-North,False,False
2011-02-11,23483,23.0,,2011-02-04,UNKNOWN,False,False
2011-02-11,90152C,2.0,WH_London,2011-01-30,WH-London,False,False
2011-02-11,90011C,-2.0,WH-London,2011-02-01,WH-London,True,False
2011-02-11,21745,56.0,Main,2011-01-28,WH-London,False,False
2011-02-11,22230,79.0,WH-North,2011-02-06,WH-North,False,False
2011-02-11,22962,77.0,WH_London,2011-02-01,WH-London,False,False
2011-02-11,90214N,25.0,,2011-02-07,UNKNOWN,False,False
2011-02-11,23458,,WH-London ,,WH-London,False,True
2011-02-11,23089,111.0,Warehouse North,,WH-North,False,False
2011-02-11,21222,-68.0,Main,2011-01-29,WH-London,True,False
2011-02-11,23341,94.0,WH-London,2011-01-31,WH-London,False,False
2011-02-11,90195B,76.0,WH_London,2011-02-01,WH-London,False,False
2011-02-11,90052,-43.0,WH-London ,2011-02-03,WH-London,True,False
2011-02-11,23342,30.0,WH-London ,2011-02-05,WH-London,False,False
2011-02-11,20702,1.0,WH-North,2011-02-11,WH-North,False,False
2011-02-11,84732B,36.0,,2011-02-04,UNKNOWN,False,False
2011-02-11,85026B,-42.0,,2011-02-09,UNKNOWN,True,False
2011-02-11,23611,43.0,Warehouse North,2011-02-05,WH-North,False,False
2011-02-11,21802,46.0,WH-London,2011-02-07,WH-London,False,False
2011-02-11,23010,-18.0,WH-North,2011-02-10,WH-North,True,False
2011-02-11,21791,73.0,Main,2011-02-08,WH-London,False,False
2011-02-11,90185B,-76.0,Main,2011-02-09,WH-London,True,False
2011-02-11,47591D,61.0,WH-London,2011-01-29,WH-London,False,False
2011-02-11,21865,14.0,WH-London,2011-02-02,WH-London,False,False
2011-02-11,22087,61.0,Main,,WH-London,False,False
2011-02-11,90025E,50.0,WH-North,2011-01-31,WH-North,False,False
2011-02-11,21265,-64.0,Main,2011-01-30,WH-London,True,False
2011-02-11,84638,96.0,WH-London ,2011-02-03,WH-London,False,False
2011-02-11,23518,44.0,Warehouse North,2011-01-30,WH-North,False,False
2011-02-11,47593B,,Main,2011-01-30,WH-London,False,True
2011-02-11,72232,24.0,Main,2011-02-08,WH-London,False,False
2011-02-11,21356,77.0,Warehouse North,2011-01-31,WH-North,False,False
2011-02-11,22289,71.0,,2011-02-01,UNKNOWN,False,False
2011-02-11,72802C,56.0,WH-North,2011-02-05,WH-North,False,False
2011-02-11,23547,18.0,WH-London,,WH-London,False,False
2011-02-11,22715,29.0,WH-London,2011-01-28,WH-London,False,False
2011-02-11,85040A,-4.0,,2011-02-06,UNKNOWN,True,False
2011-02-11,79163,29.0,Main,,WH-London,False,False
2011-02-11,22070,71.0,WH-North,2011-02-04,WH-North,False,False
2011-02-11,23135,61.0,Main,2011-02-02,WH-London,False,False
2011-02-11,22905,54.0,,2011-02-07,UNKNOWN,False,False
2011-02-11,90177A,94.0,WH-London,2011-02-11,WH-London,False,False
2011-02-11,85136C,59.0,WH-London ,2011-01-29,WH-London,False,False
2011-02-11,82613C,32.0,WH_London,2011-02-10,WH-London,False,False
2011-02-11,21683,29.0,Warehouse North,2011-02-07,WH-North,False,False
2011-02-11,22216,,WH_London,2011-01-31,WH-London,False,True
2011-02-11,82616C,36.0,WH-North,2011-01-29,WH-North,False,False
2011-02-11,47593A,78.0,WH_London,2011-02-06,WH-London,False,False
2011-02-11,35965,62.0,WH-London ,2011-02-10,WH-London,False,False
2011-02-11,22882,40.0,Main,2011-01-30,WH-London,False,False
2011-02-11,90026D,41.0,Main,2011-01-28,WH-London,False,False
2011-02-11,90067B,71.0,WH_London,2011-02-01,WH-London,False,False
2011-02-11,90143,80.0,Main,2011-02-07,WH-London,False,False
2011-02-11,23189,-5.0,,2011-01-31,UNKNOWN,True,False
2011-02-11,21336,-44.0,WH-North,,WH-North,True,False
2011-02-11,21188,,Main,2011-02-03,WH-London,False,True
2011-02-11,22210,66.0,WH-North,2011-02-08,WH-North,False,False
2011-02-11,21080,53.0,,2011-01-31,UNKNOWN,False,False
2011-02-11,22272,62.0,WH-London,2011-01-31,WH-London,False,False
2011-02-11,21135,42.0,Main,2011-02-03,WH-London,False,False
2011-02-11,21147,25.0,,2011-02-07,UNKNOWN,False,False
2011-02-11,79160,73.0,Main,2011-02-03,WH-London,False,False
2011-02-13,90067B,74.0,WH_London,2011-02-09,WH-London,False,False
2011-02-13,22637,-69.0,WH-London,2011-01-31,WH-London,True,False
2011-02-13,10133,-74.0,WH_London,2011-02-12,WH-London,True,False
2011-02-13,22483,20.0,WH_London,2011-02-01,WH-London,False,False
2011-02-13,72225C,-34.0,WH-North,,WH-North,True,False
2011-02-13,22230,83.0,WH-London ,2011-02-02,WH-London,False,False
2011-02-13,20974,60.0,Warehouse North,2011-02-06,WH-North,False,False
2011-02-13,21802,51.0,WH-London,2011-02-03,WH-London,False,False
2011-02-13,22323,42.0,WH-North,2011-01-30,WH-North,False,False
2011-02-13,22928,88.0,WH_London,2011-02-02,WH-London,False,False
2011-02-13,20677,-3.0,WH-North,2011-02-02,WH-North,True,False
2011-02-13,17028J,58.0,WH-London,2011-02-09,WH-London,False,False
2011-02-13,15036,48.0,,2011-01-31,UNKNOWN,False,False
2011-02-13,22087,12.0,WH-North,2011-02-03,WH-North,False,False
2011-02-13,84746,98.0,WH-London ,2011-02-08,WH-London,False,False
2011-02-13,90214C,-30.0,Warehouse North,2011-02-13,WH-North,True,False
2011-02-13,23140,53.0,,2011-02-01,UNKNOWN,False,False
2011-02-13,21865,65.0,WH_London,2011-02-03,WH-London,False,False
2011-02-13,20803,20.0,WH-North,2011-02-08,WH-North,False,False
2011-02-13,85026B,58.0,WH-London ,2011-02-08,WH-London,False,False
2011-02-13,21630,-43.0,Warehouse North,2011-02-05,WH-North,True,False
2011-02-13,90026D,79.0,WH-North,,WH-North,False,False
2011-02-13,22332,-155.0,WH-London ,2011-01-31,WH-London,True,False
2011-02-13,85184C,-60.0,WH-North,2011-02-12,WH-North,True,False
2011-02-13,84849B,68.0,WH-North,2011-02-11,WH-North,False,False
2011-02-13,85040A,20.0,WH_London,,WH-London,False,False
2011-02-13,21428,56.0,Warehouse North,2011-02-09,WH-North,False,False
2011-02-13,16011,38.0,WH-London ,,WH-London,False,False
2011-02-13,23234,73.0,WH-London,2011-02-01,WH-London,False,False
2011-02-13,85119,7.0,Main,2011-02-06,WH-London,False,False
2011-02-13,84559B,17.0,,2011-02-02,UNKNOWN,False,False
2011-02-13,21735,-85.0,Main,2011-02-01,WH-London,True,False
2011-02-13,22185,56.0,WH-London,2011-02-10,WH-London,False,False
2011-02-13,23204,89.0,Warehouse North,2011-01-30,WH-North,False,False
2011-02-13,20756,60.0,,2011-02-02,UNKNOWN,False,False
2011-02-13,23334,65.0,WH-London,2011-02-10,WH-London,False,False
2011-02-13,22779,40.0,,,UNKNOWN,False,False
2011-02-13,21188,44.0,WH-London ,2011-02-06,WH-London,False,False
2011-02-13,85135A,-78.0,WH-North,2011-02-12,WH-North,True,False
2011-02-13,47469,45.0,WH_London,2011-01-30,WH-London,False,False
2011-02-13,23458,85.0,Warehouse North,2011-02-12,WH-North,False,False
2011-02-13,22210,46.0,Warehouse North,,WH-North,False,False
2011-02-13,22905,14.0,,2011-02-07,UNKNOWN,False,False
2011-02-13,22965,11.0,WH-London ,,WH-London,False,False
2011-02-13,84638,44.0,,2011-02-09,UNKNOWN,False,False
2011-02-13,90065B,77.0,,2011-01-30,UNKNOWN,False,False
2011-02-13,21368,30.0,WH-North,2011-01-30,WH-North,False,False
2011-02-13,47590B,71.0,WH-North,2011-02-04,WH-North,False,False
2011-02-13,84789,53.0,WH-London ,2011-02-01,WH-London,False,False
2011-02-13,21484,68.0,WH-North,2011-02-02,WH-North,False,False
2011-02-13,79160,41.0,WH-London ,2011-02-07,WH-London,False,False
2011-02-13,23483,55.0,WH-London,2011-02-12,WH-London,False,False
2011-02-13,21336,78.0,WH-London,2011-02-02,WH-London,False,False
2011-02-13,21195,49.0,WH-North,2011-01-30,WH-North,False,False
2011-02-13,35819P,34.0,Main,2011-02-05,WH-London,False,False
2011-02-13,23135,-4.0,Main,2011-01-30,WH-London,True,False
2011-02-13,47591D,-66.0,WH-North,2011-02-10,WH-North,True,False
2011-02-13,90197B,26.0,WH-North,2011-02-09,WH-North,False,False
2011-02-13,44092C,34.0,Main,2011-02-07,WH-London,False,False
2011-02-13,90082D,17.0,WH-London ,2011-02-10,WH-London,False,False
2011-02-13,23060,43.0,WH-London ,2011-02-12,WH-London,False,False
2011-02-13,84660C,112.0,WH-London,2011-02-08,WH-London,False,False
2011-02-13,90011C,60.0,Main,2011-02-13,WH-London,False,False
2011-02-13,23619,30.0,Main,2011-02-13,WH-London,False,False
2011-02-13,23189,36.0,WH-London,2011-02-01,WH-London,False,False
2011-02-13,85024C,6.0,WH-London,,WH-London,False,False
2011-02-13,16218,16.0,WH-London,2011-01-30,WH-London,False,False
2011-02-13,22923,11.0,Main,2011-02-04,WH-London,False,False
2011-02-13,21220,-58.0,WH_London,2011-02-03,WH-London,True,False
2011-02-13,84675,63.0,,2011-02-09,UNKNOWN,False,False
2011-02-13,22228,52.0,Main,2011-02-03,WH-London,False,False
2011-02-13,22084,61.0,Warehouse North,2011-02-01,WH-North,False,False
2011-02-13,21504,-27.0,Main,2011-02-04,WH-London,True,False
2011-02-13,22216,15.0,Warehouse North,,WH-North,False,False
2011-02-13,23471,,WH-North,,WH-North,False,True
2011-02-13,22715,14.0,Warehouse North,2011-02-08,WH-North,False,False
2011-02-13,21628,60.0,WH_London,2011-02-07,WH-London,False,False
2011-02-13,21348,110.0,Warehouse North,2011-02-09,WH-North,False,False
2011-02-13,22178,18.0,WH_London,2011-02-08,WH-London,False,False
2011-02-13,23341,39.0,WH-North,2011-02-13,WH-North,False,False
2011-02-15,21504,56.0,Main,2011-02-11,WH-London,False,False
2011-02-15,23692,,Warehouse North,2011-02-04,WH-North,False,True
2011-02-15,23458,59.0,,2011-02-12,UNKNOWN,False,False
2011-02-15,23440,32.0,WH-London,2011-02-08,WH-London,False,False
2011-02-15,90071,29.0,WH_London,2011-02-07,WH-London,False,False
2011-02-15,90161B,44.0,WH-North,2011-02-15,WH-North,False,False
2011-02-15,22908,59.0,WH_London,2011-02-04,WH-London,False,False
2011-02-15,21336,88.0,WH_London,2011-02-13,WH-London,False,False
2011-02-15,22095,61.0,WH-London,2011-02-10,WH-London,False,False
2011-02-15,84746,-42.0,WH-London,2011-02-11,WH-London,True,False
2011-02-15,84849B,74.0,WH-London ,2011-02-02,WH-London,False,False
2011-02-15,85026B,80.0,WH_London,2011-02-01,WH-London,False,False
2011-02-15,16010,40.0,WH-London ,2011-02-03,WH-London,False,False
2011-02-15,85230F,45.0,WH-North,2011-02-08,WH-North,False,False
2011-02-15,21009,37.0,WH-North,,WH-North,False,False
2011-02-15,22272,74.0,WH-London,2011-02-12,WH-London,False,False
2011-02-15,21147,52.0,,2011-02-12,UNKNOWN,False,False
2011-02-15,23535,-7.0,WH-London,2011-02-14,WH-London,True,False
2011-02-15,84686,62.0,WH-North,2011-02-10,WH-North,False,False
2011-02-15,21265,94.0,WH-North,2011-02-03,WH-North,False,False
2011-02-15,20756,97.0,WH-London,,WH-London,False,False
2011-02-15,22185,35.0,Main,,WH-London,False,False
2011-02-15,72232,29.0,WH-London,2011-02-02,WH-London,False,False
2011-02-15,22637,106.0,WH-London ,2011-02-10,WH-London,False,False
2011-02-15,21865,97.0,WH_London,2011-02-02,WH-London,False,False
2011-02-15,37471,64.0,,2011-02-01,UNKNOWN,False,False
2011-02-15,21630,1.0,WH-London ,2011-02-06,WH-London,False,False
2011-02-15,21791,31.0,WH-London,,WH-London,False,False
2011-02-15,21735,17.0,Main,2011-02-03,WH-London,False,False
2011-02-15,22323,104.0,WH_London,2011-02-09,WH-London,False,False
2011-02-15,23483,4.0,WH-London,2011-02-03,WH-London,False,False
2011-02-15,23234,104.0,Main,2011-02-12,WH-London,False,False
2011-02-15,22230,46.0,WH-London,2011-02-11,WH-London,False,False
2011-02-15,85186C,14.0,WH-London,2011-02-15,WH-London,False,False
2011-02-15,22289,79.0,WH_London,2011-02-07,WH-London,False,False
2011-02-15,78124,68.0,Main,2011-02-15,WH-London,False,False
2011-02-15,85184C,12.0,Warehouse North,2011-02-09,WH-North,False,False
2011-02-15,23471,49.0,WH-London,2011-02-14,WH-London,False,False
2011-02-15,84856S,91.0,Main,2011-02-15,WH-London,False,False
2011-02-15,82613C,37.0,WH-London,2011-02-12,WH-London,False,False
2011-02-15,85040A,100.0,WH-North,,WH-North,False,False
2011-02-15,20803,,WH-London ,2011-02-14,WH-London,False,True
2011-02-15,22923,1.0,WH-London,2011-02-03,WH-London,False,False
2011-02-15,21802,51.0,WH_London,,WH-London,False,False
2011-02-15,16218,6.0,Warehouse North,2011-02-08,WH-North,False,False
2011-02-15,84559B,53.0,Main,2011-02-01,WH-London,False,False
2011-02-15,21281,50.0,WH-North,2011-02-11,WH-North,False,False
2011-02-15,72807B,,WH-London ,2011-02-07,WH-London,False,True
2011-02-15,22882,-106.0,Warehouse North,2011-02-10,WH-North,True,False
2011-02-15,90152C,49.0,,2011-02-04,UNKNOWN,False,False
2011-02-15,22248,75.0,WH-London,2011-02-05,WH-London,False,False
2011-02-15,20996,77.0,WH-London,2011-02-10,WH-London,False,False
2011-02-15,23068,102.0,WH-North,2011-02-07,WH-North,False,False
2011-02-15,23060,13.0,,,UNKNOWN,False,False
2011-02-15,22087,-2.0,WH-London,2011-02-08,WH-London,True,False
2011-02-15,35965,101.0,WH-London ,2011-02-06,WH-London,False,False
2011-02-15,23010,67.0,,2011-02-06,UNKNOWN,False,False
2011-02-15,90001C,53.0,Main,2011-02-02,WH-London,False,False
2011-02-15,47593A,46.0,WH-North,2011-02-05,WH-North,False,False
2011-02-15,22099,40.0,Warehouse North,,WH-North,False,False
2011-02-15,81952B,75.0,Main,2011-02-09,WH-London,False,False
2011-02-15,72802C,6.0,WH-London ,2011-02-14,WH-London,False,False
2011-02-15,21670,64.0,WH_London,2011-02-03,WH-London,False,False
2011-02-15,23342,80.0,WH-London ,2011-02-14,WH-London,False,False
2011-02-15,90026D,72.0,Main,2011-02-03,WH-London,False,False
2011-02-15,47469,47.0,Warehouse North,2011-02-15,WH-North,False,False
2011-02-15,23619,49.0,WH-North,2011-02-09,WH-North,False,False
2011-02-15,10133,88.0,Warehouse North,2011-02-15,WH-North,False,False
2011-02-15,22483,67.0,WH-London ,2011-02-04,WH-London,False,False
2011-02-15,20771,102.0,WH_London,2011-02-06,WH-London,False,False
2011-02-15,21222,-2.0,WH-North,2011-02-01,WH-North,True,False
2011-02-15,21216,,Main,2011-02-02,WH-London,False,True
2011-02-15,20702,-25.0,Warehouse North,2011-02-14,WH-North,True,False
2011-02-15,22210,47.0,WH-North,2011-02-10,WH-North,False,False
2011-02-15,21628,-91.0,Main,2011-02-06,WH-London,True,False
2011-02-15,23093,19.0,WH-London ,2011-02-11,WH-London,False,False
2011-02-15,23272,113.0,WH-North,2011-02-09,WH-North,False,False
2011-02-15,72225C,83.0,WH-London ,,WH-London,False,False
2011-02-15,84660C,67.0,,2011-02-01,UNKNOWN,False,False
2011-02-15,22066,22.0,WH-North,2011-02-10,WH-North,False,False
2011-02-17,22216,44.0,WH-North,2011-02-06,WH-North,False,False
2011-02-17,21188,39.0,Main,2011-02-11,WH-London,False,False
2011-02-17,21735,13.0,WH-North,2011-02-08,WH-North,False,False
2011-02-17,21802,-82.0,WH-London,2011-02-09,WH-London,True,False
2011-02-17,21865,37.0,WH-London ,2011-02-10,WH-London,False,False
2011-02-17,22882,44.0,WH_London,2011-02-03,WH-London,False,False
2011-02-17,22084,46.0,Warehouse North,2011-02-09,WH-North,False,False
2011-02-17,20657,43.0,WH-London ,2011-02-03,WH-London,False,False
2011-02-17,22095,65.0,WH-London,2011-02-17,WH-London,False,False
2011-02-17,21195,31.0,Warehouse North,2011-02-09,WH-North,False,False
2011-02-17,21222,80.0,Warehouse North,2011-02-08,WH-North,False,False
2011-02-17,82616C,32.0,WH-London ,2011-02-16,WH-London,False,False
2011-02-17,84674,49.0,WH_London,2011-02-17,WH-London,False,False
2011-02-17,23440,10.0,WH-North,2011-02-15,WH-North,False,False
2011-02-17,23458,82.0,WH-London,2011-02-16,WH-London,False,False
2011-02-17,81950B,89.0,WH-London,2011-02-14,WH-London,False,False
2011-02-17,23089,71.0,Warehouse North,2011-02-16,WH-North,False,False
2011-02-17,23057,55.0,,2011-02-07,UNKNOWN,False,False
2011-02-17,79163,48.0,WH-London,,WH-London,False,False
2011-02-17,21428,3.0,Warehouse North,2011-02-08,WH-North,False,False
2011-02-17,85186C,9.0,,2011-02-09,UNKNOWN,False,False
2011-02-17,22230,72.0,WH-North,2011-02-06,WH-North,False,False
2011-02-17,23547,44.0,,2011-02-14,UNKNOWN,False,False
2011-02-17,21628,9.0,WH-London ,2011-02-09,WH-London,False,False
2011-02-17,22070,7.0,WH-North,2011-02-07,WH-North,False,False
2011-02-17,21791,69.0,WH_London,2011-02-05,WH-London,False,False
2011-02-17,20974,76.0,Warehouse North,2011-02-08,WH-North,False,False
2011-02-17,72232,3.0,Warehouse North,2011-02-16,WH-North,False,False
2011-02-17,23085,54.0,Warehouse North,2011-02-10,WH-North,False,False
2011-02-17,16011,61.0,Main,2011-02-04,WH-London,False,False
2011-02-17,23483,32.0,WH-London,2011-02-15,WH-London,False,False
2011-02-17,20963,87.0,WH-London ,2011-02-12,WH-London,False,False
2011-02-17,22228,39.0,Warehouse North,2011-02-07,WH-North,False,False
2011-02-17,21080,-1.0,WH-North,2011-02-03,WH-North,True,False
2011-02-17,37424,44.0,WH-North,2011-02-16,WH-North,False,False
2011-02-17,78124,91.0,WH-London ,,WH-London,False,False
2011-02-17,72225C,39.0,Warehouse North,2011-02-05,WH-North,False,False
2011-02-17,21348,,WH-North,2011-02-07,WH-North,False,True
2011-02-17,20966,68.0,WH-North,2011-02-05,WH-North,False,False
2011-02-17,37471,,WH-London ,2011-02-03,WH-London,False,True
2011-02-17,90143,-49.0,WH-London,2011-02-06,WH-London,True,False
2011-02-17,16218,64.0,WH-North,2011-02-06,WH-North,False,False
2011-02-17,22323,29.0,WH-North,2011-02-07,WH-North,False,False
2011-02-17,21216,31.0,WH_London,2011-02-08,WH-London,False,False
2011-02-17,17109D,71.0,,,UNKNOWN,False,False
2011-02-17,85184C,21.0,WH-North,2011-02-05,WH-North,False,False
2011-02-17,35965,,,2011-02-12,UNKNOWN,False,True
2011-02-17,84638,86.0,WH-North,2011-02-11,WH-North,False,False
2011-02-17,37467,15.0,,2011-02-03,UNKNOWN,False,False
2011-02-17,90161B,94.0,Main,,WH-London,False,False
2011-02-17,21662,54.0,,2011-02-10,UNKNOWN,False,False
2011-02-17,22908,91.0,WH-North,2011-02-08,WH-North,False,False
2011-02-17,23471,54.0,Warehouse North,2011-02-15,WH-North,False,False
2011-02-17,90001C,44.0,WH-North,2011-02-10,WH-North,False,False
2011-02-17,85107,,,2011-02-07,UNKNOWN,False,True
2011-02-17,84675,-23.0,WH-London ,2011-02-05,WH-London,True,False
2011-02-17,84746,77.0,WH_London,2011-02-07,WH-London,False,False
2011-02-17,23060,28.0,Warehouse North,2011-02-08,WH-North,False,False
2011-02-17,85119,78.0,WH-London,,WH-London,False,False
2011-02-17,23619,100.0,WH-North,2011-02-06,WH-North,False,False
2011-02-17,22098,32.0,WH_London,2011-02-09,WH-London,False,False
2011-02-17,90152A,30.0,WH-London ,2011-02-04,WH-London,False,False
2011-02-17,23234,80.0,,2011-02-15,UNKNOWN,False,False
2011-02-17,21147,35.0,Main,2011-02-11,WH-London,False,False
2011-02-17,84872A,89.0,WH-London ,2011-02-03,WH-London,False,False
2011-02-17,21830,29.0,WH_London,2011-02-13,WH-London,False,False
2011-02-17,85024C,-93.0,WH_London,2011-02-05,WH-London,True,False
2011-02-17,23518,40.0,Warehouse North,2011-02-12,WH-North,False,False
2011-02-17,84732B,59.0,WH-London ,2011-02-08,WH-London,False,False
2011-02-17,85136C,79.0,WH_London,2011-02-05,WH-London,False,False
2011-02-17,84715,65.0,Main,2011-02-09,WH-London,False,False
2011-02-17,90082D,82.0,WH_London,2011-02-07,WH-London,False,False
2011-02-17,47593B,6.0,Warehouse North,2011-02-09,WH-North,False,False
2011-02-17,90201C,37.0,Main,2011-02-07,WH-London,False,False
2011-02-17,21281,51.0,WH-London,2011-02-07,WH-London,False,False
2011-02-17,46000P,27.0,WH-North,2011-02-16,WH-North,False,False
2011-02-17,10133,79.0,Warehouse North,2011-02-15,WH-North,False,False
2011-02-17,44092C,-34.0,,2011-02-14,UNKNOWN,True,False
2011-02-17,84686,,Main,2011-02-11,WH-London,False,True
2011-02-17,23535,78.0,Warehouse North,2011-02-04,WH-North,False,False
2011-02-19,23189,18.0,,2011-02-15,UNKNOWN,False,False
2011-02-19,22228,20.0,WH-North,2011-02-18,WH-North,False,False
2011-02-19,47591D,65.0,WH_London,,WH-London,False,False
2011-02-19,47590B,,WH-London,,WH-London,False,True
2011-02-19,85119,54.0,WH-London ,2011-02-05,WH-London,False,False
2011-02-19,79071B,1.0,WH-London ,2011-02-06,WH-London,False,False
2011-02-19,22114,70.0,Main,2011-02-14,WH-London,False,False
2011-02-19,21009,,WH_London,2011-02-11,WH-London,False,True
2011-02-19,22483,83.0,WH-North,2011-02-09,WH-North,False,False
2011-02-19,90026D,38.0,Main,2011-02-10,WH-London,False,False
2011-02-19,82613C,84.0,,2011-02-12,UNKNOWN,False,False
2011-02-19,79190B,37.0,WH-London ,2011-02-05,WH-London,False,False
2011-02-19,21265,29.0,WH_London,2011-02-17,WH-London,False,False
2011-02-19,22715,-7.0,Main,2011-02-08,WH-London,True,False
2011-02-19,90067B,30.0,WH_London,2011-02-18,WH-London,False,False
2011-02-19,22178,55.0,WH-London ,2011-02-07,WH-London,False,False
2011-02-19,90082D,53.0,WH-London ,2011-02-17,WH-London,False,False
2011-02-19,21159,68.0,Main,2011-02-09,WH-London,False,False
2011-02-19,22965,87.0,Warehouse North,2011-02-05,WH-North,False,False
2011-02-19,21147,50.0,WH_London,2011-02-16,WH-London,False,False
2011-02-19,22216,52.0,WH-London,2011-02-07,WH-London,False,False
2011-02-19,21865,83.0,WH-London,2011-02-17,WH-London,False,False
2011-02-19,20657,56.0,Warehouse North,2011-02-15,WH-North,False,False
2011-02-19,23334,22.0,,2011-02-17,UNKNOWN,False,False
2011-02-19,15044B,34.0,WH-London,2011-02-10,WH-London,False,False
2011-02-19,23518,-13.0,Main,2011-02-12,WH-London,True,False
2011-02-19,90214N,21.0,WH-London ,2011-02-13,WH-London,False,False
2011-02-19,90052,0.0,,2011-02-18,UNKNOWN,False,False
2011-02-19,22272,60.0,Warehouse North,2011-02-16,WH-North,False,False
2011-02-19,23471,86.0,WH-London ,2011-02-09,WH-London,False,False
2011-02-19,21662,21.0,Main,2011-02-14,WH-London,False,False
2011-02-19,22030,22.0,WH-North,2011-02-16,WH-North,False,False
2011-02-19,85026B,78.0,WH-London,2011-02-07,WH-London,False,False
2011-02-19,22323,36.0,WH-London,2011-02-16,WH-London,False,False
2011-02-19,21630,57.0,WH-London ,2011-02-14,WH-London,False,False
2011-02-19,22087,72.0,WH-North,2011-02-11,WH-North,False,False
2011-02-19,23234,28.0,WH_London,2011-02-18,WH-London,False,False
2011-02-19,37444C,29.0,,2011-02-12,UNKNOWN,False,False
2011-02-19,22156,34.0,WH_London,2011-02-19,WH-London,False,False
2011-02-19,22637,3.0,WH_London,2011-02-07,WH-London,False,False
2011-02-19,84849B,64.0,WH-London,2011-02-12,WH-London,False,False
2011-02-19,47469,68.0,WH-North,2011-02-17,WH-North,False,False
2011-02-19,23057,52.0,WH-London ,,WH-London,False,False
2011-02-19,85186C,90.0,Warehouse North,2011-02-05,WH-North,False,False
2011-02-19,84674,42.0,Warehouse North,2011-02-06,WH-North,False,False
2011-02-19,90201C,68.0,WH-North,2011-02-11,WH-North,False,False
2011-02-19,90011C,64.0,Main,2011-02-18,WH-London,False,False
2011-02-19,23135,26.0,,2011-02-06,UNKNOWN,False,False
2011-02-19,23547,-84.0,WH-London,2011-02-15,WH-London,True,False
2011-02-19,84715,53.0,Main,2011-02-05,WH-London,False,False
2011-02-19,16010,79.0,Main,2011-02-14,WH-London,False,False
2011-02-19,21989,10.0,,2011-02-14,UNKNOWN,False,False
2011-02-19,22882,53.0,WH-London ,2011-02-13,WH-London,False,False
2011-02-19,85136C,36.0,Main,2011-02-06,WH-London,False,False
2011-02-19,47593B,24.0,WH_London,2011-02-16,WH-London,False,False
2011-02-19,23341,92.0,Main,2011-02-07,WH-London,False,False
2011-02-19,23342,55.0,WH-London,2011-02-06,WH-London,False,False
2011-02-19,22779,5.0,,2011-02-05,UNKNOWN,False,False
2011-02-19,82616B,,WH-London ,2011-02-17,WH-London,False,True
2011-02-19,23085,78.0,WH-North,2011-02-09,WH-North,False,False
2011-02-19,23611,-24.0,Warehouse North,2011-02-06,WH-North,True,False
2011-02-19,22415,21.0,WH-North,2011-02-05,WH-North,False,False
2011-02-19,21504,-45.0,Warehouse North,,WH-North,True,False
2011-02-19,21683,64.0,WH-North,2011-02-17,WH-North,False,False
2011-02-19,84675,28.0,,2011-02-16,UNKNOWN,False,False
2011-02-19,17109D,61.0,,2011-02-13,UNKNOWN,False,False
2011-02-19,81952B,51.0,WH-London,2011-02-07,WH-London,False,False
2011-02-19,23089,54.0,WH-London,2011-02-18,WH-London,False,False
2011-02-19,DCGSSBOY,-22.0,WH-London,2011-02-19,WH-London,True,False
2011-02-19,84872A,50.0,,2011-02-11,UNKNOWN,False,False
2011-02-19,90177A,42.0,WH-London ,2011-02-08,WH-London,False,False
2011-02-19,22084,,WH-North,2011-02-13,WH-North,False,True
2011-02-19,21195,30.0,,2011-02-09,UNKNOWN,False,False
2011-02-19,90152A,38.0,Main,2011-02-17,WH-London,False,False
2011-02-19,22066,65.0,WH-London,,WH-London,False,False
2011-02-19,23010,-93.0,Warehouse North,2011-02-17,WH-North,True,False
2011-02-19,22099,10.0,WH-North,2011-02-17,WH-North,False,False
2011-02-19,35965,65.0,WH-London ,,WH-London,False,False
2011-02-19,21377,86.0,Main,2011-02-14,WH-London,False,False
2011-02-19,22470,70.0,WH-London,2011-02-08,WH-London,False,False
2011-02-21,21281,84.0,Main,2011-02-16,WH-London,False,False
2011-02-21,21428,33.0,WH-North,,WH-North,False,False
2011-02-21,22483,87.0,WH_London,2011-02-15,WH-London,False,False
2011-02-21,90025E,28.0,WH_London,2011-02-20,WH-London,False,False
2011-02-21,22230,51.0,Warehouse North,2011-02-20,WH-North,False,False
2011-02-21,DCGSSBOY,-34.0,WH-London,2011-02-13,WH-London,True,False
2011-02-21,23068,36.0,Main,2011-02-09,WH-London,False,False
2011-02-21,20677,-1.0,Warehouse North,2011-02-09,WH-North,True,False
2011-02-21,22185,-9.0,Warehouse North,2011-02-13,WH-North,True,False
2011-02-21,72807B,-85.0,,2011-02-14,UNKNOWN,True,False
2011-02-21,23342,-3.0,Main,2011-02-16,WH-London,True,False
2011-02-21,85040A,57.0,WH-London ,2011-02-15,WH-London,False,False
2011-02-21,21147,11.0,Warehouse North,2011-02-16,WH-North,False,False
2011-02-21,22715,,Main,2011-02-13,WH-London,False,True
2011-02-21,22671,70.0,WH-London ,2011-02-19,WH-London,False,False
2011-02-21,21662,54.0,WH-London,2011-02-19,WH-London,False,False
2011-02-21,21188,46.0,,2011-02-15,UNKNOWN,False,False
2011-02-21,23060,84.0,Warehouse North,,WH-North,False,False
2011-02-21,84789,,WH-London ,2011-02-09,WH-London,False,True
2011-02-21,84559B,86.0,Warehouse North,2011-02-09,WH-North,False,False
2011-02-21,22575,17.0,WH_London,2011-02-07,WH-London,False,False
2011-02-21,21745,14.0,WH-London,2011-02-20,WH-London,False,False
2011-02-21,84856S,45.0,,2011-02-21,UNKNOWN,False,False
2011-02-21,23189,-50.0,Warehouse North,2011-02-20,WH-North,True,False
2011-02-21,22084,24.0,WH-North,,WH-North,False,False
2011-02-21,22114,-41.0,Warehouse North,2011-02-11,WH-North,True,False
2011-02-21,20974,90.0,WH-London,,WH-London,False,False
2011-02-21,47593A,38.0,WH-North,2011-02-13,WH-North,False,False
2011-02-21,47469,8.0,Main,2011-02-10,WH-London,False,False
2011-02-21,15044B,-2.0,WH-London,2011-02-11,WH-London,True,False
2011-02-21,20966,112.0,Main,2011-02-17,WH-London,False,False
2011-02-21,22289,93.0,Main,2011-02-11,WH-London,False,False
2011-02-21,21080,36.0,Warehouse North,2011-02-13,WH-North,False,False
2011-02-21,20996,74.0,,,UNKNOWN,False,False
2011-02-21,84631,57.0,WH-London,2011-02-15,WH-London,False,False
2011-02-21,23692,88.0,WH-London,2011-02-15,WH-London,False,False
2011-02-21,84596J,17.0,Warehouse North,2011-02-21,WH-North,False,False
2011-02-21,90161B,18.0,WH-London ,2011-02-19,WH-London,False,False
2011-02-21,90011C,89.0,WH-London ,2011-02-13,WH-London,False,False
2011-02-21,21630,5.0,WH-North,2011-02-20,WH-North,False,False
2011-02-21,90201C,52.0,WH-London,,WH-London,False,False
2011-02-21,85026B,48.0,Warehouse North,2011-02-11,WH-North,False,False
2011-02-21,85136C,73.0,WH-London,2011-02-08,WH-London,False,False
2011-02-21,23057,54.0,WH-London,,WH-London,False,False
2011-02-21,22210,-46.0,,2011-02-11,UNKNOWN,True,False
2011-02-21,16010,38.0,WH-London,2011-02-07,WH-London,False,False
2011-02-21,84872A,20.0,Main,,WH-London,False,False
2011-02-21,17109D,45.0,WH-North,2011-02-12,WH-North,False,False
2011-02-21,22637,84.0,WH-North,2011-02-19,WH-North,False,False
2011-02-21,23089,41.0,Warehouse North,2011-02-10,WH-North,False,False
2011-02-21,22087,92.0,WH-North,2011-02-07,WH-North,False,False
2011-02-21,84675,,Main,2011-02-13,WH-London,False,True
2011-02-21,20702,64.0,WH_London,2011-02-19,WH-London,False,False
2011-02-21,10133,45.0,WH_London,2011-02-10,WH-London,False,False
2011-02-21,22178,31.0,Warehouse North,2011-02-16,WH-North,False,False
2011-02-21,21670,,WH-London ,,WH-London,False,True
2011-02-21,84746,-73.0,Warehouse North,2011-02-14,WH-North,True,False
2011-02-21,23135,45.0,WH-London ,2011-02-15,WH-London,False,False
2011-02-21,21216,100.0,Warehouse North,,WH-North,False,False
2011-02-21,21377,68.0,WH-London ,2011-02-14,WH-London,False,False
2011-02-21,23518,7.0,Main,2011-02-11,WH-London,False,False
2011-02-21,22323,37.0,WH-London ,2011-02-09,WH-London,False,False
2011-02-21,47591D,71.0,,2011-02-14,UNKNOWN,False,False
2011-02-21,90197B,95.0,WH-London,2011-02-18,WH-London,False,False
2011-02-21,21159,120.0,Main,,WH-London,False,False
2011-02-21,84805B,50.0,Warehouse North,,WH-North,False,False
2011-02-21,72802C,68.0,WH-London ,2011-02-11,WH-London,False,False
2011-02-21,85186C,31.0,WH-North,2011-02-10,WH-North,False,False
2011-02-21,22098,23.0,Warehouse North,2011-02-08,WH-North,False,False
2011-02-21,23140,0.0,Warehouse North,2011-02-11,WH-North,False,False
2011-02-21,23075,-61.0,Warehouse North,2011-02-17,WH-North,True,False
2011-02-21,20803,87.0,WH-North,2011-02-17,WH-North,False,False
2011-02-21,37444C,73.0,WH_London,2011-02-17,WH-London,False,False
2011-02-21,21368,52.0,WH-London ,2011-02-20,WH-London,False,False
2011-02-21,22560,86.0,WH_London,2011-02-18,WH-London,False,False
2011-02-21,90143,138.0,WH-North,2011-02-21,WH-North,False,False
2011-02-21,22470,25.0,Main,2011-02-17,WH-London,False,False
2011-02-21,22779,-22.0,WH-North,2011-02-21,WH-North,True,False
2011-02-21,21683,60.0,WH_London,2011-02-19,WH-London,False,False
2011-02-21,22228,82.0,Warehouse North,2011-02-20,WH-North,False,False
2011-02-23,22575,3.0,Warehouse North,2011-02-19,WH-North,False,False
2011-02-23,21670,74.0,WH-North,2011-02-09,WH-North,False,False
2011-02-23,23535,39.0,Warehouse North,2011-02-15,WH-North,False,False
2011-02-23,72232,60.0,Warehouse North,2011-02-12,WH-North,False,False
2011-02-23,90214N,22.0,WH_London,2011-02-18,WH-London,False,False
2011-02-23,81952B,,WH-London,2011-02-12,WH-London,False,True
2011-02-23,84638,16.0,Main,2011-02-16,WH-London,False,False
2011-02-23,22483,70.0,Warehouse North,2011-02-23,WH-North,False,False
2011-02-23,21484,31.0,WH-London,2011-02-12,WH-London,False,False
2011-02-23,21195,-58.0,WH-North,2011-02-15,WH-North,True,False
2011-02-23,23135,50.0,WH_London,2011-02-12,WH-London,False,False
2011-02-23,20803,14.0,WH-North,2011-02-18,WH-North,False,False
2011-02-23,21745,52.0,WH-London,,WH-London,False,False
2011-02-23,84631,57.0,WH_London,2011-02-19,WH-London,False,False
2011-02-23,22070,81.0,WH-London ,,WH-London,False,False
2011-02-23,84715,94.0,,2011-02-11,UNKNOWN,False,False
2011-02-23,85136C,19.0,WH-North,2011-02-16,WH-North,False,False
2011-02-23,44092C,60.0,Warehouse North,2011-02-23,WH-North,False,False
2011-02-23,22908,-16.0,WH_London,2011-02-18,WH-London,True,False
2011-02-23,47591D,75.0,WH-North,2011-02-14,WH-North,False,False
2011-02-23,22210,82.0,Main,2011-02-20,WH-London,False,False
2011-02-23,22216,-30.0,WH-North,,WH-North,True,False
2011-02-23,82613C,39.0,WH_London,2011-02-17,WH-London,False,False
2011-02-23,85135A,23.0,Main,2011-02-11,WH-London,False,False
2011-02-23,21428,39.0,WH-London,2011-02-13,WH-London,False,False
2011-02-23,90197B,33.0,WH-London ,2011-02-23,WH-London,False,False
2011-02-23,20756,48.0,WH-London ,2011-02-22,WH-London,False,False
2011-02-23,21368,79.0,Main,2011-02-17,WH-London,False,False
2011-02-23,22965,40.0,,2011-02-17,UNKNOWN,False,False
2011-02-23,22332,20.0,WH-London,2011-02-22,WH-London,False,False
2011-02-23,37467,-44.0,WH-London,,WH-London,True,False
2011-02-23,16010,42.0,Main,2011-02-15,WH-London,False,False
2011-02-23,82616C,47.0,WH-London,,WH-London,False,False
2011-02-23,22715,31.0,WH-London,2011-02-15,WH-London,False,False
2011-02-23,22882,60.0,Warehouse North,2011-02-21,WH-North,False,False
2011-02-23,21348,88.0,WH-North,2011-02-18,WH-North,False,False
2011-02-23,85163B,11.0,WH-London,2011-02-19,WH-London,False,False
2011-02-23,23089,63.0,Warehouse North,2011-02-10,WH-North,False,False
2011-02-23,90201C,78.0,WH-London,2011-02-22,WH-London,False,False
2011-02-23,17109D,36.0,WH-North,2011-02-12,WH-North,False,False
2011-02-23,23090,87.0,WH-London ,2011-02-12,WH-London,False,False
2011-02-23,84872A,48.0,Main,2011-02-16,WH-London,False,False
2011-02-23,84660C,16.0,,2011-02-19,UNKNOWN,False,False
2011-02-23,84804A,11.0,WH-London ,2011-02-15,WH-London,False,False
2011-02-23,21630,73.0,WH_London,2011-02-18,WH-London,False,False
2011-02-23,79160,70.0,WH_London,,WH-London,False,False
2011-02-23,22178,96.0,WH_London,2011-02-19,WH-London,False,False
2011-02-23,21159,70.0,WH-London ,2011-02-10,WH-London,False,False
2011-02-23,23075,47.0,WH-London ,2011-02-12,WH-London,False,False
2011-02-23,21802,64.0,WH-North,2011-02-12,WH-North,False,False
2011-02-23,22928,52.0,WH-North,2011-02-22,WH-North,False,False
2011-02-23,84789,40.0,Warehouse North,2011-02-20,WH-North,False,False
2011-02-23,81950B,33.0,,2011-02-16,UNKNOWN,False,False
2011-02-23,DCGSSBOY,-1.0,Main,2011-02-17,WH-London,True,False
2011-02-23,82616B,27.0,Warehouse North,2011-02-23,WH-North,False,False
2011-02-23,85184C,49.0,Main,,WH-London,False,False
2011-02-23,78124,-31.0,Main,,WH-London,True,False
2011-02-23,90071,34.0,WH-London,2011-02-11,WH-London,False,False
2011-02-23,84596J,77.0,WH-North,2011-02-21,WH-North,False,False
2011-02-23,22156,90.0,WH_London,2011-02-09,WH-London,False,False
2011-02-23,22923,,Main,2011-02-13,WH-London,False,True
2011-02-23,22185,33.0,,2011-02-16,UNKNOWN,False,False
2011-02-23,22289,28.0,WH-London,2011-02-18,WH-London,False,False
2011-02-23,23458,33.0,WH_London,2011-02-18,WH-London,False,False
2011-02-23,90152C,84.0,Main,2011-02-10,WH-London,False,False
2011-02-23,85024C,98.0,WH-London,2011-02-14,WH-London,False,False
2011-02-23,21356,0.0,WH-North,2011-02-13,WH-North,False,False
2011-02-23,85026B,25.0,Main,2011-02-18,WH-London,False,False
2011-02-23,84849B,-5.0,WH-London ,2011-02-15,WH-London,True,False
2011-02-23,84674,49.0,WH-North,2011-02-11,WH-North,False,False
2011-02-23,37424,35.0,WH-North,2011-02-11,WH-North,False,False
2011-02-23,84675,60.0,,2011-02-19,UNKNOWN,False,False
2011-02-23,21281,69.0,WH-North,2011-02-10,WH-North,False,False
2011-02-23,23692,66.0,Warehouse North,2011-02-19,WH-North,False,False
2011-02-23,23093,,WH-London,2011-02-14,WH-London,False,True
2011-02-23,23611,49.0,,2011-02-19,UNKNOWN,False,False
2011-02-23,90161B,0.0,WH-North,2011-02-14,WH-North,False,False
2011-02-23,21791,102.0,WH-London ,2011-02-22,WH-London,False,False
2011-02-23,21377,39.0,,2011-02-16,UNKNOWN,False,False
2011-02-23,90026D,-9.0,WH-London ,2011-02-14,WH-London,True,False
2011-02-25,21336,33.0,Warehouse North,2011-02-20,WH-North,False,False
2011-02-25,79071B,-56.0,Warehouse North,2011-02-11,WH-North,True,False
2011-02-25,22923,71.0,WH-London,,WH-London,False,False
2011-02-25,23547,89.0,WH_London,2011-02-24,WH-London,False,False
2011-02-25,37471,51.0,WH-London ,2011-02-25,WH-London,False,False
2011-02-25,23692,39.0,WH-London,2011-02-12,WH-London,False,False
2011-02-25,23204,70.0,Main,2011-02-25,WH-London,False,False
2011-02-25,16010,,Main,2011-02-22,WH-London,False,True
2011-02-25,22483,53.0,WH_London,2011-02-19,WH-London,False,False
2011-02-25,23089,74.0,WH-North,2011-02-19,WH-North,False,False
2011-02-25,84660C,31.0,WH-North,2011-02-19,WH-North,False,False
2011-02-25,21630,49.0,,2011-02-18,UNKNOWN,False,False
2011-02-25,22965,-10.0,,2011-02-16,UNKNOWN,True,False
2011-02-25,16011,,Main,2011-02-23,WH-London,False,True
2011-02-25,35819P,35.0,WH-North,2011-02-19,WH-North,False,False
2011-02-25,20756,-91.0,WH-London ,,WH-London,True,False
2011-02-25,22671,30.0,,2011-02-20,UNKNOWN,False,False
2011-02-25,85163B,59.0,WH-North,2011-02-12,WH-North,False,False
2011-02-25,21428,51.0,WH_London,2011-02-17,WH-London,False,False
2011-02-25,21147,31.0,WH-North,2011-02-23,WH-North,False,False
2011-02-25,72232,64.0,WH_London,2011-02-20,WH-London,False,False
2011-02-25,72807B,88.0,Warehouse North,2011-02-14,WH-North,False,False
2011-02-25,90001C,103.0,Warehouse North,2011-02-16,WH-North,False,False
2011-02-25,22030,72.0,WH-North,2011-02-12,WH-North,False,False
2011-02-25,21356,13.0,WH-London,2011-02-16,WH-London,False,False
2011-02-25,21628,7.0,WH_London,2011-02-23,WH-London,False,False
2011-02-25,46000P,84.0,WH-North,2011-02-18,WH-North,False,False
2011-02-25,85119,-20.0,WH_London,2011-02-20,WH-London,True,False
2011-02-25,23234,68.0,Main,2011-02-15,WH-London,False,False
2011-02-25,81950B,54.0,Main,,WH-London,False,False
2011-02-25,82616C,89.0,WH-London,2011-02-23,WH-London,False,False
2011-02-25,22905,65.0,Warehouse North,2011-02-14,WH-North,False,False
2011-02-25,23068,49.0,WH-London,,WH-London,False,False
2011-02-25,22216,111.0,WH_London,2011-02-25,WH-London,False,False
2011-02-25,84596J,74.0,WH-London ,2011-02-12,WH-London,False,False
2011-02-25,20724,66.0,WH-London ,2011-02-16,WH-London,False,False
2011-02-25,21368,29.0,Main,2011-02-25,WH-London,False,False
2011-02-25,22560,15.0,Main,2011-02-23,WH-London,False,False
2011-02-25,84856S,42.0,WH-London ,,WH-London,False,False
2011-02-25,20702,5.0,WH-North,2011-02-13,WH-North,False,False
2011-02-25,35965,,WH-London,,WH-London,False,True
2011-02-25,84559B,74.0,,2011-02-25,UNKNOWN,False,False
2011-02-25,84989A,79.0,WH-London,2011-02-12,WH-London,False,False
2011-02-25,23334,39.0,Main,2011-02-20,WH-London,False,False
2011-02-25,22960,138.0,WH-London,2011-02-22,WH-London,False,False
2011-02-25,23140,88.0,Warehouse North,,WH-North,False,False
2011-02-25,22637,49.0,WH-London,2011-02-13,WH-London,False,False
2011-02-25,90067B,84.0,WH-London,,WH-London,False,False
2011-02-25,21504,32.0,Main,2011-02-24,WH-London,False,False
2011-02-25,22928,57.0,WH_London,2011-02-20,WH-London,False,False
2011-02-25,21159,39.0,,2011-02-16,UNKNOWN,False,False
2011-02-25,22248,13.0,WH-North,2011-02-12,WH-North,False,False
2011-02-25,23440,65.0,WH-North,2011-02-18,WH-North,False,False
2011-02-25,84631,49.0,,,UNKNOWN,False,False
2011-02-25,79190B,52.0,WH-London ,2011-02-22,WH-London,False,False
2011-02-25,85184C,49.0,WH-London,2011-02-13,WH-London,False,False
2011-02-25,84789,23.0,WH_London,2011-02-23,WH-London,False,False
2011-02-25,90026D,97.0,WH-North,2011-02-15,WH-North,False,False
2011-02-25,84805B,57.0,WH_London,2011-02-11,WH-London,False,False
2011-02-25,47593B,41.0,Warehouse North,2011-02-13,WH-North,False,False
2011-02-25,21802,10.0,Main,2011-02-19,WH-London,False,False
2011-02-25,22066,92.0,WH_London,2011-02-19,WH-London,False,False
2011-02-25,21222,-77.0,WH-London ,2011-02-22,WH-London,True,False
2011-02-25,22908,50.0,WH_London,2011-02-17,WH-London,False,False
2011-02-25,22084,11.0,WH-London ,2011-02-22,WH-London,False,False
2011-02-25,90195B,99.0,,2011-02-21,UNKNOWN,False,False
2011-02-25,23075,39.0,WH-London,2011-02-25,WH-London,False,False
2011-02-25,85135A,29.0,WH_London,2011-02-19,WH-London,False,False
2011-02-25,85107,48.0,WH_London,,WH-London,False,False
2011-02-25,22904,61.0,WH-North,2011-02-12,WH-North,False,False
2011-02-25,85230F,,WH_London,2011-02-20,WH-London,False,True
2011-02-25,15036,-51.0,,2011-02-25,UNKNOWN,True,False
2011-02-25,22470,57.0,WH-London ,,WH-London,False,False
2011-02-25,15044B,77.0,Main,2011-02-19,WH-London,False,False
2011-02-25,22779,23.0,WH-London,2011-02-13,WH-London,False,False
2011-02-25,23159,96.0,,2011-02-15,UNKNOWN,False,False
2011-02-25,21135,76.0,WH-London,2011-02-16,WH-London,False,False
2011-02-25,22087,64.0,Main,2011-02-21,WH-London,False,False
2011-02-25,90071,19.0,WH-London ,2011-02-11,WH-London,False,False
2011-02-25,23272,58.0,Warehouse North,2011-02-13,WH-North,False,False
2011-02-27,85024C,60.0,WH-London,2011-02-20,WH-London,False,False
2011-02-27,21745,47.0,,,UNKNOWN,False,False
2011-02-27,22637,76.0,Main,2011-02-26,WH-London,False,False
2011-02-27,22560,39.0,Warehouse North,2011-02-15,WH-North,False,False
2011-02-27,72802C,41.0,Warehouse North,2011-02-16,WH-North,False,False
2011-02-27,82616B,30.0,WH-London ,2011-02-18,WH-London,False,False
2011-02-27,90011C,36.0,,2011-02-22,UNKNOWN,False,False
2011-02-27,37471,,Warehouse North,2011-02-21,WH-North,False,True
2011-02-27,37424,44.0,WH_London,2011-02-24,WH-London,False,False
2011-02-27,21159,43.0,WH-London,,WH-London,False,False
2011-02-27,21484,77.0,WH_London,2011-02-21,WH-London,False,False
2011-02-27,90177A,95.0,WH-North,2011-02-18,WH-North,False,False
2011-02-27,22483,-11.0,WH-North,2011-02-25,WH-North,True,False
2011-02-27,22779,94.0,WH_London,2011-02-26,WH-London,False,False
2011-02-27,22470,-70.0,WH-North,,WH-North,True,False
2011-02-27,20677,23.0,,,UNKNOWN,False,False
2011-02-27,21281,40.0,WH-North,2011-02-21,WH-North,False,False
2011-02-27,90152C,58.0,WH-London ,2011-02-26,WH-London,False,False
2011-02-27,23692,0.0,WH-London ,2011-02-18,WH-London,False,False
2011-02-27,21195,47.0,,2011-02-13,UNKNOWN,False,False
2011-02-27,22289,65.0,WH-North,2011-02-19,WH-North,False,False
2011-02-27,21830,27.0,Main,2011-02-25,WH-London,False,False
2011-02-27,84686,5.0,Warehouse North,2011-02-21,WH-North,False,False
2011-02-27,21009,-55.0,WH-London ,2011-02-15,WH-London,True,False
2011-02-27,21368,116.0,,2011-02-22,UNKNOWN,False,False
2011-02-27,23075,28.0,WH_London,2011-02-20,WH-London,False,False
2011-02-27,16048,29.0,WH-London ,,WH-London,False,False
2011-02-27,23518,43.0,WH_London,2011-02-24,WH-London,False,False
2011-02-27,22965,97.0,WH-London ,2011-02-16,WH-London,False,False
2011-02-27,84872A,0.0,Main,2011-02-17,WH-London,False,False
2011-02-27,90195B,73.0,WH-North,2011-02-19,WH-North,False,False
2011-02-27,84675,35.0,WH-London,2011-02-18,WH-London,False,False
2011-02-27,84559B,38.0,WH-London,2011-02-24,WH-London,False,False
2011-02-27,47469,19.0,WH-North,,WH-North,False,False
2011-02-27,21356,42.0,,2011-02-20,UNKNOWN,False,False
2011-02-27,23068,20.0,Warehouse North,2011-02-27,WH-North,False,False
2011-02-27,84856S,33.0,Main,2011-02-24,WH-London,False,False
2011-02-27,22216,-23.0,,2011-02-24,UNKNOWN,True,False
2011-02-27,22272,2.0,WH-North,2011-02-19,WH-North,False,False
2011-02-27,22087,60.0,WH-London ,2011-02-23,WH-London,False,False
2011-02-27,22114,87.0,Main,,WH-London,False,False
2011-02-27,81950B,146.0,WH-London ,2011-02-20,WH-London,False,False
2011-02-27,22210,77.0,WH-North,2011-02-23,WH-North,False,False
2011-02-27,72232,34.0,Main,2011-02-25,WH-London,False,False
2011-02-27,72807B,-9.0,WH_London,,WH-London,True,False
2011-02-27,78124,66.0,,2011-02-25,UNKNOWN,False,False
2011-02-27,21791,6.0,,2011-02-21,UNKNOWN,False,False
2011-02-27,23140,25.0,WH-North,2011-02-24,WH-North,False,False
2011-02-27,47590B,76.0,,2011-02-27,UNKNOWN,False,False
2011-02-27,23090,58.0,WH-London,2011-02-16,WH-London,False,False
2011-02-27,35819P,22.0,WH-London ,2011-02-20,WH-London,False,False
2011-02-27,44092C,-1.0,WH-London ,2011-02-26,WH-London,True,False
2011-02-27,21188,56.0,WH-London,2011-02-15,WH-London,False,False
2011-02-27,21428,60.0,WH_London,2011-02-21,WH-London,False,False
2011-02-27,17109D,95.0,,2011-02-27,UNKNOWN,False,False
2011-02-27,21989,-24.0,WH-London ,2011-02-20,WH-London,True,False
2011-02-27,22185,53.0,WH-North,,WH-North,False,False
2011-02-27,84732B,77.0,WH-London,2011-02-17,WH-London,False,False
2011-02-27,23234,37.0,Warehouse North,2011-02-14,WH-North,False,False
2011-02-27,22178,2.0,Warehouse North,2011-02-14,WH-North,False,False
2011-02-27,21216,22.0,WH-London ,2011-02-19,WH-London,False,False
2011-02-27,22415,51.0,WH-London,2011-02-14,WH-London,False,False
2011-02-27,90143,35.0,WH_London,,WH-London,False,False
2011-02-27,72225C,59.0,WH-North,,WH-North,False,False
2011-02-27,84638,88.0,Warehouse North,2011-02-19,WH-North,False,False
2011-02-27,81952B,-38.0,WH_London,2011-02-21,WH-London,True,False
2011-02-27,22715,86.0,Warehouse North,2011-02-13,WH-North,False,False
2011-02-27,22098,46.0,,2011-02-25,UNKNOWN,False,False
2011-02-27,85135A,60.0,Warehouse North,2011-02-27,WH-North,False,False
2011-02-27,79071B,46.0,Main,2011-02-23,WH-London,False,False
2011-02-27,85163B,60.0,Warehouse North,2011-02-24,WH-North,False,False
2011-02-27,85119,66.0,WH-London ,2011-02-18,WH-London,False,False
2011-02-27,22248,,,2011-02-25,UNKNOWN,False,True
2011-02-27,21662,50.0,WH-London ,2011-02-21,WH-London,False,False
2011-02-27,20756,-49.0,WH_London,2011-02-23,WH-London,True,False
2011-02-27,90197B,67.0,WH-London ,2011-02-16,WH-London,False,False
2011-02-27,23093,-9.0,,2011-02-17,UNKNOWN,True,False
2011-02-27,23010,31.0,Main,2011-02-13,WH-London,False,False
2011-02-27,22323,-21.0,Warehouse North,2011-02-18,WH-North,True,False
2011-02-27,21670,100.0,,2011-02-21,UNKNOWN,False,False
2011-03-01,84660C,62.0,WH-North,2011-02-25,WH-North,False,False
2011-03-01,84715,40.0,WH-London ,2011-02-20,WH-London,False,False
2011-03-01,22095,92.0,WH_London,2011-02-23,WH-London,False,False
2011-03-01,23135,65.0,WH-London,2011-02-26,WH-London,False,False
2011-03-01,21222,-53.0,WH_London,2011-02-24,WH-London,True,False
2011-03-01,23692,61.0,WH-London,2011-02-23,WH-London,False,False
2011-03-01,20702,38.0,WH-London,2011-02-25,WH-London,False,False
2011-03-01,84805B,12.0,WH-London ,2011-02-27,WH-London,False,False
2011-03-01,22070,78.0,WH_London,2011-02-15,WH-London,False,False
2011-03-01,22962,47.0,WH-London,2011-02-23,WH-London,False,False
2011-03-01,84732B,-2.0,WH-London ,2011-02-15,WH-London,True,False
2011-03-01,46000P,,WH-North,2011-02-18,WH-North,False,True
2011-03-01,84804A,51.0,Main,2011-02-27,WH-London,False,False
2011-03-01,22098,100.0,WH_London,2011-02-22,WH-London,False,False
2011-03-01,22228,58.0,WH_London,2011-02-26,WH-London,False,False
2011-03-01,22156,14.0,WH_London,2011-02-27,WH-London,False,False
2011-03-01,90177A,-3.0,Main,2011-02-25,WH-London,True,False
2011-03-01,15044B,87.0,,2011-02-28,UNKNOWN,False,False
2011-03-01,17028J,48.0,WH-London ,2011-02-15,WH-London,False,False
2011-03-01,23518,,WH-North,2011-02-24,WH-North,False,True
2011-03-01,85230F,28.0,WH-London ,2011-02-22,WH-London,False,False
2011-03-01,20756,88.0,Warehouse North,2011-02-23,WH-North,False,False
2011-03-01,22114,64.0,WH-London,2011-03-01,WH-London,False,False
2011-03-01,22230,,Main,2011-02-24,WH-London,False,True
2011-03-01,23085,57.0,WH-North,,WH-North,False,False
2011-03-01,72807B,24.0,,2011-03-01,UNKNOWN,False,False
2011-03-01,23159,-103.0,Warehouse North,2011-02-27,WH-North,True,False
2011-03-01,90067B,38.0,WH-London ,2011-02-19,WH-London,False,False
2011-03-01,79163,74.0,Warehouse North,,WH-North,False,False
2011-03-01,22248,82.0,,2011-02-17,UNKNOWN,False,False
2011-03-01,22289,50.0,WH-North,2011-02-18,WH-North,False,False
2011-03-01,78124,16.0,WH-London,2011-02-26,WH-London,False,False
2011-03-01,23075,29.0,,2011-02-17,UNKNOWN,False,False
2011-03-01,21220,70.0,WH-London,2011-02-27,WH-London,False,False
2011-03-01,21080,66.0,Warehouse North,2011-02-24,WH-North,False,False
2011-03-01,37424,89.0,WH-North,2011-02-15,WH-North,False,False
2011-03-01,37444C,84.0,WH-London ,2011-02-27,WH-London,False,False
2011-03-01,22323,21.0,Warehouse North,2011-02-20,WH-North,False,False
2011-03-01,85040A,93.0,WH-North,2011-02-25,WH-North,False,False
2011-03-01,15036,19.0,,2011-02-17,UNKNOWN,False,False
2011-03-01,81950B,67.0,WH-London ,2011-02-23,WH-London,False,False
2011-03-01,84989A,122.0,WH-London,2011-02-28,WH-London,False,False
2011-03-01,21865,59.0,Warehouse North,,WH-North,False,False
2011-03-01,23619,-3.0,Main,2011-02-17,WH-London,True,False
2011-03-01,72800F,40.0,Main,2011-03-01,WH-London,False,False
2011-03-01,20974,115.0,WH-London ,2011-02-24,WH-London,False,False
2011-03-01,85024C,43.0,WH-North,2011-02-21,WH-North,False,False
2011-03-01,85026B,89.0,WH-London ,2011-02-16,WH-London,False,False
2011-03-01,22905,21.0,,2011-02-18,UNKNOWN,False,False
2011-03-01,23341,39.0,WH_London,2011-02-22,WH-London,False,False
2011-03-01,21662,43.0,WH_London,2011-02-26,WH-London,False,False
2011-03-01,22882,108.0,,2011-02-27,UNKNOWN,False,False
2011-03-01,23068,40.0,WH-North,,WH-North,False,False
2011-03-01,21348,-6.0,WH_London,2011-02-24,WH-London,True,False
2011-03-01,22216,121.0,,2011-02-18,UNKNOWN,False,False
2011-03-01,90201C,56.0,,2011-02-27,UNKNOWN,False,False
2011-03-01,79160,69.0,WH-London,2011-02-16,WH-London,False,False
2011-03-01,21628,1.0,WH_London,2011-02-19,WH-London,False,False
2011-03-01,72225C,-57.0,Main,2011-02-17,WH-London,True,False
2011-03-01,90071,50.0,WH-London ,,WH-London,False,False
2011-03-01,84674,21.0,WH_London,2011-02-17,WH-London,False,False
2011-03-01,21791,70.0,WH-London ,,WH-London,False,False
2011-03-01,22030,-1.0,WH-North,2011-02-17,WH-North,True,False
2011-03-01,20963,20.0,WH-London ,,WH-London,False,False
2011-03-01,21368,86.0,Warehouse North,2011-02-19,WH-North,False,False
2011-03-01,72232,-28.0,,2011-02-20,UNKNOWN,True,False
2011-03-01,10133,35.0,WH_London,2011-02-24,WH-London,False,False
2011-03-01,21336,52.0,WH-London,2011-02-25,WH-London,False,False
2011-03-01,17109D,38.0,,2011-02-24,UNKNOWN,False,False
2011-03-01,22185,70.0,WH_London,,WH-London,False,False
2011-03-01,23334,55.0,WH_London,2011-02-25,WH-London,False,False
2011-03-01,23471,-4.0,WH-London,2011-02-23,WH-London,True,False
2011-03-01,90197B,27.0,WH_London,2011-02-22,WH-London,False,False
2011-03-01,23060,24.0,Warehouse North,2011-02-17,WH-North,False,False
2011-03-01,16048,36.0,Warehouse North,2011-02-19,WH-North,False,False
2011-03-01,22560,-53.0,,2011-02-27,UNKNOWN,True,False
2011-03-01,23204,59.0,WH_London,,WH-London,False,False
2011-03-01,21989,-21.0,,2011-02-20,UNKNOWN,True,False
2011-03-01,23342,80.0,,2011-03-01,UNKNOWN,False,False
2011-03-01,85186C,47.0,WH-London ,,WH-London,False,False
2011-03-03,22178,16.0,Warehouse North,2011-02-25,WH-North,False,False
2011-03-03,90185B,78.0,WH-London,2011-02-26,WH-London,False,False
2011-03-03,84596J,13.0,WH_London,2011-02-28,WH-London,False,False
2011-03-03,22210,,,2011-02-27,UNKNOWN,False,True
2011-03-03,37424,113.0,Warehouse North,2011-03-02,WH-North,False,False
2011-03-03,84849B,54.0,WH_London,2011-02-20,WH-London,False,False
2011-03-03,20756,27.0,WH-London,2011-02-22,WH-London,False,False
2011-03-03,47469,,WH_London,2011-03-01,WH-London,False,True
2011-03-03,21830,44.0,,2011-02-27,UNKNOWN,False,False
2011-03-03,79160,51.0,WH_London,2011-02-17,WH-London,False,False
2011-03-03,20974,64.0,Main,2011-02-26,WH-London,False,False
2011-03-03,90143,44.0,WH_London,2011-02-25,WH-London,False,False
2011-03-03,81950B,60.0,Main,2011-02-17,WH-London,False,False
2011-03-03,85230F,45.0,WH-London ,2011-02-27,WH-London,False,False
2011-03-03,90177A,25.0,WH_London,2011-02-25,WH-London,False,False
2011-03-03,16048,16.0,WH-London ,2011-02-28,WH-London,False,False
2011-03-03,23204,89.0,WH_London,2011-02-24,WH-London,False,False
2011-03-03,22323,69.0,WH_London,2011-02-27,WH-London,False,False
2011-03-03,23159,-81.0,Main,2011-02-23,WH-London,True,False
2011-03-03,23535,50.0,WH-North,2011-02-25,WH-North,False,False
2011-03-03,82613C,56.0,,2011-02-22,UNKNOWN,False,False
2011-03-03,23272,44.0,Main,2011-02-22,WH-London,False,False
2011-03-03,20731,84.0,WH-London ,2011-03-03,WH-London,False,False
2011-03-03,90026D,39.0,Warehouse North,2011-02-20,WH-North,False,False
2011-03-03,22272,20.0,Main,,WH-London,False,False
2011-03-03,90067B,65.0,WH-North,2011-02-27,WH-North,False,False
2011-03-03,84715,45.0,WH_London,2011-02-19,WH-London,False,False
2011-03-03,21336,57.0,WH-London ,,WH-London,False,False
2011-03-03,22905,-71.0,WH-North,2011-02-27,WH-North,True,False
2011-03-03,22962,32.0,,2011-02-22,UNKNOWN,False,False
2011-03-03,21222,,,2011-03-02,UNKNOWN,False,True
2011-03-03,22228,40.0,,2011-02-26,UNKNOWN,False,False
2011-03-03,16011,88.0,WH-North,2011-02-25,WH-North,False,False
2011-03-03,21220,50.0,,2011-02-24,UNKNOWN,False,False
2011-03-03,22960,54.0,Warehouse North,2011-03-02,WH-North,False,False
2011-03-03,21216,15.0,WH-London,2011-02-26,WH-London,False,False
2011-03-03,46000P,71.0,,2011-02-25,UNKNOWN,False,False
2011-03-03,23341,62.0,WH-North,2011-03-03,WH-North,False,False
2011-03-03,84631,24.0,WH-London ,2011-02-25,WH-London,False,False
2011-03-03,84559B,107.0,WH-London ,,WH-London,False,False
2011-03-03,23234,60.0,WH_London,2011-02-25,WH-London,False,False
2011-03-03,23547,31.0,WH_London,2011-02-24,WH-London,False,False
2011-03-03,90214C,49.0,,2011-02-19,UNKNOWN,False,False
2011-03-03,21348,38.0,WH-North,2011-03-03,WH-North,False,False
2011-03-03,22470,96.0,,2011-02-20,UNKNOWN,False,False
2011-03-03,78124,77.0,WH_London,2011-02-22,WH-London,False,False
2011-03-03,21630,63.0,Main,2011-02-21,WH-London,False,False
2011-03-03,84660C,101.0,WH_London,,WH-London,False,False
2011-03-03,22965,18.0,WH_London,2011-02-26,WH-London,False,False
2011-03-03,72802C,-73.0,Main,2011-02-26,WH-London,True,False
2011-03-03,21188,66.0,Main,2011-02-27,WH-London,False,False
2011-03-03,85231G,43.0,Warehouse North,2011-02-20,WH-North,False,False
2011-03-03,90152C,43.0,WH-London ,2011-03-01,WH-London,False,False
2011-03-03,20966,77.0,Main,2011-03-01,WH-London,False,False
2011-03-03,21989,-75.0,WH-North,2011-02-28,WH-North,True,False
2011-03-03,21135,,WH-London,2011-02-27,WH-London,False,True
2011-03-03,16218,104.0,,2011-02-21,UNKNOWN,False,False
2011-03-03,84674,84.0,WH_London,2011-03-03,WH-London,False,False
2011-03-03,23518,41.0,Main,2011-02-22,WH-London,False,False
2011-03-03,21662,26.0,WH-London ,2011-03-03,WH-London,False,False
2011-03-03,21504,83.0,WH-London ,,WH-London,False,False
2011-03-03,23057,64.0,WH-London ,2011-02-23,WH-London,False,False
2011-03-03,85186C,71.0,WH-London ,2011-02-28,WH-London,False,False
2011-03-03,37471,67.0,Main,2011-03-01,WH-London,False,False
2011-03-03,21428,86.0,Main,2011-02-20,WH-London,False,False
2011-03-03,47593B,75.0,WH-London,,WH-London,False,False
2011-03-03,20724,33.0,,2011-02-27,UNKNOWN,False,False
2011-03-03,21356,-32.0,Warehouse North,2011-02-20,WH-North,True,False
2011-03-03,90065B,60.0,,2011-02-24,UNKNOWN,False,False
2011-03-03,47593A,118.0,Main,2011-02-21,WH-London,False,False
2011-03-03,23334,45.0,Main,2011-03-02,WH-London,False,False
2011-03-03,21628,60.0,Main,2011-02-27,WH-London,False,False
2011-03-03,85040A,-76.0,WH-North,2011-02-18,WH-North,True,False
2011-03-03,84805B,37.0,,2011-03-01,UNKNOWN,False,False
2011-03-03,20657,73.0,WH-London,2011-02-26,WH-London,False,False
2011-03-03,23140,50.0,WH-North,2011-02-26,WH-North,False,False
2011-03-03,79163,87.0,WH_London,2011-02-17,WH-London,False,False
2011-03-03,35965,21.0,WH-London ,2011-02-21,WH-London,False,False
2011-03-03,15044B,119.0,WH-London,2011-03-02,WH-London,False,False
2011-03-03,22923,40.0,WH-London,2011-02-24,WH-London,False,False
2011-03-05,23547,65.0,WH-London,2011-02-24,WH-London,False,False
2011-03-05,23458,50.0,,2011-02-24,UNKNOWN,False,False
2011-03-05,90067B,17.0,Main,2011-02-26,WH-London,False,False
2011-03-05,16048,74.0,WH-London ,2011-02-23,WH-London,False,False
2011-03-05,20677,42.0,WH-North,2011-02-27,WH-North,False,False
2011-03-05,20724,65.0,Warehouse North,2011-02-21,WH-North,False,False
2011-03-05,21504,25.0,WH-North,2011-02-27,WH-North,False,False
2011-03-05,82616B,42.0,WH-North,,WH-North,False,False
2011-03-05,23272,41.0,,2011-02-22,UNKNOWN,False,False
2011-03-05,85026B,66.0,WH_London,2011-02-28,WH-London,False,False
2011-03-05,37471,59.0,Main,2011-03-05,WH-London,False,False
2011-03-05,21216,44.0,Main,2011-02-24,WH-London,False,False
2011-03-05,84638,38.0,Warehouse North,2011-02-21,WH-North,False,False
2011-03-05,21662,59.0,Main,2011-03-01,WH-London,False,False
2011-03-05,37444C,55.0,WH-London,2011-03-04,WH-London,False,False
2011-03-05,21135,53.0,WH-North,,WH-North,False,False
2011-03-05,22928,109.0,WH-London ,2011-03-04,WH-London,False,False
2011-03-05,72807B,66.0,Main,,WH-London,False,False
2011-03-05,90052,107.0,Main,2011-02-20,WH-London,False,False
2011-03-05,22905,47.0,WH-London,2011-03-03,WH-London,False,False
2011-03-05,79163,48.0,Main,,WH-London,False,False
2011-03-05,22070,34.0,WH-London,2011-02-25,WH-London,False,False
2011-03-05,20657,59.0,Warehouse North,2011-02-27,WH-North,False,False
2011-03-05,22272,,Main,2011-02-25,WH-London,False,True
2011-03-05,20771,35.0,WH-London,2011-03-01,WH-London,False,False
2011-03-05,21195,-7.0,,,UNKNOWN,True,False
2011-03-05,21009,93.0,WH-North,2011-02-26,WH-North,False,False
2011-03-05,23483,38.0,WH-London ,2011-02-25,WH-London,False,False
2011-03-05,21735,94.0,Warehouse North,2011-03-01,WH-North,False,False
2011-03-05,21220,47.0,WH_London,2011-03-04,WH-London,False,False
2011-03-05,23471,69.0,WH-London ,2011-03-03,WH-London,False,False
2011-03-05,78124,52.0,Warehouse North,2011-03-03,WH-North,False,False
2011-03-05,21159,-62.0,WH_London,2011-03-05,WH-London,True,False
2011-03-05,21484,19.0,WH-North,2011-03-04,WH-North,False,False
2011-03-05,84872A,85.0,WH-North,2011-02-24,WH-North,False,False
2011-03-05,90152C,38.0,WH-London,,WH-London,False,False
2011-03-05,79071B,77.0,Main,2011-02-24,WH-London,False,False
2011-03-05,84715,6.0,WH_London,2011-02-25,WH-London,False,False
2011-03-05,23060,27.0,,2011-02-22,UNKNOWN,False,False
2011-03-05,85184C,61.0,Warehouse North,2011-03-05,WH-North,False,False
2011-03-05,20974,45.0,,,UNKNOWN,False,False
2011-03-05,22332,-63.0,,2011-02-28,UNKNOWN,True,False
2011-03-05,20803,56.0,Main,,WH-London,False,False
2011-03-05,22098,,Main,2011-03-02,WH-London,False,True
2011-03-05,16010,66.0,WH-North,2011-02-19,WH-North,False,False
2011-03-05,85119,37.0,Warehouse North,2011-02-24,WH-North,False,False
2011-03-05,22470,38.0,Main,2011-03-05,WH-London,False,False
2011-03-05,85136C,86.0,Warehouse North,2011-02-26,WH-North,False,False
2011-03-05,21670,4.0,Main,2011-02-20,WH-London,False,False
2011-03-05,90201C,66.0,Main,2011-02-19,WH-London,False,False
2011-03-05,90025E,16.0,WH-London ,2011-02-26,WH-London,False,False
2011-03-05,23692,83.0,WH-North,2011-03-04,WH-North,False,False
2011-03-05,22904,37.0,Main,2011-02-21,WH-London,False,False
2011-03-05,79160,65.0,WH-London,2011-02-25,WH-London,False,False
2011-03-05,16218,51.0,WH-London,2011-03-02,WH-London,False,False
2011-03-05,84631,8.0,WH-London ,2011-03-02,WH-London,False,False
2011-03-05,DCGSSBOY,69.0,,2011-02-25,UNKNOWN,False,False
2011-03-05,37467,28.0,WH-London ,2011-02-24,WH-London,False,False
2011-03-05,22289,74.0,Warehouse North,2011-02-21,WH-North,False,False
2011-03-05,46000P,19.0,Warehouse North,2011-02-26,WH-North,False,False
2011-03-05,21802,57.0,WH-London,2011-02-23,WH-London,False,False
2011-03-05,20731,51.0,WH-London ,,WH-London,False,False
2011-03-05,21428,31.0,WH-London,2011-02-20,WH-London,False,False
2011-03-05,85107,91.0,WH-North,2011-02-24,WH-North,False,False
2011-03-05,22228,51.0,Warehouse North,2011-02-22,WH-North,False,False
2011-03-05,23342,37.0,Warehouse North,2011-02-25,WH-North,False,False
2011-03-05,35965,58.0,WH_London,2011-02-26,WH-London,False,False
2011-03-05,23090,6.0,,2011-03-03,UNKNOWN,False,False
2011-03-05,84675,123.0,,2011-02-27,UNKNOWN,False,False
2011-03-05,21147,17.0,WH-North,2011-02-24,WH-North,False,False
2011-03-05,47593A,66.0,Warehouse North,2011-02-24,WH-North,False,False
2011-03-05,20963,51.0,WH-London ,2011-03-02,WH-London,False,False
2011-03-05,85040A,85.0,,2011-02-21,UNKNOWN,False,False
2011-03-05,90143,55.0,WH-London ,2011-02-24,WH-London,False,False
2011-03-05,81952B,-30.0,Warehouse North,2011-02-24,WH-North,True,False
2011-03-05,21265,-5.0,WH_London,,WH-London,True,False
2011-03-05,21356,-3.0,Warehouse North,,WH-North,True,False
2011-03-05,23089,-42.0,Warehouse North,2011-02-23,WH-North,True,False
2011-03-05,85186C,91.0,,2011-02-24,UNKNOWN,False,False
2011-03-05,17028J,0.0,WH-North,2011-02-24,WH-North,False,False
2011-03-07,22415,-105.0,,2011-03-01,UNKNOWN,True,False
2011-03-07,23090,82.0,WH-North,2011-02-23,WH-North,False,False
2011-03-07,21484,9.0,WH-London,2011-03-02,WH-London,False,False
2011-03-07,84746,17.0,WH_London,2011-03-04,WH-London,False,False
2011-03-07,21356,20.0,,2011-03-03,UNKNOWN,False,False
2011-03-07,22248,58.0,WH-North,2011-02-21,WH-North,False,False
2011-03-07,23140,,WH-London,2011-03-05,WH-London,False,True
2011-03-07,85230F,47.0,WH-London,,WH-London,False,False
2011-03-07,22923,34.0,WH_London,2011-03-06,WH-London,False,False
2011-03-07,22905,-55.0,WH_London,2011-03-03,WH-London,True,False
2011-03-07,90197B,75.0,WH-London,2011-03-03,WH-London,False,False
2011-03-07,44092C,46.0,WH-North,2011-03-01,WH-North,False,False
2011-03-07,22882,30.0,WH_London,2011-03-01,WH-London,False,False
2011-03-07,90214C,79.0,WH-London,2011-03-02,WH-London,False,False
2011-03-07,23093,43.0,Warehouse North,2011-02-21,WH-North,False,False
2011-03-07,23159,66.0,Main,2011-02-26,WH-London,False,False
2011-03-07,47591D,-47.0,,2011-03-03,UNKNOWN,True,False
2011-03-07,46000P,,Warehouse North,2011-02-21,WH-North,False,True
2011-03-07,22928,86.0,,2011-03-02,UNKNOWN,False,False
2011-03-07,23342,85.0,WH_London,2011-02-22,WH-London,False,False
2011-03-07,22779,33.0,WH-London ,2011-02-28,WH-London,False,False
2011-03-07,81950B,33.0,WH_London,2011-03-02,WH-London,False,False
2011-03-07,84804A,76.0,Main,2011-02-26,WH-London,False,False
2011-03-07,85135A,-48.0,Warehouse North,2011-03-05,WH-North,True,False
2011-03-07,22066,48.0,WH-London,2011-02-23,WH-London,False,False
2011-03-07,22560,29.0,,2011-02-28,UNKNOWN,False,False
2011-03-07,84849B,92.0,WH_London,2011-02-27,WH-London,False,False
2011-03-07,23089,81.0,WH-North,2011-02-25,WH-North,False,False
2011-03-07,84631,46.0,WH-London ,2011-03-03,WH-London,False,False
2011-03-07,84715,30.0,WH-London ,2011-03-02,WH-London,False,False
2011-03-07,23547,29.0,WH-North,2011-03-02,WH-North,False,False
2011-03-07,21791,53.0,WH-London,2011-03-07,WH-London,False,False
2011-03-07,84732B,61.0,WH_London,2011-03-06,WH-London,False,False
2011-03-07,23189,24.0,WH_London,2011-02-23,WH-London,False,False
2011-03-07,23010,12.0,Main,2011-02-28,WH-London,False,False
2011-03-07,21188,52.0,Main,2011-03-06,WH-London,False,False
2011-03-07,23075,75.0,WH-London,2011-03-03,WH-London,False,False
2011-03-07,85136C,52.0,Warehouse North,2011-03-03,WH-North,False,False
2011-03-07,23234,42.0,WH-London,2011-02-28,WH-London,False,False
2011-03-07,47593B,,WH-London ,2011-03-04,WH-London,False,True
2011-03-07,22216,30.0,WH-London,2011-03-04,WH-London,False,False
2011-03-07,23458,76.0,WH-North,2011-03-01,WH-North,False,False
2011-03-07,90065B,12.0,WH-North,2011-03-05,WH-North,False,False
2011-03-07,23272,103.0,WH_London,2011-02-28,WH-London,False,False
2011-03-07,20724,52.0,WH_London,2011-03-01,WH-London,False,False
2011-03-07,21504,2.0,WH_London,2011-02-28,WH-London,False,False
2011-03-07,22637,65.0,Main,2011-02-21,WH-London,False,False
2011-03-07,21147,63.0,Main,2011-02-27,WH-London,False,False
2011-03-07,20731,-36.0,Main,2011-03-01,WH-London,True,False
2011-03-07,23471,78.0,WH_London,2011-02-28,WH-London,False,False
2011-03-07,84674,31.0,,2011-03-05,UNKNOWN,False,False
2011-03-07,90011C,68.0,WH-London,2011-03-04,WH-London,False,False
2011-03-07,21735,48.0,WH-North,2011-03-03,WH-North,False,False
2011-03-07,21745,41.0,Warehouse North,2011-02-21,WH-North,False,False
2011-03-07,90001C,90.0,WH-North,2011-03-07,WH-North,False,False
2011-03-07,20771,79.0,WH-North,2011-03-02,WH-North,False,False
2011-03-07,22098,16.0,WH-North,2011-02-22,WH-North,False,False
2011-03-07,21428,61.0,WH-London ,,WH-London,False,False
2011-03-07,22084,106.0,,2011-02-21,UNKNOWN,False,False
2011-03-07,84559B,91.0,Warehouse North,2011-02-27,WH-North,False,False
2011-03-07,21009,22.0,Main,2011-02-22,WH-London,False,False
2011-03-07,23341,97.0,WH-North,2011-03-05,WH-North,False,False
2011-03-07,84596J,77.0,Main,2011-02-28,WH-London,False,False
2011-03-07,47593A,18.0,WH_London,2011-03-05,WH-London,False,False
2011-03-07,90067B,56.0,Main,2011-03-05,WH-London,False,False
2011-03-07,82613C,64.0,WH-North,2011-02-27,WH-North,False,False
2011-03-07,72807B,17.0,Main,2011-03-06,WH-London,False,False
2011-03-07,90025E,71.0,WH-North,2011-02-26,WH-North,False,False
2011-03-07,20677,122.0,WH-London,2011-02-21,WH-London,False,False
2011-03-07,82616B,90.0,WH_London,2011-03-03,WH-London,False,False
2011-03-07,22323,54.0,Main,2011-02-21,WH-London,False,False
2011-03-07,35819P,41.0,Main,2011-03-01,WH-London,False,False
2011-03-07,20657,59.0,WH-London ,2011-02-25,WH-London,False,False
2011-03-07,79190B,-20.0,WH_London,2011-02-22,WH-London,True,False
2011-03-07,23057,35.0,WH-North,2011-02-28,WH-North,False,False
2011-03-07,79163,-8.0,WH_London,2011-02-21,WH-London,True,False
2011-03-07,84805B,63.0,WH-North,2011-02-22,WH-North,False,False
2011-03-07,20756,39.0,,2011-02-22,UNKNOWN,False,False
2011-03-07,23535,68.0,WH-London,2011-03-05,WH-London,False,False
2011-03-07,85186C,53.0,Warehouse North,2011-03-04,WH-North,False,False
2011-03-09,84989A,19.0,Main,2011-02-24,WH-London,False,False
2011-03-09,90214N,56.0,,2011-03-02,UNKNOWN,False,False
2011-03-09,23440,28.0,WH_London,2011-02-24,WH-London,False,False
2011-03-09,84805B,99.0,WH-North,2011-03-04,WH-North,False,False
2011-03-09,22066,24.0,Warehouse North,2011-03-03,WH-North,False,False
2011-03-09,23272,35.0,,2011-03-01,UNKNOWN,False,False
2011-03-09,22415,19.0,WH-London ,2011-02-24,WH-London,False,False
2011-03-09,23093,16.0,Main,2011-03-03,WH-London,False,False
2011-03-09,21670,-50.0,WH_London,2011-03-08,WH-London,True,False
2011-03-09,22779,12.0,WH-London,2011-02-27,WH-London,False,False
2011-03-09,21356,,WH-London,2011-02-26,WH-London,False,True
2011-03-09,35819P,62.0,,2011-03-04,UNKNOWN,False,False
2011-03-09,21216,37.0,WH_London,2011-03-05,WH-London,False,False
2011-03-09,21159,16.0,WH-London,,WH-London,False,False
2011-03-09,21802,90.0,WH-London ,2011-03-06,WH-London,False,False
2011-03-09,22185,-57.0,Warehouse North,2011-03-07,WH-North,True,False
2011-03-09,90143,58.0,WH-London,2011-03-05,WH-London,False,False
2011-03-09,90065B,43.0,WH-North,2011-03-06,WH-North,False,False
2011-03-09,21377,74.0,WH-London,2011-02-28,WH-London,False,False
2011-03-09,21630,78.0,Warehouse North,2011-02-25,WH-North,False,False
2011-03-09,22904,81.0,WH-North,2011-02-26,WH-North,False,False
2011-03-09,23204,58.0,WH-London ,2011-02-25,WH-London,False,False
2011-03-09,22095,8.0,WH-North,2011-03-05,WH-North,False,False
2011-03-09,23342,62.0,WH_London,2011-02-26,WH-London,False,False
2011-03-09,37424,58.0,WH_London,2011-02-23,WH-London,False,False
2011-03-09,22560,33.0,WH-London,2011-02-23,WH-London,False,False
2011-03-09,20803,25.0,Warehouse North,2011-03-01,WH-North,False,False
2011-03-09,23159,66.0,Main,2011-02-24,WH-London,False,False
2011-03-09,21220,47.0,Main,2011-03-06,WH-London,False,False
2011-03-09,22962,38.0,WH-North,2011-02-23,WH-North,False,False
2011-03-09,82613C,-100.0,WH-North,2011-02-27,WH-North,True,False
2011-03-09,47593A,70.0,WH-London ,2011-03-06,WH-London,False,False
2011-03-09,17028J,63.0,Warehouse North,,WH-North,False,False
2011-03-09,85184C,86.0,WH-London,2011-02-28,WH-London,False,False
2011-03-09,79190B,59.0,WH_London,2011-02-24,WH-London,False,False
2011-03-09,21989,28.0,WH-London,2011-03-07,WH-London,False,False
2011-03-09,90011C,38.0,Main,2011-03-09,WH-London,False,False
2011-03-09,22248,71.0,Main,2011-02-24,WH-London,False,False
2011-03-09,22178,68.0,WH-London,2011-03-04,WH-London,False,False
2011-03-09,23458,63.0,WH_London,2011-03-08,WH-London,False,False
2011-03-09,22230,-15.0,Warehouse North,2011-02-24,WH-North,True,False
2011-03-09,22637,74.0,WH-London ,2011-03-04,WH-London,False,False
2011-03-09,22323,48.0,WH-North,2011-03-09,WH-North,False,False
2011-03-09,23189,67.0,WH_London,,WH-London,False,False
2011-03-09,90025E,25.0,Main,2011-03-02,WH-London,False,False
2011-03-09,90195B,-108.0,WH-North,2011-02-26,WH-North,True,False
2011-03-09,20963,57.0,WH-North,2011-03-07,WH-North,False,False
2011-03-09,84715,37.0,Warehouse North,2011-02-25,WH-North,False,False
2011-03-09,15044B,69.0,WH_London,2011-02-26,WH-London,False,False
2011-03-09,23518,75.0,Warehouse North,,WH-North,False,False
2011-03-09,72225C,69.0,WH-London,2011-03-03,WH-London,False,False
2011-03-09,21009,20.0,Warehouse North,2011-03-02,WH-North,False,False
2011-03-09,21281,-84.0,Warehouse North,2011-03-07,WH-North,True,False
2011-03-09,81952B,-39.0,Main,,WH-London,True,False
2011-03-09,22483,49.0,WH-London ,2011-02-25,WH-London,False,False
2011-03-09,37444C,-16.0,WH-North,2011-03-03,WH-North,True,False
2011-03-09,44092C,36.0,WH-London,2011-03-02,WH-London,False,False
2011-03-09,22882,,WH-London,2011-03-07,WH-London,False,True
2011-03-09,85231G,63.0,WH-London,,WH-London,False,False
2011-03-09,90197B,34.0,WH-London,2011-02-25,WH-London,False,False
2011-03-09,85026B,-1.0,WH-London ,,WH-London,True,False
2011-03-09,85040A,57.0,WH-North,,WH-North,False,False
2011-03-09,22156,42.0,,2011-03-07,UNKNOWN,False,False
2011-03-09,46000P,,Main,2011-02-24,WH-London,False,True
2011-03-09,16010,52.0,,2011-03-08,UNKNOWN,False,False
2011-03-09,47593B,-3.0,WH-London ,2011-03-08,WH-London,True,False
2011-03-09,21830,,WH_London,2011-03-03,WH-London,False,True
2011-03-09,90152C,-44.0,Main,2011-03-05,WH-London,True,False
2011-03-09,47590B,41.0,WH-London ,2011-03-07,WH-London,False,False
2011-03-09,23334,78.0,WH-London ,2011-03-06,WH-London,False,False
2011-03-09,20731,33.0,WH-London,2011-02-26,WH-London,False,False
2011-03-09,84686,57.0,WH-London,2011-03-05,WH-London,False,False
2011-03-09,21336,46.0,Main,2011-03-07,WH-London,False,False
2011-03-09,23471,,,2011-02-27,UNKNOWN,False,True
2011-03-09,21188,64.0,WH-London ,2011-03-02,WH-London,False,False
2011-03-09,22099,15.0,WH-North,2011-02-26,WH-North,False,False
2011-03-09,21222,102.0,,2011-03-04,UNKNOWN,False,False
2011-03-09,81950B,81.0,WH-North,2011-03-03,WH-North,False,False
2011-03-09,22272,-51.0,WH-North,2011-03-04,WH-North,True,False
2011-03-09,21428,36.0,Main,,WH-London,False,False
2011-03-11,10133,-10.0,,2011-03-01,UNKNOWN,True,False
2011-03-11,22084,62.0,WH-London,2011-03-06,WH-London,False,False
2011-03-11,15036,-29.0,WH-London ,,WH-London,True,False
2011-03-11,22099,-23.0,Warehouse North,2011-03-07,WH-North,True,False
2011-03-11,90011C,73.0,Warehouse North,2011-03-10,WH-North,False,False
2011-03-11,23140,,WH-North,2011-02-27,WH-North,False,True
2011-03-11,23234,35.0,WH_London,2011-02-27,WH-London,False,False
2011-03-11,90152A,-74.0,Main,2011-03-05,WH-London,True,False
2011-03-11,23093,56.0,WH-London ,2011-03-09,WH-London,False,False
2011-03-11,84746,60.0,Warehouse North,2011-03-02,WH-North,False,False
2011-03-11,22332,25.0,WH-North,2011-02-28,WH-North,False,False
2011-03-11,23057,,WH-London,2011-02-28,WH-London,False,True
2011-03-11,16010,17.0,Main,2011-02-26,WH-London,False,False
2011-03-11,22178,13.0,Warehouse North,2011-03-05,WH-North,False,False
2011-03-11,23547,65.0,WH-North,2011-03-02,WH-North,False,False
2011-03-11,90143,34.0,WH-London ,2011-02-25,WH-London,False,False
2011-03-11,90026D,22.0,Warehouse North,,WH-North,False,False
2011-03-11,22185,13.0,WH_London,,WH-London,False,False
2011-03-11,22483,4.0,,2011-03-03,UNKNOWN,False,False
2011-03-11,21356,-8.0,Main,2011-03-11,WH-London,True,False
2011-03-11,46000P,53.0,Main,2011-03-10,WH-London,False,False
2011-03-11,22637,-28.0,WH-London ,2011-03-05,WH-London,True,False
2011-03-11,22560,-64.0,WH-North,2011-03-07,WH-North,True,False
2011-03-11,20963,63.0,WH_London,2011-03-05,WH-London,False,False
2011-03-11,21265,47.0,WH-London,,WH-London,False,False
2011-03-11,21865,52.0,,,UNKNOWN,False,False
2011-03-11,21222,41.0,WH-London,2011-03-09,WH-London,False,False
2011-03-11,21662,56.0,WH-North,2011-02-25,WH-North,False,False
2011-03-11,22289,56.0,WH-London ,2011-03-05,WH-London,False,False
2011-03-11,20966,89.0,WH-North,2011-03-04,WH-North,False,False
2011-03-11,82616C,95.0,WH-London ,2011-02-27,WH-London,False,False
2011-03-11,22210,95.0,WH-London ,2011-03-09,WH-London,False,False
2011-03-11,21830,26.0,Warehouse North,,WH-North,False,False
2011-03-11,78124,72.0,WH-London,2011-03-03,WH-London,False,False
2011-03-11,90214N,65.0,WH_London,2011-03-10,WH-London,False,False
2011-03-11,85024C,30.0,,2011-03-01,UNKNOWN,False,False
2011-03-11,21484,23.0,WH-London,2011-02-26,WH-London,False,False
2011-03-11,22962,38.0,WH-London,,WH-London,False,False
2011-03-11,23075,18.0,WH_London,2011-03-11,WH-London,False,False
2011-03-11,90185B,-8.0,WH-London ,2011-03-04,WH-London,True,False
2011-03-11,22928,64.0,,2011-03-08,UNKNOWN,False,False
2011-03-11,21009,50.0,,2011-03-01,UNKNOWN,False,False
2011-03-11,DCGSSBOY,50.0,WH-London ,,WH-London,False,False
2011-03-11,47469,77.0,,2011-03-04,UNKNOWN,False,False
2011-03-11,20702,44.0,WH_London,2011-02-26,WH-London,False,False
2011-03-11,21628,74.0,Main,2011-03-05,WH-London,False,False
2011-03-11,81952B,27.0,WH_London,2011-02-25,WH-London,False,False
2011-03-11,22965,27.0,WH-London ,2011-03-07,WH-London,False,False
2011-03-11,37471,50.0,WH-London,2011-03-06,WH-London,False,False
2011-03-11,15044B,113.0,,2011-03-01,UNKNOWN,False,False
2011-03-11,84686,88.0,WH_London,2011-03-09,WH-London,False,False
2011-03-11,22323,82.0,Warehouse North,,WH-North,False,False
2011-03-11,22228,8.0,WH-London ,2011-02-27,WH-London,False,False
2011-03-11,21791,54.0,Main,2011-03-09,WH-London,False,False
2011-03-11,23692,74.0,WH-North,2011-03-05,WH-North,False,False
2011-03-11,85107,112.0,WH_London,2011-02-27,WH-London,False,False
2011-03-11,23189,0.0,WH-London ,2011-03-10,WH-London,False,False
2011-03-11,22671,71.0,Warehouse North,2011-03-05,WH-North,False,False
2011-03-11,17109D,81.0,Main,2011-02-27,WH-London,False,False
2011-03-11,85163B,63.0,Main,,WH-London,False,False
2011-03-11,84732B,9.0,WH-London ,2011-03-11,WH-London,False,False
2011-03-11,84631,57.0,Main,2011-03-03,WH-London,False,False
2011-03-11,84849B,62.0,WH-London ,2011-03-06,WH-London,False,False
2011-03-11,84674,55.0,WH_London,,WH-London,False,False
2011-03-11,90082D,29.0,Main,2011-03-09,WH-London,False,False
2011-03-11,23458,25.0,WH_London,2011-03-05,WH-London,False,False
2011-03-11,22415,63.0,Main,2011-03-06,WH-London,False,False
2011-03-11,72802C,29.0,WH-London,2011-03-01,WH-London,False,False
2011-03-11,21188,30.0,,2011-02-27,UNKNOWN,False,False
2011-03-11,79163,45.0,WH-North,2011-03-08,WH-North,False,False
2011-03-11,23272,54.0,WH-London ,2011-03-11,WH-London,False,False
2011-03-11,21159,81.0,WH_London,2011-03-01,WH-London,False,False
2011-03-11,84789,14.0,Main,2011-02-27,WH-London,False,False
2011-03-11,47590B,11.0,WH-North,2011-02-27,WH-North,False,False
2011-03-11,22960,,Warehouse North,2011-02-26,WH-North,False,True
2011-03-11,84638,-4.0,WH-London,2011-03-11,WH-London,True,False
2011-03-11,21745,67.0,WH_London,2011-03-01,WH-London,False,False
2011-03-11,85119,-9.0,,2011-02-26,UNKNOWN,True,False
2011-03-11,85186C,-71.0,WH-London,2011-02-28,WH-London,True,False
2011-03-11,22216,83.0,Main,2011-03-04,WH-London,False,False
2011-03-13,23060,57.0,WH-London,2011-03-05,WH-London,False,False
2011-03-13,90195B,-5.0,Main,2011-02-27,WH-London,True,False
2011-03-13,23692,53.0,Main,2011-03-07,WH-London,False,False
2011-03-13,85119,26.0,WH-London,2011-03-06,WH-London,False,False
2011-03-13,23334,13.0,Warehouse North,2011-03-05,WH-North,False,False
2011-03-13,22415,67.0,WH-London,2011-03-09,WH-London,False,False
2011-03-13,22030,73.0,,2011-03-01,UNKNOWN,False,False
2011-03-13,90161B,88.0,WH-North,,WH-North,False,False
2011-03-13,23085,41.0,Main,2011-03-01,WH-London,False,False
2011-03-13,22228,55.0,Warehouse North,2011-03-11,WH-North,False,False
2011-03-13,85136C,99.0,WH-North,,WH-North,False,False
2011-03-13,22637,112.0,Main,2011-03-08,WH-London,False,False
2011-03-13,16048,82.0,,2011-03-07,UNKNOWN,False,False
2011-03-13,23272,39.0,WH_London,,WH-London,False,False
2011-03-13,20771,50.0,WH-North,2011-02-27,WH-North,False,False
2011-03-13,23068,44.0,WH-London ,,WH-London,False,False
2011-03-13,90082D,-71.0,Warehouse North,2011-02-28,WH-North,True,False
2011-03-13,84856S,25.0,Warehouse North,2011-03-10,WH-North,False,False
2011-03-13,22087,,Main,2011-03-01,WH-London,False,True
2011-03-13,23535,59.0,WH_London,2011-03-02,WH-London,False,False
2011-03-13,84849B,61.0,WH-North,2011-03-04,WH-North,False,False
2011-03-13,37471,19.0,WH_London,2011-03-10,WH-London,False,False
2011-03-13,37424,-57.0,WH-London,2011-03-04,WH-London,True,False
2011-03-13,90214N,103.0,WH-London,2011-03-10,WH-London,False,False
2011-03-13,84789,-36.0,WH-London,2011-03-02,WH-London,True,False
2011-03-13,23075,57.0,WH-North,2011-03-02,WH-North,False,False
2011-03-13,35819P,-5.0,WH-London ,2011-02-28,WH-London,True,False
2011-03-13,21336,57.0,WH-London ,2011-03-12,WH-London,False,False
2011-03-13,81952B,56.0,Main,2011-03-01,WH-London,False,False
2011-03-13,82613C,53.0,WH_London,2011-03-11,WH-London,False,False
2011-03-13,16011,71.0,WH-North,2011-02-28,WH-North,False,False
2011-03-13,22095,41.0,WH-London ,2011-03-08,WH-London,False,False
2011-03-13,47591D,85.0,WH-London,2011-03-01,WH-London,False,False
2011-03-13,85040A,-23.0,Warehouse North,2011-03-12,WH-North,True,False
2011-03-13,85163B,93.0,Main,2011-03-05,WH-London,False,False
2011-03-13,21195,56.0,WH-London ,2011-03-03,WH-London,False,False
2011-03-13,72800F,-47.0,WH-North,2011-03-10,WH-North,True,False
2011-03-13,16010,,WH_London,2011-03-07,WH-London,False,True
2011-03-13,82616B,16.0,WH_London,2011-03-07,WH-London,False,False
2011-03-13,22965,60.0,WH-London,2011-03-06,WH-London,False,False
2011-03-13,23135,28.0,WH-London,2011-03-06,WH-London,False,False
2011-03-13,20974,79.0,WH_London,2011-03-06,WH-London,False,False
2011-03-13,20996,58.0,WH-London ,2011-03-02,WH-London,False,False
2011-03-13,22272,-7.0,WH_London,2011-03-10,WH-London,True,False
2011-03-13,22216,72.0,Warehouse North,2011-03-12,WH-North,False,False
2011-03-13,21220,45.0,WH_London,2011-03-03,WH-London,False,False
2011-03-13,22289,,WH-North,2011-03-09,WH-North,False,True
2011-03-13,85184C,81.0,WH-North,2011-03-11,WH-North,False,False
2011-03-13,90214C,8.0,WH-North,2011-03-13,WH-North,False,False
2011-03-13,23518,16.0,WH-London ,,WH-London,False,False
2011-03-13,84715,59.0,WH-London ,2011-03-12,WH-London,False,False
2011-03-13,21265,0.0,WH_London,2011-03-05,WH-London,False,False
2011-03-13,23341,31.0,Warehouse North,2011-03-08,WH-North,False,False
2011-03-13,22114,79.0,WH-North,2011-03-05,WH-North,False,False
2011-03-13,22560,46.0,Warehouse North,2011-03-02,WH-North,False,False
2011-03-13,21188,-8.0,WH-North,2011-03-04,WH-North,True,False
2011-03-13,21080,55.0,,2011-03-08,UNKNOWN,False,False
2011-03-13,44092C,37.0,WH_London,2011-03-03,WH-London,False,False
2011-03-13,21830,28.0,Main,2011-03-10,WH-London,False,False
2011-03-13,90197B,156.0,WH_London,2011-03-06,WH-London,False,False
2011-03-13,79163,67.0,WH-London,2011-03-03,WH-London,False,False
2011-03-13,90177A,41.0,Warehouse North,,WH-North,False,False
2011-03-13,22323,76.0,Warehouse North,2011-03-08,WH-North,False,False
2011-03-13,23089,41.0,Main,,WH-London,False,False
2011-03-13,85024C,,Main,2011-03-09,WH-London,False,True
2011-03-13,21670,58.0,WH-London ,2011-03-02,WH-London,False,False
2011-03-13,90071,65.0,WH-London ,2011-03-02,WH-London,False,False
2011-03-13,23159,77.0,WH-London ,2011-03-12,WH-London,False,False
2011-03-13,84675,92.0,Main,2011-02-27,WH-London,False,False
2011-03-13,21428,85.0,Warehouse North,2011-03-11,WH-North,False,False
2011-03-13,90001C,-75.0,WH-North,2011-03-08,WH-North,True,False
2011-03-13,47593B,78.0,WH-North,2011-03-05,WH-North,False,False
2011-03-13,23342,85.0,WH-London,2011-03-04,WH-London,False,False
2011-03-13,21216,-71.0,Main,2011-03-13,WH-London,True,False
2011-03-13,46000P,2.0,WH-North,2011-03-13,WH-North,False,False
2011-03-13,81950B,64.0,WH_London,2011-03-07,WH-London,False,False
2011-03-13,21745,91.0,WH-London,2011-03-13,WH-London,False,False
2011-03-13,84631,25.0,Main,,WH-London,False,False
2011-03-13,22210,38.0,Warehouse North,2011-03-06,WH-North,False,False
2011-03-13,21377,,WH_London,2011-03-13,WH-London,False,True
2011-03-15,22928,55.0,WH-North,2011-03-02,WH-North,False,False
2011-03-15,23342,-33.0,WH_London,2011-03-02,WH-London,True,False
2011-03-15,85107,51.0,WH-North,,WH-North,False,False
2011-03-15,21336,65.0,Main,2011-03-06,WH-London,False,False
2011-03-15,20756,10.0,WH-London,2011-03-03,WH-London,False,False
2011-03-15,84746,52.0,Main,2011-03-15,WH-London,False,False
2011-03-15,85230F,38.0,WH-London,2011-03-13,WH-London,False,False
2011-03-15,22470,-1.0,WH-London ,2011-03-13,WH-London,True,False
2011-03-15,21735,-66.0,WH_London,,WH-London,True,False
2011-03-15,17109D,59.0,,2011-03-10,UNKNOWN,False,False
2011-03-15,16218,54.0,WH-North,2011-03-12,WH-North,False,False
2011-03-15,23204,68.0,Main,2011-03-01,WH-London,False,False
2011-03-15,79163,-59.0,WH-North,2011-03-07,WH-North,True,False
2011-03-15,21484,27.0,Main,2011-03-12,WH-London,False,False
2011-03-15,21830,71.0,WH-London ,2011-03-12,WH-London,False,False
2011-03-15,72802C,76.0,Warehouse North,2011-03-03,WH-North,False,False
2011-03-15,85024C,17.0,,2011-03-05,UNKNOWN,False,False
2011-03-15,23272,76.0,Main,2011-03-11,WH-London,False,False
2011-03-15,84675,41.0,WH-London,2011-03-10,WH-London,False,False
2011-03-15,10133,68.0,Main,2011-03-06,WH-London,False,False
2011-03-15,22095,54.0,WH-London ,2011-03-08,WH-London,False,False
2011-03-15,16010,44.0,Warehouse North,2011-03-10,WH-North,False,False
2011-03-15,85186C,66.0,WH-London,2011-03-06,WH-London,False,False
2011-03-15,22084,40.0,WH-London,2011-03-01,WH-London,False,False
2011-03-15,22098,82.0,Main,,WH-London,False,False
2011-03-15,90025E,87.0,WH-London,2011-03-14,WH-London,False,False
2011-03-15,23075,33.0,Warehouse North,2011-03-09,WH-North,False,False
2011-03-15,90065B,44.0,WH_London,2011-03-02,WH-London,False,False
2011-03-15,23189,38.0,WH_London,2011-03-01,WH-London,False,False
2011-03-15,22289,61.0,WH-North,2011-03-08,WH-North,False,False
2011-03-15,22637,89.0,WH-London,2011-03-13,WH-London,False,False
2011-03-15,22779,0.0,WH_London,2011-03-13,WH-London,False,False
2011-03-15,21989,7.0,,2011-03-10,UNKNOWN,False,False
2011-03-15,85026B,47.0,WH_London,,WH-London,False,False
2011-03-15,72225C,55.0,Main,2011-03-06,WH-London,False,False
2011-03-15,84856S,21.0,,2011-03-07,UNKNOWN,False,False
2011-03-15,21216,55.0,WH-North,2011-03-13,WH-North,False,False
2011-03-15,47591D,27.0,WH-London ,2011-03-04,WH-London,False,False
2011-03-15,84849B,36.0,WH-London,2011-03-12,WH-London,False,False
2011-03-15,90152C,88.0,Main,2011-03-04,WH-London,False,False
2011-03-15,22905,39.0,WH-North,2011-03-01,WH-North,False,False
2011-03-15,23234,39.0,WH-North,2011-03-15,WH-North,False,False
2011-03-15,22185,53.0,Main,2011-03-12,WH-London,False,False
2011-03-15,21356,82.0,WH-North,2011-03-07,WH-North,False,False
2011-03-15,84805B,48.0,Main,2011-03-15,WH-London,False,False
2011-03-15,84872A,33.0,WH-North,2011-03-09,WH-North,False,False
2011-03-15,22216,67.0,WH_London,2011-03-03,WH-London,False,False
2011-03-15,20724,74.0,WH-North,2011-03-04,WH-North,False,False
2011-03-15,90214N,84.0,WH_London,2011-03-04,WH-London,False,False
2011-03-15,90152A,48.0,Main,2011-03-04,WH-London,False,False
2011-03-15,22962,64.0,WH-London ,2011-03-03,WH-London,False,False
2011-03-15,21188,73.0,WH-London ,2011-03-05,WH-London,False,False
2011-03-15,20974,55.0,WH-London,2011-03-09,WH-London,False,False
2011-03-15,23440,89.0,WH-London ,2011-03-15,WH-London,False,False
2011-03-15,21281,69.0,WH_London,2011-03-05,WH-London,False,False
2011-03-15,37471,106.0,Main,2011-03-11,WH-London,False,False
2011-03-15,81952B,77.0,WH-London ,2011-03-11,WH-London,False,False
2011-03-15,22178,-7.0,WH-London,2011-03-13,WH-London,True,False
2011-03-15,84631,38.0,WH_London,,WH-London,False,False
2011-03-15,79160,1.0,WH-London,2011-03-06,WH-London,False,False
2011-03-15,22904,30.0,WH-London ,2011-03-08,WH-London,False,False
2011-03-15,90026D,-38.0,WH-London,2011-03-02,WH-London,True,False
2011-03-15,21683,76.0,WH-London,2011-03-10,WH-London,False,False
2011-03-15,90143,36.0,Warehouse North,2011-03-05,WH-North,False,False
2011-03-15,23341,-91.0,WH-North,,WH-North,True,False
2011-03-15,23010,29.0,WH-London ,2011-03-03,WH-London,False,False
2011-03-15,21662,41.0,WH-London ,2011-03-02,WH-London,False,False
2011-03-15,23089,12.0,WH-North,2011-03-02,WH-North,False,False
2011-03-15,23090,,WH-London,2011-03-13,WH-London,False,True
2011-03-15,21745,97.0,WH_London,2011-03-09,WH-London,False,False
2011-03-15,44092C,46.0,Warehouse North,2011-03-15,WH-North,False,False
2011-03-15,90185B,5.0,WH-London ,2011-03-12,WH-London,False,False
2011-03-15,84804A,43.0,WH_London,,WH-London,False,False
2011-03-15,21222,56.0,WH-London ,2011-03-09,WH-London,False,False
2011-03-15,84989A,30.0,,2011-03-12,UNKNOWN,False,False
2011-03-15,22066,120.0,Main,2011-03-03,WH-London,False,False
2011-03-15,35965,,Main,2011-03-11,WH-London,False,True
2011-03-15,79190B,-2.0,WH_London,2011-03-12,WH-London,True,False
2011-03-15,22560,15.0,WH_London,2011-03-11,WH-London,False,False
2011-03-15,21009,63.0,Warehouse North,2011-03-08,WH-North,False,False
2011-03-17,84805B,-17.0,WH-North,2011-03-09,WH-North,True,False
2011-03-17,20974,55.0,WH_London,2011-03-13,WH-London,False,False
2011-03-17,90001C,50.0,WH_London,2011-03-05,WH-London,False,False
2011-03-17,90201C,,Main,,WH-London,False,True
2011-03-17,23057,80.0,WH-London,2011-03-11,WH-London,False,False
2011-03-17,90026D,-104.0,,2011-03-06,UNKNOWN,True,False
2011-03-17,22216,61.0,WH-North,2011-03-09,WH-North,False,False
2011-03-17,23075,13.0,WH-London,2011-03-11,WH-London,False,False
2011-03-17,22575,54.0,Main,2011-03-04,WH-London,False,False
2011-03-17,72807B,32.0,Warehouse North,2011-03-15,WH-North,False,False
2011-03-17,21336,109.0,WH-London ,2011-03-03,WH-London,False,False
2011-03-17,21735,70.0,WH-London,2011-03-13,WH-London,False,False
2011-03-17,84849B,62.0,WH_London,2011-03-06,WH-London,False,False
2011-03-17,22928,,WH-London,2011-03-10,WH-London,False,True
2011-03-17,22470,48.0,Main,2011-03-05,WH-London,False,False
2011-03-17,23535,87.0,,2011-03-04,UNKNOWN,False,False
2011-03-17,22965,32.0,WH_London,2011-03-12,WH-London,False,False
2011-03-17,17109D,78.0,WH-London,2011-03-17,WH-London,False,False
2011-03-17,22178,97.0,WH_London,2011-03-08,WH-London,False,False
2011-03-17,85231G,25.0,Warehouse North,2011-03-10,WH-North,False,False
2011-03-17,82613C,,Warehouse North,2011-03-05,WH-North,False,True
2011-03-17,23189,62.0,WH-London ,2011-03-15,WH-London,False,False
2011-03-17,90197B,17.0,Warehouse North,2011-03-07,WH-North,False,False
2011-03-17,90195B,8.0,WH-London,2011-03-10,WH-London,False,False
2011-03-17,82616C,22.0,WH_London,2011-03-05,WH-London,False,False
2011-03-17,84856S,48.0,Main,,WH-London,False,False
2011-03-17,21830,62.0,Warehouse North,2011-03-07,WH-North,False,False
2011-03-17,21670,38.0,,2011-03-04,UNKNOWN,False,False
2011-03-17,90214N,107.0,Warehouse North,,WH-North,False,False
2011-03-17,84872A,80.0,,2011-03-17,UNKNOWN,False,False
2011-03-17,21009,63.0,WH-North,2011-03-04,WH-North,False,False
2011-03-17,85026B,37.0,WH_London,2011-03-09,WH-London,False,False
2011-03-17,85024C,52.0,WH-London,2011-03-11,WH-London,False,False
2011-03-17,84559B,83.0,Warehouse North,2011-03-15,WH-North,False,False
2011-03-17,79071B,77.0,Warehouse North,2011-03-08,WH-North,False,False
2011-03-17,81952B,77.0,WH-London,2011-03-05,WH-London,False,False
2011-03-17,23135,40.0,Main,2011-03-08,WH-London,False,False
2011-03-17,23458,34.0,Main,2011-03-15,WH-London,False,False
2011-03-17,23010,7.0,Warehouse North,2011-03-03,WH-North,False,False
2011-03-17,23140,65.0,WH-London ,2011-03-10,WH-London,False,False
2011-03-17,22156,4.0,WH-North,2011-03-04,WH-North,False,False
2011-03-17,22098,49.0,Warehouse North,2011-03-15,WH-North,False,False
2011-03-17,84675,-37.0,WH-North,2011-03-07,WH-North,True,False
2011-03-17,47593A,56.0,,2011-03-12,UNKNOWN,False,False
2011-03-17,21865,84.0,WH-North,2011-03-16,WH-North,False,False
2011-03-17,90152A,90.0,WH-North,2011-03-10,WH-North,False,False
2011-03-17,21080,-71.0,WH-London ,,WH-London,True,False
2011-03-17,85040A,27.0,WH-London ,,WH-London,False,False
2011-03-17,22905,49.0,WH-London ,2011-03-13,WH-London,False,False
2011-03-17,84631,23.0,,2011-03-07,UNKNOWN,False,False
2011-03-17,23234,30.0,,2011-03-04,UNKNOWN,False,False
2011-03-17,20677,64.0,WH-London,2011-03-09,WH-London,False,False
2011-03-17,85135A,20.0,Main,2011-03-11,WH-London,False,False
2011-03-17,21348,36.0,WH_London,2011-03-07,WH-London,False,False
2011-03-17,85107,17.0,WH-North,2011-03-05,WH-North,False,False
2011-03-17,20963,69.0,WH-London,2011-03-04,WH-London,False,False
2011-03-17,85163B,39.0,,2011-03-03,UNKNOWN,False,False
2011-03-17,22332,-16.0,WH_London,,WH-London,True,False
2011-03-17,90082D,99.0,WH-London,2011-03-03,WH-London,False,False
2011-03-17,22560,80.0,,2011-03-10,UNKNOWN,False,False
2011-03-17,23089,-10.0,WH-North,2011-03-17,WH-North,True,False
2011-03-17,21745,72.0,Main,,WH-London,False,False
2011-03-17,35965,95.0,WH-London ,2011-03-11,WH-London,False,False
2011-03-17,23619,44.0,Main,2011-03-13,WH-London,False,False
2011-03-17,79163,54.0,WH-London,2011-03-17,WH-London,False,False
2011-03-17,16218,40.0,,2011-03-12,UNKNOWN,False,False
2011-03-17,47593B,65.0,,2011-03-13,UNKNOWN,False,False
2011-03-17,21220,80.0,WH-London,2011-03-08,WH-London,False,False
2011-03-17,84686,14.0,Warehouse North,2011-03-15,WH-North,False,False
2011-03-17,23692,28.0,WH-London ,,WH-London,False,False
2011-03-17,72800F,-53.0,WH-London,2011-03-16,WH-London,True,False
2011-03-17,85184C,59.0,Main,2011-03-03,WH-London,False,False
2011-03-17,DCGSSBOY,62.0,WH_London,2011-03-14,WH-London,False,False
2011-03-17,22289,44.0,,2011-03-07,UNKNOWN,False,False
2011-03-17,47590B,23.0,,2011-03-10,UNKNOWN,False,False
2011-03-17,22114,79.0,WH-London,2011-03-13,WH-London,False,False
2011-03-17,22272,13.0,WH-London ,2011-03-07,WH-London,False,False
2011-03-17,17028J,35.0,WH-North,,WH-North,False,False
2011-03-17,22099,50.0,WH-London ,2011-03-14,WH-London,False,False
2011-03-17,16048,-64.0,WH_London,2011-03-11,WH-London,True,False
2011-03-19,22904,-41.0,WH-North,2011-03-17,WH-North,True,False
2011-03-19,22637,72.0,WH-North,2011-03-05,WH-North,False,False
2011-03-19,20803,87.0,Main,2011-03-05,WH-London,False,False
2011-03-19,72225C,31.0,,2011-03-16,UNKNOWN,False,False
2011-03-19,16218,61.0,Warehouse North,2011-03-13,WH-North,False,False
2011-03-19,79160,57.0,Warehouse North,2011-03-17,WH-North,False,False
2011-03-19,90082D,39.0,WH-London,2011-03-16,WH-London,False,False
2011-03-19,21428,-7.0,WH-North,2011-03-07,WH-North,True,False
2011-03-19,47469,60.0,WH-London ,,WH-London,False,False
2011-03-19,35965,63.0,WH-London ,2011-03-10,WH-London,False,False
2011-03-19,22248,82.0,Warehouse North,,WH-North,False,False
2011-03-19,79190B,-39.0,WH_London,,WH-London,True,False
2011-03-19,21159,29.0,Warehouse North,2011-03-10,WH-North,False,False
2011-03-19,17028J,22.0,Main,2011-03-09,WH-London,False,False
2011-03-19,20724,-39.0,Main,2011-03-05,WH-London,True,False
2011-03-19,47593A,37.0,WH-London,,WH-London,False,False
2011-03-19,23458,132.0,WH_London,2011-03-09,WH-London,False,False
2011-03-19,22272,88.0,WH-London,2011-03-11,WH-London,False,False
2011-03-19,23692,20.0,,2011-03-17,UNKNOWN,False,False
2011-03-19,22098,34.0,,2011-03-05,UNKNOWN,False,False
2011-03-19,16048,-34.0,,2011-03-19,UNKNOWN,True,False
2011-03-19,22575,91.0,Main,2011-03-10,WH-London,False,False
2011-03-19,22332,116.0,Warehouse North,2011-03-07,WH-North,False,False
2011-03-19,20963,52.0,WH-North,2011-03-13,WH-North,False,False
2011-03-19,37424,57.0,Main,2011-03-05,WH-London,False,False
2011-03-19,23159,65.0,,2011-03-14,UNKNOWN,False,False
2011-03-19,21830,49.0,WH-London,,WH-London,False,False
2011-03-19,23619,58.0,WH-London,2011-03-13,WH-London,False,False
2011-03-19,17109D,51.0,Warehouse North,2011-03-12,WH-North,False,False
2011-03-19,21147,64.0,,2011-03-07,UNKNOWN,False,False
2011-03-19,37444C,-10.0,WH_London,2011-03-15,WH-London,True,False
2011-03-19,22882,35.0,WH-London ,2011-03-18,WH-London,False,False
2011-03-19,84674,14.0,WH-North,2011-03-13,WH-North,False,False
2011-03-19,82616C,70.0,Warehouse North,2011-03-09,WH-North,False,False
2011-03-19,20731,26.0,WH_London,,WH-London,False,False
2011-03-19,84660C,3.0,Main,2011-03-19,WH-London,False,False
2011-03-19,21188,-3.0,WH-North,2011-03-10,WH-North,True,False
2011-03-19,85135A,63.0,WH-London ,2011-03-16,WH-London,False,False
2011-03-19,DCGSSBOY,,WH_London,2011-03-07,WH-London,False,True
2011-03-19,21683,45.0,WH_London,2011-03-15,WH-London,False,False
2011-03-19,85040A,,WH_London,2011-03-19,WH-London,False,True
2011-03-19,15044B,61.0,Warehouse North,2011-03-07,WH-North,False,False
2011-03-19,22923,34.0,WH-London,2011-03-12,WH-London,False,False
2011-03-19,90143,14.0,Main,2011-03-07,WH-London,False,False
2011-03-19,84789,,,2011-03-07,UNKNOWN,False,True
2011-03-19,84805B,46.0,,2011-03-09,UNKNOWN,False,False
2011-03-19,84746,67.0,WH_London,,WH-London,False,False
2011-03-19,20657,-21.0,WH_London,,WH-London,True,False
2011-03-19,85107,84.0,WH_London,2011-03-14,WH-London,False,False
2011-03-19,22185,-1.0,,2011-03-18,UNKNOWN,True,False
2011-03-19,22210,35.0,WH_London,2011-03-07,WH-London,False,False
2011-03-19,22178,91.0,WH-London ,2011-03-18,WH-London,False,False
2011-03-19,90052,,Warehouse North,2011-03-19,WH-North,False,True
2011-03-19,46000P,,WH-London ,2011-03-07,WH-London,False,True
2011-03-19,15036,-41.0,WH_London,2011-03-15,WH-London,True,False
2011-03-19,21356,49.0,WH-London ,2011-03-07,WH-London,False,False
2011-03-19,22323,60.0,WH-London,2011-03-19,WH-London,False,False
2011-03-19,22908,50.0,Warehouse North,2011-03-07,WH-North,False,False
2011-03-19,23518,9.0,WH-London ,2011-03-05,WH-London,False,False
2011-03-19,84638,52.0,,2011-03-09,UNKNOWN,False,False
2011-03-19,21377,49.0,,2011-03-11,UNKNOWN,False,False
2011-03-19,84989A,-48.0,WH-London ,2011-03-14,WH-London,True,False
2011-03-19,21222,112.0,WH_London,2011-03-08,WH-London,False,False
2011-03-19,21135,90.0,,2011-03-08,UNKNOWN,False,False
2011-03-19,79071B,104.0,WH-London ,2011-03-12,WH-London,False,False
2011-03-19,85119,60.0,WH-North,2011-03-05,WH-North,False,False
2011-03-19,37471,-103.0,Warehouse North,2011-03-11,WH-North,True,False
2011-03-19,72807B,24.0,Warehouse North,2011-03-19,WH-North,False,False
2011-03-19,20756,,,2011-03-10,UNKNOWN,False,True
2011-03-19,20974,32.0,Main,2011-03-08,WH-London,False,False
2011-03-19,23547,35.0,Main,2011-03-18,WH-London,False,False
2011-03-19,23089,51.0,WH-London ,2011-03-13,WH-London,False,False
2011-03-19,22070,56.0,WH_London,2011-03-11,WH-London,False,False
2011-03-19,21504,-62.0,Warehouse North,2011-03-09,WH-North,True,False
2011-03-19,23093,102.0,Warehouse North,,WH-North,False,False
2011-03-19,72232,4.0,,2011-03-17,UNKNOWN,False,False
2011-03-19,85186C,-13.0,Warehouse North,2011-03-12,WH-North,True,False
2011-03-19,21802,-23.0,,2011-03-12,UNKNOWN,True,False
2011-03-19,21336,24.0,WH-London,2011-03-09,WH-London,False,False
2011-03-19,22087,36.0,,2011-03-18,UNKNOWN,False,False
2011-03-21,84675,29.0,Warehouse North,2011-03-12,WH-North,False,False
2011-03-21,22216,15.0,WH-London ,2011-03-12,WH-London,False,False
2011-03-21,72232,52.0,Warehouse North,,WH-North,False,False
2011-03-21,22928,38.0,WH-London,2011-03-14,WH-London,False,False
2011-03-21,20974,23.0,Warehouse North,2011-03-11,WH-North,False,False
2011-03-21,23272,54.0,,2011-03-19,UNKNOWN,False,False
2011-03-21,84638,-32.0,WH-North,2011-03-17,WH-North,True,False
2011-03-21,21009,84.0,WH-London ,2011-03-20,WH-London,False,False
2011-03-21,22962,45.0,WH-London,2011-03-12,WH-London,False,False
2011-03-21,90177A,39.0,WH-North,2011-03-07,WH-North,False,False
2011-03-21,85119,57.0,WH_London,2011-03-15,WH-London,False,False
2011-03-21,22248,-10.0,Main,2011-03-19,WH-London,True,False
2011-03-21,23204,86.0,WH-London,2011-03-15,WH-London,False,False
2011-03-21,84674,73.0,Main,2011-03-09,WH-London,False,False
2011-03-21,90026D,26.0,WH-North,2011-03-14,WH-North,False,False
2011-03-21,21135,-16.0,,2011-03-15,UNKNOWN,True,False
2011-03-21,79190B,19.0,WH-London ,2011-03-09,WH-London,False,False
2011-03-21,22908,7.0,WH_London,,WH-London,False,False
2011-03-21,47469,0.0,WH-London,,WH-London,False,False
2011-03-21,23692,6.0,WH-London,2011-03-09,WH-London,False,False
2011-03-21,22470,-29.0,WH_London,2011-03-12,WH-London,True,False
2011-03-21,20803,-39.0,WH_London,2011-03-18,WH-London,True,False
2011-03-21,23189,45.0,Warehouse North,2011-03-21,WH-North,False,False
2011-03-21,23234,88.0,,2011-03-18,UNKNOWN,False,False
2011-03-21,16218,79.0,,2011-03-07,UNKNOWN,False,False
2011-03-21,21428,27.0,,2011-03-12,UNKNOWN,False,False
2011-03-21,22114,42.0,,2011-03-11,UNKNOWN,False,False
2011-03-21,22210,83.0,,2011-03-08,UNKNOWN,False,False
2011-03-21,35819P,36.0,Warehouse North,2011-03-07,WH-North,False,False
2011-03-21,47593B,55.0,WH_London,2011-03-14,WH-London,False,False
2011-03-21,22030,31.0,Warehouse North,2011-03-21,WH-North,False,False
2011-03-21,22099,51.0,Main,2011-03-18,WH-London,False,False
2011-03-21,23159,52.0,Main,2011-03-10,WH-London,False,False
2011-03-21,23090,39.0,Main,,WH-London,False,False
2011-03-21,21147,81.0,WH-London ,,WH-London,False,False
2011-03-21,85135A,24.0,WH-London ,2011-03-08,WH-London,False,False
2011-03-21,84989A,53.0,,2011-03-09,UNKNOWN,False,False
2011-03-21,22779,103.0,Main,2011-03-17,WH-London,False,False
2011-03-21,16010,-59.0,WH-London ,2011-03-09,WH-London,True,False
2011-03-21,90082D,26.0,Main,2011-03-14,WH-London,False,False
2011-03-21,85186C,60.0,,2011-03-19,UNKNOWN,False,False
2011-03-21,47590B,122.0,WH-North,2011-03-19,WH-North,False,False
2011-03-21,90025E,51.0,WH_London,2011-03-21,WH-London,False,False
2011-03-21,22923,73.0,WH-London,2011-03-17,WH-London,False,False
2011-03-21,22882,,Warehouse North,2011-03-18,WH-North,False,True
2011-03-21,37471,58.0,WH_London,2011-03-18,WH-London,False,False
2011-03-21,23341,47.0,WH-London,2011-03-13,WH-London,False,False
2011-03-21,90161B,19.0,Main,2011-03-16,WH-London,False,False
2011-03-21,21791,61.0,WH_London,2011-03-10,WH-London,False,False
2011-03-21,90067B,13.0,WH-London,2011-03-14,WH-London,False,False
2011-03-21,23458,40.0,WH-North,2011-03-18,WH-North,False,False
2011-03-21,90065B,107.0,WH-London,,WH-London,False,False
2011-03-21,90214C,47.0,WH-London ,2011-03-19,WH-London,False,False
2011-03-21,22095,22.0,,2011-03-19,UNKNOWN,False,False
2011-03-21,21628,57.0,Warehouse North,2011-03-18,WH-North,False,False
2011-03-21,22560,33.0,,2011-03-21,UNKNOWN,False,False
2011-03-21,23619,53.0,WH_London,2011-03-21,WH-London,False,False
2011-03-21,22965,14.0,WH-London ,2011-03-21,WH-London,False,False
2011-03-21,23334,73.0,WH_London,2011-03-19,WH-London,False,False
2011-03-21,22323,53.0,WH-London ,2011-03-20,WH-London,False,False
2011-03-21,90214N,,Warehouse North,2011-03-17,WH-North,False,True
2011-03-21,22178,60.0,Warehouse North,2011-03-11,WH-North,False,False
2011-03-21,21865,108.0,Main,2011-03-13,WH-London,False,False
2011-03-21,85024C,26.0,WH-London ,2011-03-07,WH-London,False,False
2011-03-21,21188,-72.0,Main,2011-03-08,WH-London,True,False
2011-03-21,21281,-62.0,WH-London ,2011-03-11,WH-London,True,False
2011-03-21,85163B,62.0,Main,2011-03-15,WH-London,False,False
2011-03-21,22905,77.0,Warehouse North,2011-03-17,WH-North,False,False
2011-03-21,84856S,41.0,WH-North,2011-03-12,WH-North,False,False
2011-03-21,23089,54.0,WH-London ,2011-03-10,WH-London,False,False
2011-03-21,22637,52.0,,2011-03-13,UNKNOWN,False,False
2011-03-21,21195,24.0,WH-North,2011-03-17,WH-North,False,False
2011-03-21,81950B,63.0,Warehouse North,,WH-North,False,False
2011-03-21,84805B,39.0,Main,2011-03-08,WH-London,False,False
2011-03-21,90011C,104.0,,2011-03-08,UNKNOWN,False,False
2011-03-21,85231G,34.0,WH_London,2011-03-19,WH-London,False,False
2011-03-21,21265,10.0,WH_London,2011-03-20,WH-London,False,False
2011-03-21,79160,83.0,WH-North,2011-03-07,WH-North,False,False
2011-03-21,21504,27.0,WH-London,2011-03-07,WH-London,False,False
2011-03-21,23010,13.0,WH-North,2011-03-18,WH-North,False,False
2011-03-23,21735,61.0,Warehouse North,2011-03-23,WH-North,False,False
2011-03-23,21147,89.0,WH_London,2011-03-13,WH-London,False,False
2011-03-23,85186C,72.0,WH_London,2011-03-09,WH-London,False,False
2011-03-23,90011C,32.0,WH_London,2011-03-18,WH-London,False,False
2011-03-23,84638,53.0,WH-London ,2011-03-17,WH-London,False,False
2011-03-23,22470,,Warehouse North,2011-03-18,WH-North,False,True
2011-03-23,90152C,99.0,Main,2011-03-21,WH-London,False,False
2011-03-23,21683,36.0,WH-London,2011-03-18,WH-London,False,False
2011-03-23,21628,52.0,WH-London ,2011-03-10,WH-London,False,False
2011-03-23,37444C,55.0,WH-North,2011-03-16,WH-North,False,False
2011-03-23,16048,,Main,2011-03-20,WH-London,False,True
2011-03-23,85136C,44.0,WH-North,2011-03-23,WH-North,False,False
2011-03-23,47593B,44.0,WH_London,2011-03-10,WH-London,False,False
2011-03-23,21802,-91.0,WH-London,2011-03-17,WH-London,True,False
2011-03-23,22087,55.0,WH_London,2011-03-19,WH-London,False,False
2011-03-23,22323,38.0,,2011-03-21,UNKNOWN,False,False
2011-03-23,22904,-45.0,,,UNKNOWN,True,False
2011-03-23,23090,47.0,WH-London,2011-03-11,WH-London,False,False
2011-03-23,85040A,48.0,WH-London ,2011-03-14,WH-London,False,False
2011-03-23,81952B,-77.0,,,UNKNOWN,True,False
2011-03-23,79071B,79.0,Main,2011-03-10,WH-London,False,False
2011-03-23,84715,20.0,WH-London ,2011-03-18,WH-London,False,False
2011-03-23,21368,82.0,WH-London,2011-03-17,WH-London,False,False
2011-03-23,90197B,72.0,WH_London,2011-03-23,WH-London,False,False
2011-03-23,90065B,48.0,Main,2011-03-12,WH-London,False,False
2011-03-23,21356,5.0,WH-London,2011-03-16,WH-London,False,False
2011-03-23,22415,56.0,WH-North,2011-03-23,WH-North,False,False
2011-03-23,90185B,39.0,,2011-03-23,UNKNOWN,False,False
2011-03-23,72232,66.0,WH-London,2011-03-14,WH-London,False,False
2011-03-23,23547,69.0,Main,2011-03-23,WH-London,False,False
2011-03-23,20963,89.0,WH_London,2011-03-14,WH-London,False,False
2011-03-23,21265,18.0,WH-North,2011-03-10,WH-North,False,False
2011-03-23,23060,114.0,Main,2011-03-23,WH-London,False,False
2011-03-23,22185,76.0,Warehouse North,2011-03-16,WH-North,False,False
2011-03-23,44092C,71.0,WH_London,2011-03-22,WH-London,False,False
2011-03-23,22216,107.0,Warehouse North,2011-03-09,WH-North,False,False
2011-03-23,84805B,59.0,WH-London ,,WH-London,False,False
2011-03-23,20731,81.0,Main,2011-03-11,WH-London,False,False
2011-03-23,84596J,55.0,,2011-03-19,UNKNOWN,False,False
2011-03-23,23085,75.0,WH-London ,2011-03-20,WH-London,False,False
2011-03-23,23341,84.0,WH-London,2011-03-18,WH-London,False,False
2011-03-23,84686,81.0,WH-North,2011-03-21,WH-North,False,False
2011-03-23,22928,4.0,WH_London,2011-03-20,WH-London,False,False
2011-03-23,85231G,37.0,WH-London ,2011-03-17,WH-London,False,False
2011-03-23,20974,85.0,WH-London ,2011-03-13,WH-London,False,False
2011-03-23,90001C,64.0,WH-London,2011-03-15,WH-London,False,False
2011-03-23,37471,48.0,WH-London,2011-03-15,WH-London,False,False
2011-03-23,22030,65.0,Warehouse North,2011-03-10,WH-North,False,False
2011-03-23,21080,16.0,WH-North,2011-03-10,WH-North,False,False
2011-03-23,22228,-73.0,WH-London ,2011-03-16,WH-London,True,False
2011-03-23,22332,61.0,Warehouse North,2011-03-14,WH-North,False,False
2011-03-23,23204,52.0,WH-London ,2011-03-20,WH-London,False,False
2011-03-23,23619,44.0,WH-London,,WH-London,False,False
2011-03-23,22882,56.0,Warehouse North,2011-03-19,WH-North,False,False
2011-03-23,47593A,41.0,,2011-03-23,UNKNOWN,False,False
2011-03-23,72800F,40.0,Main,2011-03-16,WH-London,False,False
2011-03-23,23093,103.0,WH-London,2011-03-16,WH-London,False,False
2011-03-23,84674,2.0,WH-London ,2011-03-22,WH-London,False,False
2011-03-23,21791,3.0,WH-North,2011-03-13,WH-North,False,False
2011-03-23,20966,-73.0,WH-London ,2011-03-22,WH-London,True,False
2011-03-23,23189,13.0,Warehouse North,2011-03-15,WH-North,False,False
2011-03-23,22230,-10.0,WH-North,2011-03-13,WH-North,True,False
2011-03-23,22178,80.0,WH-North,2011-03-19,WH-North,False,False
2011-03-23,84675,87.0,WH-London ,2011-03-10,WH-London,False,False
2011-03-23,21865,,Warehouse North,2011-03-21,WH-North,False,True
2011-03-23,90152A,-3.0,WH-London,2011-03-09,WH-London,True,False
2011-03-23,85119,13.0,WH-London,2011-03-18,WH-London,False,False
2011-03-23,22095,29.0,Main,2011-03-21,WH-London,False,False
2011-03-23,21428,107.0,WH-North,2011-03-17,WH-North,False,False
2011-03-23,23159,37.0,WH-London,2011-03-21,WH-London,False,False
2011-03-23,20996,,Main,2011-03-09,WH-London,False,True
2011-03-23,21195,71.0,Main,2011-03-23,WH-London,False,False
2011-03-23,22099,,WH-North,2011-03-16,WH-North,False,True
2011-03-23,22962,31.0,WH-London ,2011-03-14,WH-London,False,False
2011-03-23,22637,49.0,,2011-03-09,UNKNOWN,False,False
2011-03-23,84856S,43.0,WH-North,2011-03-09,WH-North,False,False
2011-03-23,90026D,-66.0,WH-London,2011-03-18,WH-London,True,False
2011-03-23,16010,86.0,Main,2011-03-12,WH-London,False,False
2011-03-23,81950B,115.0,WH-London ,2011-03-12,WH-London,False,False
2011-03-23,23140,38.0,Warehouse North,2011-03-22,WH-North,False,False
2011-03-25,78124,54.0,Main,2011-03-21,WH-London,False,False
2011-03-25,23010,76.0,WH-London ,2011-03-16,WH-London,False,False
2011-03-25,84805B,68.0,Warehouse North,2011-03-22,WH-North,False,False
2011-03-25,47590B,101.0,Warehouse North,2011-03-14,WH-North,False,False
2011-03-25,90195B,46.0,,2011-03-15,UNKNOWN,False,False
2011-03-25,37467,38.0,Warehouse North,2011-03-13,WH-North,False,False
2011-03-25,23341,91.0,WH-London ,2011-03-24,WH-London,False,False
2011-03-25,90197B,59.0,,2011-03-15,UNKNOWN,False,False
2011-03-25,22905,66.0,WH-London ,2011-03-24,WH-London,False,False
2011-03-25,23458,47.0,WH_London,,WH-London,False,False
2011-03-25,84732B,77.0,WH-North,2011-03-19,WH-North,False,False
2011-03-25,21159,,Warehouse North,2011-03-21,WH-North,False,True
2011-03-25,21830,36.0,Warehouse North,2011-03-19,WH-North,False,False
2011-03-25,23483,-29.0,,2011-03-20,UNKNOWN,True,False
2011-03-25,23075,31.0,,2011-03-14,UNKNOWN,False,False
2011-03-25,21745,77.0,WH-London,2011-03-18,WH-London,False,False
2011-03-25,22185,,WH-London ,2011-03-24,WH-London,False,True
2011-03-25,23334,22.0,WH-North,2011-03-15,WH-North,False,False
2011-03-25,22960,92.0,WH-London,2011-03-13,WH-London,False,False
2011-03-25,21265,54.0,Warehouse North,2011-03-11,WH-North,False,False
2011-03-25,23057,-100.0,Main,2011-03-14,WH-London,True,False
2011-03-25,21009,75.0,WH-London,2011-03-23,WH-London,False,False
2011-03-25,84849B,55.0,WH-London ,2011-03-21,WH-London,False,False
2011-03-25,90143,105.0,WH-London ,2011-03-25,WH-London,False,False
2011-03-25,22098,38.0,Main,2011-03-11,WH-London,False,False
2011-03-25,22923,17.0,,2011-03-14,UNKNOWN,False,False
2011-03-25,84789,97.0,WH-London ,2011-03-18,WH-London,False,False
2011-03-25,17109D,68.0,Warehouse North,2011-03-19,WH-North,False,False
2011-03-25,84804A,91.0,WH-London ,2011-03-14,WH-London,False,False
2011-03-25,22965,76.0,WH-London ,2011-03-11,WH-London,False,False
2011-03-25,21222,-99.0,Main,2011-03-15,WH-London,True,False
2011-03-25,23619,34.0,WH-North,2011-03-25,WH-North,False,False
2011-03-25,82616C,-44.0,,2011-03-19,UNKNOWN,True,False
2011-03-25,23093,44.0,Warehouse North,2011-03-14,WH-North,False,False
2011-03-25,21336,-44.0,Warehouse North,2011-03-20,WH-North,True,False
2011-03-25,20771,2.0,Main,2011-03-21,WH-London,False,False
2011-03-25,21080,54.0,WH-London ,2011-03-12,WH-London,False,False
2011-03-25,84631,73.0,Main,2011-03-20,WH-London,False,False
2011-03-25,72232,29.0,Main,2011-03-12,WH-London,False,False
2011-03-25,47593A,-22.0,WH-London ,2011-03-23,WH-London,True,False
2011-03-25,84596J,45.0,WH-North,2011-03-20,WH-North,False,False
2011-03-25,90161B,73.0,WH-North,2011-03-20,WH-North,False,False
2011-03-25,23692,17.0,WH-London ,2011-03-18,WH-London,False,False
2011-03-25,20996,120.0,Main,,WH-London,False,False
2011-03-25,22671,,Main,2011-03-11,WH-London,False,True
2011-03-25,21220,32.0,WH-London ,2011-03-20,WH-London,False,False
2011-03-25,37471,84.0,WH-London ,2011-03-13,WH-London,False,False
2011-03-25,85107,79.0,,2011-03-17,UNKNOWN,False,False
2011-03-25,22882,76.0,WH-North,2011-03-22,WH-North,False,False
2011-03-25,79160,29.0,Main,2011-03-22,WH-London,False,False
2011-03-25,84675,-35.0,WH_London,2011-03-14,WH-London,True,False
2011-03-25,16011,24.0,Warehouse North,2011-03-12,WH-North,False,False
2011-03-25,23189,40.0,WH-London,2011-03-13,WH-London,False,False
2011-03-25,21791,61.0,Warehouse North,2011-03-20,WH-North,False,False
2011-03-25,23159,24.0,,,UNKNOWN,False,False
2011-03-25,84715,2.0,WH-London ,2011-03-15,WH-London,False,False
2011-03-25,90052,85.0,WH-London ,,WH-London,False,False
2011-03-25,23234,44.0,WH-London,,WH-London,False,False
2011-03-25,21683,72.0,WH-London ,,WH-London,False,False
2011-03-25,90082D,40.0,WH-London,2011-03-21,WH-London,False,False
2011-03-25,21195,66.0,Warehouse North,2011-03-24,WH-North,False,False
2011-03-25,16048,,Main,2011-03-17,WH-London,False,True
2011-03-25,23060,,,2011-03-17,UNKNOWN,False,True
2011-03-25,22210,26.0,WH_London,2011-03-12,WH-London,False,False
2011-03-25,23090,-22.0,,2011-03-23,UNKNOWN,True,False
2011-03-25,21865,113.0,,2011-03-11,UNKNOWN,False,False
2011-03-25,22779,49.0,WH_London,2011-03-14,WH-London,False,False
2011-03-25,22178,76.0,WH-London,2011-03-25,WH-London,False,False
2011-03-25,23547,-29.0,Main,2011-03-15,WH-London,True,False
2011-03-25,22928,61.0,,,UNKNOWN,False,False
2011-03-25,21216,39.0,WH-London ,2011-03-24,WH-London,False,False
2011-03-25,84746,91.0,WH-London,2011-03-18,WH-London,False,False
2011-03-25,82613C,-69.0,WH_London,2011-03-16,WH-London,True,False
2011-03-25,23140,,Main,2011-03-11,WH-London,False,True
2011-03-25,15036,97.0,WH-North,2011-03-23,WH-North,False,False
2011-03-25,84660C,100.0,WH-London,2011-03-22,WH-London,False,False
2011-03-25,35819P,95.0,WH-London ,2011-03-25,WH-London,False,False
2011-03-25,85230F,72.0,WH-London,,WH-London,False,False
2011-03-25,46000P,41.0,WH-London,2011-03-24,WH-London,False,False
2011-03-25,90214C,56.0,WH_London,2011-03-16,WH-London,False,False
2011-03-27,90195B,37.0,WH-London ,2011-03-14,WH-London,False,False
2011-03-27,21802,56.0,WH_London,2011-03-15,WH-London,False,False
2011-03-27,22671,32.0,Main,2011-03-16,WH-London,False,False
2011-03-27,23334,44.0,WH-London ,2011-03-16,WH-London,False,False
2011-03-27,79071B,114.0,WH-London ,2011-03-13,WH-London,False,False
2011-03-27,22114,59.0,WH_London,2011-03-25,WH-London,False,False
2011-03-27,22470,37.0,,2011-03-21,UNKNOWN,False,False
2011-03-27,22923,16.0,WH_London,2011-03-20,WH-London,False,False
2011-03-27,16218,47.0,Main,2011-03-13,WH-London,False,False
2011-03-27,16011,72.0,,2011-03-24,UNKNOWN,False,False
2011-03-27,22483,54.0,,2011-03-19,UNKNOWN,False,False
2011-03-27,72802C,48.0,WH-London ,2011-03-27,WH-London,False,False
2011-03-27,22248,62.0,,2011-03-23,UNKNOWN,False,False
2011-03-27,22070,61.0,WH-London ,2011-03-15,WH-London,False,False
2011-03-27,22332,71.0,,,UNKNOWN,False,False
2011-03-27,21348,71.0,,2011-03-26,UNKNOWN,False,False
2011-03-27,84746,47.0,WH-North,2011-03-16,WH-North,False,False
2011-03-27,23483,,WH-London,2011-03-24,WH-London,False,True
2011-03-27,23518,50.0,Warehouse North,2011-03-15,WH-North,False,False
2011-03-27,22779,,WH-London,2011-03-18,WH-London,False,True
2011-03-27,22185,83.0,WH-North,2011-03-27,WH-North,False,False
2011-03-27,47590B,39.0,,2011-03-24,UNKNOWN,False,False
2011-03-27,23090,45.0,WH_London,2011-03-24,WH-London,False,False
2011-03-27,20756,25.0,Main,2011-03-25,WH-London,False,False
2011-03-27,20963,5.0,WH-London ,2011-03-14,WH-London,False,False
2011-03-27,22882,12.0,,2011-03-15,UNKNOWN,False,False
2011-03-27,81952B,19.0,WH-London ,2011-03-20,WH-London,False,False
2011-03-27,23692,30.0,Main,2011-03-17,WH-London,False,False
2011-03-27,72225C,,Warehouse North,2011-03-23,WH-North,False,True
2011-03-27,84675,17.0,,2011-03-17,UNKNOWN,False,False
2011-03-27,22178,50.0,,2011-03-20,UNKNOWN,False,False
2011-03-27,85186C,75.0,,,UNKNOWN,False,False
2011-03-27,79190B,25.0,WH-London ,2011-03-18,WH-London,False,False
2011-03-27,84804A,35.0,Warehouse North,2011-03-22,WH-North,False,False
2011-03-27,23342,10.0,WH-London,2011-03-16,WH-London,False,False
2011-03-27,23547,21.0,,2011-03-15,UNKNOWN,False,False
2011-03-27,10133,91.0,WH-London ,2011-03-23,WH-London,False,False
2011-03-27,84631,65.0,Warehouse North,2011-03-17,WH-North,False,False
2011-03-27,85163B,114.0,WH_London,2011-03-26,WH-London,False,False
2011-03-27,21865,27.0,WH-North,2011-03-23,WH-North,False,False
2011-03-27,21281,95.0,WH-London,2011-03-20,WH-London,False,False
2011-03-27,90161B,,WH_London,2011-03-26,WH-London,False,True
2011-03-27,85184C,,WH_London,2011-03-16,WH-London,False,True
2011-03-27,21745,131.0,Main,,WH-London,False,False
2011-03-27,20803,24.0,WH-London ,2011-03-27,WH-London,False,False
2011-03-27,21628,97.0,Warehouse North,2011-03-13,WH-North,False,False
2011-03-27,21662,49.0,WH-London,2011-03-26,WH-London,False,False
2011-03-27,82613C,17.0,WH-London ,2011-03-26,WH-London,False,False
2011-03-27,23234,7.0,WH_London,2011-03-16,WH-London,False,False
2011-03-27,84789,53.0,WH_London,2011-03-27,WH-London,False,False
2011-03-27,22962,16.0,Warehouse North,,WH-North,False,False
2011-03-27,84856S,41.0,WH-London,2011-03-13,WH-London,False,False
2011-03-27,90201C,-7.0,WH-North,2011-03-26,WH-North,True,False
2011-03-27,23471,60.0,Main,2011-03-26,WH-London,False,False
2011-03-27,90071,3.0,WH-London ,2011-03-26,WH-London,False,False
2011-03-27,22210,48.0,Main,2011-03-25,WH-London,False,False
2011-03-27,21216,8.0,Main,,WH-London,False,False
2011-03-27,15036,86.0,Main,2011-03-23,WH-London,False,False
2011-03-27,22960,-13.0,WH-North,2011-03-17,WH-North,True,False
2011-03-27,22904,41.0,Warehouse North,2011-03-26,WH-North,False,False
2011-03-27,85026B,66.0,Warehouse North,2011-03-19,WH-North,False,False
2011-03-27,22030,60.0,Main,2011-03-18,WH-London,False,False
2011-03-27,16010,-12.0,WH-London,,WH-London,True,False
2011-03-27,23619,-2.0,WH-London,2011-03-21,WH-London,True,False
2011-03-27,90214C,73.0,WH_London,2011-03-17,WH-London,False,False
2011-03-27,72232,46.0,WH-London,,WH-London,False,False
2011-03-27,23440,17.0,WH-London ,2011-03-21,WH-London,False,False
2011-03-27,21135,74.0,,2011-03-26,UNKNOWN,False,False
2011-03-27,20974,33.0,WH_London,2011-03-22,WH-London,False,False
2011-03-27,21368,30.0,,2011-03-26,UNKNOWN,False,False
2011-03-27,23159,-23.0,WH_London,2011-03-15,WH-London,True,False
2011-03-27,90152A,-27.0,WH-North,2011-03-16,WH-North,True,False
2011-03-27,22637,26.0,WH_London,2011-03-18,WH-London,False,False
2011-03-27,21222,59.0,WH-North,2011-03-27,WH-North,False,False
2011-03-27,85230F,-96.0,,2011-03-22,UNKNOWN,True,False
2011-03-27,21336,8.0,,2011-03-24,UNKNOWN,False,False
2011-03-27,22216,39.0,WH_London,2011-03-14,WH-London,False,False
2011-03-27,20657,45.0,,,UNKNOWN,False,False
2011-03-27,21009,63.0,Main,2011-03-21,WH-London,False,False
2011-03-27,17028J,79.0,Main,,WH-London,False,False
2011-03-29,21670,45.0,WH-London,2011-03-17,WH-London,False,False
2011-03-29,84631,30.0,Main,2011-03-15,WH-London,False,False
2011-03-29,23458,67.0,WH-North,2011-03-15,WH-North,False,False
2011-03-29,20702,0.0,Warehouse North,2011-03-19,WH-North,False,False
2011-03-29,35965,-14.0,Warehouse North,2011-03-29,WH-North,True,False
2011-03-29,21281,127.0,WH-London ,,WH-London,False,False
2011-03-29,84789,,WH-London,,WH-London,False,True
2011-03-29,21484,37.0,Main,2011-03-24,WH-London,False,False
2011-03-29,22098,66.0,WH_London,2011-03-27,WH-London,False,False
2011-03-29,85186C,60.0,WH-London,2011-03-25,WH-London,False,False
2011-03-29,16218,76.0,Main,2011-03-18,WH-London,False,False
2011-03-29,82616C,78.0,WH-London,2011-03-19,WH-London,False,False
2011-03-29,85184C,6.0,WH-North,2011-03-23,WH-North,False,False
2011-03-29,90026D,88.0,WH-North,2011-03-29,WH-North,False,False
2011-03-29,22470,65.0,WH-North,2011-03-28,WH-North,False,False
2011-03-29,22289,61.0,Main,2011-03-18,WH-London,False,False
2011-03-29,15044B,62.0,WH-London ,2011-03-23,WH-London,False,False
2011-03-29,90011C,,Main,2011-03-24,WH-London,False,True
2011-03-29,23547,43.0,Main,2011-03-20,WH-London,False,False
2011-03-29,84675,21.0,WH-North,2011-03-27,WH-North,False,False
2011-03-29,20771,16.0,Main,2011-03-23,WH-London,False,False
2011-03-29,23272,,WH_London,2011-03-27,WH-London,False,True
2011-03-29,21428,74.0,Warehouse North,,WH-North,False,False
2011-03-29,84715,,WH_London,2011-03-26,WH-London,False,True
2011-03-29,84746,63.0,WH_London,2011-03-29,WH-London,False,False
2011-03-29,22908,36.0,Warehouse North,2011-03-15,WH-North,False,False
2011-03-29,22084,61.0,WH-London,2011-03-15,WH-London,False,False
2011-03-29,22070,44.0,WH-London ,2011-03-21,WH-London,False,False
2011-03-29,22637,78.0,Warehouse North,2011-03-27,WH-North,False,False
2011-03-29,84674,70.0,WH_London,2011-03-22,WH-London,False,False
2011-03-29,90195B,54.0,WH-London ,2011-03-15,WH-London,False,False
2011-03-29,21135,25.0,,2011-03-18,UNKNOWN,False,False
2011-03-29,17028J,58.0,WH-London ,2011-03-29,WH-London,False,False
2011-03-29,23093,57.0,Warehouse North,2011-03-25,WH-North,False,False
2011-03-29,23060,53.0,WH-London ,2011-03-23,WH-London,False,False
2011-03-29,16048,35.0,WH_London,2011-03-25,WH-London,False,False
2011-03-29,90071,30.0,WH-London,2011-03-16,WH-London,False,False
2011-03-29,84732B,59.0,WH-London,2011-03-27,WH-London,False,False
2011-03-29,23010,24.0,Main,2011-03-19,WH-London,False,False
2011-03-29,21802,42.0,,2011-03-24,UNKNOWN,False,False
2011-03-29,20963,67.0,WH-London,2011-03-21,WH-London,False,False
2011-03-29,22216,63.0,Warehouse North,2011-03-25,WH-North,False,False
2011-03-29,21630,-15.0,WH-North,2011-03-27,WH-North,True,False
2011-03-29,21989,58.0,WH-North,,WH-North,False,False
2011-03-29,85136C,110.0,WH-London ,2011-03-16,WH-London,False,False
2011-03-29,47593B,70.0,Warehouse North,2011-03-15,WH-North,False,False
2011-03-29,22671,41.0,WH_London,2011-03-20,WH-London,False,False
2011-03-29,23234,89.0,WH-North,2011-03-16,WH-North,False,False
2011-03-29,21504,,WH-London ,2011-03-16,WH-London,False,True
2011-03-29,84660C,,WH-London ,2011-03-26,WH-London,False,True
2011-03-29,23135,-1.0,WH_London,2011-03-16,WH-London,True,False
2011-03-29,79071B,68.0,WH-London,2011-03-19,WH-London,False,False
2011-03-29,16010,90.0,WH-London ,2011-03-26,WH-London,False,False
2011-03-29,20996,-11.0,WH-North,2011-03-20,WH-North,True,False
2011-03-29,23518,-78.0,WH-London,2011-03-20,WH-London,True,False
2011-03-29,35819P,43.0,Warehouse North,2011-03-16,WH-North,False,False
2011-03-29,79160,89.0,,2011-03-22,UNKNOWN,False,False
2011-03-29,17109D,-47.0,WH_London,2011-03-25,WH-London,True,False
2011-03-29,20724,-60.0,WH-North,2011-03-27,WH-North,True,False
2011-03-29,23189,60.0,Main,2011-03-17,WH-London,False,False
2011-03-29,22962,71.0,WH-London ,,WH-London,False,False
2011-03-29,21265,63.0,Warehouse North,2011-03-21,WH-North,False,False
2011-03-29,23440,23.0,Warehouse North,2011-03-18,WH-North,False,False
2011-03-29,21745,42.0,WH-London,2011-03-28,WH-London,False,False
2011-03-29,81952B,49.0,WH_London,2011-03-20,WH-London,False,False
2011-03-29,23075,86.0,WH-London,2011-03-22,WH-London,False,False
2011-03-29,72807B,64.0,Warehouse North,2011-03-24,WH-North,False,False
2011-03-29,22230,30.0,Main,2011-03-27,WH-London,False,False
2011-03-29,22960,-22.0,WH-North,,WH-North,True,False
2011-03-29,90052,69.0,WH-North,,WH-North,False,False
2011-03-29,21865,35.0,WH-North,,WH-North,False,False
2011-03-29,21683,72.0,WH-London,2011-03-19,WH-London,False,False
2011-03-29,16011,48.0,WH-London,2011-03-16,WH-London,False,False
2011-03-29,85040A,93.0,WH_London,2011-03-27,WH-London,False,False
2011-03-29,20756,27.0,WH-North,2011-03-27,WH-North,False,False
2011-03-29,22904,-93.0,Main,2011-03-18,WH-London,True,False
2011-03-29,21791,79.0,Warehouse North,2011-03-22,WH-North,False,False
2011-03-29,90161B,36.0,WH-London ,2011-03-26,WH-London,False,False
2011-03-29,22272,,,2011-03-16,UNKNOWN,False,True
2011-03-29,23085,107.0,WH-North,2011-03-20,WH-North,False,False
2011-03-31,16048,22.0,WH-London,2011-03-21,WH-London,False,False
2011-03-31,20657,,Warehouse North,2011-03-22,WH-North,False,True
2011-03-31,22248,60.0,WH_London,2011-03-29,WH-London,False,False
2011-03-31,90011C,50.0,Warehouse North,2011-03-19,WH-North,False,False
2011-03-31,23611,73.0,Warehouse North,2011-03-28,WH-North,False,False
2011-03-31,84638,22.0,WH-North,2011-03-19,WH-North,False,False
2011-03-31,21336,107.0,WH_London,2011-03-30,WH-London,False,False
2011-03-31,23060,25.0,Warehouse North,2011-03-21,WH-North,False,False
2011-03-31,22289,,WH-London ,2011-03-27,WH-London,False,True
2011-03-31,21628,6.0,Main,2011-03-18,WH-London,False,False
2011-03-31,20677,81.0,WH-London,2011-03-26,WH-London,False,False
2011-03-31,22070,106.0,Warehouse North,2011-03-29,WH-North,False,False
2011-03-31,84805B,110.0,WH_London,2011-03-31,WH-London,False,False
2011-03-31,23440,84.0,,2011-03-29,UNKNOWN,False,False
2011-03-31,20963,38.0,,2011-03-29,UNKNOWN,False,False
2011-03-31,46000P,50.0,,2011-03-29,UNKNOWN,False,False
2011-03-31,22779,40.0,,2011-03-26,UNKNOWN,False,False
2011-03-31,72225C,-13.0,Warehouse North,2011-03-20,WH-North,True,False
2011-03-31,22099,41.0,Warehouse North,2011-03-21,WH-North,False,False
2011-03-31,22185,77.0,Main,2011-03-28,WH-London,False,False
2011-03-31,23057,-23.0,WH-London ,2011-03-18,WH-London,True,False
2011-03-31,23093,-18.0,Main,,WH-London,True,False
2011-03-31,21377,12.0,WH_London,2011-03-27,WH-London,False,False
2011-03-31,20771,74.0,Main,2011-03-23,WH-London,False,False
2011-03-31,90185B,-1.0,WH-London ,2011-03-24,WH-London,True,False
2011-03-31,23234,35.0,Main,2011-03-20,WH-London,False,False
2011-03-31,21504,38.0,,2011-03-30,UNKNOWN,False,False
2011-03-31,22228,57.0,Main,2011-03-21,WH-London,False,False
2011-03-31,85040A,57.0,Warehouse North,2011-03-22,WH-North,False,False
2011-03-31,84746,62.0,WH_London,2011-03-27,WH-London,False,False
2011-03-31,90197B,45.0,WH-London,2011-03-29,WH-London,False,False
2011-03-31,DCGSSBOY,21.0,Main,,WH-London,False,False
2011-03-31,21220,77.0,WH-London,2011-03-17,WH-London,False,False
2011-03-31,84631,-2.0,WH_London,2011-03-30,WH-London,True,False
2011-03-31,85135A,73.0,WH-North,2011-03-17,WH-North,False,False
2011-03-31,21265,84.0,WH-London,2011-03-23,WH-London,False,False
2011-03-31,47593B,120.0,Main,2011-03-31,WH-London,False,False
2011-03-31,23458,27.0,WH-London,2011-03-27,WH-London,False,False
2011-03-31,22715,33.0,Warehouse North,2011-03-26,WH-North,False,False
2011-03-31,90195B,-51.0,WH_London,2011-03-21,WH-London,True,False
2011-03-31,84789,49.0,,2011-03-27,UNKNOWN,False,False
2011-03-31,81950B,75.0,WH-London,2011-03-22,WH-London,False,False
2011-03-31,20974,65.0,Warehouse North,2011-03-26,WH-North,False,False
2011-03-31,22272,39.0,Warehouse North,2011-03-24,WH-North,False,False
2011-03-31,85136C,,WH-North,,WH-North,False,True
2011-03-31,22178,77.0,,2011-03-17,UNKNOWN,False,False
2011-03-31,21791,12.0,,2011-03-24,UNKNOWN,False,False
2011-03-31,22928,42.0,WH-London,2011-03-17,WH-London,False,False
2011-03-31,20756,66.0,WH-North,2011-03-30,WH-North,False,False
2011-03-31,10133,17.0,Main,2011-03-24,WH-London,False,False
2011-03-31,84675,-56.0,WH-North,2011-03-28,WH-North,True,False
2011-03-31,22098,93.0,Main,,WH-London,False,False
2011-03-31,23619,,WH-North,2011-03-28,WH-North,False,True
2011-03-31,72232,12.0,WH-London,2011-03-25,WH-London,False,False
2011-03-31,22216,77.0,WH-North,2011-03-26,WH-North,False,False
2011-03-31,21135,43.0,WH-North,2011-03-19,WH-North,False,False
2011-03-31,22470,18.0,WH-London ,2011-03-21,WH-London,False,False
2011-03-31,17109D,61.0,Main,2011-03-26,WH-London,False,False
2011-03-31,22066,51.0,WH_London,2011-03-27,WH-London,False,False
2011-03-31,37444C,31.0,Warehouse North,2011-03-28,WH-North,False,False
2011-03-31,90214C,-26.0,WH-London ,,WH-London,True,False
2011-03-31,20803,19.0,WH-London ,2011-03-24,WH-London,False,False
2011-03-31,90152C,72.0,Warehouse North,2011-03-19,WH-North,False,False
2011-03-31,22114,12.0,WH-London,2011-03-19,WH-London,False,False
2011-03-31,21368,26.0,WH_London,2011-03-23,WH-London,False,False
2011-03-31,23483,53.0,WH-London,2011-03-31,WH-London,False,False
2011-03-31,22030,93.0,WH-London ,2011-03-31,WH-London,False,False
2011-03-31,90071,53.0,Warehouse North,2011-03-20,WH-North,False,False
2011-03-31,22230,67.0,Main,2011-03-23,WH-London,False,False
2011-03-31,72807B,53.0,Warehouse North,2011-03-24,WH-North,False,False
2011-03-31,21830,77.0,Main,2011-03-17,WH-London,False,False
2011-03-31,35965,108.0,WH_London,2011-03-20,WH-London,False,False
2011-03-31,84849B,36.0,Warehouse North,2011-03-19,WH-North,False,False
2011-03-31,37424,,WH-London,2011-03-31,WH-London,False,True
2011-03-31,20702,55.0,WH_London,2011-03-27,WH-London,False,False
2011-03-31,84715,65.0,,2011-03-26,UNKNOWN,False,False
2011-03-31,22908,53.0,Main,2011-03-24,WH-London,False,False
2011-03-31,22882,33.0,WH-North,2011-03-19,WH-North,False,False
2011-03-31,23140,49.0,WH-London,2011-03-22,WH-London,False,False
2011-03-31,84732B,122.0,WH_London,2011-03-25,WH-London,False,False
2011-04-02,21989,59.0,WH_London,2011-03-22,WH-London,False,False
2011-04-02,15044B,-7.0,WH-London,2011-04-01,WH-London,True,False
2011-04-02,22882,38.0,WH-North,,WH-North,False,False
2011-04-02,15036,50.0,,2011-03-27,UNKNOWN,False,False
2011-04-02,21662,45.0,WH_London,2011-03-30,WH-London,False,False
2011-04-02,22908,,WH-London ,,WH-London,False,True
2011-04-02,35965,58.0,WH-London ,2011-03-27,WH-London,False,False
2011-04-02,23458,65.0,WH-North,2011-03-27,WH-North,False,False
2011-04-02,90152A,57.0,WH-North,2011-03-22,WH-North,False,False
2011-04-02,72225C,78.0,WH-London,,WH-London,False,False
2011-04-02,23135,-5.0,,2011-04-02,UNKNOWN,True,False
2011-04-02,84732B,42.0,WH-London,2011-03-22,WH-London,False,False
2011-04-02,16218,,WH-London,2011-03-25,WH-London,False,True
2011-04-02,21265,57.0,Main,2011-03-19,WH-London,False,False
2011-04-02,90067B,30.0,WH-London ,2011-03-19,WH-London,False,False
2011-04-02,21802,34.0,WH-London ,2011-03-27,WH-London,False,False
2011-04-02,23140,24.0,Warehouse North,2011-03-21,WH-North,False,False
2011-04-02,21865,79.0,WH-London,,WH-London,False,False
2011-04-02,21147,5.0,WH-North,,WH-North,False,False
2011-04-02,85135A,11.0,WH-London,2011-03-25,WH-London,False,False
2011-04-02,85026B,,WH_London,2011-03-25,WH-London,False,True
2011-04-02,22114,66.0,,2011-03-30,UNKNOWN,False,False
2011-04-02,20657,2.0,WH-London,2011-03-19,WH-London,False,False
2011-04-02,85136C,68.0,WH-North,2011-03-24,WH-North,False,False
2011-04-02,23518,,WH_London,2011-03-23,WH-London,False,True
2011-04-02,47593B,65.0,WH-London ,2011-03-27,WH-London,False,False
2011-04-02,90143,52.0,WH-London,2011-03-21,WH-London,False,False
2011-04-02,46000P,62.0,,2011-03-25,UNKNOWN,False,False
2011-04-02,16048,-63.0,Main,2011-03-29,WH-London,True,False
2011-04-02,85107,64.0,WH_London,2011-03-20,WH-London,False,False
2011-04-02,85230F,-57.0,,2011-03-20,UNKNOWN,True,False
2011-04-02,23535,47.0,WH_London,2011-03-30,WH-London,False,False
2011-04-02,22228,47.0,WH-London,2011-03-27,WH-London,False,False
2011-04-02,22470,56.0,Warehouse North,2011-03-29,WH-North,False,False
2011-04-02,22185,74.0,WH-North,2011-03-22,WH-North,False,False
2011-04-02,90214N,108.0,WH-North,2011-03-27,WH-North,False,False
2011-04-02,90214C,65.0,WH-London,2011-04-01,WH-London,False,False
2011-04-02,21080,61.0,Warehouse North,2011-04-01,WH-North,False,False
2011-04-02,22289,86.0,Main,2011-03-23,WH-London,False,False
2011-04-02,22248,61.0,WH-London ,2011-03-30,WH-London,False,False
2011-04-02,84805B,18.0,,2011-04-02,UNKNOWN,False,False
2011-04-02,35819P,28.0,Main,2011-03-31,WH-London,False,False
2011-04-02,84631,104.0,WH-North,2011-03-27,WH-North,False,False
2011-04-02,21670,28.0,Main,2011-04-02,WH-London,False,False
2011-04-02,90201C,67.0,Warehouse North,2011-04-01,WH-North,False,False
2011-04-02,90152C,20.0,WH_London,2011-03-25,WH-London,False,False
2011-04-02,23057,88.0,,2011-03-24,UNKNOWN,False,False
2011-04-02,23440,-36.0,WH-North,2011-03-28,WH-North,True,False
2011-04-02,90026D,52.0,WH_London,2011-03-26,WH-London,False,False
2011-04-02,37471,43.0,WH_London,2011-03-20,WH-London,False,False
2011-04-02,16011,65.0,WH-North,2011-03-19,WH-North,False,False
2011-04-02,21348,55.0,WH-North,,WH-North,False,False
2011-04-02,84872A,-77.0,,2011-03-29,UNKNOWN,True,False
2011-04-02,23342,69.0,Main,2011-03-26,WH-London,False,False
2011-04-02,20702,58.0,WH-London,2011-03-31,WH-London,False,False
2011-04-02,23341,69.0,WH_London,2011-03-28,WH-London,False,False
2011-04-02,90052,71.0,Warehouse North,,WH-North,False,False
2011-04-02,22715,38.0,WH-North,2011-04-02,WH-North,False,False
2011-04-02,22965,35.0,WH-London,,WH-London,False,False
2011-04-02,85231G,96.0,WH-North,2011-03-31,WH-North,False,False
2011-04-02,90065B,71.0,Main,2011-03-28,WH-London,False,False
2011-04-02,72807B,62.0,,2011-04-02,UNKNOWN,False,False
2011-04-02,22087,25.0,WH-London,2011-03-22,WH-London,False,False
2011-04-02,22560,-3.0,WH-London,,WH-London,True,False
2011-04-02,81950B,41.0,WH-London,2011-03-31,WH-London,False,False
2011-04-02,22415,36.0,Warehouse North,2011-03-24,WH-North,False,False
2011-04-02,23075,40.0,WH-London ,2011-03-30,WH-London,False,False
2011-04-02,17028J,75.0,WH-London,2011-04-02,WH-London,False,False
2011-04-02,85163B,95.0,WH-London,2011-03-26,WH-London,False,False
2011-04-02,23611,,WH-London ,2011-03-21,WH-London,False,True
2011-04-02,21336,31.0,,2011-03-29,UNKNOWN,False,False
2011-04-02,22905,66.0,WH_London,2011-03-21,WH-London,False,False
2011-04-02,72800F,35.0,WH-London,2011-03-28,WH-London,False,False
2011-04-02,79190B,-5.0,WH-London,2011-03-21,WH-London,True,False
2011-04-02,23010,47.0,,2011-03-28,UNKNOWN,False,False
2011-04-02,81952B,87.0,Warehouse North,2011-03-22,WH-North,False,False
2011-04-02,22671,39.0,Main,2011-03-23,WH-London,False,False
2011-04-02,10133,74.0,WH-London ,2011-03-22,WH-London,False,False
2011-04-02,17109D,-30.0,Warehouse North,2011-03-25,WH-North,True,False
2011-04-02,90011C,70.0,Main,2011-03-23,WH-London,False,False
2011-04-04,21377,42.0,,2011-03-30,UNKNOWN,False,False
2011-04-04,21865,95.0,WH-London,2011-03-21,WH-London,False,False
2011-04-04,22415,-40.0,WH_London,2011-03-30,WH-London,True,False
2011-04-04,85107,,WH-London ,2011-03-25,WH-London,False,True
2011-04-04,35965,-94.0,WH-London,2011-03-27,WH-London,True,False
2011-04-04,22156,32.0,WH-London ,2011-04-02,WH-London,False,False
2011-04-04,37444C,56.0,Main,2011-03-25,WH-London,False,False
2011-04-04,22671,32.0,Main,2011-03-22,WH-London,False,False
2011-04-04,84631,77.0,WH-London,2011-03-24,WH-London,False,False
2011-04-04,22272,88.0,WH-London ,2011-03-26,WH-London,False,False
2011-04-04,21281,-29.0,WH-London ,2011-04-02,WH-London,True,False
2011-04-04,84856S,66.0,WH-London ,2011-03-22,WH-London,False,False
2011-04-04,22178,69.0,Main,2011-04-03,WH-London,False,False
2011-04-04,22905,53.0,Warehouse North,2011-04-01,WH-North,False,False
2011-04-04,72802C,95.0,WH_London,2011-04-03,WH-London,False,False
2011-04-04,82616B,95.0,WH-London,2011-03-22,WH-London,False,False
2011-04-04,84872A,24.0,WH-London ,2011-04-03,WH-London,False,False
2011-04-04,47590B,86.0,WH_London,2011-03-30,WH-London,False,False
2011-04-04,21628,65.0,,2011-04-04,UNKNOWN,False,False
2011-04-04,21791,57.0,Warehouse North,2011-03-22,WH-North,False,False
2011-04-04,81952B,43.0,WH-London ,2011-03-29,WH-London,False,False
2011-04-04,22923,5.0,Main,,WH-London,False,False
2011-04-04,22066,58.0,Warehouse North,2011-03-23,WH-North,False,False
2011-04-04,22095,59.0,Warehouse North,2011-04-03,WH-North,False,False
2011-04-04,20996,109.0,WH-North,2011-04-03,WH-North,False,False
2011-04-04,81950B,29.0,Warehouse North,2011-04-04,WH-North,False,False
2011-04-04,23611,1.0,Warehouse North,2011-04-03,WH-North,False,False
2011-04-04,85230F,14.0,WH-London,2011-04-01,WH-London,False,False
2011-04-04,82613C,97.0,WH-London,2011-03-28,WH-London,False,False
2011-04-04,22114,36.0,WH-London,2011-03-24,WH-London,False,False
2011-04-04,21265,90.0,WH-London ,2011-04-02,WH-London,False,False
2011-04-04,90071,50.0,Warehouse North,2011-03-25,WH-North,False,False
2011-04-04,85186C,20.0,Main,2011-03-23,WH-London,False,False
2011-04-04,82616C,110.0,WH-North,2011-04-04,WH-North,False,False
2011-04-04,90152A,89.0,WH-London,2011-03-25,WH-London,False,False
2011-04-04,22928,44.0,WH-North,2011-03-29,WH-North,False,False
2011-04-04,22248,,,2011-04-02,UNKNOWN,False,True
2011-04-04,23135,53.0,WH-London ,2011-03-28,WH-London,False,False
2011-04-04,22908,63.0,Warehouse North,2011-03-26,WH-North,False,False
2011-04-04,72225C,102.0,WH_London,2011-04-04,WH-London,False,False
2011-04-04,21220,4.0,WH-London ,2011-03-27,WH-London,False,False
2011-04-04,23692,39.0,WH_London,2011-03-21,WH-London,False,False
2011-04-04,21735,50.0,Main,,WH-London,False,False
2011-04-04,90011C,-60.0,WH-London ,2011-03-26,WH-London,True,False
2011-04-04,84715,12.0,,2011-04-04,UNKNOWN,False,False
2011-04-04,10133,77.0,WH-London,2011-03-21,WH-London,False,False
2011-04-04,23068,15.0,Main,2011-03-23,WH-London,False,False
2011-04-04,90177A,-12.0,Main,2011-04-03,WH-London,True,False
2011-04-04,23093,42.0,WH-North,,WH-North,False,False
2011-04-04,23075,-106.0,WH-London ,2011-04-02,WH-London,True,False
2011-04-04,21745,126.0,WH-London ,2011-03-21,WH-London,False,False
2011-04-04,20966,-64.0,WH-London ,2011-03-29,WH-London,True,False
2011-04-04,47593A,42.0,WH-London,2011-03-26,WH-London,False,False
2011-04-04,21159,54.0,WH-London,2011-03-31,WH-London,False,False
2011-04-04,22637,60.0,WH-North,2011-04-03,WH-North,False,False
2011-04-04,90201C,93.0,WH_London,2011-04-04,WH-London,False,False
2011-04-04,21195,-13.0,WH-London,2011-03-25,WH-London,True,False
2011-04-04,79071B,85.0,WH-London ,2011-03-27,WH-London,False,False
2011-04-04,23159,7.0,,2011-03-25,UNKNOWN,False,False
2011-04-04,85163B,35.0,WH-North,2011-03-29,WH-North,False,False
2011-04-04,22882,49.0,WH-London ,2011-04-04,WH-London,False,False
2011-04-04,21356,62.0,,2011-03-31,UNKNOWN,False,False
2011-04-04,23089,49.0,,2011-03-25,UNKNOWN,False,False
2011-04-04,22560,-55.0,WH-London ,2011-03-29,WH-London,True,False
2011-04-04,90161B,51.0,WH-London,2011-03-22,WH-London,False,False
2011-04-04,90143,4.0,WH-London ,,WH-London,False,False
2011-04-04,78124,67.0,WH-London ,2011-03-29,WH-London,False,False
2011-04-04,17109D,-74.0,WH-London ,2011-04-03,WH-London,True,False
2011-04-04,16010,90.0,WH-London ,2011-04-01,WH-London,False,False
2011-04-04,90001C,105.0,,2011-03-24,UNKNOWN,False,False
2011-04-04,22965,-62.0,Warehouse North,2011-03-24,WH-North,True,False
2011-04-04,72800F,92.0,Warehouse North,2011-04-01,WH-North,False,False
2011-04-04,90082D,50.0,,,UNKNOWN,False,False
2011-04-04,16011,6.0,WH-London ,2011-03-26,WH-London,False,False
2011-04-04,23483,-78.0,WH-North,2011-03-25,WH-North,True,False
2011-04-04,23619,72.0,WH-London,,WH-London,False,False
2011-04-04,85184C,50.0,,2011-03-23,UNKNOWN,False,False
2011-04-04,21662,-48.0,WH-London,2011-03-29,WH-London,True,False
2011-04-04,84638,64.0,Main,2011-03-23,WH-London,False,False
2011-04-04,22575,39.0,WH-North,2011-04-02,WH-North,False,False
2011-04-06,47590B,63.0,WH_London,2011-04-05,WH-London,False,False
2011-04-06,85230F,-22.0,Main,,WH-London,True,False
2011-04-06,85186C,25.0,WH-London,2011-04-02,WH-London,False,False
2011-04-06,22323,10.0,Warehouse North,2011-03-26,WH-North,False,False
2011-04-06,84989A,117.0,Warehouse North,2011-04-06,WH-North,False,False
2011-04-06,37424,52.0,Warehouse North,2011-03-28,WH-North,False,False
2011-04-06,21484,86.0,Warehouse North,2011-04-03,WH-North,False,False
2011-04-06,23342,17.0,WH-London ,,WH-London,False,False
2011-04-06,21220,44.0,,2011-03-27,UNKNOWN,False,False
2011-04-06,23535,66.0,,2011-03-25,UNKNOWN,False,False
2011-04-06,84804A,94.0,,2011-03-25,UNKNOWN,False,False
2011-04-06,23334,31.0,WH-North,2011-03-27,WH-North,False,False
2011-04-06,23090,37.0,Warehouse North,2011-04-03,WH-North,False,False
2011-04-06,90201C,,WH_London,,WH-London,False,True
2011-04-06,22289,46.0,WH-North,,WH-North,False,False
2011-04-06,22114,19.0,WH-North,2011-03-30,WH-North,False,False
2011-04-06,90026D,6.0,WH-London,2011-03-30,WH-London,False,False
2011-04-06,90152A,57.0,Warehouse North,2011-03-24,WH-North,False,False
2011-04-06,90071,70.0,Warehouse North,2011-03-26,WH-North,False,False
2011-04-06,23060,15.0,,2011-03-28,UNKNOWN,False,False
2011-04-06,85026B,29.0,WH-North,2011-03-28,WH-North,False,False
2011-04-06,90065B,-47.0,Main,2011-03-30,WH-London,True,False
2011-04-06,20677,101.0,Main,2011-04-01,WH-London,False,False
2011-04-06,90177A,-34.0,,,UNKNOWN,True,False
2011-04-06,20974,63.0,WH-London,2011-03-30,WH-London,False,False
2011-04-06,16011,70.0,Main,2011-03-26,WH-London,False,False
2011-04-06,22070,28.0,WH-London,2011-04-03,WH-London,False,False
2011-04-06,20756,39.0,Warehouse North,2011-04-01,WH-North,False,False
2011-04-06,21662,59.0,WH-London ,2011-03-25,WH-London,False,False
2011-04-06,22178,49.0,WH_London,2011-04-03,WH-London,False,False
2011-04-06,85040A,100.0,WH-London,,WH-London,False,False
2011-04-06,21377,53.0,Main,2011-03-28,WH-London,False,False
2011-04-06,90067B,75.0,WH-London,2011-04-04,WH-London,False,False
2011-04-06,21830,63.0,WH-London ,2011-04-06,WH-London,False,False
2011-04-06,90082D,70.0,Warehouse North,2011-03-25,WH-North,False,False
2011-04-06,84732B,26.0,Warehouse North,2011-03-26,WH-North,False,False
2011-04-06,20963,56.0,Main,2011-04-05,WH-London,False,False
2011-04-06,84715,48.0,WH_London,2011-04-06,WH-London,False,False
2011-04-06,82616B,,,2011-04-06,UNKNOWN,False,True
2011-04-06,22904,77.0,WH-North,2011-04-02,WH-North,False,False
2011-04-06,22575,-10.0,WH-North,2011-03-26,WH-North,True,False
2011-04-06,22095,90.0,Main,2011-03-28,WH-London,False,False
2011-04-06,22216,-16.0,Main,2011-03-30,WH-London,True,False
2011-04-06,22272,45.0,WH-London ,2011-04-04,WH-London,False,False
2011-04-06,22882,78.0,WH_London,2011-03-25,WH-London,False,False
2011-04-06,47591D,14.0,,2011-04-01,UNKNOWN,False,False
2011-04-06,17028J,62.0,,2011-03-23,UNKNOWN,False,False
2011-04-06,23692,59.0,Warehouse North,2011-03-23,WH-North,False,False
2011-04-06,46000P,59.0,Main,2011-04-04,WH-London,False,False
2011-04-06,79160,39.0,WH-London,2011-03-29,WH-London,False,False
2011-04-06,20731,36.0,WH_London,2011-04-05,WH-London,False,False
2011-04-06,22098,2.0,WH-North,2011-04-03,WH-North,False,False
2011-04-06,20966,46.0,Main,,WH-London,False,False
2011-04-06,79190B,77.0,Main,2011-03-31,WH-London,False,False
2011-04-06,22779,36.0,Main,2011-04-06,WH-London,False,False
2011-04-06,84872A,37.0,,2011-03-23,UNKNOWN,False,False
2011-04-06,21336,97.0,WH-London ,2011-03-23,WH-London,False,False
2011-04-06,85163B,45.0,,2011-03-24,UNKNOWN,False,False
2011-04-06,90195B,60.0,Warehouse North,2011-03-23,WH-North,False,False
2011-04-06,85107,66.0,Main,2011-03-31,WH-London,False,False
2011-04-06,90011C,45.0,WH-London ,2011-03-28,WH-London,False,False
2011-04-06,21265,70.0,Warehouse North,,WH-North,False,False
2011-04-06,23057,79.0,,2011-04-02,UNKNOWN,False,False
2011-04-06,23140,77.0,WH-London ,2011-03-27,WH-London,False,False
2011-04-06,22965,80.0,Main,2011-04-05,WH-London,False,False
2011-04-06,23089,-12.0,Main,2011-04-03,WH-London,True,False
2011-04-06,47593B,14.0,,2011-04-04,UNKNOWN,False,False
2011-04-06,23611,34.0,WH_London,2011-04-05,WH-London,False,False
2011-04-06,23159,26.0,Main,2011-04-02,WH-London,False,False
2011-04-06,22087,28.0,WH-North,2011-04-02,WH-North,False,False
2011-04-06,85231G,76.0,WH-London,2011-04-02,WH-London,False,False
2011-04-06,23234,53.0,WH_London,,WH-London,False,False
2011-04-06,81952B,45.0,WH_London,2011-04-05,WH-London,False,False
2011-04-06,21791,43.0,Warehouse North,2011-04-01,WH-North,False,False
2011-04-06,84856S,37.0,WH-North,2011-04-02,WH-North,False,False
2011-04-06,84675,42.0,WH-London ,2011-03-28,WH-London,False,False
2011-04-06,84559B,91.0,Warehouse North,,WH-North,False,False
2011-04-06,90214N,-2.0,WH_London,2011-04-05,WH-London,True,False
2011-04-06,20803,88.0,WH-North,2011-04-04,WH-North,False,False
2011-04-06,22483,118.0,Main,2011-04-06,WH-London,False,False
2011-04-08,23334,88.0,Warehouse North,2011-04-06,WH-North,False,False
2011-04-08,22228,20.0,Warehouse North,2011-04-03,WH-North,False,False
2011-04-08,21159,,Main,2011-03-27,WH-London,False,True
2011-04-08,22030,80.0,WH-North,2011-04-03,WH-North,False,False
2011-04-08,15044B,42.0,Warehouse North,2011-03-26,WH-North,False,False
2011-04-08,85026B,-34.0,Main,2011-03-26,WH-London,True,False
2011-04-08,21865,46.0,WH-London ,2011-04-07,WH-London,False,False
2011-04-08,22470,16.0,WH_London,,WH-London,False,False
2011-04-08,21377,46.0,WH-North,2011-04-08,WH-North,False,False
2011-04-08,23204,13.0,WH_London,2011-03-31,WH-London,False,False
2011-04-08,22087,71.0,WH_London,2011-03-28,WH-London,False,False
2011-04-08,79071B,24.0,,2011-04-02,UNKNOWN,False,False
2011-04-08,90052,51.0,WH-North,2011-04-01,WH-North,False,False
2011-04-08,84686,-36.0,Warehouse North,2011-03-26,WH-North,True,False
2011-04-08,21368,61.0,Main,2011-03-30,WH-London,False,False
2011-04-08,22095,-74.0,WH-North,2011-04-07,WH-North,True,False
2011-04-08,23057,58.0,WH-London ,2011-04-04,WH-London,False,False
2011-04-08,46000P,28.0,Warehouse North,2011-04-02,WH-North,False,False
2011-04-08,23692,33.0,Warehouse North,2011-04-08,WH-North,False,False
2011-04-08,10133,120.0,,2011-04-08,UNKNOWN,False,False
2011-04-08,23342,78.0,,2011-03-30,UNKNOWN,False,False
2011-04-08,84631,44.0,WH-London ,2011-04-05,WH-London,False,False
2011-04-08,22575,32.0,,2011-03-30,UNKNOWN,False,False
2011-04-08,22070,,WH_London,2011-03-25,WH-London,False,True
2011-04-08,23135,-83.0,Warehouse North,2011-03-28,WH-North,True,False
2011-04-08,23089,28.0,Warehouse North,2011-04-08,WH-North,False,False
2011-04-08,DCGSSBOY,81.0,WH_London,2011-03-27,WH-London,False,False
2011-04-08,20677,74.0,Main,2011-03-30,WH-London,False,False
2011-04-08,22210,90.0,Warehouse North,2011-04-08,WH-North,False,False
2011-04-08,21216,72.0,Main,2011-04-05,WH-London,False,False
2011-04-08,23093,43.0,Warehouse North,2011-04-06,WH-North,False,False
2011-04-08,78124,50.0,WH_London,2011-03-27,WH-London,False,False
2011-04-08,22960,-50.0,Main,2011-03-29,WH-London,True,False
2011-04-08,23483,41.0,,2011-03-31,UNKNOWN,False,False
2011-04-08,21735,1.0,WH-London ,2011-04-03,WH-London,False,False
2011-04-08,21281,-14.0,WH-London,,WH-London,True,False
2011-04-08,72232,-72.0,Warehouse North,2011-04-02,WH-North,True,False
2011-04-08,23440,44.0,Main,2011-04-05,WH-London,False,False
2011-04-08,22084,-78.0,WH-North,2011-04-06,WH-North,True,False
2011-04-08,21802,38.0,Warehouse North,2011-03-31,WH-North,False,False
2011-04-08,90152A,49.0,WH-London ,2011-04-02,WH-London,False,False
2011-04-08,21147,77.0,,2011-04-04,UNKNOWN,False,False
2011-04-08,22230,96.0,,2011-04-02,UNKNOWN,False,False
2011-04-08,47593A,40.0,,2011-04-05,UNKNOWN,False,False
2011-04-08,22185,19.0,,2011-04-05,UNKNOWN,False,False
2011-04-08,17109D,86.0,Warehouse North,,WH-North,False,False
2011-04-08,20657,41.0,WH-London,2011-04-05,WH-London,False,False
2011-04-08,35965,35.0,WH_London,2011-04-03,WH-London,False,False
2011-04-08,21428,38.0,WH-London ,2011-03-25,WH-London,False,False
2011-04-08,16218,28.0,Warehouse North,2011-04-03,WH-North,False,False
2011-04-08,72807B,73.0,WH-North,2011-03-30,WH-North,False,False
2011-04-08,23471,9.0,Main,2011-03-27,WH-London,False,False
2011-04-08,23547,53.0,,2011-04-05,UNKNOWN,False,False
2011-04-08,84559B,57.0,,2011-03-30,UNKNOWN,False,False
2011-04-08,84674,32.0,,2011-04-04,UNKNOWN,False,False
2011-04-08,22908,97.0,Main,2011-04-01,WH-London,False,False
2011-04-08,22962,76.0,Warehouse North,2011-04-04,WH-North,False,False
2011-04-08,85163B,,Main,2011-04-01,WH-London,False,True
2011-04-08,81952B,46.0,Warehouse North,2011-04-04,WH-North,False,False
2011-04-08,22923,76.0,Warehouse North,2011-03-29,WH-North,False,False
2011-04-08,16048,52.0,WH-North,,WH-North,False,False
2011-04-08,22671,-92.0,WH-North,2011-03-28,WH-North,True,False
2011-04-08,90067B,-66.0,Warehouse North,2011-03-31,WH-North,True,False
2011-04-08,22332,57.0,,2011-04-05,UNKNOWN,False,False
2011-04-08,21336,57.0,WH_London,2011-04-02,WH-London,False,False
2011-04-08,90071,144.0,WH-London ,2011-03-26,WH-London,False,False
2011-04-08,23619,19.0,Warehouse North,2011-03-29,WH-North,False,False
2011-04-08,20771,17.0,Main,,WH-London,False,False
2011-04-08,85135A,42.0,WH-London,2011-03-30,WH-London,False,False
2011-04-08,21628,92.0,,2011-04-04,UNKNOWN,False,False
2011-04-08,23159,-23.0,WH_London,2011-04-07,WH-London,True,False
2011-04-08,23234,7.0,WH-North,2011-03-30,WH-North,False,False
2011-04-08,82616C,38.0,WH-London,,WH-London,False,False
2011-04-08,20974,113.0,WH-North,2011-04-01,WH-North,False,False
2011-04-08,15036,50.0,Warehouse North,,WH-North,False,False
2011-04-08,22216,15.0,Warehouse North,2011-03-31,WH-North,False,False
2011-04-08,90185B,74.0,WH-North,2011-04-08,WH-North,False,False
2011-04-08,23060,99.0,WH-North,2011-03-29,WH-North,False,False
2011-04-08,90214N,30.0,Warehouse North,2011-04-06,WH-North,False,False
2011-04-08,90025E,,WH_London,2011-04-03,WH-London,False,True
2011-04-10,15036,54.0,Main,2011-04-06,WH-London,False,False
2011-04-10,90197B,67.0,Warehouse North,2011-04-07,WH-North,False,False
2011-04-10,22070,36.0,WH_London,,WH-London,False,False
2011-04-10,21195,,WH_London,2011-04-07,WH-London,False,True
2011-04-10,84989A,75.0,Warehouse North,2011-04-02,WH-North,False,False
2011-04-10,21147,71.0,WH-North,2011-03-29,WH-North,False,False
2011-04-10,21265,1.0,,2011-04-02,UNKNOWN,False,False
2011-04-10,23334,6.0,WH-North,2011-04-10,WH-North,False,False
2011-04-10,21009,29.0,,2011-03-29,UNKNOWN,False,False
2011-04-10,85231G,58.0,WH-North,2011-04-05,WH-North,False,False
2011-04-10,84789,66.0,Main,2011-04-03,WH-London,False,False
2011-04-10,90025E,18.0,WH-London ,2011-03-28,WH-London,False,False
2011-04-10,23089,59.0,WH-North,2011-04-01,WH-North,False,False
2011-04-10,90011C,78.0,Main,,WH-London,False,False
2011-04-10,22210,-70.0,WH-North,,WH-North,True,False
2011-04-10,72807B,36.0,WH_London,2011-04-01,WH-London,False,False
2011-04-10,23135,38.0,WH-London ,2011-04-01,WH-London,False,False
2011-04-10,21428,11.0,,2011-03-29,UNKNOWN,False,False
2011-04-10,22470,102.0,,2011-04-08,UNKNOWN,False,False
2011-04-10,23204,-64.0,Warehouse North,2011-04-06,WH-North,True,False
2011-04-10,20756,1.0,,2011-04-07,UNKNOWN,False,False
2011-04-10,85040A,86.0,,2011-04-07,UNKNOWN,False,False
2011-04-10,22575,69.0,WH_London,2011-04-07,WH-London,False,False
2011-04-10,23140,-85.0,WH-London,2011-04-02,WH-London,True,False
2011-04-10,21220,33.0,WH-London,2011-03-27,WH-London,False,False
2011-04-10,22066,37.0,WH-North,2011-03-29,WH-North,False,False
2011-04-10,17109D,25.0,,2011-04-04,UNKNOWN,False,False
2011-04-10,84596J,113.0,WH_London,2011-04-06,WH-London,False,False
2011-04-10,22095,34.0,WH-London ,2011-04-09,WH-London,False,False
2011-04-10,23535,21.0,Main,2011-04-06,WH-London,False,False
2011-04-10,23159,30.0,WH_London,2011-03-27,WH-London,False,False
2011-04-10,22779,40.0,WH-London,,WH-London,False,False
2011-04-10,79071B,96.0,,2011-03-31,UNKNOWN,False,False
2011-04-10,20996,58.0,WH-London,,WH-London,False,False
2011-04-10,23272,87.0,,2011-03-31,UNKNOWN,False,False
2011-04-10,21735,58.0,WH-London ,2011-04-09,WH-London,False,False
2011-04-10,23085,44.0,Main,2011-04-08,WH-London,False,False
2011-04-10,22272,18.0,Main,2011-03-27,WH-London,False,False
2011-04-10,85184C,97.0,Main,2011-04-01,WH-London,False,False
2011-04-10,47590B,79.0,WH-London ,,WH-London,False,False
2011-04-10,90214N,82.0,WH-North,2011-03-30,WH-North,False,False
2011-04-10,84631,,WH_London,2011-04-08,WH-London,False,True
2011-04-10,20974,28.0,,2011-04-08,UNKNOWN,False,False
2011-04-10,16218,57.0,Warehouse North,,WH-North,False,False
2011-04-10,23075,82.0,WH-London,2011-03-31,WH-London,False,False
2011-04-10,47593A,78.0,WH-North,2011-04-03,WH-North,False,False
2011-04-10,21135,54.0,WH-London ,2011-04-09,WH-London,False,False
2011-04-10,84849B,109.0,WH_London,2011-03-27,WH-London,False,False
2011-04-10,21683,,,2011-03-27,UNKNOWN,False,True
2011-04-10,22248,89.0,,2011-03-27,UNKNOWN,False,False
2011-04-10,22483,56.0,WH-London,2011-04-10,WH-London,False,False
2011-04-10,21504,,Main,2011-04-08,WH-London,False,True
2011-04-10,22960,79.0,WH_London,2011-03-27,WH-London,False,False
2011-04-10,22216,72.0,Main,2011-04-01,WH-London,False,False
2011-04-10,21662,,WH-North,,WH-North,False,True
2011-04-10,20963,24.0,,2011-04-05,UNKNOWN,False,False
2011-04-10,90177A,80.0,WH_London,2011-04-09,WH-London,False,False
2011-04-10,23234,26.0,Main,2011-03-29,WH-London,False,False
2011-04-10,22289,73.0,Warehouse North,2011-03-27,WH-North,False,False
2011-04-10,DCGSSBOY,17.0,Warehouse North,2011-03-30,WH-North,False,False
2011-04-10,81952B,24.0,WH-North,2011-04-09,WH-North,False,False
2011-04-10,23090,58.0,WH-London,2011-04-08,WH-London,False,False
2011-04-10,22185,67.0,WH-North,,WH-North,False,False
2011-04-10,23692,56.0,,2011-04-02,UNKNOWN,False,False
2011-04-10,84559B,34.0,Warehouse North,2011-04-06,WH-North,False,False
2011-04-10,23189,83.0,WH-London,2011-04-01,WH-London,False,False
2011-04-10,84804A,-54.0,WH-London ,2011-03-29,WH-London,True,False
2011-04-10,23518,55.0,WH-North,2011-03-29,WH-North,False,False
2011-04-10,20771,45.0,WH-London ,2011-04-01,WH-London,False,False
2011-04-10,90152C,28.0,,2011-04-06,UNKNOWN,False,False
2011-04-10,16010,83.0,WH-London,2011-04-07,WH-London,False,False
2011-04-10,79163,30.0,WH-London ,2011-03-27,WH-London,False,False
2011-04-10,90143,100.0,Warehouse North,2011-04-10,WH-North,False,False
2011-04-10,37467,25.0,WH-London ,2011-03-30,WH-London,False,False
2011-04-10,21484,,WH-North,2011-04-02,WH-North,False,True
2011-04-10,90026D,52.0,,2011-03-29,UNKNOWN,False,False
2011-04-10,23471,46.0,Warehouse North,2011-04-08,WH-North,False,False
2011-04-10,23458,70.0,Main,2011-03-31,WH-London,False,False
2011-04-10,21865,73.0,WH-London ,2011-04-08,WH-London,False,False
2011-04-10,85230F,66.0,Main,2011-04-02,WH-London,False,False
2011-04-12,47590B,18.0,WH-North,2011-04-04,WH-North,False,False
2011-04-12,20996,14.0,,,UNKNOWN,False,False
2011-04-12,22248,13.0,WH-London ,2011-04-04,WH-London,False,False
2011-04-12,84989A,42.0,WH-London,2011-04-09,WH-London,False,False
2011-04-12,21336,113.0,,2011-04-05,UNKNOWN,False,False
2011-04-12,23458,48.0,WH_London,2011-04-04,WH-London,False,False
2011-04-12,21628,113.0,,2011-03-31,UNKNOWN,False,False
2011-04-12,82616C,48.0,Warehouse North,2011-04-12,WH-North,False,False
2011-04-12,23547,54.0,WH_London,2011-04-01,WH-London,False,False
2011-04-12,90197B,-67.0,,2011-04-12,UNKNOWN,True,False
2011-04-12,22178,41.0,WH-London ,2011-04-04,WH-London,False,False
2011-04-12,23093,-56.0,WH_London,2011-04-05,WH-London,True,False
2011-04-12,85119,-1.0,WH-North,2011-04-01,WH-North,True,False
2011-04-12,81952B,23.0,WH_London,2011-04-06,WH-London,False,False
2011-04-12,84732B,0.0,WH-North,2011-04-06,WH-North,False,False
2011-04-12,22575,-71.0,Warehouse North,2011-03-29,WH-North,True,False
2011-04-12,21135,9.0,,2011-04-05,UNKNOWN,False,False
2011-04-12,22908,92.0,,2011-03-29,UNKNOWN,False,False
2011-04-12,84715,60.0,WH-North,2011-04-11,WH-North,False,False
2011-04-12,84872A,78.0,WH-North,2011-04-07,WH-North,False,False
2011-04-12,20963,30.0,,2011-04-04,UNKNOWN,False,False
2011-04-12,21147,,WH-London,2011-04-07,WH-London,False,True
2011-04-12,72225C,39.0,Main,2011-03-30,WH-London,False,False
2011-04-12,22882,81.0,Main,,WH-London,False,False
2011-04-12,17109D,113.0,WH_London,2011-04-11,WH-London,False,False
2011-04-12,37467,65.0,Warehouse North,2011-04-03,WH-North,False,False
2011-04-12,21504,10.0,WH-North,2011-04-01,WH-North,False,False
2011-04-12,22098,20.0,WH-North,2011-04-12,WH-North,False,False
2011-04-12,23057,5.0,WH-London,2011-03-29,WH-London,False,False
2011-04-12,21865,46.0,WH-London,2011-04-11,WH-London,False,False
2011-04-12,90152C,41.0,WH-London,2011-04-02,WH-London,False,False
2011-04-12,23204,45.0,Main,2011-03-31,WH-London,False,False
2011-04-12,23189,17.0,WH-London,2011-04-08,WH-London,False,False
2011-04-12,84805B,14.0,Main,2011-04-09,WH-London,False,False
2011-04-12,82613C,52.0,,2011-04-08,UNKNOWN,False,False
2011-04-12,21348,64.0,Warehouse North,2011-04-03,WH-North,False,False
2011-04-12,84660C,14.0,WH_London,2011-04-01,WH-London,False,False
2011-04-12,37424,64.0,,2011-03-30,UNKNOWN,False,False
2011-04-12,22210,78.0,Warehouse North,2011-04-02,WH-North,False,False
2011-04-12,21745,-19.0,Warehouse North,2011-04-10,WH-North,True,False
2011-04-12,22228,97.0,Main,2011-03-31,WH-London,False,False
2011-04-12,84686,71.0,Warehouse North,2011-04-01,WH-North,False,False
2011-04-12,21216,78.0,WH_London,2011-04-03,WH-London,False,False
2011-04-12,23135,19.0,WH-London,2011-04-11,WH-London,False,False
2011-04-12,20677,73.0,WH_London,2011-03-30,WH-London,False,False
2011-04-12,23341,77.0,WH_London,2011-04-11,WH-London,False,False
2011-04-12,22070,30.0,,2011-04-10,UNKNOWN,False,False
2011-04-12,72802C,73.0,Warehouse North,2011-04-07,WH-North,False,False
2011-04-12,90011C,45.0,WH_London,2011-04-01,WH-London,False,False
2011-04-12,90185B,31.0,Warehouse North,2011-03-29,WH-North,False,False
2011-04-12,84789,44.0,WH-North,2011-04-10,WH-North,False,False
2011-04-12,21368,55.0,WH_London,2011-04-07,WH-London,False,False
2011-04-12,85230F,40.0,,2011-03-31,UNKNOWN,False,False
2011-04-12,23342,26.0,,2011-03-30,UNKNOWN,False,False
2011-04-12,90214N,61.0,WH-London,2011-04-06,WH-London,False,False
2011-04-12,72232,-66.0,WH-North,2011-04-08,WH-North,True,False
2011-04-12,22928,54.0,WH-London ,2011-04-09,WH-London,False,False
2011-04-12,21265,1.0,Main,2011-04-08,WH-London,False,False
2011-04-12,22030,32.0,Warehouse North,2011-04-06,WH-North,False,False
2011-04-12,23068,24.0,Warehouse North,2011-04-11,WH-North,False,False
2011-04-12,37444C,101.0,,2011-04-01,UNKNOWN,False,False
2011-04-12,84675,53.0,WH-London ,2011-04-11,WH-London,False,False
2011-04-12,72807B,41.0,WH-North,2011-04-12,WH-North,False,False
2011-04-12,21188,33.0,WH_London,2011-03-31,WH-London,False,False
2011-04-12,23159,46.0,WH-London,2011-03-30,WH-London,False,False
2011-04-12,22904,,Warehouse North,2011-04-02,WH-North,False,True
2011-04-12,22779,4.0,Main,2011-04-01,WH-London,False,False
2011-04-12,22332,-56.0,WH-North,2011-04-08,WH-North,True,False
2011-04-12,23334,34.0,Warehouse North,2011-04-10,WH-North,False,False
2011-04-12,79163,62.0,,,UNKNOWN,False,False
2011-04-12,22230,73.0,,2011-04-03,UNKNOWN,False,False
2011-04-12,23692,29.0,WH-North,2011-03-29,WH-North,False,False
2011-04-12,23440,8.0,,2011-04-09,UNKNOWN,False,False
2011-04-12,21791,40.0,WH-London ,2011-04-02,WH-London,False,False
2011-04-12,84856S,88.0,WH-North,2011-04-05,WH-North,False,False
2011-04-12,90052,-75.0,WH-North,2011-04-08,WH-North,True,False
2011-04-12,23483,38.0,WH-London ,2011-03-30,WH-London,False,False
2011-04-12,23471,30.0,WH-London,,WH-London,False,False
2011-04-12,20974,33.0,Main,2011-04-05,WH-London,False,False
2011-04-12,90214C,11.0,WH-London ,2011-03-30,WH-London,False,False
2011-04-14,90143,73.0,WH-London,2011-04-03,WH-London,False,False
2011-04-14,79163,79.0,,2011-04-11,UNKNOWN,False,False
2011-04-14,22066,38.0,WH-North,2011-04-04,WH-North,False,False
2011-04-14,23057,34.0,WH-North,2011-04-04,WH-North,False,False
2011-04-14,23692,29.0,WH-London ,2011-04-03,WH-London,False,False
2011-04-14,85119,36.0,WH-London,2011-03-31,WH-London,False,False
2011-04-14,DCGSSBOY,27.0,WH-London,2011-04-04,WH-London,False,False
2011-04-14,84746,,WH-London,2011-04-06,WH-London,False,True
2011-04-14,84675,73.0,WH_London,2011-03-31,WH-London,False,False
2011-04-14,72232,70.0,WH-London ,2011-03-31,WH-London,False,False
2011-04-14,72807B,24.0,WH-North,2011-04-02,WH-North,False,False
2011-04-14,21865,54.0,Warehouse North,,WH-North,False,False
2011-04-14,90001C,69.0,,2011-04-08,UNKNOWN,False,False
2011-04-14,21670,21.0,Main,2011-04-12,WH-London,False,False
2011-04-14,85107,54.0,Warehouse North,2011-04-07,WH-North,False,False
2011-04-14,22904,86.0,Warehouse North,2011-04-13,WH-North,False,False
2011-04-14,22230,,WH-North,2011-04-06,WH-North,False,True
2011-04-14,22560,,WH_London,2011-04-08,WH-London,False,True
2011-04-14,90025E,-25.0,WH-London ,2011-04-04,WH-London,True,False
2011-04-14,90161B,59.0,,2011-04-08,UNKNOWN,False,False
2011-04-14,21662,53.0,WH_London,2011-04-05,WH-London,False,False
2011-04-14,23611,,,2011-04-02,UNKNOWN,False,True
2011-04-14,22671,64.0,Warehouse North,2011-04-10,WH-North,False,False
2011-04-14,22114,5.0,WH-North,2011-04-02,WH-North,False,False
2011-04-14,23440,,WH_London,2011-04-01,WH-London,False,True
2011-04-14,21628,62.0,WH-North,2011-04-14,WH-North,False,False
2011-04-14,20724,72.0,Main,2011-04-05,WH-London,False,False
2011-04-14,22156,42.0,WH-North,2011-04-08,WH-North,False,False
2011-04-14,20996,,WH_London,2011-04-09,WH-London,False,True
2011-04-14,20974,60.0,WH-London ,2011-04-08,WH-London,False,False
2011-04-14,20966,51.0,WH_London,2011-04-08,WH-London,False,False
2011-04-14,23547,18.0,WH-London,2011-04-03,WH-London,False,False
2011-04-14,79071B,,,2011-04-09,UNKNOWN,False,True
2011-04-14,90197B,67.0,WH-London ,2011-03-31,WH-London,False,False
2011-04-14,22470,31.0,WH_London,2011-04-02,WH-London,False,False
2011-04-14,82616B,55.0,,2011-04-04,UNKNOWN,False,False
2011-04-14,90067B,54.0,Warehouse North,2011-04-02,WH-North,False,False
2011-04-14,90071,15.0,WH_London,2011-04-10,WH-London,False,False
2011-04-14,22087,62.0,,2011-04-13,UNKNOWN,False,False
2011-04-14,84804A,-24.0,WH-London,2011-03-31,WH-London,True,False
2011-04-14,85231G,5.0,WH-North,2011-04-13,WH-North,False,False
2011-04-14,23060,1.0,,2011-04-07,UNKNOWN,False,False
2011-04-14,22415,,WH-London ,2011-04-02,WH-London,False,True
2011-04-14,23234,97.0,Warehouse North,2011-04-13,WH-North,False,False
2011-04-14,85135A,51.0,WH-London ,,WH-London,False,False
2011-04-14,22178,103.0,WH-London,2011-04-10,WH-London,False,False
2011-04-14,23342,-93.0,,2011-04-09,UNKNOWN,True,False
2011-04-14,20771,65.0,WH-North,2011-04-02,WH-North,False,False
2011-04-14,90214N,97.0,WH_London,2011-04-07,WH-London,False,False
2011-04-14,22185,93.0,Main,2011-04-02,WH-London,False,False
2011-04-14,21195,85.0,Main,2011-04-01,WH-London,False,False
2011-04-14,23135,6.0,WH-London ,2011-04-04,WH-London,False,False
2011-04-14,23089,42.0,Main,2011-04-04,WH-London,False,False
2011-04-14,21080,29.0,Main,,WH-London,False,False
2011-04-14,90152C,85.0,WH-London,2011-04-12,WH-London,False,False
2011-04-14,23204,40.0,,2011-04-03,UNKNOWN,False,False
2011-04-14,37467,102.0,Warehouse North,2011-04-10,WH-North,False,False
2011-04-14,72802C,53.0,Main,,WH-London,False,False
2011-04-14,16218,49.0,Main,,WH-London,False,False
2011-04-14,20702,38.0,Warehouse North,2011-04-11,WH-North,False,False
2011-04-14,47591D,44.0,WH_London,2011-04-01,WH-London,False,False
2011-04-14,90185B,58.0,Warehouse North,,WH-North,False,False
2011-04-14,84660C,48.0,WH_London,2011-04-03,WH-London,False,False
2011-04-14,21348,36.0,Warehouse North,2011-04-13,WH-North,False,False
2011-04-14,47593A,37.0,WH-North,2011-04-10,WH-North,False,False
2011-04-14,21791,104.0,,2011-04-08,UNKNOWN,False,False
2011-04-14,21159,109.0,WH-North,2011-04-12,WH-North,False,False
2011-04-14,21683,35.0,WH-London ,2011-04-09,WH-London,False,False
2011-04-14,22099,75.0,WH-London,2011-04-05,WH-London,False,False
2011-04-14,84674,-25.0,,2011-04-01,UNKNOWN,True,False
2011-04-14,21504,40.0,Main,2011-04-03,WH-London,False,False
2011-04-14,84989A,17.0,Main,2011-04-03,WH-London,False,False
2011-04-14,22483,80.0,WH-North,2011-04-08,WH-North,False,False
2011-04-14,22960,64.0,WH-North,2011-04-07,WH-North,False,False
2011-04-14,20756,70.0,Warehouse North,2011-04-07,WH-North,False,False
2011-04-14,79160,-76.0,WH-North,2011-04-01,WH-North,True,False
2011-04-14,22908,23.0,Warehouse North,2011-04-12,WH-North,False,False
2011-04-14,16010,40.0,Warehouse North,,WH-North,False,False
2011-04-14,47593B,63.0,Warehouse North,2011-04-09,WH-North,False,False
2011-04-14,21009,39.0,Warehouse North,2011-04-04,WH-North,False,False
2011-04-16,23075,52.0,Main,,WH-London,False,False
2011-04-16,22908,26.0,Warehouse North,2011-04-06,WH-North,False,False
2011-04-16,22084,89.0,WH-London,2011-04-16,WH-London,False,False
2011-04-16,21281,78.0,WH-London ,2011-04-13,WH-London,False,False
2011-04-16,23089,87.0,WH-London,2011-04-15,WH-London,False,False
2011-04-16,23140,69.0,WH_London,2011-04-10,WH-London,False,False
2011-04-16,22228,17.0,Main,2011-04-14,WH-London,False,False
2011-04-16,85136C,35.0,WH-North,2011-04-14,WH-North,False,False
2011-04-16,22210,28.0,WH-London ,2011-04-05,WH-London,False,False
2011-04-16,21802,-42.0,Main,2011-04-11,WH-London,True,False
2011-04-16,90152C,81.0,Main,2011-04-02,WH-London,False,False
2011-04-16,22095,5.0,WH_London,2011-04-16,WH-London,False,False
2011-04-16,90161B,32.0,WH-North,2011-04-16,WH-North,False,False
2011-04-16,23060,,WH-London,2011-04-14,WH-London,False,True
2011-04-16,47590B,10.0,,,UNKNOWN,False,False
2011-04-16,85026B,56.0,WH-London ,2011-04-06,WH-London,False,False
2011-04-16,21195,39.0,Warehouse North,2011-04-11,WH-North,False,False
2011-04-16,22671,83.0,WH_London,2011-04-07,WH-London,False,False
2011-04-16,21735,41.0,WH-London,,WH-London,False,False
2011-04-16,17109D,63.0,WH-London ,2011-04-11,WH-London,False,False
2011-04-16,46000P,,WH-London,2011-04-10,WH-London,False,True
2011-04-16,21670,-24.0,WH_London,2011-04-03,WH-London,True,False
2011-04-16,22882,-6.0,Warehouse North,,WH-North,True,False
2011-04-16,81950B,61.0,WH_London,2011-04-02,WH-London,False,False
2011-04-16,16218,60.0,WH-London,2011-04-11,WH-London,False,False
2011-04-16,85024C,47.0,WH-London ,2011-04-13,WH-London,False,False
2011-04-16,22289,89.0,WH-London,2011-04-04,WH-London,False,False
2011-04-16,23692,65.0,Warehouse North,2011-04-14,WH-North,False,False
2011-04-16,21428,97.0,WH-London,2011-04-06,WH-London,False,False
2011-04-16,72807B,-23.0,WH-London,2011-04-09,WH-London,True,False
2011-04-16,72225C,-102.0,,2011-04-10,UNKNOWN,True,False
2011-04-16,20677,31.0,Warehouse North,2011-04-16,WH-North,False,False
2011-04-16,78124,50.0,WH-North,2011-04-15,WH-North,False,False
2011-04-16,47469,85.0,,2011-04-14,UNKNOWN,False,False
2011-04-16,84559B,-13.0,WH-North,2011-04-16,WH-North,True,False
2011-04-16,90197B,42.0,Main,2011-04-09,WH-London,False,False
2011-04-16,21830,80.0,WH-North,2011-04-11,WH-North,False,False
2011-04-16,23093,31.0,WH_London,2011-04-04,WH-London,False,False
2011-04-16,21791,77.0,WH-London ,2011-04-06,WH-London,False,False
2011-04-16,37467,70.0,WH-London ,2011-04-02,WH-London,False,False
2011-04-16,47593B,55.0,Warehouse North,2011-04-03,WH-North,False,False
2011-04-16,22070,67.0,WH_London,2011-04-12,WH-London,False,False
2011-04-16,47593A,88.0,WH-London ,2011-04-14,WH-London,False,False
2011-04-16,22960,68.0,WH-London,2011-04-08,WH-London,False,False
2011-04-16,17028J,77.0,WH_London,2011-04-04,WH-London,False,False
2011-04-16,22415,23.0,WH-London ,2011-04-06,WH-London,False,False
2011-04-16,23334,67.0,Warehouse North,2011-04-04,WH-North,False,False
2011-04-16,22248,64.0,WH_London,2011-04-02,WH-London,False,False
2011-04-16,84596J,83.0,Warehouse North,2011-04-14,WH-North,False,False
2011-04-16,37471,15.0,WH_London,2011-04-11,WH-London,False,False
2011-04-16,23611,82.0,Main,2011-04-02,WH-London,False,False
2011-04-16,90011C,23.0,WH-London,2011-04-07,WH-London,False,False
2011-04-16,84804A,,Main,2011-04-02,WH-London,False,True
2011-04-16,85135A,,WH_London,2011-04-09,WH-London,False,True
2011-04-16,22323,14.0,WH-London,2011-04-05,WH-London,False,False
2011-04-16,16010,-41.0,WH-North,,WH-North,True,False
2011-04-16,90177A,81.0,Warehouse North,2011-04-12,WH-North,False,False
2011-04-16,21220,60.0,,2011-04-05,UNKNOWN,False,False
2011-04-16,23159,100.0,WH_London,2011-04-02,WH-London,False,False
2011-04-16,23057,-40.0,WH-North,2011-04-07,WH-North,True,False
2011-04-16,21009,35.0,WH_London,2011-04-06,WH-London,False,False
2011-04-16,23068,27.0,,2011-04-09,UNKNOWN,False,False
2011-04-16,47591D,34.0,WH-London,2011-04-14,WH-London,False,False
2011-04-16,16011,8.0,WH-London,2011-04-03,WH-London,False,False
2011-04-16,90001C,30.0,Main,,WH-London,False,False
2011-04-16,22560,-13.0,WH_London,2011-04-07,WH-London,True,False
2011-04-16,22332,71.0,WH_London,2011-04-05,WH-London,False,False
2011-04-16,79190B,94.0,WH-London ,2011-04-08,WH-London,False,False
2011-04-16,90201C,56.0,Main,2011-04-11,WH-London,False,False
2011-04-16,21989,29.0,,2011-04-09,UNKNOWN,False,False
2011-04-16,21222,72.0,WH_London,2011-04-07,WH-London,False,False
2011-04-16,85119,-48.0,Warehouse North,2011-04-14,WH-North,True,False
2011-04-16,85186C,80.0,Main,2011-04-11,WH-London,False,False
2011-04-16,22216,-21.0,WH-London ,2011-04-16,WH-London,True,False
2011-04-16,21630,23.0,,,UNKNOWN,False,False
2011-04-16,21135,71.0,WH-London,2011-04-06,WH-London,False,False
2011-04-16,22098,49.0,WH-North,2011-04-03,WH-North,False,False
2011-04-16,44092C,77.0,WH_London,2011-04-16,WH-London,False,False
2011-04-16,90214C,24.0,,2011-04-10,UNKNOWN,False,False
2011-04-16,20657,63.0,,2011-04-16,UNKNOWN,False,False
2011-04-18,21368,66.0,WH-North,2011-04-18,WH-North,False,False
2011-04-18,10133,3.0,WH_London,2011-04-07,WH-London,False,False
2011-04-18,84675,-49.0,,2011-04-08,UNKNOWN,True,False
2011-04-18,22114,-10.0,WH_London,,WH-London,True,False
2011-04-18,21865,94.0,Main,2011-04-17,WH-London,False,False
2011-04-18,22962,10.0,Main,2011-04-11,WH-London,False,False
2011-04-18,79163,44.0,WH-London,2011-04-05,WH-London,False,False
2011-04-18,23535,49.0,WH_London,2011-04-13,WH-London,False,False
2011-04-18,85107,21.0,,2011-04-14,UNKNOWN,False,False
2011-04-18,47593A,105.0,WH-North,2011-04-11,WH-North,False,False
2011-04-18,22210,29.0,Main,2011-04-13,WH-London,False,False
2011-04-18,90152C,41.0,Warehouse North,2011-04-15,WH-North,False,False
2011-04-18,23204,29.0,,2011-04-14,UNKNOWN,False,False
2011-04-18,22882,,Main,2011-04-07,WH-London,False,True
2011-04-18,21195,46.0,WH-London,2011-04-05,WH-London,False,False
2011-04-18,21147,71.0,,2011-04-13,UNKNOWN,False,False
2011-04-18,84789,54.0,WH-London,2011-04-17,WH-London,False,False
2011-04-18,21159,27.0,WH-London,2011-04-10,WH-London,False,False
2011-04-18,22483,49.0,WH_London,2011-04-12,WH-London,False,False
2011-04-18,21216,8.0,WH-London,2011-04-08,WH-London,False,False
2011-04-18,22087,85.0,WH-London,2011-04-10,WH-London,False,False
2011-04-18,22470,-34.0,WH-London,2011-04-17,WH-London,True,False
2011-04-18,20724,36.0,Warehouse North,2011-04-05,WH-North,False,False
2011-04-18,20677,8.0,WH-London ,2011-04-10,WH-London,False,False
2011-04-18,79071B,34.0,WH-North,2011-04-18,WH-North,False,False
2011-04-18,23547,100.0,Warehouse North,2011-04-12,WH-North,False,False
2011-04-18,90071,68.0,WH-London,2011-04-10,WH-London,False,False
2011-04-18,16010,83.0,WH_London,,WH-London,False,False
2011-04-18,22098,53.0,Warehouse North,2011-04-18,WH-North,False,False
2011-04-18,21348,-28.0,,2011-04-13,UNKNOWN,True,False
2011-04-18,21662,52.0,WH-North,2011-04-12,WH-North,False,False
2011-04-18,21377,56.0,WH-London,2011-04-16,WH-London,False,False
2011-04-18,20803,76.0,WH-London,2011-04-10,WH-London,False,False
2011-04-18,82616C,48.0,Main,2011-04-16,WH-London,False,False
2011-04-18,90195B,26.0,WH_London,2011-04-18,WH-London,False,False
2011-04-18,22904,47.0,,2011-04-18,UNKNOWN,False,False
2011-04-18,21281,39.0,Main,2011-04-11,WH-London,False,False
2011-04-18,21670,65.0,WH-North,2011-04-09,WH-North,False,False
2011-04-18,84596J,47.0,WH_London,2011-04-09,WH-London,False,False
2011-04-18,37444C,20.0,WH-London,2011-04-11,WH-London,False,False
2011-04-18,90025E,,Warehouse North,2011-04-10,WH-North,False,True
2011-04-18,90197B,27.0,WH-London,2011-04-13,WH-London,False,False
2011-04-18,84715,40.0,WH-London,2011-04-13,WH-London,False,False
2011-04-18,21336,36.0,WH-North,2011-04-05,WH-North,False,False
2011-04-18,37471,57.0,WH-London ,2011-04-17,WH-London,False,False
2011-04-18,16048,8.0,,2011-04-09,UNKNOWN,False,False
2011-04-18,22671,,WH-London,2011-04-10,WH-London,False,True
2011-04-18,22575,82.0,WH_London,2011-04-15,WH-London,False,False
2011-04-18,21222,52.0,Warehouse North,2011-04-15,WH-North,False,False
2011-04-18,85184C,-29.0,Warehouse North,2011-04-10,WH-North,True,False
2011-04-18,23471,39.0,WH-London ,2011-04-17,WH-London,False,False
2011-04-18,20996,58.0,,2011-04-05,UNKNOWN,False,False
2011-04-18,35965,66.0,WH-London,2011-04-13,WH-London,False,False
2011-04-18,82613C,95.0,WH_London,,WH-London,False,False
2011-04-18,21735,-1.0,WH-North,2011-04-10,WH-North,True,False
2011-04-18,84686,57.0,,2011-04-04,UNKNOWN,False,False
2011-04-18,23093,55.0,Main,2011-04-08,WH-London,False,False
2011-04-18,84989A,47.0,Warehouse North,2011-04-12,WH-North,False,False
2011-04-18,84559B,60.0,WH-London ,2011-04-06,WH-London,False,False
2011-04-18,85230F,43.0,Main,2011-04-18,WH-London,False,False
2011-04-18,72802C,-20.0,WH-London ,2011-04-09,WH-London,True,False
2011-04-18,23085,56.0,WH-London,2011-04-07,WH-London,False,False
2011-04-18,22095,69.0,WH-North,2011-04-08,WH-North,False,False
2011-04-18,22070,48.0,Warehouse North,2011-04-16,WH-North,False,False
2011-04-18,72807B,81.0,WH-London ,2011-04-10,WH-London,False,False
2011-04-18,22965,42.0,WH-London ,2011-04-11,WH-London,False,False
2011-04-18,37467,63.0,WH-London,,WH-London,False,False
2011-04-18,84638,,WH-London ,2011-04-14,WH-London,False,True
2011-04-18,85119,-117.0,Warehouse North,2011-04-05,WH-North,True,False
2011-04-18,90152A,43.0,WH_London,,WH-London,False,False
2011-04-18,22185,35.0,WH-London,2011-04-17,WH-London,False,False
2011-04-18,85026B,42.0,WH-London ,2011-04-10,WH-London,False,False
2011-04-18,47469,,WH-London,2011-04-12,WH-London,False,True
2011-04-18,85136C,-14.0,WH-London,2011-04-15,WH-London,True,False
2011-04-18,79160,51.0,WH-North,2011-04-14,WH-North,False,False
2011-04-18,22908,53.0,WH-North,2011-04-06,WH-North,False,False
2011-04-18,35819P,56.0,WH-London ,2011-04-09,WH-London,False,False
2011-04-18,22248,48.0,Main,2011-04-14,WH-London,False,False
2011-04-18,22272,47.0,WH-London ,2011-04-14,WH-London,False,False
2011-04-18,21265,13.0,WH-North,2011-04-12,WH-North,False,False
2011-04-20,84559B,35.0,Warehouse North,,WH-North,False,False
2011-04-20,23135,,,2011-04-20,UNKNOWN,False,True
2011-04-20,84638,33.0,Warehouse North,2011-04-10,WH-North,False,False
2011-04-20,22248,58.0,WH-London ,,WH-London,False,False
2011-04-20,21356,45.0,Main,2011-04-06,WH-London,False,False
2011-04-20,90067B,45.0,WH-London ,2011-04-18,WH-London,False,False
2011-04-20,79190B,56.0,Warehouse North,2011-04-08,WH-North,False,False
2011-04-20,21080,-64.0,WH-London,2011-04-07,WH-London,True,False
2011-04-20,81952B,71.0,WH_London,2011-04-11,WH-London,False,False
2011-04-20,22114,109.0,Warehouse North,,WH-North,False,False
2011-04-20,23458,75.0,WH-London,2011-04-14,WH-London,False,False
2011-04-20,79163,5.0,WH_London,,WH-London,False,False
2011-04-20,15044B,17.0,WH_London,,WH-London,False,False
2011-04-20,21484,,WH-London ,2011-04-08,WH-London,False,True
2011-04-20,23159,27.0,WH-London,2011-04-12,WH-London,False,False
2011-04-20,23075,-61.0,Warehouse North,2011-04-10,WH-North,True,False
2011-04-20,16048,64.0,WH-North,2011-04-10,WH-North,False,False
2011-04-20,20996,35.0,WH-London,2011-04-17,WH-London,False,False
2011-04-20,46000P,85.0,WH_London,,WH-London,False,False
2011-04-20,23483,93.0,WH-North,2011-04-11,WH-North,False,False
2011-04-20,85135A,-4.0,Main,2011-04-11,WH-London,True,False
2011-04-20,22905,7.0,WH-North,2011-04-19,WH-North,False,False
2011-04-20,21195,82.0,WH-London ,2011-04-19,WH-London,False,False
2011-04-20,21630,-76.0,Warehouse North,2011-04-20,WH-North,True,False
2011-04-20,84804A,65.0,Main,2011-04-10,WH-London,False,False
2011-04-20,20724,50.0,WH_London,2011-04-08,WH-London,False,False
2011-04-20,84849B,46.0,WH-London,2011-04-19,WH-London,False,False
2011-04-20,20803,66.0,Warehouse North,2011-04-09,WH-North,False,False
2011-04-20,21216,55.0,WH-London,2011-04-20,WH-London,False,False
2011-04-20,22962,89.0,WH_London,2011-04-08,WH-London,False,False
2011-04-20,22908,29.0,Warehouse North,2011-04-17,WH-North,False,False
2011-04-20,85186C,50.0,WH-North,2011-04-11,WH-North,False,False
2011-04-20,22030,76.0,WH_London,2011-04-18,WH-London,False,False
2011-04-20,20702,54.0,Warehouse North,2011-04-20,WH-North,False,False
2011-04-20,20966,70.0,WH_London,2011-04-20,WH-London,False,False
2011-04-20,90152C,69.0,WH_London,2011-04-08,WH-London,False,False
2011-04-20,21662,37.0,,2011-04-15,UNKNOWN,False,False
2011-04-20,22960,19.0,WH-London,2011-04-11,WH-London,False,False
2011-04-20,20963,27.0,WH-London ,2011-04-13,WH-London,False,False
2011-04-20,DCGSSBOY,17.0,WH_London,2011-04-09,WH-London,False,False
2011-04-20,84732B,-5.0,Warehouse North,2011-04-18,WH-North,True,False
2011-04-20,20771,82.0,,2011-04-07,UNKNOWN,False,False
2011-04-20,90214C,-6.0,Main,2011-04-10,WH-London,True,False
2011-04-20,22185,105.0,Main,2011-04-08,WH-London,False,False
2011-04-20,22066,34.0,WH-London,2011-04-19,WH-London,False,False
2011-04-20,16218,41.0,WH_London,2011-04-08,WH-London,False,False
2011-04-20,22070,4.0,WH-North,2011-04-06,WH-North,False,False
2011-04-20,23060,,WH_London,2011-04-19,WH-London,False,True
2011-04-20,23090,42.0,WH_London,2011-04-18,WH-London,False,False
2011-04-20,21135,51.0,Warehouse North,2011-04-20,WH-North,False,False
2011-04-20,84631,26.0,WH-North,2011-04-06,WH-North,False,False
2011-04-20,22156,64.0,Warehouse North,2011-04-17,WH-North,False,False
2011-04-20,21504,25.0,WH-North,2011-04-19,WH-North,False,False
2011-04-20,22483,52.0,,2011-04-15,UNKNOWN,False,False
2011-04-20,22928,63.0,WH-London ,2011-04-17,WH-London,False,False
2011-04-20,72232,93.0,,2011-04-19,UNKNOWN,False,False
2011-04-20,22965,74.0,Warehouse North,2011-04-11,WH-North,False,False
2011-04-20,22098,52.0,WH-London ,2011-04-07,WH-London,False,False
2011-04-20,23334,49.0,WH-North,2011-04-14,WH-North,False,False
2011-04-20,37424,,,,UNKNOWN,False,True
2011-04-20,17109D,73.0,,2011-04-20,UNKNOWN,False,False
2011-04-20,84686,27.0,WH-London,2011-04-07,WH-London,False,False
2011-04-20,85107,77.0,WH_London,2011-04-08,WH-London,False,False
2011-04-20,85231G,21.0,WH-London,2011-04-19,WH-London,False,False
2011-04-20,22923,,,2011-04-12,UNKNOWN,False,True
2011-04-20,21009,66.0,WH-North,2011-04-10,WH-North,False,False
2011-04-20,85119,29.0,WH-North,,WH-North,False,False
2011-04-20,21265,3.0,,2011-04-07,UNKNOWN,False,False
2011-04-20,21222,42.0,,2011-04-19,UNKNOWN,False,False
2011-04-20,22560,28.0,WH-North,2011-04-10,WH-North,False,False
2011-04-20,90197B,44.0,,2011-04-14,UNKNOWN,False,False
2011-04-20,79160,12.0,WH_London,2011-04-19,WH-London,False,False
2011-04-20,22210,143.0,WH-London,2011-04-12,WH-London,False,False
2011-04-20,84856S,81.0,WH-London,2011-04-08,WH-London,False,False
2011-04-20,72802C,52.0,Warehouse North,2011-04-19,WH-North,False,False
2011-04-20,21159,89.0,,2011-04-09,UNKNOWN,False,False
2011-04-20,23085,,WH-London ,2011-04-08,WH-London,False,True
2011-04-20,16010,15.0,WH-North,2011-04-12,WH-North,False,False
2011-04-20,21628,31.0,WH-North,2011-04-14,WH-North,False,False
2011-04-20,35965,80.0,WH-London,2011-04-18,WH-London,False,False
2011-04-22,79163,21.0,WH-London,2011-04-08,WH-London,False,False
2011-04-22,23204,61.0,,,UNKNOWN,False,False
2011-04-22,22230,70.0,WH_London,,WH-London,False,False
2011-04-22,85231G,42.0,WH_London,2011-04-13,WH-London,False,False
2011-04-22,23692,54.0,Warehouse North,2011-04-11,WH-North,False,False
2011-04-22,22962,74.0,WH-North,2011-04-09,WH-North,False,False
2011-04-22,23234,73.0,WH-North,2011-04-17,WH-North,False,False
2011-04-22,22671,-63.0,Main,2011-04-11,WH-London,True,False
2011-04-22,84805B,49.0,WH-London,,WH-London,False,False
2011-04-22,23471,67.0,Warehouse North,,WH-North,False,False
2011-04-22,90197B,-10.0,WH_London,2011-04-12,WH-London,True,False
2011-04-22,47593B,94.0,WH-London,2011-04-14,WH-London,False,False
2011-04-22,23159,46.0,WH-London ,2011-04-10,WH-London,False,False
2011-04-22,20657,,Warehouse North,2011-04-22,WH-North,False,True
2011-04-22,84686,67.0,WH-London ,2011-04-20,WH-London,False,False
2011-04-22,22882,67.0,WH-North,2011-04-15,WH-North,False,False
2011-04-22,21662,20.0,Main,2011-04-21,WH-London,False,False
2011-04-22,20771,-52.0,,2011-04-19,UNKNOWN,True,False
2011-04-22,79071B,51.0,WH-London ,2011-04-17,WH-London,False,False
2011-04-22,46000P,49.0,WH_London,2011-04-22,WH-London,False,False
2011-04-22,84849B,,WH-North,2011-04-22,WH-North,False,True
2011-04-22,22095,49.0,Warehouse North,2011-04-12,WH-North,False,False
2011-04-22,21356,-46.0,WH-London ,2011-04-11,WH-London,True,False
2011-04-22,23342,29.0,,2011-04-21,UNKNOWN,False,False
2011-04-22,22289,25.0,WH_London,2011-04-21,WH-London,False,False
2011-04-22,90011C,,WH_London,2011-04-22,WH-London,False,True
2011-04-22,23535,35.0,,2011-04-18,UNKNOWN,False,False
2011-04-22,DCGSSBOY,44.0,WH-London ,2011-04-22,WH-London,False,False
2011-04-22,37467,-55.0,Warehouse North,2011-04-19,WH-North,True,False
2011-04-22,23089,51.0,,2011-04-22,UNKNOWN,False,False
2011-04-22,20756,54.0,WH_London,2011-04-08,WH-London,False,False
2011-04-22,22066,53.0,Warehouse North,2011-04-19,WH-North,False,False
2011-04-22,84631,68.0,Main,2011-04-09,WH-London,False,False
2011-04-22,85026B,,WH-North,2011-04-16,WH-North,False,True
2011-04-22,82616B,86.0,Warehouse North,2011-04-10,WH-North,False,False
2011-04-22,22332,39.0,WH-North,2011-04-12,WH-North,False,False
2011-04-22,90152C,86.0,Main,,WH-London,False,False
2011-04-22,23090,18.0,WH-London,2011-04-16,WH-London,False,False
2011-04-22,90001C,33.0,WH-North,2011-04-22,WH-North,False,False
2011-04-22,17109D,71.0,Main,2011-04-14,WH-London,False,False
2011-04-22,20803,-70.0,,,UNKNOWN,True,False
2011-04-22,22178,68.0,Warehouse North,2011-04-20,WH-North,False,False
2011-04-22,22084,32.0,WH_London,,WH-London,False,False
2011-04-22,21628,32.0,WH-London,2011-04-10,WH-London,False,False
2011-04-22,22415,53.0,,2011-04-11,UNKNOWN,False,False
2011-04-22,21484,42.0,WH_London,2011-04-11,WH-London,False,False
2011-04-22,16011,76.0,WH-London ,2011-04-20,WH-London,False,False
2011-04-22,21080,41.0,WH-London,2011-04-09,WH-London,False,False
2011-04-22,21222,40.0,,2011-04-18,UNKNOWN,False,False
2011-04-22,22098,1.0,,,UNKNOWN,False,False
2011-04-22,21195,76.0,Warehouse North,2011-04-20,WH-North,False,False
2011-04-22,22965,59.0,,2011-04-17,UNKNOWN,False,False
2011-04-22,21009,18.0,WH-London,2011-04-10,WH-London,False,False
2011-04-22,23334,63.0,WH-North,2011-04-09,WH-North,False,False
2011-04-22,20966,37.0,WH-North,2011-04-20,WH-North,False,False
2011-04-22,22905,73.0,Warehouse North,2011-04-13,WH-North,False,False
2011-04-22,90143,-46.0,WH_London,2011-04-17,WH-London,True,False
2011-04-22,21216,25.0,Main,2011-04-11,WH-London,False,False
2011-04-22,85040A,101.0,Main,2011-04-21,WH-London,False,False
2011-04-22,23057,97.0,WH_London,2011-04-20,WH-London,False,False
2011-04-22,20702,44.0,WH-London ,2011-04-11,WH-London,False,False
2011-04-22,21348,61.0,WH_London,2011-04-17,WH-London,False,False
2011-04-22,21159,36.0,WH_London,2011-04-17,WH-London,False,False
2011-04-22,21989,-1.0,Warehouse North,2011-04-13,WH-North,True,False
2011-04-22,23085,89.0,,2011-04-15,UNKNOWN,False,False
2011-04-22,20974,26.0,WH-London ,,WH-London,False,False
2011-04-22,15044B,88.0,Warehouse North,2011-04-15,WH-North,False,False
2011-04-22,84596J,70.0,Main,2011-04-21,WH-London,False,False
2011-04-22,84856S,,WH-North,2011-04-09,WH-North,False,True
2011-04-22,90161B,48.0,Warehouse North,2011-04-22,WH-North,False,False
2011-04-22,23010,71.0,WH_London,2011-04-20,WH-London,False,False
2011-04-22,21745,22.0,WH-London ,2011-04-14,WH-London,False,False
2011-04-22,90195B,90.0,WH-London,2011-04-19,WH-London,False,False
2011-04-22,20677,54.0,,,UNKNOWN,False,False
2011-04-22,23068,94.0,WH-North,2011-04-11,WH-North,False,False
2011-04-22,22560,46.0,Warehouse North,2011-04-08,WH-North,False,False
2011-04-22,20963,54.0,WH-London ,2011-04-13,WH-London,False,False
2011-04-22,22114,57.0,WH-North,2011-04-09,WH-North,False,False
2011-04-22,17028J,67.0,,2011-04-17,UNKNOWN,False,False
2011-04-22,21802,104.0,Main,2011-04-19,WH-London,False,False
2011-04-24,22483,36.0,WH-North,2011-04-10,WH-North,False,False
2011-04-24,90001C,46.0,,2011-04-16,UNKNOWN,False,False
2011-04-24,23483,-49.0,WH_London,2011-04-21,WH-London,True,False
2011-04-24,21135,-19.0,Warehouse North,2011-04-13,WH-North,True,False
2011-04-24,21377,33.0,,2011-04-12,UNKNOWN,False,False
2011-04-24,22084,35.0,Warehouse North,,WH-North,False,False
2011-04-24,22923,129.0,WH-London ,2011-04-24,WH-London,False,False
2011-04-24,15044B,,WH-North,2011-04-18,WH-North,False,True
2011-04-24,22272,64.0,WH-London ,2011-04-16,WH-London,False,False
2011-04-24,84660C,,WH-London ,2011-04-15,WH-London,False,True
2011-04-24,23547,48.0,WH-North,2011-04-12,WH-North,False,False
2011-04-24,22114,-78.0,WH-London,2011-04-22,WH-London,True,False
2011-04-24,23234,125.0,Warehouse North,2011-04-22,WH-North,False,False
2011-04-24,23334,29.0,,2011-04-12,UNKNOWN,False,False
2011-04-24,22156,-4.0,WH-London ,2011-04-13,WH-London,True,False
2011-04-24,85026B,-26.0,WH-London ,2011-04-17,WH-London,True,False
2011-04-24,37444C,26.0,Main,2011-04-10,WH-London,False,False
2011-04-24,90065B,-27.0,WH_London,2011-04-19,WH-London,True,False
2011-04-24,90025E,77.0,WH-London,2011-04-22,WH-London,False,False
2011-04-24,79160,-60.0,Warehouse North,2011-04-21,WH-North,True,False
2011-04-24,20771,16.0,Main,2011-04-20,WH-London,False,False
2011-04-24,20731,92.0,WH-London,2011-04-23,WH-London,False,False
2011-04-24,22289,106.0,,2011-04-14,UNKNOWN,False,False
2011-04-24,90067B,-1.0,Main,2011-04-11,WH-London,True,False
2011-04-24,23204,,,2011-04-10,UNKNOWN,False,True
2011-04-24,72800F,44.0,WH-North,2011-04-14,WH-North,False,False
2011-04-24,23692,,Warehouse North,2011-04-18,WH-North,False,True
2011-04-24,22248,6.0,,,UNKNOWN,False,False
2011-04-24,90161B,36.0,Main,2011-04-15,WH-London,False,False
2011-04-24,DCGSSBOY,34.0,Warehouse North,2011-04-19,WH-North,False,False
2011-04-24,22560,54.0,Warehouse North,2011-04-15,WH-North,False,False
2011-04-24,85184C,114.0,Main,2011-04-14,WH-London,False,False
2011-04-24,85186C,34.0,WH-London ,2011-04-15,WH-London,False,False
2011-04-24,90071,-7.0,Warehouse North,,WH-North,True,False
2011-04-24,20724,40.0,Main,2011-04-15,WH-London,False,False
2011-04-24,85040A,81.0,Main,2011-04-18,WH-London,False,False
2011-04-24,21195,42.0,WH-London ,2011-04-22,WH-London,False,False
2011-04-24,23518,69.0,WH_London,2011-04-14,WH-London,False,False
2011-04-24,22779,-55.0,Main,2011-04-18,WH-London,True,False
2011-04-24,23342,51.0,WH-London,2011-04-23,WH-London,False,False
2011-04-24,72225C,97.0,WH-London ,,WH-London,False,False
2011-04-24,81952B,20.0,WH_London,2011-04-24,WH-London,False,False
2011-04-24,84789,18.0,WH-London ,2011-04-18,WH-London,False,False
2011-04-24,22066,22.0,,2011-04-21,UNKNOWN,False,False
2011-04-24,21356,60.0,WH-North,2011-04-11,WH-North,False,False
2011-04-24,21735,51.0,WH-London ,2011-04-18,WH-London,False,False
2011-04-24,21222,71.0,WH-London,,WH-London,False,False
2011-04-24,22905,,WH-London,2011-04-10,WH-London,False,True
2011-04-24,21484,44.0,WH-North,2011-04-22,WH-North,False,False
2011-04-24,22965,59.0,Warehouse North,2011-04-22,WH-North,False,False
2011-04-24,21683,100.0,WH_London,2011-04-19,WH-London,False,False
2011-04-24,15036,15.0,Warehouse North,2011-04-10,WH-North,False,False
2011-04-24,23010,22.0,Warehouse North,2011-04-22,WH-North,False,False
2011-04-24,22178,51.0,,2011-04-24,UNKNOWN,False,False
2011-04-24,17028J,110.0,WH-London ,2011-04-15,WH-London,False,False
2011-04-24,22030,17.0,WH_London,2011-04-18,WH-London,False,False
2011-04-24,90197B,49.0,WH-London ,2011-04-20,WH-London,False,False
2011-04-24,84686,,WH-North,2011-04-13,WH-North,False,True
2011-04-24,22210,61.0,Main,2011-04-17,WH-London,False,False
2011-04-24,21009,-11.0,Main,2011-04-22,WH-London,True,False
2011-04-24,23440,18.0,WH-North,2011-04-20,WH-North,False,False
2011-04-24,79190B,88.0,WH-North,2011-04-17,WH-North,False,False
2011-04-24,47591D,-50.0,WH-North,2011-04-19,WH-North,True,False
2011-04-24,21791,27.0,Main,,WH-London,False,False
2011-04-24,81950B,48.0,WH-North,2011-04-15,WH-North,False,False
2011-04-24,72807B,48.0,WH-North,2011-04-18,WH-North,False,False
2011-04-24,20803,66.0,WH-London ,2011-04-22,WH-London,False,False
2011-04-24,23135,-12.0,WH-London,2011-04-12,WH-London,True,False
2011-04-24,85135A,18.0,WH-London,,WH-London,False,False
2011-04-24,21336,21.0,,2011-04-18,UNKNOWN,False,False
2011-04-24,23341,-68.0,,2011-04-16,UNKNOWN,True,False
2011-04-24,21216,-49.0,,2011-04-14,UNKNOWN,True,False
2011-04-24,90152A,93.0,Warehouse North,2011-04-15,WH-North,False,False
2011-04-24,90214C,74.0,WH-London ,2011-04-16,WH-London,False,False
2011-04-24,23090,39.0,WH-London ,2011-04-20,WH-London,False,False
2011-04-24,21220,48.0,WH-London ,2011-04-14,WH-London,False,False
2011-04-24,23159,88.0,Warehouse North,2011-04-23,WH-North,False,False
2011-04-24,23140,92.0,WH-North,2011-04-20,WH-North,False,False
2011-04-24,23611,47.0,WH-London,2011-04-23,WH-London,False,False
2011-04-24,22470,20.0,Main,2011-04-18,WH-London,False,False
2011-04-26,21135,-13.0,,2011-04-16,UNKNOWN,True,False
2011-04-26,20771,-13.0,Warehouse North,2011-04-21,WH-North,True,False
2011-04-26,22114,64.0,WH_London,,WH-London,False,False
2011-04-26,23010,63.0,WH_London,,WH-London,False,False
2011-04-26,23458,29.0,Warehouse North,2011-04-17,WH-North,False,False
2011-04-26,23057,89.0,Main,2011-04-14,WH-London,False,False
2011-04-26,72800F,43.0,Main,2011-04-19,WH-London,False,False
2011-04-26,79160,32.0,,2011-04-14,UNKNOWN,False,False
2011-04-26,85163B,85.0,WH_London,2011-04-14,WH-London,False,False
2011-04-26,23135,81.0,WH_London,2011-04-26,WH-London,False,False
2011-04-26,23085,48.0,WH-North,2011-04-18,WH-North,False,False
2011-04-26,90071,65.0,WH-North,2011-04-18,WH-North,False,False
2011-04-26,23140,-69.0,Main,2011-04-20,WH-London,True,False
2011-04-26,37444C,115.0,,2011-04-22,UNKNOWN,False,False
2011-04-26,23518,,WH-North,2011-04-20,WH-North,False,True
2011-04-26,79163,14.0,Main,2011-04-24,WH-London,False,False
2011-04-26,22779,68.0,WH-London,,WH-London,False,False
2011-04-26,22575,51.0,WH-London,2011-04-18,WH-London,False,False
2011-04-26,84856S,53.0,WH-London,2011-04-22,WH-London,False,False
2011-04-26,90214C,49.0,WH-North,2011-04-16,WH-North,False,False
2011-04-26,84989A,2.0,WH-London ,2011-04-25,WH-London,False,False
2011-04-26,84675,57.0,Warehouse North,2011-04-16,WH-North,False,False
2011-04-26,23068,39.0,Warehouse North,2011-04-23,WH-North,False,False
2011-04-26,46000P,40.0,Main,2011-04-12,WH-London,False,False
2011-04-26,21683,38.0,WH-London ,2011-04-20,WH-London,False,False
2011-04-26,20657,48.0,Warehouse North,2011-04-24,WH-North,False,False
2011-04-26,85184C,-57.0,WH_London,2011-04-24,WH-London,True,False
2011-04-26,35965,49.0,Warehouse North,2011-04-18,WH-North,False,False
2011-04-26,84746,84.0,WH-London ,2011-04-13,WH-London,False,False
2011-04-26,20702,72.0,,2011-04-15,UNKNOWN,False,False
2011-04-26,90161B,47.0,Warehouse North,,WH-North,False,False
2011-04-26,23189,18.0,Warehouse North,2011-04-19,WH-North,False,False
2011-04-26,85231G,67.0,,2011-04-14,UNKNOWN,False,False
2011-04-26,22960,40.0,Warehouse North,,WH-North,False,False
2011-04-26,23075,44.0,WH-London,2011-04-21,WH-London,False,False
2011-04-26,22962,10.0,WH-London ,2011-04-13,WH-London,False,False
2011-04-26,21428,62.0,WH-North,2011-04-17,WH-North,False,False
2011-04-26,84631,127.0,WH-North,2011-04-19,WH-North,False,False
2011-04-26,21368,34.0,WH-North,2011-04-19,WH-North,False,False
2011-04-26,84686,68.0,WH-London ,2011-04-25,WH-London,False,False
2011-04-26,47591D,87.0,WH-London ,2011-04-17,WH-London,False,False
2011-04-26,85040A,34.0,Warehouse North,2011-04-12,WH-North,False,False
2011-04-26,16010,22.0,WH-North,2011-04-15,WH-North,False,False
2011-04-26,90201C,70.0,WH-London,2011-04-17,WH-London,False,False
2011-04-26,81950B,52.0,WH-London ,2011-04-26,WH-London,False,False
2011-04-26,23471,59.0,Main,2011-04-22,WH-London,False,False
2011-04-26,35819P,51.0,WH-London ,2011-04-14,WH-London,False,False
2011-04-26,90011C,84.0,WH-London,2011-04-20,WH-London,False,False
2011-04-26,37471,47.0,,2011-04-12,UNKNOWN,False,False
2011-04-26,84732B,115.0,Main,2011-04-16,WH-London,False,False
2011-04-26,21989,70.0,WH-North,,WH-North,False,False
2011-04-26,23234,80.0,Warehouse North,,WH-North,False,False
2011-04-26,85024C,50.0,WH_London,2011-04-26,WH-London,False,False
2011-04-26,82613C,59.0,,2011-04-12,UNKNOWN,False,False
2011-04-26,85136C,0.0,Warehouse North,,WH-North,False,False
2011-04-26,22671,32.0,WH_London,2011-04-13,WH-London,False,False
2011-04-26,79071B,82.0,Main,,WH-London,False,False
2011-04-26,23483,47.0,WH-London,2011-04-15,WH-London,False,False
2011-04-26,37424,-16.0,WH-London ,2011-04-19,WH-London,True,False
2011-04-26,22070,29.0,Warehouse North,2011-04-21,WH-North,False,False
2011-04-26,22156,29.0,WH-North,2011-04-21,WH-North,False,False
2011-04-26,22905,48.0,WH_London,2011-04-15,WH-London,False,False
2011-04-26,15044B,24.0,WH-London,2011-04-13,WH-London,False,False
2011-04-26,23334,92.0,WH_London,2011-04-24,WH-London,False,False
2011-04-26,21865,56.0,WH-North,2011-04-17,WH-North,False,False
2011-04-26,85230F,-8.0,Main,2011-04-22,WH-London,True,False
2011-04-26,21348,96.0,WH-North,2011-04-22,WH-North,False,False
2011-04-26,23204,48.0,WH-London ,2011-04-13,WH-London,False,False
2011-04-26,23692,65.0,WH-London,2011-04-26,WH-London,False,False
2011-04-26,37467,59.0,Main,2011-04-13,WH-London,False,False
2011-04-26,90152C,62.0,Warehouse North,,WH-North,False,False
2011-04-26,21222,39.0,WH-London ,2011-04-12,WH-London,False,False
2011-04-26,22332,-59.0,Warehouse North,2011-04-22,WH-North,True,False
2011-04-26,82616B,45.0,Main,2011-04-18,WH-London,False,False
2011-04-26,20724,60.0,WH-North,2011-04-14,WH-North,False,False
2011-04-26,22230,44.0,WH-North,2011-04-20,WH-North,False,False
2011-04-26,20731,41.0,WH-London ,,WH-London,False,False
2011-04-26,21080,6.0,WH-North,2011-04-22,WH-North,False,False
2011-04-26,21802,49.0,,,UNKNOWN,False,False
2011-04-26,23341,56.0,Main,2011-04-16,WH-London,False,False
2011-04-28,84686,105.0,Warehouse North,2011-04-25,WH-North,False,False
2011-04-28,20677,64.0,Main,,WH-London,False,False
2011-04-28,22099,28.0,WH-North,2011-04-20,WH-North,False,False
2011-04-28,15044B,19.0,WH-London,,WH-London,False,False
2011-04-28,23611,58.0,WH-London ,2011-04-24,WH-London,False,False
2011-04-28,22904,27.0,WH-North,2011-04-24,WH-North,False,False
2011-04-28,23619,32.0,WH-London,2011-04-28,WH-London,False,False
2011-04-28,23057,27.0,WH-London ,,WH-London,False,False
2011-04-28,22248,40.0,WH-London ,2011-04-25,WH-London,False,False
2011-04-28,90197B,,WH-London,2011-04-20,WH-London,False,True
2011-04-28,22575,-9.0,Warehouse North,2011-04-25,WH-North,True,False
2011-04-28,79071B,88.0,WH-North,,WH-North,False,False
2011-04-28,21802,43.0,WH-London,,WH-London,False,False
2011-04-28,79160,30.0,WH_London,2011-04-25,WH-London,False,False
2011-04-28,47469,76.0,WH-London ,2011-04-21,WH-London,False,False
2011-04-28,21683,-43.0,Warehouse North,2011-04-20,WH-North,True,False
2011-04-28,85040A,18.0,WH_London,2011-04-23,WH-London,False,False
2011-04-28,23334,4.0,WH_London,2011-04-14,WH-London,False,False
2011-04-28,90052,70.0,WH_London,2011-04-23,WH-London,False,False
2011-04-28,23085,72.0,WH_London,2011-04-28,WH-London,False,False
2011-04-28,22332,37.0,,2011-04-18,UNKNOWN,False,False
2011-04-28,23341,89.0,,,UNKNOWN,False,False
2011-04-28,22483,51.0,Main,2011-04-27,WH-London,False,False
2011-04-28,90177A,89.0,WH-London ,2011-04-26,WH-London,False,False
2011-04-28,22323,21.0,WH_London,2011-04-14,WH-London,False,False
2011-04-28,21745,-17.0,,2011-04-18,UNKNOWN,True,False
2011-04-28,23342,34.0,Main,,WH-London,False,False
2011-04-28,90071,38.0,WH-London,2011-04-17,WH-London,False,False
2011-04-28,47590B,84.0,WH_London,2011-04-17,WH-London,False,False
2011-04-28,22637,58.0,Main,2011-04-16,WH-London,False,False
2011-04-28,22185,27.0,,2011-04-19,UNKNOWN,False,False
2011-04-28,21356,50.0,WH-London,2011-04-16,WH-London,False,False
2011-04-28,22098,37.0,WH-London,2011-04-17,WH-London,False,False
2011-04-28,79190B,25.0,WH-London ,2011-04-27,WH-London,False,False
2011-04-28,84631,47.0,WH_London,2011-04-24,WH-London,False,False
2011-04-28,23010,-44.0,WH-North,2011-04-16,WH-North,True,False
2011-04-28,84856S,27.0,Main,2011-04-28,WH-London,False,False
2011-04-28,85163B,26.0,Main,2011-04-15,WH-London,False,False
2011-04-28,90082D,,,2011-04-26,UNKNOWN,False,True
2011-04-28,21670,62.0,WH-North,2011-04-17,WH-North,False,False
2011-04-28,21222,-78.0,Warehouse North,2011-04-24,WH-North,True,False
2011-04-28,85136C,41.0,,2011-04-26,UNKNOWN,False,False
2011-04-28,90011C,17.0,WH-London,2011-04-19,WH-London,False,False
2011-04-28,23458,32.0,WH-London,2011-04-24,WH-London,False,False
2011-04-28,20996,80.0,WH-London ,2011-04-20,WH-London,False,False
2011-04-28,16048,1.0,WH-London ,2011-04-16,WH-London,False,False
2011-04-28,23272,93.0,WH-London ,2011-04-22,WH-London,False,False
2011-04-28,20724,16.0,Warehouse North,2011-04-15,WH-North,False,False
2011-04-28,22928,73.0,WH-London ,,WH-London,False,False
2011-04-28,84746,19.0,,2011-04-20,UNKNOWN,False,False
2011-04-28,90001C,32.0,WH-London,2011-04-15,WH-London,False,False
2011-04-28,79163,,WH-North,2011-04-19,WH-North,False,True
2011-04-28,22779,-105.0,WH-North,2011-04-19,WH-North,True,False
2011-04-28,85230F,67.0,Main,2011-04-25,WH-London,False,False
2011-04-28,85135A,69.0,,2011-04-19,UNKNOWN,False,False
2011-04-28,35965,-35.0,,2011-04-23,UNKNOWN,True,False
2011-04-28,20771,22.0,Main,2011-04-27,WH-London,False,False
2011-04-28,22156,73.0,Main,2011-04-15,WH-London,False,False
2011-04-28,82616B,13.0,WH_London,2011-04-17,WH-London,False,False
2011-04-28,22216,44.0,Warehouse North,,WH-North,False,False
2011-04-28,23093,12.0,WH-North,2011-04-27,WH-North,False,False
2011-04-28,85231G,53.0,Main,2011-04-24,WH-London,False,False
2011-04-28,90201C,7.0,WH-London,2011-04-17,WH-London,False,False
2011-04-28,90026D,5.0,Main,2011-04-25,WH-London,False,False
2011-04-28,23140,24.0,WH-North,2011-04-28,WH-North,False,False
2011-04-28,22882,68.0,WH-North,2011-04-22,WH-North,False,False
2011-04-28,22962,34.0,Warehouse North,2011-04-16,WH-North,False,False
2011-04-28,22210,79.0,Main,2011-04-26,WH-London,False,False
2011-04-28,21791,95.0,Main,2011-04-27,WH-London,False,False
2011-04-28,22070,40.0,,2011-04-18,UNKNOWN,False,False
2011-04-28,46000P,5.0,,2011-04-18,UNKNOWN,False,False
2011-04-28,22560,78.0,WH_London,2011-04-17,WH-London,False,False
2011-04-28,81952B,3.0,WH-London,2011-04-16,WH-London,False,False
2011-04-28,84596J,22.0,Main,2011-04-28,WH-London,False,False
2011-04-28,84872A,-1.0,WH-London,,WH-London,True,False
2011-04-28,47593B,78.0,WH-North,2011-04-22,WH-North,False,False
2011-04-28,85026B,67.0,Main,2011-04-16,WH-London,False,False
2011-04-28,21348,98.0,WH-London,,WH-London,False,False
2011-04-28,84805B,36.0,WH-North,2011-04-16,WH-North,False,False
2011-04-28,22905,-25.0,WH-London,2011-04-28,WH-London,True,False
2011-04-30,22156,34.0,,2011-04-24,UNKNOWN,False,False
2011-04-30,90026D,10.0,WH-London ,,WH-London,False,False
2011-04-30,85107,92.0,WH_London,2011-04-21,WH-London,False,False
2011-04-30,20803,151.0,WH-London,2011-04-22,WH-London,False,False
2011-04-30,22470,28.0,WH-London,2011-04-26,WH-London,False,False
2011-04-30,47590B,67.0,Warehouse North,2011-04-29,WH-North,False,False
2011-04-30,81952B,45.0,,2011-04-29,UNKNOWN,False,False
2011-04-30,21220,-63.0,WH-London,2011-04-24,WH-London,True,False
2011-04-30,81950B,81.0,Warehouse North,,WH-North,False,False
2011-04-30,15036,15.0,,2011-04-18,UNKNOWN,False,False
2011-04-30,90177A,35.0,,2011-04-25,UNKNOWN,False,False
2011-04-30,23159,86.0,Warehouse North,2011-04-27,WH-North,False,False
2011-04-30,90185B,65.0,Main,2011-04-17,WH-London,False,False
2011-04-30,35965,59.0,WH-London,2011-04-18,WH-London,False,False
2011-04-30,23140,-65.0,Main,2011-04-20,WH-London,True,False
2011-04-30,16048,68.0,WH_London,2011-04-25,WH-London,False,False
2011-04-30,22084,84.0,WH-London,,WH-London,False,False
2011-04-30,72807B,72.0,WH-London,2011-04-24,WH-London,False,False
2011-04-30,21265,48.0,Warehouse North,2011-04-27,WH-North,False,False
2011-04-30,21504,60.0,WH-North,2011-04-26,WH-North,False,False
2011-04-30,21802,47.0,,2011-04-18,UNKNOWN,False,False
2011-04-30,23535,27.0,WH-London ,2011-04-22,WH-London,False,False
2011-04-30,79160,48.0,Main,2011-04-21,WH-London,False,False
2011-04-30,23010,46.0,Warehouse North,,WH-North,False,False
2011-04-30,22248,0.0,WH-London,2011-04-21,WH-London,False,False
2011-04-30,72800F,73.0,WH_London,,WH-London,False,False
2011-04-30,21348,78.0,Main,2011-04-26,WH-London,False,False
2011-04-30,22070,66.0,WH-London,2011-04-17,WH-London,False,False
2011-04-30,85186C,76.0,WH_London,2011-04-19,WH-London,False,False
2011-04-30,23204,44.0,WH-London,,WH-London,False,False
2011-04-30,84872A,34.0,WH-North,2011-04-20,WH-North,False,False
2011-04-30,20756,78.0,WH-London,2011-04-28,WH-London,False,False
2011-04-30,23060,18.0,WH_London,2011-04-24,WH-London,False,False
2011-04-30,85135A,17.0,WH-London ,2011-04-19,WH-London,False,False
2011-04-30,23189,63.0,,2011-04-25,UNKNOWN,False,False
2011-04-30,90025E,62.0,WH_London,2011-04-30,WH-London,False,False
2011-04-30,21281,77.0,,2011-04-16,UNKNOWN,False,False
2011-04-30,84989A,-1.0,,2011-04-27,UNKNOWN,True,False
2011-04-30,84856S,47.0,,2011-04-19,UNKNOWN,False,False
2011-04-30,37444C,16.0,WH-London ,2011-04-29,WH-London,False,False
2011-04-30,84789,75.0,WH-North,2011-04-28,WH-North,False,False
2011-04-30,21745,90.0,WH-North,2011-04-19,WH-North,False,False
2011-04-30,22066,65.0,Main,,WH-London,False,False
2011-04-30,21484,,WH-North,2011-04-29,WH-North,False,True
2011-04-30,22483,27.0,WH_London,2011-04-25,WH-London,False,False
2011-04-30,16011,37.0,,2011-04-30,UNKNOWN,False,False
2011-04-30,22230,24.0,Main,2011-04-21,WH-London,False,False
2011-04-30,85163B,45.0,,2011-04-26,UNKNOWN,False,False
2011-04-30,20966,27.0,,2011-04-18,UNKNOWN,False,False
2011-04-30,90152A,8.0,Main,2011-04-16,WH-London,False,False
2011-04-30,21222,61.0,,2011-04-28,UNKNOWN,False,False
2011-04-30,22923,63.0,,2011-04-24,UNKNOWN,False,False
2011-04-30,23089,100.0,WH-North,2011-04-27,WH-North,False,False
2011-04-30,90067B,-37.0,WH_London,2011-04-20,WH-London,True,False
2011-04-30,22178,-6.0,WH-London,2011-04-25,WH-London,True,False
2011-04-30,84631,74.0,,2011-04-29,UNKNOWN,False,False
2011-04-30,23334,77.0,Warehouse North,2011-04-20,WH-North,False,False
2011-04-30,44092C,84.0,WH_London,,WH-London,False,False
2011-04-30,22905,,,2011-04-29,UNKNOWN,False,True
2011-04-30,23234,94.0,WH_London,2011-04-26,WH-London,False,False
2011-04-30,15044B,20.0,WH-London,2011-04-21,WH-London,False,False
2011-04-30,90065B,96.0,Main,2011-04-25,WH-London,False,False
2011-04-30,90011C,40.0,Main,2011-04-16,WH-London,False,False
2011-04-30,84660C,73.0,Main,2011-04-22,WH-London,False,False
2011-04-30,22095,57.0,Main,2011-04-19,WH-London,False,False
2011-04-30,21147,20.0,,2011-04-26,UNKNOWN,False,False
2011-04-30,23075,84.0,,2011-04-30,UNKNOWN,False,False
2011-04-30,22289,-36.0,WH-London,2011-04-25,WH-London,True,False
2011-04-30,22962,105.0,WH-London,2011-04-18,WH-London,False,False
2011-04-30,84746,27.0,Main,,WH-London,False,False
2011-04-30,22332,19.0,Warehouse North,2011-04-21,WH-North,False,False
2011-04-30,21830,-30.0,Warehouse North,2011-04-30,WH-North,True,False
2011-04-30,22114,94.0,,2011-04-22,UNKNOWN,False,False
2011-04-30,90214C,2.0,,2011-04-23,UNKNOWN,False,False
2011-04-30,20996,-77.0,Main,2011-04-22,WH-London,True,False
2011-04-30,16010,104.0,,,UNKNOWN,False,False
2011-04-30,21336,-44.0,,2011-04-17,UNKNOWN,True,False
2011-04-30,21683,38.0,WH-London,2011-04-18,WH-London,False,False
2011-04-30,22882,52.0,WH-London,2011-04-22,WH-London,False,False
2011-04-30,47593B,16.0,,2011-04-24,UNKNOWN,False,False
2011-05-02,22216,,,2011-04-25,UNKNOWN,False,True
2011-05-02,90214C,70.0,Main,2011-04-21,WH-London,False,False
2011-05-02,79163,13.0,Warehouse North,2011-04-30,WH-North,False,False
2011-05-02,23089,25.0,Warehouse North,2011-04-27,WH-North,False,False
2011-05-02,90052,55.0,WH-North,2011-04-20,WH-North,False,False
2011-05-02,85040A,11.0,WH-London,,WH-London,False,False
2011-05-02,23611,4.0,WH-London ,2011-04-18,WH-London,False,False
2011-05-02,22904,58.0,WH-London ,2011-04-25,WH-London,False,False
2011-05-02,23075,80.0,WH_London,2011-04-24,WH-London,False,False
2011-05-02,22962,77.0,WH-London ,2011-04-20,WH-London,False,False
2011-05-02,23547,48.0,Main,2011-04-19,WH-London,False,False
2011-05-02,90067B,41.0,WH-London ,2011-04-23,WH-London,False,False
2011-05-02,84674,,Main,2011-04-25,WH-London,False,True
2011-05-02,22415,79.0,,2011-05-02,UNKNOWN,False,False
2011-05-02,23234,12.0,WH-London ,2011-04-28,WH-London,False,False
2011-05-02,23068,,,2011-04-28,UNKNOWN,False,True
2011-05-02,20996,38.0,Main,2011-05-01,WH-London,False,False
2011-05-02,90143,42.0,Main,2011-04-24,WH-London,False,False
2011-05-02,72807B,48.0,Main,2011-04-30,WH-London,False,False
2011-05-02,85135A,49.0,WH-North,2011-05-02,WH-North,False,False
2011-05-02,21628,70.0,WH-London,2011-04-20,WH-London,False,False
2011-05-02,90185B,-2.0,Main,2011-04-22,WH-London,True,False
2011-05-02,23090,1.0,WH-North,2011-04-24,WH-North,False,False
2011-05-02,22084,-30.0,,2011-04-27,UNKNOWN,True,False
2011-05-02,21830,75.0,WH_London,2011-04-21,WH-London,False,False
2011-05-02,22908,30.0,,2011-04-20,UNKNOWN,False,False
2011-05-02,23471,48.0,WH-London ,2011-05-02,WH-London,False,False
2011-05-02,85026B,53.0,,2011-04-29,UNKNOWN,False,False
2011-05-02,84732B,59.0,WH-North,2011-04-24,WH-North,False,False
2011-05-02,20677,96.0,,2011-04-24,UNKNOWN,False,False
2011-05-02,22637,70.0,Main,2011-04-29,WH-London,False,False
2011-05-02,82613C,79.0,WH-North,2011-04-18,WH-North,False,False
2011-05-02,23140,46.0,WH-London ,2011-05-01,WH-London,False,False
2011-05-02,21865,,WH-London ,,WH-London,False,True
2011-05-02,90197B,52.0,Main,2011-04-27,WH-London,False,False
2011-05-02,90065B,-8.0,,2011-05-02,UNKNOWN,True,False
2011-05-02,21159,,Warehouse North,2011-04-18,WH-North,False,True
2011-05-02,84675,51.0,,2011-05-02,UNKNOWN,False,False
2011-05-02,17028J,65.0,WH_London,2011-04-25,WH-London,False,False
2011-05-02,22178,17.0,WH-North,2011-04-24,WH-North,False,False
2011-05-02,90071,115.0,WH-North,2011-04-23,WH-North,False,False
2011-05-02,23334,26.0,WH-London ,2011-04-30,WH-London,False,False
2011-05-02,90201C,38.0,Warehouse North,2011-05-01,WH-North,False,False
2011-05-02,84789,4.0,Warehouse North,2011-04-22,WH-North,False,False
2011-05-02,90214N,60.0,,2011-04-29,UNKNOWN,False,False
2011-05-02,22070,41.0,WH_London,2011-04-28,WH-London,False,False
2011-05-02,82616C,-3.0,WH_London,2011-04-21,WH-London,True,False
2011-05-02,85136C,47.0,Main,2011-04-27,WH-London,False,False
2011-05-02,20963,52.0,WH-North,2011-05-02,WH-North,False,False
2011-05-02,20771,-42.0,WH-London,,WH-London,True,False
2011-05-02,90082D,-4.0,Warehouse North,2011-04-26,WH-North,True,False
2011-05-02,23135,58.0,,2011-04-27,UNKNOWN,False,False
2011-05-02,21220,11.0,Warehouse North,2011-04-21,WH-North,False,False
2011-05-02,23057,76.0,,2011-04-18,UNKNOWN,False,False
2011-05-02,21989,33.0,WH-London ,2011-05-01,WH-London,False,False
2011-05-02,21428,77.0,Main,,WH-London,False,False
2011-05-02,23458,50.0,WH_London,2011-04-26,WH-London,False,False
2011-05-02,21802,51.0,WH-London,2011-04-29,WH-London,False,False
2011-05-02,47593A,88.0,Warehouse North,2011-04-18,WH-North,False,False
2011-05-02,21348,25.0,WH-North,2011-04-22,WH-North,False,False
2011-05-02,47469,17.0,WH-North,2011-04-27,WH-North,False,False
2011-05-02,20657,66.0,Warehouse North,2011-04-20,WH-North,False,False
2011-05-02,84631,-10.0,,,UNKNOWN,True,False
2011-05-02,20756,26.0,Warehouse North,2011-04-20,WH-North,False,False
2011-05-02,90011C,2.0,,2011-05-01,UNKNOWN,False,False
2011-05-02,23483,-84.0,Warehouse North,2011-04-21,WH-North,True,False
2011-05-02,21009,19.0,WH-North,2011-04-28,WH-North,False,False
2011-05-02,15044B,30.0,,2011-04-29,UNKNOWN,False,False
2011-05-02,23085,11.0,WH-London,2011-04-20,WH-London,False,False
2011-05-02,47590B,38.0,WH-London ,2011-04-23,WH-London,False,False
2011-05-02,22185,-45.0,Warehouse North,2011-05-01,WH-North,True,False
2011-05-02,20974,74.0,Main,2011-04-21,WH-London,False,False
2011-05-02,22332,10.0,WH-North,2011-04-24,WH-North,False,False
2011-05-02,79071B,31.0,WH_London,2011-04-28,WH-London,False,False
2011-05-02,20702,92.0,Warehouse North,2011-04-23,WH-North,False,False
2011-05-02,84805B,,WH-London ,2011-05-02,WH-London,False,True
2011-05-02,21356,,Main,2011-04-23,WH-London,False,True
2011-05-02,23159,48.0,Warehouse North,2011-04-22,WH-North,False,False
2011-05-02,21135,109.0,WH_London,2011-04-29,WH-London,False,False
2011-05-02,22098,14.0,WH-North,2011-05-01,WH-North,False,False
2011-05-04,20756,-7.0,WH-North,,WH-North,True,False
2011-05-04,20771,33.0,WH-London,2011-04-30,WH-London,False,False
2011-05-04,90152C,47.0,WH-London,2011-05-03,WH-London,False,False
2011-05-04,21745,25.0,Warehouse North,2011-04-24,WH-North,False,False
2011-05-04,20974,79.0,WH-North,2011-04-25,WH-North,False,False
2011-05-04,23075,56.0,,2011-04-29,UNKNOWN,False,False
2011-05-04,90067B,-31.0,WH-London,2011-04-24,WH-London,True,False
2011-05-04,22415,33.0,WH-London ,2011-04-25,WH-London,False,False
2011-05-04,21683,27.0,WH-North,2011-04-24,WH-North,False,False
2011-05-04,72232,74.0,WH-North,,WH-North,False,False
2011-05-04,85186C,35.0,WH-North,2011-04-23,WH-North,False,False
2011-05-04,90001C,14.0,Main,2011-04-23,WH-London,False,False
2011-05-04,20731,78.0,WH_London,,WH-London,False,False
2011-05-04,22965,41.0,WH-North,2011-05-02,WH-North,False,False
2011-05-04,21336,9.0,Main,2011-04-22,WH-London,False,False
2011-05-04,23341,101.0,WH-London ,2011-05-04,WH-London,False,False
2011-05-04,21222,68.0,Main,2011-05-04,WH-London,False,False
2011-05-04,90026D,51.0,Main,2011-04-21,WH-London,False,False
2011-05-04,23535,43.0,Warehouse North,2011-04-26,WH-North,False,False
2011-05-04,22928,41.0,,2011-04-26,UNKNOWN,False,False
2011-05-04,46000P,-40.0,WH-London,2011-04-20,WH-London,True,False
2011-05-04,22178,41.0,Warehouse North,2011-04-23,WH-North,False,False
2011-05-04,21428,,WH-London ,2011-04-28,WH-London,False,True
2011-05-04,81952B,46.0,WH-London,2011-04-27,WH-London,False,False
2011-05-04,21195,31.0,WH-London,2011-05-04,WH-London,False,False
2011-05-04,22637,56.0,WH-London,2011-04-24,WH-London,False,False
2011-05-04,22483,49.0,,2011-05-01,UNKNOWN,False,False
2011-05-04,23057,28.0,WH-North,2011-05-01,WH-North,False,False
2011-05-04,15036,-47.0,WH-North,2011-04-26,WH-North,True,False
2011-05-04,22289,66.0,WH-London ,,WH-London,False,False
2011-05-04,21830,-17.0,Main,2011-04-24,WH-London,True,False
2011-05-04,84789,67.0,,2011-04-23,UNKNOWN,False,False
2011-05-04,85230F,13.0,WH-London,2011-04-20,WH-London,False,False
2011-05-04,10133,36.0,WH-London,2011-04-28,WH-London,False,False
2011-05-04,23342,,WH_London,2011-04-29,WH-London,False,True
2011-05-04,21630,66.0,Main,,WH-London,False,False
2011-05-04,37424,27.0,WH-North,2011-04-22,WH-North,False,False
2011-05-04,16048,35.0,,2011-04-22,UNKNOWN,False,False
2011-05-04,84715,-52.0,Main,2011-04-21,WH-London,True,False
2011-05-04,23611,9.0,WH-London,2011-04-27,WH-London,False,False
2011-05-04,23471,51.0,Main,2011-04-21,WH-London,False,False
2011-05-04,16011,69.0,WH_London,2011-04-25,WH-London,False,False
2011-05-04,90177A,,Warehouse North,,WH-North,False,True
2011-05-04,85119,38.0,WH_London,2011-04-20,WH-London,False,False
2011-05-04,22099,51.0,WH-London ,2011-04-27,WH-London,False,False
2011-05-04,23204,47.0,WH-North,2011-04-24,WH-North,False,False
2011-05-04,21216,72.0,Main,2011-04-24,WH-London,False,False
2011-05-04,22066,-87.0,WH-North,2011-05-03,WH-North,True,False
2011-05-04,21989,37.0,,,UNKNOWN,False,False
2011-05-04,21504,56.0,Main,2011-04-27,WH-London,False,False
2011-05-04,22908,29.0,Main,2011-04-22,WH-London,False,False
2011-05-04,20963,62.0,Warehouse North,2011-04-25,WH-North,False,False
2011-05-04,85231G,63.0,WH_London,2011-05-03,WH-London,False,False
2011-05-04,85024C,44.0,WH_London,2011-04-26,WH-London,False,False
2011-05-04,72225C,65.0,Warehouse North,2011-04-24,WH-North,False,False
2011-05-04,23458,50.0,WH_London,2011-05-04,WH-London,False,False
2011-05-04,23090,48.0,,2011-04-25,UNKNOWN,False,False
2011-05-04,23334,23.0,WH-London,2011-04-28,WH-London,False,False
2011-05-04,23068,55.0,WH-North,2011-05-04,WH-North,False,False
2011-05-04,21368,32.0,WH-North,2011-04-22,WH-North,False,False
2011-05-04,22098,76.0,WH-North,2011-04-22,WH-North,False,False
2011-05-04,47590B,24.0,WH-London,2011-04-29,WH-London,False,False
2011-05-04,22084,58.0,,2011-04-24,UNKNOWN,False,False
2011-05-04,84989A,42.0,WH_London,2011-04-27,WH-London,False,False
2011-05-04,47469,57.0,,2011-04-29,UNKNOWN,False,False
2011-05-04,82616B,48.0,WH-London ,2011-04-29,WH-London,False,False
2011-05-04,22882,25.0,WH-London,,WH-London,False,False
2011-05-04,72807B,82.0,Main,2011-04-25,WH-London,False,False
2011-05-04,90195B,23.0,WH-London ,2011-04-21,WH-London,False,False
2011-05-04,79163,-69.0,WH-London,2011-04-20,WH-London,True,False
2011-05-04,15044B,0.0,WH-London ,2011-05-01,WH-London,False,False
2011-05-04,22216,41.0,WH_London,2011-05-04,WH-London,False,False
2011-05-04,22923,95.0,WH-North,2011-04-24,WH-North,False,False
2011-05-04,22030,41.0,,2011-05-03,UNKNOWN,False,False
2011-05-04,79160,-52.0,WH-London ,2011-04-25,WH-London,True,False
2011-05-04,35819P,98.0,,2011-05-03,UNKNOWN,False,False
2011-05-04,20702,45.0,,2011-05-03,UNKNOWN,False,False
2011-05-04,35965,,WH-North,2011-04-27,WH-North,False,True
2011-05-04,23010,68.0,Main,2011-04-24,WH-London,False,False
2011-05-04,21791,8.0,Main,2011-04-22,WH-London,False,False
2011-05-06,20731,35.0,WH-London,2011-04-29,WH-London,False,False
2011-05-06,20657,53.0,Warehouse North,2011-04-28,WH-North,False,False
2011-05-06,20724,2.0,Warehouse North,2011-04-25,WH-North,False,False
2011-05-06,23090,91.0,WH-London,2011-05-04,WH-London,False,False
2011-05-06,22965,-72.0,WH-London ,,WH-London,True,False
2011-05-06,22099,68.0,Warehouse North,2011-04-27,WH-North,False,False
2011-05-06,85163B,89.0,Main,2011-04-30,WH-London,False,False
2011-05-06,22715,71.0,WH-London,2011-05-02,WH-London,False,False
2011-05-06,16011,43.0,WH_London,2011-05-02,WH-London,False,False
2011-05-06,22178,1.0,WH-London,,WH-London,False,False
2011-05-06,22323,29.0,WH_London,2011-04-27,WH-London,False,False
2011-05-06,84660C,30.0,WH_London,2011-04-29,WH-London,False,False
2011-05-06,22671,68.0,WH-London ,,WH-London,False,False
2011-05-06,22960,52.0,WH-London,2011-04-26,WH-London,False,False
2011-05-06,47590B,3.0,Main,2011-05-02,WH-London,False,False
2011-05-06,90185B,75.0,WH-London ,2011-04-23,WH-London,False,False
2011-05-06,23535,,WH-London,2011-04-25,WH-London,False,True
2011-05-06,85024C,94.0,WH-London ,2011-04-27,WH-London,False,False
2011-05-06,84732B,16.0,,2011-05-01,UNKNOWN,False,False
2011-05-06,22923,59.0,,,UNKNOWN,False,False
2011-05-06,37424,19.0,Main,2011-04-28,WH-London,False,False
2011-05-06,20963,108.0,Main,2011-05-05,WH-London,False,False
2011-05-06,47591D,50.0,Warehouse North,2011-05-03,WH-North,False,False
2011-05-06,21281,38.0,WH-London ,2011-04-29,WH-London,False,False
2011-05-06,35819P,33.0,WH-London,2011-05-03,WH-London,False,False
2011-05-06,23458,60.0,WH-London ,2011-04-27,WH-London,False,False
2011-05-06,DCGSSBOY,65.0,Warehouse North,,WH-North,False,False
2011-05-06,22030,0.0,WH_London,2011-04-22,WH-London,False,False
2011-05-06,21220,91.0,WH-London ,2011-04-28,WH-London,False,False
2011-05-06,21222,64.0,,2011-05-02,UNKNOWN,False,False
2011-05-06,85136C,,Warehouse North,2011-04-23,WH-North,False,True
2011-05-06,22908,101.0,Warehouse North,,WH-North,False,False
2011-05-06,20677,47.0,,2011-04-23,UNKNOWN,False,False
2011-05-06,21356,75.0,WH-London,2011-05-04,WH-London,False,False
2011-05-06,22904,32.0,WH-London ,2011-04-23,WH-London,False,False
2011-05-06,85026B,35.0,WH-North,2011-04-28,WH-North,False,False
2011-05-06,21628,97.0,WH_London,2011-05-04,WH-London,False,False
2011-05-06,23135,27.0,WH-London ,2011-05-03,WH-London,False,False
2011-05-06,21348,55.0,,2011-04-26,UNKNOWN,False,False
2011-05-06,90201C,22.0,WH-North,2011-04-24,WH-North,False,False
2011-05-06,22415,-30.0,,2011-05-06,UNKNOWN,True,False
2011-05-06,82613C,34.0,WH-London ,,WH-London,False,False
2011-05-06,21683,93.0,WH_London,2011-05-01,WH-London,False,False
2011-05-06,23518,65.0,WH-North,2011-04-28,WH-North,False,False
2011-05-06,15044B,75.0,,2011-04-23,UNKNOWN,False,False
2011-05-06,22185,-4.0,WH-London ,2011-05-04,WH-London,True,False
2011-05-06,82616B,51.0,,2011-04-28,UNKNOWN,False,False
2011-05-06,22483,38.0,,,UNKNOWN,False,False
2011-05-06,81952B,64.0,WH-London ,2011-05-02,WH-London,False,False
2011-05-06,16048,122.0,WH-London,2011-04-25,WH-London,False,False
2011-05-06,90001C,-21.0,WH_London,2011-04-23,WH-London,True,False
2011-05-06,23159,61.0,WH_London,2011-05-02,WH-London,False,False
2011-05-06,23060,116.0,Warehouse North,2011-05-03,WH-North,False,False
2011-05-06,85107,34.0,Main,2011-04-22,WH-London,False,False
2011-05-06,84872A,54.0,Warehouse North,2011-04-30,WH-North,False,False
2011-05-06,21216,70.0,Warehouse North,2011-04-27,WH-North,False,False
2011-05-06,22066,-14.0,Warehouse North,,WH-North,True,False
2011-05-06,22230,57.0,Warehouse North,2011-04-27,WH-North,False,False
2011-05-06,35965,-26.0,Main,2011-04-28,WH-London,True,False
2011-05-06,20756,-111.0,WH-North,2011-05-04,WH-North,True,False
2011-05-06,84849B,43.0,WH-London ,2011-04-27,WH-London,False,False
2011-05-06,37467,28.0,Warehouse North,2011-05-05,WH-North,False,False
2011-05-06,22228,,WH-London,,WH-London,False,True
2011-05-06,23189,64.0,WH_London,2011-05-06,WH-London,False,False
2011-05-06,21377,76.0,WH-London ,2011-05-02,WH-London,False,False
2011-05-06,85231G,107.0,WH-London,2011-04-27,WH-London,False,False
2011-05-06,72800F,32.0,Main,2011-04-30,WH-London,False,False
2011-05-06,84856S,101.0,Main,2011-04-23,WH-London,False,False
2011-05-06,20966,106.0,WH-North,,WH-North,False,False
2011-05-06,23341,26.0,,2011-05-05,UNKNOWN,False,False
2011-05-06,79190B,29.0,WH-London ,2011-04-22,WH-London,False,False
2011-05-06,20803,-51.0,WH-North,2011-04-26,WH-North,True,False
2011-05-06,21735,44.0,WH-London,2011-04-30,WH-London,False,False
2011-05-06,23010,101.0,Main,2011-05-04,WH-London,False,False
2011-05-06,22470,24.0,WH-London ,,WH-London,False,False
2011-05-06,37444C,57.0,WH-North,2011-05-04,WH-North,False,False
2011-05-06,84789,27.0,WH-North,2011-05-05,WH-North,False,False
2011-05-06,23619,53.0,WH_London,2011-04-26,WH-London,False,False
2011-05-06,84804A,114.0,Main,2011-04-29,WH-London,False,False
2011-05-06,85119,-104.0,WH_London,2011-04-27,WH-London,True,False
2011-05-08,22715,61.0,WH-North,2011-04-28,WH-North,False,False
2011-05-08,72800F,68.0,Warehouse North,2011-05-05,WH-North,False,False
2011-05-08,23483,64.0,WH-London,2011-04-26,WH-London,False,False
2011-05-08,85040A,40.0,Main,2011-04-26,WH-London,False,False
2011-05-08,44092C,107.0,WH_London,2011-05-05,WH-London,False,False
2011-05-08,23440,89.0,Warehouse North,2011-05-06,WH-North,False,False
2011-05-08,22470,57.0,Warehouse North,2011-05-04,WH-North,False,False
2011-05-08,85119,43.0,,2011-04-26,UNKNOWN,False,False
2011-05-08,84746,45.0,Warehouse North,2011-04-26,WH-North,False,False
2011-05-08,85186C,60.0,WH-London,2011-05-02,WH-London,False,False
2011-05-08,21195,48.0,,2011-05-08,UNKNOWN,False,False
2011-05-08,22575,,,2011-05-02,UNKNOWN,False,True
2011-05-08,82616C,64.0,WH-North,2011-04-29,WH-North,False,False
2011-05-08,90197B,21.0,WH_London,2011-05-01,WH-London,False,False
2011-05-08,22908,15.0,,2011-04-26,UNKNOWN,False,False
2011-05-08,23234,79.0,Warehouse North,2011-05-05,WH-North,False,False
2011-05-08,21504,15.0,WH-London ,2011-05-05,WH-London,False,False
2011-05-08,20724,39.0,Warehouse North,2011-05-03,WH-North,False,False
2011-05-08,23093,36.0,,2011-04-29,UNKNOWN,False,False
2011-05-08,23334,12.0,WH-London,2011-05-08,WH-London,False,False
2011-05-08,90152C,59.0,WH-London,2011-04-30,WH-London,False,False
2011-05-08,84856S,46.0,WH_London,2011-05-04,WH-London,False,False
2011-05-08,90026D,30.0,Warehouse North,2011-04-28,WH-North,False,False
2011-05-08,72232,112.0,WH-London ,2011-05-08,WH-London,False,False
2011-05-08,23075,-22.0,WH-London ,2011-05-01,WH-London,True,False
2011-05-08,21265,24.0,,2011-04-30,UNKNOWN,False,False
2011-05-08,22216,32.0,WH-London,2011-04-24,WH-London,False,False
2011-05-08,90143,9.0,,2011-05-02,UNKNOWN,False,False
2011-05-08,84849B,-117.0,WH-London,2011-04-25,WH-London,True,False
2011-05-08,82613C,117.0,Main,2011-05-01,WH-London,False,False
2011-05-08,22228,29.0,,2011-05-07,UNKNOWN,False,False
2011-05-08,20677,88.0,WH-London ,2011-05-02,WH-London,False,False
2011-05-08,20963,67.0,WH-North,2011-05-05,WH-North,False,False
2011-05-08,16218,99.0,WH-North,2011-04-30,WH-North,False,False
2011-05-08,23057,46.0,WH-London,2011-05-05,WH-London,False,False
2011-05-08,22087,62.0,Warehouse North,2011-05-01,WH-North,False,False
2011-05-08,35965,-92.0,WH-North,2011-05-08,WH-North,True,False
2011-05-08,22483,87.0,WH-London,2011-04-26,WH-London,False,False
2011-05-08,21802,54.0,WH-London,2011-04-25,WH-London,False,False
2011-05-08,21377,,WH-London,2011-04-30,WH-London,False,True
2011-05-08,84789,27.0,,2011-04-30,UNKNOWN,False,False
2011-05-08,84674,-5.0,WH-London ,2011-05-05,WH-London,True,False
2011-05-08,78124,73.0,WH_London,2011-05-02,WH-London,False,False
2011-05-08,90161B,56.0,WH_London,2011-05-08,WH-London,False,False
2011-05-08,23010,58.0,WH-North,2011-05-06,WH-North,False,False
2011-05-08,46000P,49.0,WH-London ,2011-05-01,WH-London,False,False
2011-05-08,84631,15.0,WH-London ,2011-04-26,WH-London,False,False
2011-05-08,20657,59.0,WH-London ,2011-05-07,WH-London,False,False
2011-05-08,90185B,68.0,WH_London,2011-04-30,WH-London,False,False
2011-05-08,90065B,23.0,WH_London,2011-04-30,WH-London,False,False
2011-05-08,84872A,49.0,WH_London,2011-04-29,WH-London,False,False
2011-05-08,21368,30.0,WH-London ,2011-05-08,WH-London,False,False
2011-05-08,21989,43.0,Warehouse North,,WH-North,False,False
2011-05-08,21791,15.0,Warehouse North,2011-04-26,WH-North,False,False
2011-05-08,84804A,-41.0,WH-London ,2011-04-24,WH-London,True,False
2011-05-08,21348,98.0,WH-North,2011-04-28,WH-North,False,False
2011-05-08,22923,34.0,WH-London ,,WH-London,False,False
2011-05-08,84675,29.0,WH-London ,2011-05-02,WH-London,False,False
2011-05-08,20974,31.0,WH-London ,,WH-London,False,False
2011-05-08,22030,44.0,Main,2011-04-26,WH-London,False,False
2011-05-08,22289,103.0,WH-London ,2011-05-05,WH-London,False,False
2011-05-08,DCGSSBOY,,WH-London ,2011-04-28,WH-London,False,True
2011-05-08,16010,45.0,WH-North,2011-05-03,WH-North,False,False
2011-05-08,37424,-30.0,WH-London ,,WH-London,True,False
2011-05-08,23204,-2.0,WH-London,2011-04-27,WH-London,True,False
2011-05-08,22272,22.0,WH-London ,2011-05-08,WH-London,False,False
2011-05-08,22095,-9.0,Main,2011-04-29,WH-London,True,False
2011-05-08,23535,72.0,WH_London,2011-05-04,WH-London,False,False
2011-05-08,85135A,90.0,WH-North,2011-04-26,WH-North,False,False
2011-05-08,21735,38.0,WH-London ,2011-04-30,WH-London,False,False
2011-05-08,21159,61.0,Main,2011-04-28,WH-London,False,False
2011-05-08,90052,17.0,Main,2011-04-25,WH-London,False,False
2011-05-08,47469,-8.0,WH-London ,2011-05-05,WH-London,True,False
2011-05-08,22185,51.0,Warehouse North,2011-04-25,WH-North,False,False
2011-05-08,35819P,61.0,WH-London,2011-05-06,WH-London,False,False
2011-05-08,90025E,101.0,Warehouse North,2011-04-26,WH-North,False,False
2011-05-08,22099,111.0,,,UNKNOWN,False,False
2011-05-08,21188,41.0,WH-London ,,WH-London,False,False
2011-05-08,22098,77.0,,2011-04-25,UNKNOWN,False,False
2011-05-08,20803,59.0,WH_London,2011-05-01,WH-London,False,False
2011-05-10,20974,50.0,Warehouse North,2011-04-26,WH-North,False,False
2011-05-10,20771,48.0,Warehouse North,2011-05-07,WH-North,False,False
2011-05-10,90143,45.0,Warehouse North,2011-05-03,WH-North,False,False
2011-05-10,90177A,46.0,WH-North,2011-04-26,WH-North,False,False
2011-05-10,35819P,-99.0,Warehouse North,2011-05-06,WH-North,True,False
2011-05-10,85135A,56.0,Warehouse North,2011-04-28,WH-North,False,False
2011-05-10,35965,102.0,WH-London ,2011-04-30,WH-London,False,False
2011-05-10,23547,23.0,Main,,WH-London,False,False
2011-05-10,21504,-34.0,WH-London,2011-05-07,WH-London,True,False
2011-05-10,23518,36.0,,2011-05-10,UNKNOWN,False,False
2011-05-10,23342,24.0,WH_London,2011-04-28,WH-London,False,False
2011-05-10,16011,5.0,WH_London,2011-05-05,WH-London,False,False
2011-05-10,23692,89.0,WH-London,2011-05-02,WH-London,False,False
2011-05-10,23189,9.0,WH-London ,2011-04-26,WH-London,False,False
2011-05-10,81950B,67.0,Main,2011-05-04,WH-London,False,False
2011-05-10,82616C,110.0,Main,2011-04-28,WH-London,False,False
2011-05-10,22962,-15.0,,2011-05-10,UNKNOWN,True,False
2011-05-10,17028J,43.0,WH-London,2011-05-09,WH-London,False,False
2011-05-10,21281,90.0,WH_London,2011-05-02,WH-London,False,False
2011-05-10,22332,37.0,,2011-05-03,UNKNOWN,False,False
2011-05-10,23140,59.0,WH-North,2011-05-10,WH-North,False,False
2011-05-10,22908,69.0,WH-London ,2011-04-30,WH-London,False,False
2011-05-10,22928,,WH-North,2011-04-26,WH-North,False,True
2011-05-10,23458,36.0,WH_London,2011-05-10,WH-London,False,False
2011-05-10,90067B,,WH_London,2011-05-02,WH-London,False,True
2011-05-10,21348,17.0,WH-London,2011-05-07,WH-London,False,False
2011-05-10,20966,67.0,WH_London,,WH-London,False,False
2011-05-10,84675,30.0,,2011-04-29,UNKNOWN,False,False
2011-05-10,84746,85.0,WH-London ,2011-05-10,WH-London,False,False
2011-05-10,23068,,,2011-05-02,UNKNOWN,False,True
2011-05-10,90201C,15.0,WH-London ,2011-05-09,WH-London,False,False
2011-05-10,20677,72.0,WH-North,2011-05-03,WH-North,False,False
2011-05-10,22272,111.0,Warehouse North,2011-05-04,WH-North,False,False
2011-05-10,22070,24.0,WH_London,2011-04-28,WH-London,False,False
2011-05-10,21336,,WH-London ,2011-04-29,WH-London,False,True
2011-05-10,23619,66.0,,2011-05-04,UNKNOWN,False,False
2011-05-10,84732B,78.0,,2011-05-06,UNKNOWN,False,False
2011-05-10,22779,,Warehouse North,2011-05-07,WH-North,False,True
2011-05-10,84686,107.0,Main,2011-04-27,WH-London,False,False
2011-05-10,21080,29.0,WH-North,2011-05-05,WH-North,False,False
2011-05-10,22637,69.0,WH-North,2011-04-27,WH-North,False,False
2011-05-10,22415,48.0,WH-North,2011-05-04,WH-North,False,False
2011-05-10,23234,66.0,WH_London,2011-05-06,WH-London,False,False
2011-05-10,20996,20.0,Main,2011-04-29,WH-London,False,False
2011-05-10,90082D,13.0,WH_London,2011-05-04,WH-London,False,False
2011-05-10,21830,58.0,WH-London ,2011-05-10,WH-London,False,False
2011-05-10,23341,38.0,Main,2011-04-28,WH-London,False,False
2011-05-10,81952B,-37.0,WH-North,2011-05-06,WH-North,True,False
2011-05-10,90152A,66.0,Warehouse North,2011-04-28,WH-North,False,False
2011-05-10,21683,5.0,WH-London,2011-05-02,WH-London,False,False
2011-05-10,85040A,86.0,Main,2011-05-07,WH-London,False,False
2011-05-10,84872A,53.0,,2011-05-04,UNKNOWN,False,False
2011-05-10,84674,72.0,WH-London,2011-05-07,WH-London,False,False
2011-05-10,84989A,65.0,Main,2011-05-04,WH-London,False,False
2011-05-10,22470,67.0,WH-North,2011-04-26,WH-North,False,False
2011-05-10,23334,14.0,WH-North,2011-05-03,WH-North,False,False
2011-05-10,23272,84.0,WH_London,2011-05-05,WH-London,False,False
2011-05-10,21188,58.0,WH_London,2011-05-03,WH-London,False,False
2011-05-10,22185,35.0,,2011-05-05,UNKNOWN,False,False
2011-05-10,47590B,46.0,Warehouse North,2011-05-10,WH-North,False,False
2011-05-10,22216,-60.0,WH-London,2011-05-08,WH-London,True,False
2011-05-10,22087,55.0,Warehouse North,2011-05-06,WH-North,False,False
2011-05-10,84660C,67.0,WH_London,2011-05-04,WH-London,False,False
2011-05-10,90011C,99.0,WH-London,2011-05-09,WH-London,False,False
2011-05-10,20803,18.0,WH-London ,2011-04-28,WH-London,False,False
2011-05-10,84596J,,WH_London,2011-04-30,WH-London,False,True
2011-05-10,90071,46.0,Warehouse North,2011-04-27,WH-North,False,False
2011-05-10,90052,84.0,WH_London,,WH-London,False,False
2011-05-10,21147,98.0,WH-North,2011-04-30,WH-North,False,False
2011-05-10,90214C,-55.0,WH_London,2011-05-07,WH-London,True,False
2011-05-10,23535,68.0,WH-North,2011-05-02,WH-North,False,False
2011-05-10,22156,86.0,WH-London ,2011-04-27,WH-London,False,False
2011-05-10,79160,79.0,Main,2011-04-26,WH-London,False,False
2011-05-10,22084,87.0,WH-London ,2011-05-03,WH-London,False,False
2011-05-10,DCGSSBOY,41.0,WH-London,2011-05-08,WH-London,False,False
2011-05-10,22230,34.0,WH-London,2011-04-26,WH-London,False,False
2011-05-10,23060,15.0,WH-North,2011-04-29,WH-North,False,False
2011-05-10,84789,,WH_London,2011-05-01,WH-London,False,True
2011-05-10,82616B,47.0,Warehouse North,2011-04-30,WH-North,False,False
2011-05-10,72225C,45.0,WH-North,2011-05-04,WH-North,False,False
2011-05-12,90201C,64.0,WH_London,2011-05-06,WH-London,False,False
2011-05-12,21009,65.0,WH-London,2011-05-06,WH-London,False,False
2011-05-12,22070,48.0,WH-London,2011-05-01,WH-London,False,False
2011-05-12,21670,,WH_London,2011-04-29,WH-London,False,True
2011-05-12,21348,74.0,Warehouse North,2011-05-12,WH-North,False,False
2011-05-12,47469,,Warehouse North,2011-04-30,WH-North,False,True
2011-05-12,82613C,-77.0,,2011-04-29,UNKNOWN,True,False
2011-05-12,21147,31.0,WH-North,2011-05-10,WH-North,False,False
2011-05-12,22904,93.0,Main,2011-04-30,WH-London,False,False
2011-05-12,22470,54.0,WH-London ,,WH-London,False,False
2011-05-12,21989,51.0,WH_London,2011-05-01,WH-London,False,False
2011-05-12,85026B,-3.0,Main,2011-05-05,WH-London,True,False
2011-05-12,85163B,69.0,WH-North,2011-05-10,WH-North,False,False
2011-05-12,22178,52.0,WH-London ,,WH-London,False,False
2011-05-12,22715,55.0,WH_London,2011-05-04,WH-London,False,False
2011-05-12,21484,47.0,,2011-05-11,UNKNOWN,False,False
2011-05-12,22928,68.0,WH-London,2011-04-29,WH-London,False,False
2011-05-12,47590B,74.0,WH_London,2011-05-04,WH-London,False,False
2011-05-12,21159,64.0,WH-London,,WH-London,False,False
2011-05-12,20963,89.0,Main,2011-05-09,WH-London,False,False
2011-05-12,21802,28.0,Main,2011-05-07,WH-London,False,False
2011-05-12,22965,32.0,,2011-05-05,UNKNOWN,False,False
2011-05-12,21222,62.0,WH-North,2011-04-28,WH-North,False,False
2011-05-12,85186C,69.0,WH_London,2011-04-28,WH-London,False,False
2011-05-12,23440,65.0,WH-London ,,WH-London,False,False
2011-05-12,84596J,11.0,,2011-05-12,UNKNOWN,False,False
2011-05-12,23057,13.0,,2011-05-03,UNKNOWN,False,False
2011-05-12,22114,44.0,Main,2011-04-29,WH-London,False,False
2011-05-12,21630,-3.0,Main,2011-05-05,WH-London,True,False
2011-05-12,22098,57.0,Main,2011-05-06,WH-London,False,False
2011-05-12,23458,47.0,WH-North,2011-05-12,WH-North,False,False
2011-05-12,85119,22.0,,2011-05-01,UNKNOWN,False,False
2011-05-12,21080,33.0,Main,2011-05-12,WH-London,False,False
2011-05-12,22560,53.0,Main,2011-04-30,WH-London,False,False
2011-05-12,23068,5.0,WH-London ,2011-05-02,WH-London,False,False
2011-05-12,20996,-31.0,Warehouse North,2011-05-05,WH-North,True,False
2011-05-12,47593B,-42.0,Main,2011-05-08,WH-London,True,False
2011-05-12,47591D,-41.0,,2011-05-08,UNKNOWN,True,False
2011-05-12,22882,41.0,Main,2011-05-01,WH-London,False,False
2011-05-12,84856S,90.0,Main,2011-05-12,WH-London,False,False
2011-05-12,21195,78.0,Warehouse North,2011-05-12,WH-North,False,False
2011-05-12,21662,30.0,Main,,WH-London,False,False
2011-05-12,23140,18.0,Warehouse North,2011-05-01,WH-North,False,False
2011-05-12,90177A,37.0,,2011-05-06,UNKNOWN,False,False
2011-05-12,22228,-86.0,Main,2011-05-06,WH-London,True,False
2011-05-12,85230F,-13.0,WH-London,2011-05-06,WH-London,True,False
2011-05-12,22779,52.0,,2011-05-03,UNKNOWN,False,False
2011-05-12,23518,40.0,Warehouse North,2011-05-03,WH-North,False,False
2011-05-12,90082D,85.0,Main,2011-04-29,WH-London,False,False
2011-05-12,22095,79.0,WH-London,,WH-London,False,False
2011-05-12,23334,5.0,,2011-05-10,UNKNOWN,False,False
2011-05-12,16048,85.0,Main,2011-05-02,WH-London,False,False
2011-05-12,85184C,-20.0,Main,2011-05-05,WH-London,True,False
2011-05-12,22248,68.0,,2011-05-10,UNKNOWN,False,False
2011-05-12,20702,71.0,WH-London,2011-05-07,WH-London,False,False
2011-05-12,22185,100.0,,2011-05-06,UNKNOWN,False,False
2011-05-12,84675,,Warehouse North,2011-05-02,WH-North,False,True
2011-05-12,23204,30.0,Warehouse North,2011-05-03,WH-North,False,False
2011-05-12,20803,19.0,Main,2011-05-12,WH-London,False,False
2011-05-12,90214N,93.0,Main,2011-05-09,WH-London,False,False
2011-05-12,23471,100.0,,2011-04-28,UNKNOWN,False,False
2011-05-12,84746,36.0,WH_London,2011-04-30,WH-London,False,False
2011-05-12,22575,50.0,WH-London,,WH-London,False,False
2011-05-12,22084,90.0,,2011-04-30,UNKNOWN,False,False
2011-05-12,37444C,73.0,Warehouse North,2011-05-04,WH-North,False,False
2011-05-12,90065B,44.0,WH-London,2011-05-05,WH-London,False,False
2011-05-12,90214C,27.0,WH_London,2011-05-03,WH-London,False,False
2011-05-12,79071B,24.0,WH-North,2011-05-02,WH-North,False,False
2011-05-12,22230,78.0,WH-North,2011-05-04,WH-North,False,False
2011-05-12,90152A,38.0,WH-North,2011-04-30,WH-North,False,False
2011-05-12,22905,37.0,Main,,WH-London,False,False
2011-05-12,90152C,68.0,,2011-05-08,UNKNOWN,False,False
2011-05-12,23159,52.0,WH-London ,2011-05-05,WH-London,False,False
2011-05-12,84732B,61.0,Warehouse North,2011-05-03,WH-North,False,False
2011-05-12,20731,40.0,,,UNKNOWN,False,False
2011-05-12,23010,39.0,WH-North,2011-05-09,WH-North,False,False
2011-05-12,22332,-27.0,WH-North,2011-04-30,WH-North,True,False
2011-05-12,79160,71.0,WH_London,2011-05-07,WH-London,False,False
2011-05-12,21336,52.0,,2011-05-10,UNKNOWN,False,False
2011-05-12,46000P,58.0,WH-North,2011-05-08,WH-North,False,False
2011-05-14,23057,19.0,WH-London,2011-05-08,WH-London,False,False
2011-05-14,22415,70.0,WH-London,2011-05-06,WH-London,False,False
2011-05-14,21630,,WH-North,2011-05-11,WH-North,False,True
2011-05-14,16011,71.0,WH_London,2011-05-13,WH-London,False,False
2011-05-14,20756,-60.0,WH-London,2011-05-01,WH-London,True,False
2011-05-14,16010,58.0,Warehouse North,2011-05-11,WH-North,False,False
2011-05-14,72802C,-4.0,WH-London ,2011-05-14,WH-London,True,False
2011-05-14,15036,84.0,WH-London,2011-04-30,WH-London,False,False
2011-05-14,22087,10.0,WH-North,2011-05-11,WH-North,False,False
2011-05-14,22230,81.0,Main,2011-05-11,WH-London,False,False
2011-05-14,21195,47.0,WH_London,2011-05-10,WH-London,False,False
2011-05-14,85107,1.0,WH-London,2011-05-09,WH-London,False,False
2011-05-14,22928,,WH-London ,2011-05-09,WH-London,False,True
2011-05-14,23619,4.0,Main,2011-05-08,WH-London,False,False
2011-05-14,15044B,83.0,,2011-05-12,UNKNOWN,False,False
2011-05-14,21683,34.0,WH_London,2011-05-12,WH-London,False,False
2011-05-14,22210,-18.0,WH-London,2011-05-09,WH-London,True,False
2011-05-14,22962,69.0,WH-North,2011-05-12,WH-North,False,False
2011-05-14,23089,48.0,WH_London,,WH-London,False,False
2011-05-14,22185,65.0,Warehouse North,2011-05-10,WH-North,False,False
2011-05-14,47593B,46.0,WH-London,2011-05-02,WH-London,False,False
2011-05-14,90214C,84.0,WH_London,2011-05-14,WH-London,False,False
2011-05-14,22098,37.0,WH-London,2011-05-11,WH-London,False,False
2011-05-14,20702,2.0,WH-London,,WH-London,False,False
2011-05-14,21830,17.0,WH-London,2011-05-09,WH-London,False,False
2011-05-14,85184C,63.0,Main,2011-05-03,WH-London,False,False
2011-05-14,85230F,30.0,WH-London ,2011-05-13,WH-London,False,False
2011-05-14,82616C,88.0,Warehouse North,2011-04-30,WH-North,False,False
2011-05-14,10133,14.0,,2011-05-06,UNKNOWN,False,False
2011-05-14,21348,80.0,WH_London,2011-05-11,WH-London,False,False
2011-05-14,22560,37.0,WH_London,2011-05-14,WH-London,False,False
2011-05-14,22248,89.0,WH-North,2011-05-13,WH-North,False,False
2011-05-14,DCGSSBOY,65.0,Main,2011-05-06,WH-London,False,False
2011-05-14,79160,55.0,WH-London,2011-05-03,WH-London,False,False
2011-05-14,84789,69.0,WH-London,2011-05-12,WH-London,False,False
2011-05-14,90152C,86.0,WH-London ,2011-05-01,WH-London,False,False
2011-05-14,84989A,48.0,,2011-05-10,UNKNOWN,False,False
2011-05-14,23085,-6.0,WH-North,2011-05-13,WH-North,True,False
2011-05-14,22066,86.0,Main,,WH-London,False,False
2011-05-14,23189,41.0,,2011-04-30,UNKNOWN,False,False
2011-05-14,84596J,126.0,WH-London,2011-05-12,WH-London,False,False
2011-05-14,84872A,31.0,WH-London,2011-05-01,WH-London,False,False
2011-05-14,23535,38.0,WH_London,2011-05-12,WH-London,False,False
2011-05-14,85024C,-72.0,,2011-05-10,UNKNOWN,True,False
2011-05-14,37424,72.0,WH-North,2011-05-08,WH-North,False,False
2011-05-14,23483,62.0,WH-North,,WH-North,False,False
2011-05-14,81952B,33.0,Main,2011-05-11,WH-London,False,False
2011-05-14,44092C,15.0,,2011-05-05,UNKNOWN,False,False
2011-05-14,84638,29.0,WH_London,2011-05-03,WH-London,False,False
2011-05-14,22904,4.0,WH_London,2011-05-12,WH-London,False,False
2011-05-14,23090,111.0,WH-London,2011-05-13,WH-London,False,False
2011-05-14,22483,19.0,WH-London ,2011-05-09,WH-London,False,False
2011-05-14,23342,41.0,Main,2011-05-11,WH-London,False,False
2011-05-14,21159,70.0,,2011-05-03,UNKNOWN,False,False
2011-05-14,23068,50.0,,2011-05-08,UNKNOWN,False,False
2011-05-14,21989,32.0,Main,,WH-London,False,False
2011-05-14,20803,45.0,WH-London,2011-05-09,WH-London,False,False
2011-05-14,20963,31.0,Main,2011-05-12,WH-London,False,False
2011-05-14,21080,42.0,Main,,WH-London,False,False
2011-05-14,85231G,61.0,WH_London,2011-05-05,WH-London,False,False
2011-05-14,23341,18.0,,2011-05-04,UNKNOWN,False,False
2011-05-14,21009,82.0,,2011-04-30,UNKNOWN,False,False
2011-05-14,22272,52.0,Warehouse North,2011-05-06,WH-North,False,False
2011-05-14,23075,32.0,Warehouse North,2011-05-12,WH-North,False,False
2011-05-14,23060,-40.0,WH_London,2011-05-10,WH-London,True,False
2011-05-14,84849B,85.0,WH-London ,2011-05-03,WH-London,False,False
2011-05-14,22099,-74.0,Main,,WH-London,True,False
2011-05-14,37471,57.0,Main,2011-05-01,WH-London,False,False
2011-05-14,84674,31.0,WH_London,2011-05-02,WH-London,False,False
2011-05-14,23159,67.0,WH-London ,2011-05-10,WH-London,False,False
2011-05-14,84559B,50.0,Main,2011-05-06,WH-London,False,False
2011-05-14,46000P,102.0,WH-London ,2011-05-01,WH-London,False,False
2011-05-14,84715,48.0,Main,2011-05-11,WH-London,False,False
2011-05-14,79163,100.0,WH-London ,2011-05-04,WH-London,False,False
2011-05-14,37467,55.0,Main,2011-05-05,WH-London,False,False
2011-05-14,23471,18.0,WH-London ,2011-05-04,WH-London,False,False
2011-05-14,21336,148.0,WH-North,2011-05-06,WH-North,False,False
2011-05-14,22960,-6.0,,2011-05-10,UNKNOWN,True,False
2011-05-14,23334,-9.0,WH_London,2011-05-07,WH-London,True,False
2011-05-14,47593A,-12.0,WH-North,2011-05-09,WH-North,True,False
2011-05-16,90214C,132.0,WH-London,,WH-London,False,False
2011-05-16,90067B,113.0,WH-London,2011-05-03,WH-London,False,False
2011-05-16,84638,54.0,Warehouse North,2011-05-05,WH-North,False,False
2011-05-16,37424,63.0,WH_London,2011-05-12,WH-London,False,False
2011-05-16,23135,-57.0,WH-London ,2011-05-12,WH-London,True,False
2011-05-16,22178,-3.0,Warehouse North,2011-05-04,WH-North,True,False
2011-05-16,84732B,93.0,WH-London,2011-05-13,WH-London,False,False
2011-05-16,23611,89.0,WH-London ,2011-05-03,WH-London,False,False
2011-05-16,22087,13.0,WH-London,2011-05-02,WH-London,False,False
2011-05-16,20756,59.0,WH-North,2011-05-07,WH-North,False,False
2011-05-16,90143,47.0,Main,2011-05-09,WH-London,False,False
2011-05-16,78124,43.0,WH_London,2011-05-03,WH-London,False,False
2011-05-16,79160,29.0,Warehouse North,2011-05-07,WH-North,False,False
2011-05-16,84559B,46.0,Warehouse North,2011-05-13,WH-North,False,False
2011-05-16,21159,-34.0,Main,2011-05-13,WH-London,True,False
2011-05-16,20803,81.0,WH-London,2011-05-08,WH-London,False,False
2011-05-16,21222,49.0,WH-London,2011-05-05,WH-London,False,False
2011-05-16,85135A,29.0,WH-North,2011-05-06,WH-North,False,False
2011-05-16,72800F,,Main,2011-05-15,WH-London,False,True
2011-05-16,23085,,,2011-05-08,UNKNOWN,False,True
2011-05-16,20677,44.0,,,UNKNOWN,False,False
2011-05-16,85186C,-70.0,WH-London ,2011-05-05,WH-London,True,False
2011-05-16,90071,41.0,Warehouse North,,WH-North,False,False
2011-05-16,21281,32.0,WH-London,2011-05-08,WH-London,False,False
2011-05-16,21428,9.0,Main,2011-05-14,WH-London,False,False
2011-05-16,84872A,49.0,WH-North,2011-05-03,WH-North,False,False
2011-05-16,23057,,,2011-05-16,UNKNOWN,False,True
2011-05-16,84989A,46.0,,2011-05-13,UNKNOWN,False,False
2011-05-16,16048,34.0,WH-London ,2011-05-10,WH-London,False,False
2011-05-16,16010,27.0,Main,,WH-London,False,False
2011-05-16,21504,,WH-London,2011-05-15,WH-London,False,True
2011-05-16,81952B,85.0,WH_London,2011-05-05,WH-London,False,False
2011-05-16,85024C,64.0,WH-London,2011-05-04,WH-London,False,False
2011-05-16,23518,73.0,,2011-05-13,UNKNOWN,False,False
2011-05-16,23204,57.0,Main,2011-05-05,WH-London,False,False
2011-05-16,72225C,25.0,Warehouse North,2011-05-04,WH-North,False,False
2011-05-16,23334,-40.0,Main,2011-05-04,WH-London,True,False
2011-05-16,22882,34.0,Warehouse North,2011-05-02,WH-North,False,False
2011-05-16,85107,37.0,Warehouse North,2011-05-09,WH-North,False,False
2011-05-16,90011C,37.0,WH-London ,2011-05-09,WH-London,False,False
2011-05-16,21662,83.0,WH-London ,2011-05-15,WH-London,False,False
2011-05-16,16218,110.0,WH-North,2011-05-06,WH-North,False,False
2011-05-16,22415,,WH-North,2011-05-16,WH-North,False,True
2011-05-16,82616B,44.0,WH_London,2011-05-05,WH-London,False,False
2011-05-16,84715,56.0,Main,2011-05-06,WH-London,False,False
2011-05-16,22185,20.0,,2011-05-15,UNKNOWN,False,False
2011-05-16,15044B,51.0,WH-London,2011-05-07,WH-London,False,False
2011-05-16,85163B,60.0,,2011-05-13,UNKNOWN,False,False
2011-05-16,20731,47.0,WH_London,2011-05-04,WH-London,False,False
2011-05-16,22560,68.0,WH-London ,2011-05-15,WH-London,False,False
2011-05-16,23189,50.0,WH_London,2011-05-10,WH-London,False,False
2011-05-16,22216,,WH_London,2011-05-07,WH-London,False,True
2011-05-16,21745,21.0,WH-London ,2011-05-06,WH-London,False,False
2011-05-16,22070,92.0,Warehouse North,2011-05-11,WH-North,False,False
2011-05-16,22332,65.0,WH-London,2011-05-16,WH-London,False,False
2011-05-16,84631,-35.0,WH-London,2011-05-13,WH-London,True,False
2011-05-16,17109D,4.0,WH-London ,,WH-London,False,False
2011-05-16,85184C,71.0,,2011-05-11,UNKNOWN,False,False
2011-05-16,22156,32.0,WH_London,2011-05-04,WH-London,False,False
2011-05-16,23010,-31.0,WH-North,2011-05-06,WH-North,True,False
2011-05-16,85136C,81.0,WH-North,2011-05-08,WH-North,False,False
2011-05-16,23619,71.0,WH-London ,2011-05-02,WH-London,False,False
2011-05-16,21348,25.0,Main,2011-05-02,WH-London,False,False
2011-05-16,90177A,,Main,2011-05-06,WH-London,False,True
2011-05-16,90195B,-26.0,Main,2011-05-12,WH-London,True,False
2011-05-16,22905,31.0,WH-London,2011-05-12,WH-London,False,False
2011-05-16,85119,35.0,WH_London,2011-05-08,WH-London,False,False
2011-05-16,23075,-6.0,WH_London,,WH-London,True,False
2011-05-16,23342,62.0,WH_London,2011-05-10,WH-London,False,False
2011-05-16,85231G,65.0,WH_London,2011-05-14,WH-London,False,False
2011-05-16,21989,36.0,WH_London,2011-05-09,WH-London,False,False
2011-05-16,35965,-71.0,WH-North,2011-05-15,WH-North,True,False
2011-05-16,22715,,WH-London,2011-05-09,WH-London,False,True
2011-05-16,22928,70.0,WH-London ,2011-05-04,WH-London,False,False
2011-05-16,44092C,-59.0,WH_London,2011-05-04,WH-London,True,False
2011-05-16,20771,-29.0,WH_London,2011-05-06,WH-London,True,False
2011-05-16,23341,62.0,WH-North,2011-05-06,WH-North,False,False
2011-05-16,23440,23.0,Main,2011-05-04,WH-London,False,False
2011-05-16,23471,83.0,WH_London,2011-05-13,WH-London,False,False
2011-05-16,22904,65.0,Warehouse North,2011-05-07,WH-North,False,False
2011-05-18,37444C,60.0,WH-London,2011-05-16,WH-London,False,False
2011-05-18,20963,36.0,WH_London,2011-05-08,WH-London,False,False
2011-05-18,22087,73.0,Warehouse North,2011-05-15,WH-North,False,False
2011-05-18,22962,86.0,WH-London ,2011-05-08,WH-London,False,False
2011-05-18,23060,98.0,WH-London,2011-05-12,WH-London,False,False
2011-05-18,22289,33.0,,2011-05-09,UNKNOWN,False,False
2011-05-18,15036,74.0,,2011-05-06,UNKNOWN,False,False
2011-05-18,78124,91.0,Main,2011-05-13,WH-London,False,False
2011-05-18,85136C,42.0,WH_London,2011-05-16,WH-London,False,False
2011-05-18,23518,92.0,,2011-05-18,UNKNOWN,False,False
2011-05-18,72800F,54.0,WH-North,2011-05-05,WH-North,False,False
2011-05-18,21670,19.0,WH-London ,2011-05-16,WH-London,False,False
2011-05-18,23272,28.0,WH-North,2011-05-13,WH-North,False,False
2011-05-18,22323,6.0,,2011-05-08,UNKNOWN,False,False
2011-05-18,21630,48.0,WH-North,2011-05-13,WH-North,False,False
2011-05-18,20771,-45.0,WH_London,,WH-London,True,False
2011-05-18,84732B,55.0,WH-London,2011-05-04,WH-London,False,False
2011-05-18,21802,90.0,Main,2011-05-14,WH-London,False,False
2011-05-18,22637,49.0,WH-London ,2011-05-14,WH-London,False,False
2011-05-18,22960,41.0,Warehouse North,2011-05-14,WH-North,False,False
2011-05-18,82616C,44.0,Warehouse North,2011-05-09,WH-North,False,False
2011-05-18,22178,-5.0,WH_London,2011-05-18,WH-London,True,False
2011-05-18,23140,70.0,WH-North,2011-05-04,WH-North,False,False
2011-05-18,22248,45.0,Warehouse North,2011-05-07,WH-North,False,False
2011-05-18,17028J,52.0,WH_London,2011-05-11,WH-London,False,False
2011-05-18,20803,43.0,Main,2011-05-13,WH-London,False,False
2011-05-18,20702,53.0,,2011-05-18,UNKNOWN,False,False
2011-05-18,84804A,10.0,WH-London,2011-05-14,WH-London,False,False
2011-05-18,21745,-49.0,WH_London,2011-05-13,WH-London,True,False
2011-05-18,46000P,31.0,WH-London,,WH-London,False,False
2011-05-18,84989A,51.0,WH-North,2011-05-05,WH-North,False,False
2011-05-18,22715,19.0,,2011-05-18,UNKNOWN,False,False
2011-05-18,90011C,64.0,WH-London ,2011-05-04,WH-London,False,False
2011-05-18,23135,50.0,WH_London,2011-05-08,WH-London,False,False
2011-05-18,23089,11.0,WH-London ,2011-05-08,WH-London,False,False
2011-05-18,21356,78.0,,2011-05-14,UNKNOWN,False,False
2011-05-18,23619,34.0,WH-North,2011-05-14,WH-North,False,False
2011-05-18,23068,39.0,Warehouse North,2011-05-13,WH-North,False,False
2011-05-18,37424,73.0,Warehouse North,,WH-North,False,False
2011-05-18,82613C,82.0,WH_London,2011-05-07,WH-London,False,False
2011-05-18,23085,36.0,WH_London,2011-05-07,WH-London,False,False
2011-05-18,21368,53.0,WH_London,2011-05-07,WH-London,False,False
2011-05-18,20724,70.0,Warehouse North,2011-05-07,WH-North,False,False
2011-05-18,84674,87.0,WH_London,2011-05-05,WH-London,False,False
2011-05-18,22095,52.0,,2011-05-15,UNKNOWN,False,False
2011-05-18,85230F,64.0,,2011-05-18,UNKNOWN,False,False
2011-05-18,72225C,22.0,WH-London ,2011-05-08,WH-London,False,False
2011-05-18,85107,4.0,WH-London,2011-05-04,WH-London,False,False
2011-05-18,20996,66.0,Main,2011-05-18,WH-London,False,False
2011-05-18,22272,25.0,WH_London,2011-05-17,WH-London,False,False
2011-05-18,22230,22.0,WH-London ,2011-05-17,WH-London,False,False
2011-05-18,90071,69.0,WH-London ,2011-05-06,WH-London,False,False
2011-05-18,35965,45.0,WH-London ,,WH-London,False,False
2011-05-18,81950B,56.0,,2011-05-13,UNKNOWN,False,False
2011-05-18,23341,11.0,WH-North,2011-05-16,WH-North,False,False
2011-05-18,21336,22.0,Warehouse North,2011-05-06,WH-North,False,False
2011-05-18,23342,98.0,WH-London ,2011-05-14,WH-London,False,False
2011-05-18,47593B,30.0,Main,2011-05-04,WH-London,False,False
2011-05-18,22066,43.0,WH-London ,2011-05-10,WH-London,False,False
2011-05-18,22904,57.0,Main,2011-05-16,WH-London,False,False
2011-05-18,15044B,-17.0,WH-London,,WH-London,True,False
2011-05-18,44092C,,Warehouse North,2011-05-17,WH-North,False,True
2011-05-18,79160,50.0,,2011-05-07,UNKNOWN,False,False
2011-05-18,84638,42.0,WH-North,2011-05-12,WH-North,False,False
2011-05-18,90177A,82.0,WH_London,2011-05-11,WH-London,False,False
2011-05-18,21220,-77.0,Warehouse North,2011-05-18,WH-North,True,False
2011-05-18,47591D,,WH-North,2011-05-17,WH-North,False,True
2011-05-18,85231G,36.0,,2011-05-13,UNKNOWN,False,False
2011-05-18,16011,-115.0,Main,2011-05-11,WH-London,True,False
2011-05-18,20966,69.0,WH-London,2011-05-09,WH-London,False,False
2011-05-18,16010,100.0,WH_London,2011-05-07,WH-London,False,False
2011-05-18,22216,79.0,Main,2011-05-07,WH-London,False,False
2011-05-18,22156,30.0,WH_London,2011-05-05,WH-London,False,False
2011-05-18,85186C,,WH-London ,2011-05-07,WH-London,False,True
2011-05-18,85026B,4.0,Warehouse North,2011-05-18,WH-North,False,False
2011-05-18,90161B,-10.0,WH-London,2011-05-06,WH-London,True,False
2011-05-18,23093,31.0,Main,2011-05-13,WH-London,False,False
2011-05-18,84715,88.0,,2011-05-09,UNKNOWN,False,False
2011-05-18,22228,,WH-London ,2011-05-05,WH-London,False,True
2011-05-18,23189,29.0,Main,2011-05-10,WH-London,False,False
2011-05-20,22779,-70.0,WH_London,2011-05-18,WH-London,True,False
2011-05-20,21356,24.0,WH_London,2011-05-06,WH-London,False,False
2011-05-20,21989,105.0,Main,2011-05-16,WH-London,False,False
2011-05-20,16011,42.0,,2011-05-14,UNKNOWN,False,False
2011-05-20,85230F,77.0,Warehouse North,2011-05-10,WH-North,False,False
2011-05-20,90201C,43.0,Warehouse North,2011-05-09,WH-North,False,False
2011-05-20,90082D,50.0,Main,2011-05-12,WH-London,False,False
2011-05-20,21009,83.0,WH-London,2011-05-19,WH-London,False,False
2011-05-20,81950B,-56.0,Warehouse North,2011-05-18,WH-North,True,False
2011-05-20,85107,94.0,WH-London,2011-05-11,WH-London,False,False
2011-05-20,23089,26.0,WH-North,2011-05-15,WH-North,False,False
2011-05-20,23272,11.0,WH-London,2011-05-16,WH-London,False,False
2011-05-20,35819P,-2.0,WH-London,2011-05-16,WH-London,True,False
2011-05-20,21504,87.0,WH-North,2011-05-06,WH-North,False,False
2011-05-20,21265,77.0,Warehouse North,2011-05-16,WH-North,False,False
2011-05-20,23093,42.0,Warehouse North,2011-05-17,WH-North,False,False
2011-05-20,23085,58.0,WH-North,2011-05-15,WH-North,False,False
2011-05-20,21628,82.0,Warehouse North,2011-05-06,WH-North,False,False
2011-05-20,21428,44.0,Main,2011-05-08,WH-London,False,False
2011-05-20,84849B,-2.0,,2011-05-17,UNKNOWN,True,False
2011-05-20,23518,-2.0,WH-London,2011-05-14,WH-London,True,False
2011-05-20,85231G,17.0,WH-London,2011-05-17,WH-London,False,False
2011-05-20,72800F,-53.0,WH_London,2011-05-12,WH-London,True,False
2011-05-20,90177A,21.0,WH-North,2011-05-17,WH-North,False,False
2011-05-20,23234,81.0,WH_London,2011-05-14,WH-London,False,False
2011-05-20,23010,-11.0,Main,2011-05-20,WH-London,True,False
2011-05-20,17109D,29.0,Warehouse North,2011-05-17,WH-North,False,False
2011-05-20,21630,-4.0,,2011-05-20,UNKNOWN,True,False
2011-05-20,22098,36.0,WH-London,2011-05-17,WH-London,False,False
2011-05-20,20966,50.0,,2011-05-11,UNKNOWN,False,False
2011-05-20,37471,82.0,WH-North,2011-05-06,WH-North,False,False
2011-05-20,84675,53.0,Warehouse North,2011-05-08,WH-North,False,False
2011-05-20,23547,72.0,,2011-05-20,UNKNOWN,False,False
2011-05-20,23440,,WH_London,2011-05-19,WH-London,False,True
2011-05-20,20731,61.0,WH-London ,2011-05-20,WH-London,False,False
2011-05-20,22575,23.0,,2011-05-09,UNKNOWN,False,False
2011-05-20,84872A,62.0,WH_London,2011-05-16,WH-London,False,False
2011-05-20,15044B,94.0,WH-London,2011-05-10,WH-London,False,False
2011-05-20,22923,40.0,WH-London ,2011-05-09,WH-London,False,False
2011-05-20,21135,66.0,WH-London,2011-05-06,WH-London,False,False
2011-05-20,23189,65.0,WH_London,2011-05-09,WH-London,False,False
2011-05-20,90197B,38.0,Main,2011-05-14,WH-London,False,False
2011-05-20,22084,78.0,Main,2011-05-13,WH-London,False,False
2011-05-20,20724,38.0,Warehouse North,2011-05-06,WH-North,False,False
2011-05-20,85186C,63.0,WH-London,2011-05-11,WH-London,False,False
2011-05-20,21195,42.0,Warehouse North,2011-05-16,WH-North,False,False
2011-05-20,72225C,51.0,,2011-05-17,UNKNOWN,False,False
2011-05-20,23204,78.0,WH-North,2011-05-12,WH-North,False,False
2011-05-20,22715,-8.0,WH-London ,2011-05-11,WH-London,True,False
2011-05-20,23090,,,2011-05-17,UNKNOWN,False,True
2011-05-20,21348,71.0,,,UNKNOWN,False,False
2011-05-20,22965,32.0,WH_London,2011-05-15,WH-London,False,False
2011-05-20,35965,49.0,Warehouse North,,WH-North,False,False
2011-05-20,21830,20.0,WH-London,2011-05-13,WH-London,False,False
2011-05-20,23471,26.0,WH-London,2011-05-14,WH-London,False,False
2011-05-20,20803,58.0,WH-North,,WH-North,False,False
2011-05-20,21791,128.0,,2011-05-13,UNKNOWN,False,False
2011-05-20,84746,69.0,Main,2011-05-13,WH-London,False,False
2011-05-20,22928,24.0,WH_London,2011-05-09,WH-London,False,False
2011-05-20,22156,73.0,WH_London,2011-05-14,WH-London,False,False
2011-05-20,22185,-67.0,WH-London,2011-05-09,WH-London,True,False
2011-05-20,22099,-1.0,WH-London ,2011-05-16,WH-London,True,False
2011-05-20,DCGSSBOY,40.0,WH-London ,,WH-London,False,False
2011-05-20,20963,45.0,WH-North,2011-05-13,WH-North,False,False
2011-05-20,22178,53.0,WH-North,2011-05-18,WH-North,False,False
2011-05-20,22070,49.0,WH_London,2011-05-20,WH-London,False,False
2011-05-20,20771,54.0,WH-North,2011-05-20,WH-North,False,False
2011-05-20,90143,21.0,WH-North,2011-05-13,WH-North,False,False
2011-05-20,23140,40.0,WH-North,2011-05-10,WH-North,False,False
2011-05-20,17028J,42.0,Main,2011-05-16,WH-London,False,False
2011-05-20,23458,84.0,WH-London ,2011-05-17,WH-London,False,False
2011-05-20,47593A,29.0,WH_London,2011-05-17,WH-London,False,False
2011-05-20,79163,42.0,WH-North,2011-05-17,WH-North,False,False
2011-05-20,23535,,WH-London,2011-05-19,WH-London,False,True
2011-05-20,84789,97.0,,,UNKNOWN,False,False
2011-05-20,82616C,69.0,WH_London,2011-05-13,WH-London,False,False
2011-05-20,46000P,21.0,WH_London,2011-05-11,WH-London,False,False
2011-05-20,23341,61.0,WH_London,2011-05-11,WH-London,False,False
2011-05-20,85136C,19.0,Warehouse North,2011-05-12,WH-North,False,False
2011-05-20,21662,57.0,Warehouse North,2011-05-06,WH-North,False,False
2011-05-22,20731,90.0,Main,2011-05-21,WH-London,False,False
2011-05-22,22228,-8.0,WH_London,2011-05-16,WH-London,True,False
2011-05-22,79160,19.0,,2011-05-11,UNKNOWN,False,False
2011-05-22,20963,,Warehouse North,2011-05-16,WH-North,False,True
2011-05-22,21662,38.0,WH-North,2011-05-12,WH-North,False,False
2011-05-22,23692,56.0,WH_London,2011-05-20,WH-London,False,False
2011-05-22,90214N,47.0,,2011-05-18,UNKNOWN,False,False
2011-05-22,84805B,0.0,Warehouse North,2011-05-09,WH-North,False,False
2011-05-22,22095,68.0,WH_London,,WH-London,False,False
2011-05-22,23341,9.0,WH-London ,2011-05-14,WH-London,False,False
2011-05-22,21989,56.0,WH_London,,WH-London,False,False
2011-05-22,90065B,,,2011-05-11,UNKNOWN,False,True
2011-05-22,22575,122.0,WH-North,,WH-North,False,False
2011-05-22,21009,46.0,WH-North,2011-05-15,WH-North,False,False
2011-05-22,10133,-60.0,WH-London,2011-05-10,WH-London,True,False
2011-05-22,20803,,WH-North,,WH-North,False,True
2011-05-22,22216,60.0,WH-London ,2011-05-17,WH-London,False,False
2011-05-22,44092C,49.0,WH-London ,2011-05-15,WH-London,False,False
2011-05-22,22084,20.0,Warehouse North,2011-05-17,WH-North,False,False
2011-05-22,23204,46.0,Warehouse North,2011-05-17,WH-North,False,False
2011-05-22,22272,-5.0,WH_London,2011-05-08,WH-London,True,False
2011-05-22,23093,64.0,WH-London,2011-05-16,WH-London,False,False
2011-05-22,21628,137.0,,2011-05-19,UNKNOWN,False,False
2011-05-22,22230,55.0,Main,2011-05-18,WH-London,False,False
2011-05-22,21735,60.0,Main,2011-05-21,WH-London,False,False
2011-05-22,85231G,3.0,WH-London,2011-05-18,WH-London,False,False
2011-05-22,21356,25.0,WH-London ,2011-05-16,WH-London,False,False
2011-05-22,21281,76.0,,2011-05-13,UNKNOWN,False,False
2011-05-22,23159,6.0,WH-London ,2011-05-10,WH-London,False,False
2011-05-22,23060,28.0,,2011-05-13,UNKNOWN,False,False
2011-05-22,23189,-67.0,Main,2011-05-22,WH-London,True,False
2011-05-22,20974,74.0,,2011-05-20,UNKNOWN,False,False
2011-05-22,22965,46.0,WH-London ,2011-05-10,WH-London,False,False
2011-05-22,21630,53.0,WH-London,2011-05-10,WH-London,False,False
2011-05-22,22070,53.0,WH-London,2011-05-12,WH-London,False,False
2011-05-22,85026B,12.0,Main,2011-05-16,WH-London,False,False
2011-05-22,23342,47.0,WH_London,2011-05-22,WH-London,False,False
2011-05-22,21484,-57.0,WH_London,2011-05-18,WH-London,True,False
2011-05-22,23135,47.0,WH_London,2011-05-09,WH-London,False,False
2011-05-22,47469,-7.0,Main,2011-05-13,WH-London,True,False
2011-05-22,84804A,96.0,,2011-05-08,UNKNOWN,False,False
2011-05-22,23234,17.0,Warehouse North,2011-05-20,WH-North,False,False
2011-05-22,84849B,52.0,Warehouse North,2011-05-19,WH-North,False,False
2011-05-22,47593A,59.0,WH-London,2011-05-14,WH-London,False,False
2011-05-22,90071,36.0,WH-North,2011-05-15,WH-North,False,False
2011-05-22,90026D,57.0,WH-London ,2011-05-10,WH-London,False,False
2011-05-22,23010,,WH-London,2011-05-08,WH-London,False,True
2011-05-22,22087,-114.0,,2011-05-17,UNKNOWN,True,False
2011-05-22,85107,42.0,,2011-05-08,UNKNOWN,False,False
2011-05-22,21791,76.0,Warehouse North,2011-05-16,WH-North,False,False
2011-05-22,16048,17.0,,2011-05-15,UNKNOWN,False,False
2011-05-22,23518,71.0,WH_London,2011-05-12,WH-London,False,False
2011-05-22,47593B,28.0,WH_London,2011-05-17,WH-London,False,False
2011-05-22,22905,8.0,,2011-05-09,UNKNOWN,False,False
2011-05-22,21265,18.0,Main,,WH-London,False,False
2011-05-22,90201C,24.0,WH-London ,2011-05-15,WH-London,False,False
2011-05-22,16011,53.0,Main,,WH-London,False,False
2011-05-22,21135,136.0,Main,2011-05-15,WH-London,False,False
2011-05-22,85230F,132.0,WH_London,2011-05-13,WH-London,False,False
2011-05-22,84559B,40.0,WH_London,2011-05-22,WH-London,False,False
2011-05-22,72807B,-78.0,Main,2011-05-19,WH-London,True,False
2011-05-22,84596J,12.0,WH_London,2011-05-13,WH-London,False,False
2011-05-22,37471,-13.0,WH-North,2011-05-20,WH-North,True,False
2011-05-22,22960,50.0,WH-London ,2011-05-20,WH-London,False,False
2011-05-22,85186C,66.0,WH_London,2011-05-08,WH-London,False,False
2011-05-22,23440,73.0,,2011-05-12,UNKNOWN,False,False
2011-05-22,84872A,82.0,Warehouse North,,WH-North,False,False
2011-05-22,21080,-40.0,Warehouse North,2011-05-22,WH-North,True,False
2011-05-22,23085,52.0,WH-London,2011-05-19,WH-London,False,False
2011-05-22,22066,74.0,WH-North,2011-05-21,WH-North,False,False
2011-05-22,22185,-85.0,WH_London,2011-05-20,WH-London,True,False
2011-05-22,22560,22.0,WH-London ,2011-05-20,WH-London,False,False
2011-05-22,84856S,56.0,WH-London,2011-05-12,WH-London,False,False
2011-05-22,84674,69.0,WH-North,2011-05-20,WH-North,False,False
2011-05-22,23057,,Main,2011-05-12,WH-London,False,True
2011-05-22,23272,31.0,WH-London ,2011-05-08,WH-London,False,False
2011-05-22,22671,50.0,WH-London ,2011-05-12,WH-London,False,False
2011-05-22,37424,65.0,Warehouse North,2011-05-22,WH-North,False,False
2011-05-22,84715,-27.0,WH-North,2011-05-18,WH-North,True,False
2011-05-22,21504,14.0,Warehouse North,2011-05-11,WH-North,False,False
2011-05-24,22156,-111.0,Main,2011-05-14,WH-London,True,False
2011-05-24,22098,55.0,WH-North,2011-05-15,WH-North,False,False
2011-05-24,10133,78.0,WH-London,2011-05-20,WH-London,False,False
2011-05-24,90152C,56.0,WH-North,2011-05-14,WH-North,False,False
2011-05-24,85186C,81.0,WH-London ,2011-05-23,WH-London,False,False
2011-05-24,84732B,52.0,WH_London,2011-05-15,WH-London,False,False
2011-05-24,85024C,-67.0,Main,2011-05-21,WH-London,True,False
2011-05-24,84686,16.0,Main,2011-05-15,WH-London,False,False
2011-05-24,21222,,Main,2011-05-22,WH-London,False,True
2011-05-24,21336,35.0,WH-London,2011-05-23,WH-London,False,False
2011-05-24,22923,7.0,WH-London,,WH-London,False,False
2011-05-24,22908,-13.0,WH_London,2011-05-23,WH-London,True,False
2011-05-24,22415,59.0,Main,2011-05-12,WH-London,False,False
2011-05-24,72802C,-3.0,WH_London,2011-05-15,WH-London,True,False
2011-05-24,21220,78.0,Warehouse North,,WH-North,False,False
2011-05-24,21745,93.0,Warehouse North,2011-05-24,WH-North,False,False
2011-05-24,21147,6.0,WH_London,2011-05-10,WH-London,False,False
2011-05-24,22323,58.0,,2011-05-17,UNKNOWN,False,False
2011-05-24,23189,105.0,WH-North,2011-05-24,WH-North,False,False
2011-05-24,21348,,WH-London,2011-05-14,WH-London,False,True
2011-05-24,90214C,68.0,Warehouse North,2011-05-19,WH-North,False,False
2011-05-24,22470,121.0,Main,2011-05-20,WH-London,False,False
2011-05-24,22904,0.0,WH_London,2011-05-12,WH-London,False,False
2011-05-24,22216,19.0,Warehouse North,2011-05-10,WH-North,False,False
2011-05-24,22178,-66.0,Warehouse North,2011-05-15,WH-North,True,False
2011-05-24,23089,115.0,,,UNKNOWN,False,False
2011-05-24,22962,28.0,WH-London,2011-05-22,WH-London,False,False
2011-05-24,23057,123.0,WH-London,2011-05-24,WH-London,False,False
2011-05-24,20756,-53.0,,2011-05-24,UNKNOWN,True,False
2011-05-24,16218,-9.0,,2011-05-14,UNKNOWN,True,False
2011-05-24,46000P,97.0,WH-London ,2011-05-22,WH-London,False,False
2011-05-24,22099,36.0,WH-London,,WH-London,False,False
2011-05-24,84660C,63.0,WH-London ,2011-05-13,WH-London,False,False
2011-05-24,23272,0.0,,2011-05-19,UNKNOWN,False,False
2011-05-24,23060,27.0,WH-London ,2011-05-14,WH-London,False,False
2011-05-24,85135A,5.0,WH-London,2011-05-23,WH-London,False,False
2011-05-24,90082D,1.0,,2011-05-16,UNKNOWN,False,False
2011-05-24,85119,52.0,WH-London ,2011-05-17,WH-London,False,False
2011-05-24,21135,67.0,Main,,WH-London,False,False
2011-05-24,22248,33.0,Main,2011-05-10,WH-London,False,False
2011-05-24,23090,6.0,WH-North,2011-05-22,WH-North,False,False
2011-05-24,84746,,WH_London,,WH-London,False,True
2011-05-24,22084,61.0,WH_London,2011-05-18,WH-London,False,False
2011-05-24,90152A,53.0,WH-London ,2011-05-15,WH-London,False,False
2011-05-24,23135,61.0,,2011-05-19,UNKNOWN,False,False
2011-05-24,82613C,96.0,WH_London,2011-05-24,WH-London,False,False
2011-05-24,23085,67.0,WH-North,2011-05-12,WH-North,False,False
2011-05-24,84674,-62.0,WH-London,2011-05-12,WH-London,True,False
2011-05-24,72800F,121.0,WH-North,2011-05-16,WH-North,False,False
2011-05-24,23471,41.0,Warehouse North,,WH-North,False,False
2011-05-24,21802,121.0,Warehouse North,2011-05-17,WH-North,False,False
2011-05-24,22095,,,2011-05-24,UNKNOWN,False,True
2011-05-24,21735,41.0,,2011-05-24,UNKNOWN,False,False
2011-05-24,23204,74.0,WH_London,2011-05-10,WH-London,False,False
2011-05-24,15044B,-43.0,WH-London ,2011-05-17,WH-London,True,False
2011-05-24,82616B,6.0,WH-London ,2011-05-22,WH-London,False,False
2011-05-24,90065B,49.0,WH-London,2011-05-16,WH-London,False,False
2011-05-24,20771,5.0,WH_London,2011-05-12,WH-London,False,False
2011-05-24,22965,56.0,WH_London,,WH-London,False,False
2011-05-24,22272,74.0,WH-North,,WH-North,False,False
2011-05-24,90195B,43.0,WH_London,,WH-London,False,False
2011-05-24,81952B,56.0,WH-London,,WH-London,False,False
2011-05-24,22030,56.0,WH_London,2011-05-17,WH-London,False,False
2011-05-24,90214N,75.0,Warehouse North,,WH-North,False,False
2011-05-24,37471,52.0,Main,2011-05-15,WH-London,False,False
2011-05-24,22230,40.0,Warehouse North,2011-05-14,WH-North,False,False
2011-05-24,23547,73.0,Main,2011-05-11,WH-London,False,False
2011-05-24,23611,-54.0,WH-North,,WH-North,True,False
2011-05-24,23010,-14.0,WH-London,2011-05-16,WH-London,True,False
2011-05-24,20963,39.0,WH-North,,WH-North,False,False
2011-05-24,23093,34.0,Main,2011-05-10,WH-London,False,False
2011-05-24,90071,54.0,Main,2011-05-17,WH-London,False,False
2011-05-24,90001C,51.0,WH-North,2011-05-22,WH-North,False,False
2011-05-24,17028J,-8.0,WH-London,,WH-London,True,False
2011-05-24,22905,-5.0,WH-London,2011-05-20,WH-London,True,False
2011-05-24,22185,21.0,Warehouse North,2011-05-17,WH-North,False,False
2011-05-24,23535,,WH-London ,2011-05-16,WH-London,False,True
2011-05-24,84715,-82.0,WH_London,2011-05-20,WH-London,True,False
2011-05-24,90185B,1.0,Warehouse North,2011-05-22,WH-North,False,False
2011-05-24,84675,29.0,WH-London ,,WH-London,False,False
2011-05-26,22272,48.0,WH_London,2011-05-24,WH-London,False,False
2011-05-26,84686,22.0,WH-London ,2011-05-15,WH-London,False,False
2011-05-26,21195,52.0,Main,2011-05-20,WH-London,False,False
2011-05-26,23334,69.0,WH-North,2011-05-12,WH-North,False,False
2011-05-26,20724,27.0,WH-London,2011-05-22,WH-London,False,False
2011-05-26,22470,59.0,WH-London,2011-05-12,WH-London,False,False
2011-05-26,23159,46.0,WH_London,2011-05-12,WH-London,False,False
2011-05-26,21865,15.0,Warehouse North,2011-05-12,WH-North,False,False
2011-05-26,21265,45.0,WH-North,2011-05-16,WH-North,False,False
2011-05-26,85024C,63.0,WH-London,2011-05-18,WH-London,False,False
2011-05-26,16010,92.0,,2011-05-20,UNKNOWN,False,False
2011-05-26,82613C,99.0,WH_London,,WH-London,False,False
2011-05-26,90067B,32.0,Warehouse North,2011-05-19,WH-North,False,False
2011-05-26,90201C,31.0,WH_London,2011-05-22,WH-London,False,False
2011-05-26,85135A,51.0,WH-North,2011-05-24,WH-North,False,False
2011-05-26,20963,33.0,WH_London,2011-05-12,WH-London,False,False
2011-05-26,85040A,86.0,Warehouse North,2011-05-16,WH-North,False,False
2011-05-26,79071B,53.0,WH-London ,2011-05-26,WH-London,False,False
2011-05-26,85230F,51.0,WH_London,2011-05-16,WH-London,False,False
2011-05-26,23010,-69.0,Main,2011-05-12,WH-London,True,False
2011-05-26,21009,54.0,WH-London ,,WH-London,False,False
2011-05-26,90152A,59.0,WH-North,2011-05-21,WH-North,False,False
2011-05-26,84559B,57.0,WH-London,2011-05-25,WH-London,False,False
2011-05-26,47590B,45.0,WH_London,2011-05-23,WH-London,False,False
2011-05-26,23440,22.0,,2011-05-20,UNKNOWN,False,False
2011-05-26,90177A,102.0,,,UNKNOWN,False,False
2011-05-26,90071,22.0,WH_London,2011-05-26,WH-London,False,False
2011-05-26,90152C,99.0,WH-North,2011-05-15,WH-North,False,False
2011-05-26,21147,-60.0,WH-North,2011-05-23,WH-North,True,False
2011-05-26,85136C,31.0,WH-North,2011-05-14,WH-North,False,False
2011-05-26,22332,66.0,WH-London,2011-05-19,WH-London,False,False
2011-05-26,81950B,73.0,WH-London,2011-05-26,WH-London,False,False
2011-05-26,72225C,101.0,WH_London,2011-05-21,WH-London,False,False
2011-05-26,22248,10.0,WH-London ,2011-05-24,WH-London,False,False
2011-05-26,23204,45.0,Warehouse North,,WH-North,False,False
2011-05-26,22779,91.0,WH-London ,2011-05-19,WH-London,False,False
2011-05-26,22882,72.0,WH-North,2011-05-14,WH-North,False,False
2011-05-26,22575,64.0,WH-London ,2011-05-25,WH-London,False,False
2011-05-26,85107,94.0,Warehouse North,2011-05-22,WH-North,False,False
2011-05-26,16048,44.0,WH_London,2011-05-26,WH-London,False,False
2011-05-26,22323,-21.0,Main,2011-05-17,WH-London,True,False
2011-05-26,47593A,39.0,Warehouse North,2011-05-22,WH-North,False,False
2011-05-26,22030,110.0,,,UNKNOWN,False,False
2011-05-26,23140,58.0,WH-London ,2011-05-26,WH-London,False,False
2011-05-26,22099,24.0,Warehouse North,2011-05-15,WH-North,False,False
2011-05-26,21281,90.0,WH-London,2011-05-21,WH-London,False,False
2011-05-26,22216,75.0,,2011-05-21,UNKNOWN,False,False
2011-05-26,17028J,54.0,WH-North,2011-05-21,WH-North,False,False
2011-05-26,21662,67.0,WH-London ,2011-05-12,WH-London,False,False
2011-05-26,20803,19.0,WH-North,2011-05-23,WH-North,False,False
2011-05-26,23342,-39.0,Warehouse North,2011-05-16,WH-North,True,False
2011-05-26,37444C,48.0,Main,2011-05-20,WH-London,False,False
2011-05-26,22210,,WH_London,2011-05-25,WH-London,False,True
2011-05-26,21159,-33.0,WH-North,2011-05-16,WH-North,True,False
2011-05-26,21791,49.0,Main,2011-05-13,WH-London,False,False
2011-05-26,20677,93.0,WH-London ,2011-05-14,WH-London,False,False
2011-05-26,47469,,WH-London ,2011-05-14,WH-London,False,True
2011-05-26,22095,23.0,,2011-05-20,UNKNOWN,False,False
2011-05-26,21080,54.0,Warehouse North,2011-05-22,WH-North,False,False
2011-05-26,82616B,4.0,Warehouse North,,WH-North,False,False
2011-05-26,22087,49.0,Main,2011-05-26,WH-London,False,False
2011-05-26,15036,41.0,Warehouse North,2011-05-24,WH-North,False,False
2011-05-26,23089,87.0,WH_London,2011-05-18,WH-London,False,False
2011-05-26,20996,-14.0,Main,2011-05-17,WH-London,True,False
2011-05-26,21368,10.0,Main,2011-05-23,WH-London,False,False
2011-05-26,15044B,95.0,WH_London,2011-05-22,WH-London,False,False
2011-05-26,21348,31.0,Warehouse North,2011-05-17,WH-North,False,False
2011-05-26,79163,55.0,,2011-05-12,UNKNOWN,False,False
2011-05-26,23234,58.0,Main,2011-05-12,WH-London,False,False
2011-05-26,21222,26.0,WH_London,2011-05-15,WH-London,False,False
2011-05-26,21428,26.0,,2011-05-25,UNKNOWN,False,False
2011-05-26,20974,83.0,Main,2011-05-13,WH-London,False,False
2011-05-26,72802C,70.0,WH-North,2011-05-26,WH-North,False,False
2011-05-26,84805B,49.0,WH_London,2011-05-13,WH-London,False,False
2011-05-26,22178,45.0,Main,2011-05-24,WH-London,False,False
2011-05-26,90161B,59.0,Main,2011-05-20,WH-London,False,False
2011-05-26,44092C,61.0,Main,2011-05-19,WH-London,False,False
2011-05-26,22483,87.0,WH-North,2011-05-24,WH-North,False,False
2011-05-26,22715,-49.0,WH-North,2011-05-26,WH-North,True,False
2011-05-26,21630,63.0,WH_London,2011-05-21,WH-London,False,False
2011-05-28,22962,71.0,Warehouse North,2011-05-15,WH-North,False,False
2011-05-28,23692,72.0,,,UNKNOWN,False,False
2011-05-28,20702,93.0,WH-London ,2011-05-20,WH-London,False,False
2011-05-28,22185,49.0,,2011-05-28,UNKNOWN,False,False
2011-05-28,23518,33.0,Warehouse North,2011-05-17,WH-North,False,False
2011-05-28,23060,39.0,Warehouse North,2011-05-21,WH-North,False,False
2011-05-28,82616B,69.0,Main,2011-05-22,WH-London,False,False
2011-05-28,85024C,46.0,WH_London,2011-05-28,WH-London,False,False
2011-05-28,37444C,118.0,WH-North,2011-05-23,WH-North,False,False
2011-05-28,21159,50.0,WH-London ,2011-05-17,WH-London,False,False
2011-05-28,90071,21.0,WH-London,2011-05-19,WH-London,False,False
2011-05-28,23272,59.0,WH-London ,2011-05-28,WH-London,False,False
2011-05-28,22098,96.0,WH-London ,2011-05-25,WH-London,False,False
2011-05-28,72807B,25.0,WH-London,2011-05-18,WH-London,False,False
2011-05-28,20731,24.0,,2011-05-23,UNKNOWN,False,False
2011-05-28,90197B,,WH-London,2011-05-24,WH-London,False,True
2011-05-28,85231G,-30.0,Main,2011-05-22,WH-London,True,False
2011-05-28,85135A,9.0,WH_London,2011-05-27,WH-London,False,False
2011-05-28,22228,3.0,Main,2011-05-22,WH-London,False,False
2011-05-28,90143,56.0,Warehouse North,2011-05-20,WH-North,False,False
2011-05-28,90152A,71.0,WH_London,2011-05-21,WH-London,False,False
2011-05-28,84596J,28.0,WH-North,2011-05-28,WH-North,False,False
2011-05-28,16218,47.0,Warehouse North,2011-05-15,WH-North,False,False
2011-05-28,20803,55.0,WH-London ,2011-05-26,WH-London,False,False
2011-05-28,21348,16.0,WH_London,2011-05-25,WH-London,False,False
2011-05-28,85136C,75.0,WH-London ,2011-05-26,WH-London,False,False
2011-05-28,85026B,56.0,Main,2011-05-14,WH-London,False,False
2011-05-28,79190B,65.0,Main,2011-05-24,WH-London,False,False
2011-05-28,22099,70.0,WH-London,2011-05-17,WH-London,False,False
2011-05-28,84638,122.0,,2011-05-19,UNKNOWN,False,False
2011-05-28,21222,19.0,Warehouse North,2011-05-24,WH-North,False,False
2011-05-28,47469,23.0,Main,2011-05-25,WH-London,False,False
2011-05-28,21628,,WH_London,,WH-London,False,True
2011-05-28,23089,69.0,WH-London ,2011-05-14,WH-London,False,False
2011-05-28,21670,52.0,Warehouse North,2011-05-23,WH-North,False,False
2011-05-28,84674,35.0,Main,,WH-London,False,False
2011-05-28,22637,43.0,WH-North,2011-05-16,WH-North,False,False
2011-05-28,82616C,-43.0,WH_London,2011-05-28,WH-London,True,False
2011-05-28,22272,5.0,Main,2011-05-21,WH-London,False,False
2011-05-28,21220,79.0,WH_London,2011-05-17,WH-London,False,False
2011-05-28,85184C,-10.0,WH-London,,WH-London,True,False
2011-05-28,90065B,24.0,Warehouse North,2011-05-17,WH-North,False,False
2011-05-28,22248,-37.0,WH-London ,2011-05-15,WH-London,True,False
2011-05-28,44092C,114.0,WH-London,2011-05-25,WH-London,False,False
2011-05-28,84804A,,Warehouse North,2011-05-26,WH-North,False,True
2011-05-28,22908,59.0,Warehouse North,2011-05-23,WH-North,False,False
2011-05-28,21080,23.0,Warehouse North,2011-05-18,WH-North,False,False
2011-05-28,90025E,76.0,,2011-05-15,UNKNOWN,False,False
2011-05-28,21265,138.0,Warehouse North,2011-05-14,WH-North,False,False
2011-05-28,85040A,64.0,WH_London,2011-05-22,WH-London,False,False
2011-05-28,22087,39.0,WH-North,,WH-North,False,False
2011-05-28,84872A,-10.0,,2011-05-15,UNKNOWN,True,False
2011-05-28,84559B,70.0,Main,2011-05-20,WH-London,False,False
2011-05-28,90082D,20.0,WH-London,2011-05-22,WH-London,False,False
2011-05-28,23440,27.0,WH_London,2011-05-28,WH-London,False,False
2011-05-28,90001C,77.0,WH_London,2011-05-22,WH-London,False,False
2011-05-28,23471,35.0,WH-London ,2011-05-23,WH-London,False,False
2011-05-28,46000P,47.0,WH-London ,2011-05-23,WH-London,False,False
2011-05-28,21989,72.0,WH_London,2011-05-22,WH-London,False,False
2011-05-28,23204,-28.0,WH-London ,2011-05-22,WH-London,True,False
2011-05-28,47590B,11.0,,2011-05-20,UNKNOWN,False,False
2011-05-28,22415,63.0,Warehouse North,2011-05-20,WH-North,False,False
2011-05-28,23458,72.0,Main,2011-05-18,WH-London,False,False
2011-05-28,23140,32.0,WH-London ,,WH-London,False,False
2011-05-28,20771,31.0,WH_London,2011-05-18,WH-London,False,False
2011-05-28,72232,-16.0,Warehouse North,2011-05-15,WH-North,True,False
2011-05-28,16048,71.0,WH_London,2011-05-17,WH-London,False,False
2011-05-28,15044B,-107.0,WH-London ,,WH-London,True,False
2011-05-28,22030,77.0,Warehouse North,2011-05-17,WH-North,False,False
2011-05-28,37471,47.0,Warehouse North,2011-05-27,WH-North,False,False
2011-05-28,23483,71.0,Main,2011-05-22,WH-London,False,False
2011-05-28,85163B,25.0,,,UNKNOWN,False,False
2011-05-28,22210,61.0,WH-London ,2011-05-28,WH-London,False,False
2011-05-28,81950B,17.0,WH-London ,,WH-London,False,False
2011-05-28,21735,46.0,WH-London ,2011-05-23,WH-London,False,False
2011-05-28,84849B,82.0,WH-North,2011-05-26,WH-North,False,False
2011-05-28,20756,74.0,Main,,WH-London,False,False
2011-05-28,84660C,67.0,Main,2011-05-28,WH-London,False,False
2011-05-28,DCGSSBOY,62.0,Warehouse North,2011-05-25,WH-North,False,False
2011-05-28,22965,27.0,WH-North,2011-05-21,WH-North,False,False
2011-05-30,23090,54.0,WH-London ,2011-05-26,WH-London,False,False
2011-05-30,72807B,73.0,,2011-05-19,UNKNOWN,False,False
2011-05-30,46000P,42.0,WH-London,2011-05-25,WH-London,False,False
2011-05-30,44092C,-43.0,Main,2011-05-30,WH-London,True,False
2011-05-30,21377,35.0,WH-North,,WH-North,False,False
2011-05-30,23189,41.0,Main,2011-05-25,WH-London,False,False
2011-05-30,22185,26.0,WH-North,2011-05-22,WH-North,False,False
2011-05-30,84732B,50.0,WH-London ,2011-05-21,WH-London,False,False
2011-05-30,23135,40.0,WH-North,2011-05-16,WH-North,False,False
2011-05-30,22671,-5.0,WH_London,2011-05-21,WH-London,True,False
2011-05-30,90197B,128.0,WH_London,2011-05-27,WH-London,False,False
2011-05-30,84746,18.0,Main,2011-05-24,WH-London,False,False
2011-05-30,37424,45.0,WH-London ,2011-05-19,WH-London,False,False
2011-05-30,16011,51.0,WH-London,2011-05-20,WH-London,False,False
2011-05-30,16010,33.0,WH-North,2011-05-30,WH-North,False,False
2011-05-30,23547,47.0,WH-North,2011-05-17,WH-North,False,False
2011-05-30,20724,25.0,WH-London ,2011-05-19,WH-London,False,False
2011-05-30,20657,71.0,WH_London,2011-05-17,WH-London,False,False
2011-05-30,35819P,49.0,Warehouse North,,WH-North,False,False
2011-05-30,22248,71.0,WH-North,2011-05-25,WH-North,False,False
2011-05-30,22084,,,2011-05-16,UNKNOWN,False,True
2011-05-30,21428,-41.0,Main,,WH-London,True,False
2011-05-30,90152C,73.0,Warehouse North,2011-05-22,WH-North,False,False
2011-05-30,22178,96.0,WH-North,2011-05-19,WH-North,False,False
2011-05-30,90143,46.0,Main,2011-05-27,WH-London,False,False
2011-05-30,23342,,WH-London,2011-05-26,WH-London,False,True
2011-05-30,23341,36.0,WH-London,2011-05-29,WH-London,False,False
2011-05-30,22415,85.0,WH-London ,2011-05-19,WH-London,False,False
2011-05-30,22230,35.0,Warehouse North,2011-05-20,WH-North,False,False
2011-05-30,21368,71.0,WH-London ,2011-05-19,WH-London,False,False
2011-05-30,47593B,79.0,WH-London,2011-05-28,WH-London,False,False
2011-05-30,85231G,-14.0,WH-North,2011-05-17,WH-North,True,False
2011-05-30,22156,29.0,Warehouse North,2011-05-30,WH-North,False,False
2011-05-30,21348,28.0,WH_London,2011-05-22,WH-London,False,False
2011-05-30,22228,82.0,WH_London,2011-05-30,WH-London,False,False
2011-05-30,72232,14.0,,2011-05-25,UNKNOWN,False,False
2011-05-30,20771,59.0,Warehouse North,2011-05-17,WH-North,False,False
2011-05-30,22715,71.0,Warehouse North,2011-05-30,WH-North,False,False
2011-05-30,85136C,55.0,Warehouse North,2011-05-27,WH-North,False,False
2011-05-30,20963,-88.0,WH-North,,WH-North,True,False
2011-05-30,23234,-7.0,WH_London,2011-05-16,WH-London,True,False
2011-05-30,72800F,68.0,,2011-05-19,UNKNOWN,False,False
2011-05-30,21135,44.0,WH-North,2011-05-24,WH-North,False,False
2011-05-30,84849B,4.0,WH-London ,2011-05-29,WH-London,False,False
2011-05-30,81950B,17.0,WH-London ,2011-05-16,WH-London,False,False
2011-05-30,21336,96.0,Warehouse North,2011-05-16,WH-North,False,False
2011-05-30,21791,,WH_London,2011-05-26,WH-London,False,True
2011-05-30,22575,-74.0,WH_London,2011-05-17,WH-London,True,False
2011-05-30,22030,78.0,Main,2011-05-30,WH-London,False,False
2011-05-30,22070,-9.0,,,UNKNOWN,True,False
2011-05-30,23272,,WH-London ,2011-05-25,WH-London,False,True
2011-05-30,21195,82.0,Main,2011-05-20,WH-London,False,False
2011-05-30,23611,37.0,WH-London ,2011-05-18,WH-London,False,False
2011-05-30,23057,90.0,,2011-05-22,UNKNOWN,False,False
2011-05-30,79071B,31.0,WH-London,2011-05-25,WH-London,False,False
2011-05-30,85163B,53.0,WH-London,2011-05-28,WH-London,False,False
2011-05-30,84638,61.0,WH_London,2011-05-16,WH-London,False,False
2011-05-30,20803,72.0,,2011-05-28,UNKNOWN,False,False
2011-05-30,72802C,41.0,WH-London,2011-05-21,WH-London,False,False
2011-05-30,82616B,80.0,WH_London,2011-05-17,WH-London,False,False
2011-05-30,21220,62.0,WH-London ,2011-05-26,WH-London,False,False
2011-05-30,22779,0.0,WH-North,2011-05-21,WH-North,False,False
2011-05-30,17109D,105.0,,2011-05-18,UNKNOWN,False,False
2011-05-30,90177A,21.0,WH-North,2011-05-20,WH-North,False,False
2011-05-30,22560,107.0,Main,2011-05-20,WH-London,False,False
2011-05-30,21802,45.0,,2011-05-25,UNKNOWN,False,False
2011-05-30,85184C,39.0,WH-London ,2011-05-17,WH-London,False,False
2011-05-30,90185B,61.0,WH-North,2011-05-23,WH-North,False,False
2011-05-30,37471,29.0,WH_London,2011-05-19,WH-London,False,False
2011-05-30,DCGSSBOY,,WH-London,2011-05-24,WH-London,False,True
2011-05-30,23093,46.0,WH-North,2011-05-20,WH-North,False,False
2011-05-30,90152A,61.0,Warehouse North,2011-05-28,WH-North,False,False
2011-05-30,79163,96.0,WH-North,2011-05-30,WH-North,False,False
2011-05-30,22904,14.0,WH_London,2011-05-22,WH-London,False,False
2011-05-30,22470,67.0,Main,2011-05-29,WH-London,False,False
2011-05-30,47591D,46.0,WH-London,2011-05-17,WH-London,False,False
2011-05-30,82616C,50.0,Warehouse North,,WH-North,False,False
2011-05-30,21159,79.0,Main,2011-05-22,WH-London,False,False
2011-05-30,20677,34.0,WH-London,2011-05-30,WH-London,False,False
2011-05-30,90195B,55.0,Warehouse North,2011-05-23,WH-North,False,False
2011-06-01,84674,82.0,Main,2011-05-24,WH-London,False,False
2011-06-01,23075,-80.0,WH-London ,2011-05-29,WH-London,True,False
2011-06-01,21745,13.0,WH-London ,2011-05-27,WH-London,False,False
2011-06-01,20963,31.0,Warehouse North,2011-05-26,WH-North,False,False
2011-06-01,23535,-45.0,WH_London,2011-05-18,WH-London,True,False
2011-06-01,22216,74.0,WH-London ,2011-05-20,WH-London,False,False
2011-06-01,20756,42.0,WH_London,2011-05-18,WH-London,False,False
2011-06-01,90067B,52.0,WH_London,2011-05-27,WH-London,False,False
2011-06-01,23483,-87.0,Main,2011-05-25,WH-London,True,False
2011-06-01,35819P,39.0,,2011-05-29,UNKNOWN,False,False
2011-06-01,21336,,,2011-05-30,UNKNOWN,False,True
2011-06-01,82616B,1.0,,2011-05-30,UNKNOWN,False,False
2011-06-01,23272,38.0,,2011-05-22,UNKNOWN,False,False
2011-06-01,16218,9.0,,2011-05-22,UNKNOWN,False,False
2011-06-01,21830,53.0,,2011-05-26,UNKNOWN,False,False
2011-06-01,90185B,72.0,WH-London ,2011-06-01,WH-London,False,False
2011-06-01,22323,45.0,,2011-05-25,UNKNOWN,False,False
2011-06-01,84596J,35.0,Main,2011-05-26,WH-London,False,False
2011-06-01,21484,9.0,Main,2011-05-31,WH-London,False,False
2011-06-01,23068,100.0,,2011-05-28,UNKNOWN,False,False
2011-06-01,23334,49.0,WH-London ,2011-05-21,WH-London,False,False
2011-06-01,23010,36.0,,,UNKNOWN,False,False
2011-06-01,21865,96.0,Warehouse North,2011-05-29,WH-North,False,False
2011-06-01,22904,39.0,,,UNKNOWN,False,False
2011-06-01,90071,22.0,WH_London,2011-05-19,WH-London,False,False
2011-06-01,84631,28.0,WH-North,2011-05-18,WH-North,False,False
2011-06-01,79071B,24.0,WH_London,2011-06-01,WH-London,False,False
2011-06-01,85119,18.0,WH-London ,,WH-London,False,False
2011-06-01,37467,29.0,WH-London ,2011-05-29,WH-London,False,False
2011-06-01,90197B,122.0,WH-North,,WH-North,False,False
2011-06-01,72800F,15.0,Main,2011-05-26,WH-London,False,False
2011-06-01,72232,5.0,Main,2011-05-23,WH-London,False,False
2011-06-01,84559B,58.0,WH-London,2011-05-20,WH-London,False,False
2011-06-01,15036,47.0,WH-North,2011-05-19,WH-North,False,False
2011-06-01,23518,69.0,WH_London,2011-05-22,WH-London,False,False
2011-06-01,23204,33.0,WH-London,2011-05-24,WH-London,False,False
2011-06-01,21368,23.0,WH-London ,2011-05-23,WH-London,False,False
2011-06-01,23057,100.0,Warehouse North,2011-05-23,WH-North,False,False
2011-06-01,22289,1.0,Warehouse North,2011-05-18,WH-North,False,False
2011-06-01,22114,60.0,WH-London,2011-05-29,WH-London,False,False
2011-06-01,22715,-70.0,Warehouse North,,WH-North,True,False
2011-06-01,21222,74.0,WH-London ,2011-06-01,WH-London,False,False
2011-06-01,22066,40.0,Warehouse North,2011-06-01,WH-North,False,False
2011-06-01,22671,12.0,Main,2011-05-25,WH-London,False,False
2011-06-01,21683,94.0,WH-London,2011-05-29,WH-London,False,False
2011-06-01,15044B,36.0,WH-London ,2011-05-22,WH-London,False,False
2011-06-01,23471,-95.0,WH-London,2011-05-21,WH-London,True,False
2011-06-01,22272,61.0,Main,2011-05-30,WH-London,False,False
2011-06-01,84675,35.0,WH-North,2011-05-19,WH-North,False,False
2011-06-01,81952B,61.0,Main,,WH-London,False,False
2011-06-01,21195,84.0,Main,2011-05-30,WH-London,False,False
2011-06-01,22923,52.0,WH-London,2011-05-31,WH-London,False,False
2011-06-01,23159,27.0,WH-North,2011-06-01,WH-North,False,False
2011-06-01,84660C,-3.0,Warehouse North,2011-05-21,WH-North,True,False
2011-06-01,21216,37.0,Main,2011-06-01,WH-London,False,False
2011-06-01,47593B,74.0,,2011-05-28,UNKNOWN,False,False
2011-06-01,90026D,19.0,WH-North,2011-05-23,WH-North,False,False
2011-06-01,37471,70.0,Warehouse North,2011-05-30,WH-North,False,False
2011-06-01,85135A,50.0,WH-London,2011-05-22,WH-London,False,False
2011-06-01,90001C,72.0,WH_London,2011-05-19,WH-London,False,False
2011-06-01,23440,-20.0,WH-London ,2011-05-26,WH-London,True,False
2011-06-01,20771,7.0,,2011-05-18,UNKNOWN,False,False
2011-06-01,22084,36.0,WH-London ,2011-05-21,WH-London,False,False
2011-06-01,21504,105.0,Warehouse North,,WH-North,False,False
2011-06-01,85026B,-27.0,,2011-05-30,UNKNOWN,True,False
2011-06-01,10133,46.0,WH-London ,2011-05-22,WH-London,False,False
2011-06-01,82613C,-114.0,,,UNKNOWN,True,False
2011-06-01,20803,62.0,WH_London,2011-05-29,WH-London,False,False
2011-06-01,22210,75.0,Main,2011-05-20,WH-London,False,False
2011-06-01,20677,30.0,Main,2011-05-28,WH-London,False,False
2011-06-01,21080,85.0,WH-North,2011-05-19,WH-North,False,False
2011-06-01,21159,89.0,Main,2011-05-30,WH-London,False,False
2011-06-01,85230F,65.0,WH-London ,2011-05-22,WH-London,False,False
2011-06-01,22483,47.0,Main,2011-06-01,WH-London,False,False
2011-06-01,23060,66.0,,2011-05-31,UNKNOWN,False,False
2011-06-01,23619,1.0,WH-North,,WH-North,False,False
2011-06-01,37444C,82.0,WH-North,2011-05-27,WH-North,False,False
2011-06-01,90214C,24.0,Main,,WH-London,False,False
2011-06-01,21147,41.0,WH-London ,2011-05-18,WH-London,False,False
2011-06-01,23189,89.0,WH-North,2011-06-01,WH-North,False,False
2011-06-03,20803,82.0,WH-London,2011-05-30,WH-London,False,False
2011-06-03,20724,,WH-London ,2011-05-29,WH-London,False,True
2011-06-03,22216,21.0,WH-North,2011-05-20,WH-North,False,False
2011-06-03,23010,69.0,,2011-05-22,UNKNOWN,False,False
2011-06-03,22114,-2.0,WH_London,2011-05-28,WH-London,True,False
2011-06-03,22965,,WH-London ,2011-05-28,WH-London,False,True
2011-06-03,37444C,53.0,Main,2011-05-27,WH-London,False,False
2011-06-03,78124,92.0,WH-North,2011-06-03,WH-North,False,False
2011-06-03,21135,27.0,WH-London ,2011-06-01,WH-London,False,False
2011-06-03,21735,30.0,Main,2011-05-25,WH-London,False,False
2011-06-03,22070,,WH-London ,2011-05-22,WH-London,False,True
2011-06-03,90065B,41.0,WH-London ,2011-05-22,WH-London,False,False
2011-06-03,20657,12.0,Warehouse North,2011-05-23,WH-North,False,False
2011-06-03,22095,66.0,WH_London,2011-05-20,WH-London,False,False
2011-06-03,22156,-2.0,WH-London,2011-05-28,WH-London,True,False
2011-06-03,22671,93.0,WH_London,2011-05-21,WH-London,False,False
2011-06-03,22415,55.0,WH_London,2011-05-28,WH-London,False,False
2011-06-03,23518,23.0,Main,2011-05-26,WH-London,False,False
2011-06-03,35965,84.0,WH-London,2011-05-25,WH-London,False,False
2011-06-03,37471,84.0,WH-North,2011-05-23,WH-North,False,False
2011-06-03,23483,50.0,WH-London,2011-05-26,WH-London,False,False
2011-06-03,22210,118.0,WH-North,2011-05-21,WH-North,False,False
2011-06-03,84596J,117.0,,2011-06-02,UNKNOWN,False,False
2011-06-03,23334,59.0,WH-North,2011-05-23,WH-North,False,False
2011-06-03,21791,81.0,WH_London,2011-05-31,WH-London,False,False
2011-06-03,22272,89.0,Main,2011-05-30,WH-London,False,False
2011-06-03,22332,15.0,WH-London,2011-05-28,WH-London,False,False
2011-06-03,21336,58.0,WH_London,2011-05-22,WH-London,False,False
2011-06-03,23068,29.0,WH-North,2011-05-27,WH-North,False,False
2011-06-03,23342,25.0,Main,2011-05-24,WH-London,False,False
2011-06-03,22087,53.0,WH-London,2011-05-31,WH-London,False,False
2011-06-03,21865,55.0,Main,2011-06-02,WH-London,False,False
2011-06-03,20996,1.0,,,UNKNOWN,False,False
2011-06-03,23135,60.0,Warehouse North,2011-05-29,WH-North,False,False
2011-06-03,21745,42.0,WH-London ,,WH-London,False,False
2011-06-03,21265,91.0,Main,2011-05-24,WH-London,False,False
2011-06-03,21147,84.0,Warehouse North,2011-05-22,WH-North,False,False
2011-06-03,84559B,-24.0,WH-North,2011-05-28,WH-North,True,False
2011-06-03,79163,89.0,WH-London ,2011-05-30,WH-London,False,False
2011-06-03,20966,66.0,WH_London,2011-05-29,WH-London,False,False
2011-06-03,90001C,43.0,,2011-05-20,UNKNOWN,False,False
2011-06-03,84746,34.0,Warehouse North,2011-05-27,WH-North,False,False
2011-06-03,90011C,15.0,WH-London,2011-06-01,WH-London,False,False
2011-06-03,22715,13.0,WH-London,2011-05-27,WH-London,False,False
2011-06-03,23140,-4.0,Main,2011-05-29,WH-London,True,False
2011-06-03,16010,50.0,WH-North,2011-05-25,WH-North,False,False
2011-06-03,21009,11.0,WH-London,2011-05-30,WH-London,False,False
2011-06-03,22248,24.0,,2011-05-22,UNKNOWN,False,False
2011-06-03,22185,69.0,Warehouse North,2011-06-03,WH-North,False,False
2011-06-03,21220,94.0,Warehouse North,2011-05-31,WH-North,False,False
2011-06-03,23547,15.0,WH-North,2011-05-27,WH-North,False,False
2011-06-03,21159,-68.0,Warehouse North,2011-05-21,WH-North,True,False
2011-06-03,21670,40.0,Main,,WH-London,False,False
2011-06-03,21348,,WH-London,2011-05-30,WH-London,False,True
2011-06-03,23085,-54.0,Warehouse North,,WH-North,True,False
2011-06-03,84674,30.0,WH-London,,WH-London,False,False
2011-06-03,82616C,47.0,WH-London,2011-05-25,WH-London,False,False
2011-06-03,84872A,52.0,WH-North,2011-06-01,WH-North,False,False
2011-06-03,47591D,84.0,WH_London,2011-05-30,WH-London,False,False
2011-06-03,22962,91.0,,2011-05-25,UNKNOWN,False,False
2011-06-03,81950B,32.0,,2011-05-20,UNKNOWN,False,False
2011-06-03,22066,41.0,Main,2011-05-25,WH-London,False,False
2011-06-03,21188,74.0,Warehouse North,2011-05-21,WH-North,False,False
2011-06-03,84631,44.0,Warehouse North,2011-05-29,WH-North,False,False
2011-06-03,22483,71.0,Main,2011-05-24,WH-London,False,False
2011-06-03,72800F,77.0,,2011-06-02,UNKNOWN,False,False
2011-06-03,21377,80.0,WH_London,2011-05-25,WH-London,False,False
2011-06-03,15044B,52.0,,2011-06-03,UNKNOWN,False,False
2011-06-03,20771,15.0,Warehouse North,2011-05-26,WH-North,False,False
2011-06-03,22637,44.0,WH-London,2011-06-02,WH-London,False,False
2011-06-03,90161B,34.0,,,UNKNOWN,False,False
2011-06-03,72807B,-73.0,WH_London,2011-05-22,WH-London,True,False
2011-06-03,23272,-95.0,WH-London ,2011-05-28,WH-London,True,False
2011-06-03,23060,96.0,Warehouse North,2011-05-27,WH-North,False,False
2011-06-03,23159,,WH-London,2011-05-20,WH-London,False,True
2011-06-03,90067B,21.0,,2011-06-02,UNKNOWN,False,False
2011-06-03,90152A,92.0,WH_London,,WH-London,False,False
2011-06-03,20677,62.0,WH-London ,2011-05-27,WH-London,False,False
2011-06-03,16011,25.0,WH-London,2011-05-31,WH-London,False,False
2011-06-03,23692,75.0,Warehouse North,2011-05-28,WH-North,False,False
2011-06-05,21356,43.0,,,UNKNOWN,False,False
2011-06-05,90065B,-8.0,WH-North,,WH-North,True,False
2011-06-05,17028J,20.0,WH-London,2011-05-24,WH-London,False,False
2011-06-05,23089,48.0,Main,2011-05-26,WH-London,False,False
2011-06-05,21830,46.0,WH_London,2011-06-03,WH-London,False,False
2011-06-05,23075,18.0,WH-London,2011-05-25,WH-London,False,False
2011-06-05,23060,72.0,Warehouse North,,WH-North,False,False
2011-06-05,21368,65.0,WH_London,,WH-London,False,False
2011-06-05,21989,6.0,Main,2011-06-04,WH-London,False,False
2011-06-05,21222,129.0,,2011-05-23,UNKNOWN,False,False
2011-06-05,20803,13.0,WH-North,2011-06-03,WH-North,False,False
2011-06-05,84638,36.0,Warehouse North,2011-05-23,WH-North,False,False
2011-06-05,85163B,61.0,WH-London,,WH-London,False,False
2011-06-05,84715,36.0,WH_London,,WH-London,False,False
2011-06-05,22210,93.0,WH-North,2011-05-29,WH-North,False,False
2011-06-05,23204,44.0,Main,2011-05-29,WH-London,False,False
2011-06-05,85231G,22.0,WH_London,2011-05-23,WH-London,False,False
2011-06-05,21159,68.0,WH-London ,2011-05-23,WH-London,False,False
2011-06-05,82616C,-36.0,WH-North,2011-05-26,WH-North,True,False
2011-06-05,23272,-66.0,Warehouse North,2011-06-04,WH-North,True,False
2011-06-05,90026D,88.0,Main,,WH-London,False,False
2011-06-05,84674,-19.0,WH_London,2011-05-25,WH-London,True,False
2011-06-05,84596J,37.0,WH_London,2011-05-24,WH-London,False,False
2011-06-05,22185,0.0,Main,2011-05-22,WH-London,False,False
2011-06-05,21348,,,2011-06-05,UNKNOWN,False,True
2011-06-05,90011C,117.0,WH-London,2011-05-25,WH-London,False,False
2011-06-05,90161B,56.0,WH-North,2011-05-24,WH-North,False,False
2011-06-05,23518,43.0,,2011-05-29,UNKNOWN,False,False
2011-06-05,22030,-34.0,WH-North,2011-05-22,WH-North,True,False
2011-06-05,72800F,16.0,,2011-05-24,UNKNOWN,False,False
2011-06-05,23547,46.0,WH-London,2011-05-22,WH-London,False,False
2011-06-05,72802C,,WH-London,2011-06-05,WH-London,False,True
2011-06-05,21281,60.0,WH-North,2011-06-05,WH-North,False,False
2011-06-05,22965,73.0,WH-North,,WH-North,False,False
2011-06-05,44092C,,WH-London ,2011-05-23,WH-London,False,True
2011-06-05,21628,-51.0,WH-North,2011-06-04,WH-North,True,False
2011-06-05,21009,35.0,WH_London,2011-05-25,WH-London,False,False
2011-06-05,21670,21.0,WH-North,2011-05-26,WH-North,False,False
2011-06-05,21791,23.0,WH-North,,WH-North,False,False
2011-06-05,47591D,66.0,WH-London ,2011-06-04,WH-London,False,False
2011-06-05,23692,-26.0,WH_London,2011-05-22,WH-London,True,False
2011-06-05,21377,-5.0,WH-London ,2011-05-22,WH-London,True,False
2011-06-05,21220,145.0,Warehouse North,2011-05-24,WH-North,False,False
2011-06-05,20756,30.0,WH-London ,2011-05-25,WH-London,False,False
2011-06-05,22905,94.0,Main,2011-05-24,WH-London,False,False
2011-06-05,72232,48.0,Main,2011-05-28,WH-London,False,False
2011-06-05,90067B,33.0,WH_London,2011-05-25,WH-London,False,False
2011-06-05,22332,69.0,Main,2011-06-05,WH-London,False,False
2011-06-05,81950B,52.0,WH-London ,2011-05-25,WH-London,False,False
2011-06-05,90071,44.0,WH_London,2011-05-26,WH-London,False,False
2011-06-05,79163,48.0,Main,2011-05-30,WH-London,False,False
2011-06-05,22960,61.0,Main,2011-05-26,WH-London,False,False
2011-06-05,15044B,,WH-North,2011-05-23,WH-North,False,True
2011-06-05,20996,-35.0,WH-North,2011-05-24,WH-North,True,False
2011-06-05,23085,20.0,Warehouse North,2011-06-05,WH-North,False,False
2011-06-05,10133,13.0,,2011-05-27,UNKNOWN,False,False
2011-06-05,21216,105.0,WH-London ,2011-05-23,WH-London,False,False
2011-06-05,79190B,22.0,WH-London ,2011-05-22,WH-London,False,False
2011-06-05,23334,79.0,Warehouse North,2011-06-04,WH-North,False,False
2011-06-05,15036,39.0,WH-London ,2011-05-27,WH-London,False,False
2011-06-05,37467,66.0,Main,2011-06-01,WH-London,False,False
2011-06-05,23140,49.0,WH-North,2011-05-25,WH-North,False,False
2011-06-05,85186C,-3.0,WH-North,2011-05-22,WH-North,True,False
2011-06-05,23189,50.0,WH_London,2011-05-23,WH-London,False,False
2011-06-05,23135,68.0,,2011-05-28,UNKNOWN,False,False
2011-06-05,23471,21.0,WH-North,2011-06-03,WH-North,False,False
2011-06-05,17109D,-119.0,WH_London,2011-06-02,WH-London,True,False
2011-06-05,84805B,74.0,WH-North,2011-06-03,WH-North,False,False
2011-06-05,16011,74.0,WH-London ,2011-05-30,WH-London,False,False
2011-06-05,84746,77.0,WH-London ,2011-06-02,WH-London,False,False
2011-06-05,90001C,-20.0,WH-London ,2011-05-27,WH-London,True,False
2011-06-05,22098,71.0,WH_London,2011-05-29,WH-London,False,False
2011-06-05,90152C,118.0,Main,2011-06-03,WH-London,False,False
2011-06-05,21484,72.0,Main,2011-06-03,WH-London,False,False
2011-06-05,85119,,Main,2011-06-04,WH-London,False,True
2011-06-05,20702,,WH-London ,2011-05-31,WH-London,False,True
2011-06-05,21195,,,2011-05-24,UNKNOWN,False,True
2011-06-05,21735,10.0,WH-London ,2011-05-26,WH-London,False,False
2011-06-05,84989A,37.0,Main,2011-05-25,WH-London,False,False
2011-06-05,47590B,17.0,,2011-06-02,UNKNOWN,False,False
2011-06-07,21368,,,2011-05-30,UNKNOWN,False,True
2011-06-07,90011C,56.0,,2011-05-31,UNKNOWN,False,False
2011-06-07,21630,-1.0,WH_London,2011-05-26,WH-London,True,False
2011-06-07,22323,-27.0,,2011-06-02,UNKNOWN,True,False
2011-06-07,10133,32.0,WH-North,2011-06-04,WH-North,False,False
2011-06-07,84631,31.0,WH-North,2011-05-26,WH-North,False,False
2011-06-07,21377,50.0,WH-North,2011-05-27,WH-North,False,False
2011-06-07,22178,53.0,WH-London ,2011-06-04,WH-London,False,False
2011-06-07,72800F,37.0,WH-London ,2011-05-24,WH-London,False,False
2011-06-07,22962,29.0,Main,2011-05-28,WH-London,False,False
2011-06-07,84715,49.0,WH_London,2011-05-31,WH-London,False,False
2011-06-07,37471,93.0,Main,,WH-London,False,False
2011-06-07,22575,6.0,Main,2011-05-27,WH-London,False,False
2011-06-07,23234,83.0,Main,2011-05-29,WH-London,False,False
2011-06-07,37444C,0.0,Main,2011-05-26,WH-London,False,False
2011-06-07,21135,60.0,WH-London,2011-05-30,WH-London,False,False
2011-06-07,22332,81.0,WH-London ,2011-06-02,WH-London,False,False
2011-06-07,90071,10.0,WH-North,2011-06-04,WH-North,False,False
2011-06-07,84596J,60.0,WH-London ,2011-06-04,WH-London,False,False
2011-06-07,85184C,18.0,Warehouse North,2011-06-02,WH-North,False,False
2011-06-07,84686,85.0,WH-North,2011-05-28,WH-North,False,False
2011-06-07,17028J,1.0,Warehouse North,2011-05-28,WH-North,False,False
2011-06-07,90161B,23.0,WH-London ,,WH-London,False,False
2011-06-07,22715,53.0,WH-London,2011-06-06,WH-London,False,False
2011-06-07,37424,71.0,Main,2011-06-01,WH-London,False,False
2011-06-07,21220,52.0,WH_London,,WH-London,False,False
2011-06-07,22637,64.0,WH-London,2011-05-29,WH-London,False,False
2011-06-07,35965,33.0,WH-North,2011-05-31,WH-North,False,False
2011-06-07,21428,17.0,,2011-06-07,UNKNOWN,False,False
2011-06-07,21504,,,2011-06-02,UNKNOWN,False,True
2011-06-07,22671,64.0,WH-London ,2011-05-28,WH-London,False,False
2011-06-07,82616C,35.0,,2011-05-27,UNKNOWN,False,False
2011-06-07,21735,0.0,Warehouse North,2011-05-28,WH-North,False,False
2011-06-07,20803,86.0,WH-North,2011-06-07,WH-North,False,False
2011-06-07,22099,87.0,Warehouse North,2011-05-31,WH-North,False,False
2011-06-07,16010,43.0,WH-London ,2011-05-25,WH-London,False,False
2011-06-07,79071B,30.0,WH-London ,2011-06-01,WH-London,False,False
2011-06-07,21791,42.0,,2011-05-31,UNKNOWN,False,False
2011-06-07,21147,43.0,Main,2011-06-01,WH-London,False,False
2011-06-07,20702,73.0,WH-North,2011-06-02,WH-North,False,False
2011-06-07,20731,-15.0,WH-London,2011-05-28,WH-London,True,False
2011-06-07,90082D,32.0,WH_London,,WH-London,False,False
2011-06-07,23692,44.0,,2011-05-25,UNKNOWN,False,False
2011-06-07,82613C,57.0,Warehouse North,,WH-North,False,False
2011-06-07,20677,75.0,WH-London,2011-06-03,WH-London,False,False
2011-06-07,22098,59.0,,2011-05-29,UNKNOWN,False,False
2011-06-07,84559B,102.0,WH_London,2011-05-26,WH-London,False,False
2011-06-07,23518,20.0,WH-London,2011-05-26,WH-London,False,False
2011-06-07,23060,93.0,WH-London ,2011-06-01,WH-London,False,False
2011-06-07,16048,21.0,Main,2011-06-07,WH-London,False,False
2011-06-07,23189,38.0,WH-London ,2011-05-25,WH-London,False,False
2011-06-07,22483,61.0,WH-London ,2011-06-02,WH-London,False,False
2011-06-07,79163,85.0,Warehouse North,2011-06-02,WH-North,False,False
2011-06-07,47469,38.0,WH-North,2011-05-27,WH-North,False,False
2011-06-07,21195,-61.0,WH-North,2011-05-28,WH-North,True,False
2011-06-07,84804A,40.0,Main,2011-05-27,WH-London,False,False
2011-06-07,22185,-18.0,WH-London,2011-06-01,WH-London,True,False
2011-06-07,90201C,48.0,,2011-06-04,UNKNOWN,False,False
2011-06-07,84872A,12.0,WH-London ,2011-05-29,WH-London,False,False
2011-06-07,23057,88.0,Warehouse North,2011-05-27,WH-North,False,False
2011-06-07,21683,88.0,Main,2011-05-29,WH-London,False,False
2011-06-07,22470,24.0,Main,2011-05-24,WH-London,False,False
2011-06-07,21662,20.0,WH-London,,WH-London,False,False
2011-06-07,23093,31.0,,2011-05-26,UNKNOWN,False,False
2011-06-07,21281,65.0,WH-London,2011-06-07,WH-London,False,False
2011-06-07,23334,66.0,,2011-05-26,UNKNOWN,False,False
2011-06-07,21009,152.0,Main,2011-05-24,WH-London,False,False
2011-06-07,90177A,40.0,,2011-05-26,UNKNOWN,False,False
2011-06-07,23611,52.0,Main,2011-05-27,WH-London,False,False
2011-06-07,23089,107.0,,2011-05-29,UNKNOWN,False,False
2011-06-07,47591D,58.0,Warehouse North,2011-05-24,WH-North,False,False
2011-06-07,90152A,17.0,WH_London,2011-05-30,WH-London,False,False
2011-06-07,20756,60.0,,,UNKNOWN,False,False
2011-06-07,22965,71.0,WH-North,2011-06-07,WH-North,False,False
2011-06-07,23547,39.0,,2011-05-29,UNKNOWN,False,False
2011-06-07,22904,73.0,WH-London,2011-05-27,WH-London,False,False
2011-06-07,21356,71.0,Warehouse North,,WH-North,False,False
2011-06-07,22087,36.0,WH-London ,2011-05-25,WH-London,False,False
2011-06-07,85024C,96.0,Warehouse North,2011-06-04,WH-North,False,False
2011-06-07,20996,26.0,WH-London,2011-06-04,WH-London,False,False
2011-06-09,21628,63.0,Main,,WH-London,False,False
2011-06-09,21220,31.0,WH_London,2011-06-09,WH-London,False,False
2011-06-09,20731,,WH-North,2011-06-03,WH-North,False,True
2011-06-09,23093,60.0,WH_London,2011-05-29,WH-London,False,False
2011-06-09,23140,107.0,,,UNKNOWN,False,False
2011-06-09,21080,48.0,WH-North,2011-06-01,WH-North,False,False
2011-06-09,90201C,5.0,Warehouse North,2011-05-28,WH-North,False,False
2011-06-09,85040A,56.0,Warehouse North,,WH-North,False,False
2011-06-09,84596J,25.0,Main,2011-06-03,WH-London,False,False
2011-06-09,20702,81.0,Main,2011-06-03,WH-London,False,False
2011-06-09,72807B,43.0,WH-London ,2011-05-27,WH-London,False,False
2011-06-09,17028J,-3.0,WH-North,2011-06-06,WH-North,True,False
2011-06-09,90152A,65.0,Main,2011-05-28,WH-London,False,False
2011-06-09,85231G,56.0,WH-London ,2011-05-31,WH-London,False,False
2011-06-09,21265,41.0,WH-London ,2011-06-05,WH-London,False,False
2011-06-09,21865,18.0,Warehouse North,2011-06-04,WH-North,False,False
2011-06-09,79071B,-103.0,WH-London,2011-06-09,WH-London,True,False
2011-06-09,90011C,36.0,WH_London,2011-05-28,WH-London,False,False
2011-06-09,23440,76.0,Main,2011-05-31,WH-London,False,False
2011-06-09,85184C,36.0,WH_London,2011-05-31,WH-London,False,False
2011-06-09,84989A,70.0,Warehouse North,2011-05-31,WH-North,False,False
2011-06-09,72232,51.0,WH_London,2011-05-31,WH-London,False,False
2011-06-09,22087,50.0,WH_London,2011-05-29,WH-London,False,False
2011-06-09,22272,25.0,WH-London ,2011-05-30,WH-London,False,False
2011-06-09,84746,65.0,Warehouse North,2011-06-01,WH-North,False,False
2011-06-09,23272,92.0,WH_London,2011-05-27,WH-London,False,False
2011-06-09,82613C,18.0,WH-London,2011-05-31,WH-London,False,False
2011-06-09,23611,25.0,WH_London,2011-05-29,WH-London,False,False
2011-06-09,22230,138.0,Warehouse North,2011-05-31,WH-North,False,False
2011-06-09,22114,19.0,WH_London,2011-06-02,WH-London,False,False
2011-06-09,90177A,33.0,WH-London ,,WH-London,False,False
2011-06-09,16010,91.0,Warehouse North,2011-06-03,WH-North,False,False
2011-06-09,22070,92.0,Main,2011-06-08,WH-London,False,False
2011-06-09,72802C,-22.0,Main,2011-06-04,WH-London,True,False
2011-06-09,20996,72.0,,2011-06-06,UNKNOWN,False,False
2011-06-09,22098,44.0,WH-North,,WH-North,False,False
2011-06-09,23619,45.0,WH_London,2011-06-04,WH-London,False,False
2011-06-09,22099,84.0,Warehouse North,2011-06-04,WH-North,False,False
2011-06-09,47469,39.0,WH_London,2011-06-08,WH-London,False,False
2011-06-09,15044B,34.0,WH-London ,2011-06-07,WH-London,False,False
2011-06-09,37467,40.0,Warehouse North,2011-06-07,WH-North,False,False
2011-06-09,84805B,39.0,WH-London,2011-05-28,WH-London,False,False
2011-06-09,90185B,60.0,WH_London,2011-06-06,WH-London,False,False
2011-06-09,20966,89.0,Warehouse North,2011-05-26,WH-North,False,False
2011-06-09,90143,62.0,WH-London,2011-05-28,WH-London,False,False
2011-06-09,21802,49.0,,2011-06-03,UNKNOWN,False,False
2011-06-09,85186C,66.0,WH-North,2011-05-30,WH-North,False,False
2011-06-09,20657,73.0,,2011-06-07,UNKNOWN,False,False
2011-06-09,84660C,67.0,WH-London ,2011-06-03,WH-London,False,False
2011-06-09,84856S,29.0,Warehouse North,2011-05-31,WH-North,False,False
2011-06-09,23471,62.0,WH-London ,2011-05-27,WH-London,False,False
2011-06-09,79163,,Warehouse North,2011-06-02,WH-North,False,True
2011-06-09,90067B,96.0,WH_London,2011-05-28,WH-London,False,False
2011-06-09,21745,95.0,,2011-06-04,UNKNOWN,False,False
2011-06-09,23060,76.0,WH-London ,2011-06-07,WH-London,False,False
2011-06-09,85135A,87.0,,2011-05-28,UNKNOWN,False,False
2011-06-09,21830,47.0,WH-London,2011-05-31,WH-London,False,False
2011-06-09,23135,27.0,WH-London ,2011-06-07,WH-London,False,False
2011-06-09,22216,12.0,WH_London,2011-06-09,WH-London,False,False
2011-06-09,20771,80.0,WH-London,2011-06-03,WH-London,False,False
2011-06-09,23692,27.0,Warehouse North,2011-05-31,WH-North,False,False
2011-06-09,84849B,38.0,,2011-06-02,UNKNOWN,False,False
2011-06-09,21989,56.0,WH_London,2011-05-29,WH-London,False,False
2011-06-09,22908,48.0,Main,2011-05-30,WH-London,False,False
2011-06-09,81952B,-57.0,WH-North,2011-06-02,WH-North,True,False
2011-06-09,21135,-4.0,WH-London ,2011-05-28,WH-London,True,False
2011-06-09,79160,-42.0,Warehouse North,2011-05-30,WH-North,True,False
2011-06-09,90152C,74.0,WH-London ,2011-06-04,WH-London,False,False
2011-06-09,21222,-37.0,,2011-06-04,UNKNOWN,True,False
2011-06-09,21504,24.0,WH-London,2011-06-03,WH-London,False,False
2011-06-09,22779,78.0,WH-London ,2011-06-04,WH-London,False,False
2011-06-09,22923,37.0,Warehouse North,2011-05-27,WH-North,False,False
2011-06-09,84789,55.0,WH-North,2011-06-06,WH-North,False,False
2011-06-09,84631,43.0,WH-North,2011-06-08,WH-North,False,False
2011-06-09,22470,49.0,WH-North,2011-06-08,WH-North,False,False
2011-06-09,85136C,95.0,WH-London ,,WH-London,False,False
2011-06-09,21147,67.0,WH-North,,WH-North,False,False
2011-06-09,22671,13.0,WH-London ,,WH-London,False,False
2011-06-09,90197B,38.0,WH-North,2011-05-27,WH-North,False,False
2011-06-09,85163B,37.0,WH-North,2011-06-03,WH-North,False,False
2011-06-11,84675,56.0,,2011-06-05,UNKNOWN,False,False
2011-06-11,85136C,77.0,,2011-05-31,UNKNOWN,False,False
2011-06-11,85107,50.0,WH_London,,WH-London,False,False
2011-06-11,23093,-50.0,WH_London,2011-06-11,WH-London,True,False
2011-06-11,90065B,-16.0,WH-London ,2011-06-04,WH-London,True,False
2011-06-11,22575,-89.0,WH-North,2011-06-11,WH-North,True,False
2011-06-11,90177A,44.0,WH-North,2011-06-02,WH-North,False,False
2011-06-11,22230,57.0,WH_London,2011-05-29,WH-London,False,False
2011-06-11,84746,57.0,WH-London,2011-06-08,WH-London,False,False
2011-06-11,22965,26.0,WH-North,2011-06-07,WH-North,False,False
2011-06-11,22882,42.0,WH_London,2011-05-30,WH-London,False,False
2011-06-11,82613C,26.0,Warehouse North,,WH-North,False,False
2011-06-11,84596J,91.0,WH-London,2011-05-30,WH-London,False,False
2011-06-11,84989A,-16.0,WH-London ,2011-06-01,WH-London,True,False
2011-06-11,21989,21.0,,2011-06-05,UNKNOWN,False,False
2011-06-11,85024C,40.0,WH-North,,WH-North,False,False
2011-06-11,21745,,WH_London,2011-05-28,WH-London,False,True
2011-06-11,90082D,71.0,WH_London,2011-05-29,WH-London,False,False
2011-06-11,22248,0.0,Main,2011-05-31,WH-London,False,False
2011-06-11,23189,46.0,Main,2011-06-07,WH-London,False,False
2011-06-11,22928,-71.0,WH-London,2011-06-11,WH-London,True,False
2011-06-11,90195B,116.0,Warehouse North,2011-06-04,WH-North,False,False
2011-06-11,21428,39.0,WH-North,2011-05-28,WH-North,False,False
2011-06-11,21159,14.0,WH-North,2011-06-10,WH-North,False,False
2011-06-11,84715,,Main,2011-06-07,WH-London,False,True
2011-06-11,21216,48.0,WH-London ,2011-06-06,WH-London,False,False
2011-06-11,23611,-63.0,WH_London,2011-06-05,WH-London,True,False
2011-06-11,23234,70.0,Warehouse North,2011-06-09,WH-North,False,False
2011-06-11,84805B,59.0,WH-London,2011-06-05,WH-London,False,False
2011-06-11,47469,65.0,WH-London ,2011-06-09,WH-London,False,False
2011-06-11,22272,99.0,WH-North,2011-06-04,WH-North,False,False
2011-06-11,35819P,41.0,WH_London,2011-06-06,WH-London,False,False
2011-06-11,35965,-13.0,WH-North,2011-06-02,WH-North,True,False
2011-06-11,23458,59.0,WH-London ,2011-06-10,WH-London,False,False
2011-06-11,23471,11.0,WH-London,2011-06-11,WH-London,False,False
2011-06-11,23341,16.0,Main,,WH-London,False,False
2011-06-11,23159,25.0,Warehouse North,,WH-North,False,False
2011-06-11,85026B,,WH_London,2011-06-10,WH-London,False,True
2011-06-11,20963,85.0,WH_London,2011-06-01,WH-London,False,False
2011-06-11,84856S,51.0,WH-London ,2011-05-30,WH-London,False,False
2011-06-11,72232,71.0,,2011-06-07,UNKNOWN,False,False
2011-06-11,20966,65.0,WH-North,2011-06-10,WH-North,False,False
2011-06-11,22084,43.0,Main,2011-06-11,WH-London,False,False
2011-06-11,20724,78.0,Main,2011-06-11,WH-London,False,False
2011-06-11,22904,35.0,Main,2011-06-08,WH-London,False,False
2011-06-11,22323,44.0,,2011-05-28,UNKNOWN,False,False
2011-06-11,23692,28.0,Warehouse North,,WH-North,False,False
2011-06-11,20657,92.0,,2011-06-05,UNKNOWN,False,False
2011-06-11,22483,46.0,WH_London,,WH-London,False,False
2011-06-11,90197B,67.0,WH-London ,2011-06-07,WH-London,False,False
2011-06-11,21135,32.0,Warehouse North,,WH-North,False,False
2011-06-11,22905,75.0,Warehouse North,2011-05-29,WH-North,False,False
2011-06-11,90011C,73.0,WH-London,2011-06-06,WH-London,False,False
2011-06-11,90201C,1.0,WH-North,2011-06-07,WH-North,False,False
2011-06-11,90071,50.0,,2011-06-09,UNKNOWN,False,False
2011-06-11,23068,53.0,WH_London,2011-06-03,WH-London,False,False
2011-06-11,23272,41.0,WH_London,2011-06-03,WH-London,False,False
2011-06-11,21265,91.0,Warehouse North,2011-06-10,WH-North,False,False
2011-06-11,21670,13.0,WH_London,,WH-London,False,False
2011-06-11,20996,36.0,WH-London ,2011-05-28,WH-London,False,False
2011-06-11,23140,24.0,WH-London ,2011-06-09,WH-London,False,False
2011-06-11,16011,80.0,Warehouse North,2011-06-04,WH-North,False,False
2011-06-11,21147,19.0,WH_London,2011-06-02,WH-London,False,False
2011-06-11,20731,-4.0,WH-North,2011-06-02,WH-North,True,False
2011-06-11,20702,62.0,Warehouse North,2011-06-04,WH-North,False,False
2011-06-11,23619,45.0,WH_London,2011-06-09,WH-London,False,False
2011-06-11,22637,81.0,WH-North,2011-05-30,WH-North,False,False
2011-06-11,72800F,-74.0,WH_London,2011-06-04,WH-London,True,False
2011-06-11,23090,48.0,,2011-06-05,UNKNOWN,False,False
2011-06-11,85135A,6.0,Main,2011-05-28,WH-London,False,False
2011-06-11,84686,-14.0,WH-London ,2011-06-05,WH-London,True,False
2011-06-11,15036,-3.0,WH-London ,2011-06-11,WH-London,True,False
2011-06-11,46000P,45.0,,2011-06-08,UNKNOWN,False,False
2011-06-11,85186C,30.0,WH-North,,WH-North,False,False
2011-06-11,22289,,WH-London ,2011-06-03,WH-London,False,True
2011-06-11,21348,55.0,,2011-06-01,UNKNOWN,False,False
2011-06-11,90001C,106.0,WH-North,,WH-North,False,False
2011-06-11,22087,67.0,Main,,WH-London,False,False
2011-06-11,22030,52.0,WH-London,2011-05-29,WH-London,False,False
2011-06-11,21195,3.0,Main,2011-05-28,WH-London,False,False
2011-06-13,85026B,50.0,WH-London,2011-06-10,WH-London,False,False
2011-06-13,23334,76.0,Warehouse North,2011-06-01,WH-North,False,False
2011-06-13,22114,61.0,WH_London,,WH-London,False,False
2011-06-13,21802,18.0,WH-London ,,WH-London,False,False
2011-06-13,84638,38.0,WH_London,2011-06-04,WH-London,False,False
2011-06-13,21484,-52.0,WH-North,2011-06-11,WH-North,True,False
2011-06-13,22272,-37.0,Main,2011-06-03,WH-London,True,False
2011-06-13,84789,31.0,WH-London,2011-06-03,WH-London,False,False
2011-06-13,21216,-14.0,WH_London,2011-06-05,WH-London,True,False
2011-06-13,22095,26.0,Warehouse North,2011-06-02,WH-North,False,False
2011-06-13,85024C,57.0,WH-London ,,WH-London,False,False
2011-06-13,84596J,76.0,WH-London,2011-06-11,WH-London,False,False
2011-06-13,20731,52.0,WH-London ,2011-06-04,WH-London,False,False
2011-06-13,22715,81.0,Main,2011-06-13,WH-London,False,False
2011-06-13,90201C,47.0,Main,2011-06-05,WH-London,False,False
2011-06-13,21135,23.0,WH_London,2011-05-30,WH-London,False,False
2011-06-13,22248,35.0,WH-London,2011-06-07,WH-London,False,False
2011-06-13,22289,64.0,WH_London,2011-06-13,WH-London,False,False
2011-06-13,90214N,-41.0,Main,2011-06-11,WH-London,True,False
2011-06-13,21159,30.0,Warehouse North,2011-06-07,WH-North,False,False
2011-06-13,90214C,3.0,WH-London ,2011-06-08,WH-London,False,False
2011-06-13,20702,23.0,WH_London,2011-06-09,WH-London,False,False
2011-06-13,21670,38.0,WH-London ,2011-06-08,WH-London,False,False
2011-06-13,90143,-32.0,Warehouse North,2011-06-13,WH-North,True,False
2011-06-13,16218,20.0,WH-London ,2011-06-01,WH-London,False,False
2011-06-13,22178,96.0,WH-London,2011-06-01,WH-London,False,False
2011-06-13,35819P,68.0,WH-North,,WH-North,False,False
2011-06-13,20963,115.0,Main,2011-06-03,WH-London,False,False
2011-06-13,90026D,1.0,WH-London,2011-06-12,WH-London,False,False
2011-06-13,22470,,WH-North,2011-05-30,WH-North,False,True
2011-06-13,90067B,36.0,WH-London,2011-06-07,WH-London,False,False
2011-06-13,46000P,50.0,Warehouse North,,WH-North,False,False
2011-06-13,22099,105.0,Warehouse North,2011-06-11,WH-North,False,False
2011-06-13,22637,-2.0,WH-London ,2011-06-07,WH-London,True,False
2011-06-13,22928,32.0,WH-North,2011-06-10,WH-North,False,False
2011-06-13,90065B,27.0,WH-London,2011-06-12,WH-London,False,False
2011-06-13,90052,32.0,WH_London,2011-06-02,WH-London,False,False
2011-06-13,23060,-13.0,WH-London,2011-06-03,WH-London,True,False
2011-06-13,84746,,WH-London,2011-06-02,WH-London,False,True
2011-06-13,79071B,-89.0,Main,2011-06-07,WH-London,True,False
2011-06-13,84686,67.0,WH-London ,2011-06-11,WH-London,False,False
2011-06-13,21222,9.0,WH_London,2011-06-12,WH-London,False,False
2011-06-13,84872A,58.0,WH_London,2011-06-12,WH-London,False,False
2011-06-13,21504,75.0,WH-London ,2011-06-01,WH-London,False,False
2011-06-13,84849B,61.0,Main,2011-06-12,WH-London,False,False
2011-06-13,47469,-48.0,,2011-06-11,UNKNOWN,True,False
2011-06-13,84660C,92.0,WH-London ,2011-06-06,WH-London,False,False
2011-06-13,90177A,28.0,,2011-06-13,UNKNOWN,False,False
2011-06-13,20771,44.0,WH_London,2011-06-11,WH-London,False,False
2011-06-13,84856S,68.0,WH-North,2011-05-31,WH-North,False,False
2011-06-13,22070,59.0,,2011-06-11,UNKNOWN,False,False
2011-06-13,84732B,66.0,WH-North,2011-05-30,WH-North,False,False
2011-06-13,90195B,66.0,Main,2011-06-04,WH-London,False,False
2011-06-13,90025E,65.0,Main,2011-05-31,WH-London,False,False
2011-06-13,23068,39.0,WH-London,2011-06-12,WH-London,False,False
2011-06-13,22965,29.0,,2011-06-11,UNKNOWN,False,False
2011-06-13,82616B,54.0,WH_London,2011-05-30,WH-London,False,False
2011-06-13,22185,95.0,WH-London ,,WH-London,False,False
2011-06-13,72232,49.0,WH-London,2011-06-06,WH-London,False,False
2011-06-13,79160,67.0,WH_London,,WH-London,False,False
2011-06-13,22323,,Warehouse North,2011-06-08,WH-North,False,True
2011-06-13,85184C,111.0,,,UNKNOWN,False,False
2011-06-13,23075,45.0,WH-London,2011-06-13,WH-London,False,False
2011-06-13,21080,68.0,Main,,WH-London,False,False
2011-06-13,37467,28.0,WH-London,2011-06-07,WH-London,False,False
2011-06-13,23057,16.0,WH-London,2011-06-03,WH-London,False,False
2011-06-13,85040A,49.0,WH-London ,2011-06-03,WH-London,False,False
2011-06-13,21147,85.0,,,UNKNOWN,False,False
2011-06-13,85163B,69.0,WH_London,2011-06-07,WH-London,False,False
2011-06-13,17028J,-12.0,WH_London,,WH-London,True,False
2011-06-13,72225C,-71.0,Main,2011-05-30,WH-London,True,False
2011-06-13,84715,4.0,Main,2011-06-07,WH-London,False,False
2011-06-13,21265,75.0,Main,2011-05-31,WH-London,False,False
2011-06-13,23234,66.0,WH-London,2011-05-31,WH-London,False,False
2011-06-13,23471,45.0,,2011-06-03,UNKNOWN,False,False
2011-06-13,22960,71.0,Main,2011-05-30,WH-London,False,False
2011-06-13,21628,42.0,WH_London,2011-06-07,WH-London,False,False
2011-06-13,90001C,54.0,WH-North,2011-06-10,WH-North,False,False
2011-06-13,22483,6.0,Warehouse North,2011-05-30,WH-North,False,False
2011-06-13,84804A,42.0,Main,,WH-London,False,False
2011-06-15,82616C,77.0,WH-London ,2011-06-06,WH-London,False,False
2011-06-15,22289,10.0,Warehouse North,2011-06-10,WH-North,False,False
2011-06-15,22882,74.0,Main,2011-06-05,WH-London,False,False
2011-06-15,23085,-10.0,Main,2011-06-15,WH-London,True,False
2011-06-15,79163,,WH-North,2011-06-15,WH-North,False,True
2011-06-15,22923,40.0,WH-North,2011-06-09,WH-North,False,False
2011-06-15,23068,54.0,WH_London,2011-06-04,WH-London,False,False
2011-06-15,21989,32.0,WH-London,2011-06-03,WH-London,False,False
2011-06-15,90195B,31.0,WH-North,2011-06-01,WH-North,False,False
2011-06-15,23440,83.0,WH-North,2011-06-04,WH-North,False,False
2011-06-15,90011C,85.0,WH-London,2011-06-12,WH-London,False,False
2011-06-15,90177A,37.0,,2011-06-11,UNKNOWN,False,False
2011-06-15,85026B,-38.0,WH-London,,WH-London,True,False
2011-06-15,20657,41.0,Main,2011-06-04,WH-London,False,False
2011-06-15,90067B,116.0,Main,2011-06-04,WH-London,False,False
2011-06-15,17109D,50.0,WH-North,,WH-North,False,False
2011-06-15,20724,97.0,,2011-06-09,UNKNOWN,False,False
2011-06-15,22575,71.0,Main,2011-06-05,WH-London,False,False
2011-06-15,21791,46.0,WH-North,2011-06-13,WH-North,False,False
2011-06-15,21159,30.0,Main,2011-06-12,WH-London,False,False
2011-06-15,84660C,73.0,WH_London,2011-06-08,WH-London,False,False
2011-06-15,72232,,,2011-06-12,UNKNOWN,False,True
2011-06-15,84872A,38.0,Main,2011-06-14,WH-London,False,False
2011-06-15,23140,69.0,,2011-06-11,UNKNOWN,False,False
2011-06-15,23692,42.0,WH-London ,2011-06-04,WH-London,False,False
2011-06-15,22332,38.0,WH_London,2011-06-12,WH-London,False,False
2011-06-15,23189,40.0,WH-London ,2011-06-14,WH-London,False,False
2011-06-15,84559B,29.0,WH-London ,,WH-London,False,False
2011-06-15,22210,,WH-North,2011-06-08,WH-North,False,True
2011-06-15,21377,51.0,WH-North,2011-06-06,WH-North,False,False
2011-06-15,10133,9.0,WH_London,,WH-London,False,False
2011-06-15,84674,35.0,WH-North,2011-06-02,WH-North,False,False
2011-06-15,90214C,38.0,Main,2011-06-03,WH-London,False,False
2011-06-15,22066,38.0,WH-North,2011-06-04,WH-North,False,False
2011-06-15,22560,67.0,Warehouse North,2011-06-03,WH-North,False,False
2011-06-15,84631,28.0,Warehouse North,2011-06-03,WH-North,False,False
2011-06-15,23075,131.0,WH-North,2011-06-13,WH-North,False,False
2011-06-15,37467,91.0,WH-London,2011-06-05,WH-London,False,False
2011-06-15,90025E,91.0,WH-North,2011-06-12,WH-North,False,False
2011-06-15,20771,18.0,,,UNKNOWN,False,False
2011-06-15,22715,-10.0,WH-London,2011-06-12,WH-London,True,False
2011-06-15,22483,39.0,WH-London,2011-06-11,WH-London,False,False
2011-06-15,82613C,58.0,WH-North,2011-06-02,WH-North,False,False
2011-06-15,23272,45.0,WH-London,2011-06-13,WH-London,False,False
2011-06-15,79190B,34.0,WH-London ,2011-06-01,WH-London,False,False
2011-06-15,22928,2.0,WH-London ,2011-06-10,WH-London,False,False
2011-06-15,90152C,29.0,Warehouse North,,WH-North,False,False
2011-06-15,22095,42.0,WH-North,2011-06-06,WH-North,False,False
2011-06-15,72225C,35.0,Warehouse North,,WH-North,False,False
2011-06-15,35819P,34.0,Warehouse North,2011-06-12,WH-North,False,False
2011-06-15,85040A,26.0,WH-London ,2011-06-14,WH-London,False,False
2011-06-15,20731,99.0,WH-North,2011-06-09,WH-North,False,False
2011-06-15,22965,71.0,WH-North,2011-06-06,WH-North,False,False
2011-06-15,84596J,78.0,WH-London,2011-06-14,WH-London,False,False
2011-06-15,23093,58.0,WH_London,2011-06-06,WH-London,False,False
2011-06-15,22178,9.0,Main,2011-06-15,WH-London,False,False
2011-06-15,84686,72.0,,2011-06-04,UNKNOWN,False,False
2011-06-15,21683,90.0,WH-London,2011-06-12,WH-London,False,False
2011-06-15,16218,94.0,WH-North,2011-06-13,WH-North,False,False
2011-06-15,90161B,68.0,WH_London,,WH-London,False,False
2011-06-15,21484,50.0,WH-London,,WH-London,False,False
2011-06-15,21265,49.0,WH_London,2011-06-07,WH-London,False,False
2011-06-15,22671,65.0,WH_London,2011-06-14,WH-London,False,False
2011-06-15,21195,0.0,WH-London,2011-06-03,WH-London,False,False
2011-06-15,84789,69.0,WH-London ,2011-06-10,WH-London,False,False
2011-06-15,47591D,-35.0,,2011-06-11,UNKNOWN,True,False
2011-06-15,22156,116.0,WH-North,2011-06-10,WH-North,False,False
2011-06-15,22779,40.0,WH-London ,2011-06-10,WH-London,False,False
2011-06-15,23518,55.0,WH_London,2011-06-03,WH-London,False,False
2011-06-15,90185B,54.0,WH-London,2011-06-15,WH-London,False,False
2011-06-15,47593A,29.0,Warehouse North,,WH-North,False,False
2011-06-15,23342,63.0,WH-London ,2011-06-12,WH-London,False,False
2011-06-15,22099,60.0,WH-London,2011-06-04,WH-London,False,False
2011-06-15,21188,80.0,WH-North,2011-06-04,WH-North,False,False
2011-06-15,17028J,71.0,Warehouse North,2011-06-14,WH-North,False,False
2011-06-15,22216,55.0,WH-London,2011-06-08,WH-London,False,False
2011-06-15,21281,25.0,WH-London,2011-06-12,WH-London,False,False
2011-06-15,20756,26.0,WH-London ,,WH-London,False,False
2011-06-15,23483,99.0,WH-London ,2011-06-01,WH-London,False,False
2011-06-15,82616B,-52.0,WH_London,2011-06-15,WH-London,True,False
2011-06-17,23057,,Main,2011-06-16,WH-London,False,True
2011-06-17,23060,25.0,Main,2011-06-06,WH-London,False,False
2011-06-17,22715,115.0,WH-London,,WH-London,False,False
2011-06-17,21791,21.0,WH-London,2011-06-17,WH-London,False,False
2011-06-17,22470,36.0,WH-London,2011-06-10,WH-London,False,False
2011-06-17,84674,-63.0,WH_London,2011-06-13,WH-London,True,False
2011-06-17,90082D,79.0,WH-North,2011-06-17,WH-North,False,False
2011-06-17,72807B,-70.0,WH-London,,WH-London,True,False
2011-06-17,81952B,-7.0,WH_London,2011-06-10,WH-London,True,False
2011-06-17,22185,32.0,WH_London,2011-06-09,WH-London,False,False
2011-06-17,21377,15.0,WH_London,2011-06-13,WH-London,False,False
2011-06-17,10133,8.0,WH-North,2011-06-13,WH-North,False,False
2011-06-17,22156,49.0,Warehouse North,2011-06-16,WH-North,False,False
2011-06-17,21220,-13.0,,2011-06-12,UNKNOWN,True,False
2011-06-17,23611,79.0,WH-North,2011-06-07,WH-North,False,False
2011-06-17,22248,72.0,Warehouse North,2011-06-07,WH-North,False,False
2011-06-17,84660C,98.0,,2011-06-08,UNKNOWN,False,False
2011-06-17,90201C,,WH-London ,2011-06-17,WH-London,False,True
2011-06-17,37467,20.0,Main,,WH-London,False,False
2011-06-17,22637,81.0,Warehouse North,2011-06-10,WH-North,False,False
2011-06-17,22575,83.0,Main,2011-06-07,WH-London,False,False
2011-06-17,23341,90.0,Main,2011-06-16,WH-London,False,False
2011-06-17,17028J,84.0,WH-London ,2011-06-15,WH-London,False,False
2011-06-17,23204,56.0,Warehouse North,2011-06-17,WH-North,False,False
2011-06-17,84631,36.0,Warehouse North,,WH-North,False,False
2011-06-17,90152A,72.0,WH_London,2011-06-11,WH-London,False,False
2011-06-17,20966,36.0,,2011-06-03,UNKNOWN,False,False
2011-06-17,21348,53.0,WH_London,,WH-London,False,False
2011-06-17,22098,38.0,WH-North,2011-06-16,WH-North,False,False
2011-06-17,22030,57.0,Main,2011-06-10,WH-London,False,False
2011-06-17,21830,87.0,,2011-06-13,UNKNOWN,False,False
2011-06-17,23535,39.0,WH-North,2011-06-15,WH-North,False,False
2011-06-17,84686,34.0,,2011-06-08,UNKNOWN,False,False
2011-06-17,21188,46.0,Main,2011-06-09,WH-London,False,False
2011-06-17,47469,14.0,WH_London,,WH-London,False,False
2011-06-17,23483,-69.0,Warehouse North,2011-06-05,WH-North,True,False
2011-06-17,21683,53.0,Warehouse North,2011-06-05,WH-North,False,False
2011-06-17,72802C,48.0,WH_London,2011-06-04,WH-London,False,False
2011-06-17,23075,59.0,WH-London,2011-06-10,WH-London,False,False
2011-06-17,84805B,5.0,,2011-06-05,UNKNOWN,False,False
2011-06-17,20677,92.0,Main,2011-06-03,WH-London,False,False
2011-06-17,23135,34.0,WH_London,2011-06-04,WH-London,False,False
2011-06-17,84856S,38.0,WH-London,2011-06-10,WH-London,False,False
2011-06-17,84849B,75.0,WH-North,2011-06-13,WH-North,False,False
2011-06-17,21670,68.0,Warehouse North,2011-06-11,WH-North,False,False
2011-06-17,22210,109.0,WH-London,2011-06-08,WH-London,False,False
2011-06-17,22066,21.0,Warehouse North,2011-06-15,WH-North,False,False
2011-06-17,85135A,21.0,WH-North,2011-06-10,WH-North,False,False
2011-06-17,22560,14.0,Main,2011-06-17,WH-London,False,False
2011-06-17,23093,54.0,Main,2011-06-12,WH-London,False,False
2011-06-17,90195B,,WH_London,2011-06-11,WH-London,False,True
2011-06-17,DCGSSBOY,29.0,,2011-06-07,UNKNOWN,False,False
2011-06-17,82616B,48.0,WH-London,2011-06-04,WH-London,False,False
2011-06-17,22084,19.0,Warehouse North,2011-06-16,WH-North,False,False
2011-06-17,84804A,96.0,Warehouse North,2011-06-10,WH-North,False,False
2011-06-17,17109D,29.0,WH_London,2011-06-06,WH-London,False,False
2011-06-17,23068,-32.0,WH_London,2011-06-13,WH-London,True,False
2011-06-17,21628,,Main,2011-06-06,WH-London,False,True
2011-06-17,23189,0.0,Warehouse North,2011-06-15,WH-North,False,False
2011-06-17,22099,32.0,WH-London ,2011-06-03,WH-London,False,False
2011-06-17,21195,40.0,WH_London,2011-06-06,WH-London,False,False
2011-06-17,37424,71.0,Warehouse North,2011-06-04,WH-North,False,False
2011-06-17,85026B,5.0,WH-London ,2011-06-12,WH-London,False,False
2011-06-17,90214C,63.0,WH-London,2011-06-12,WH-London,False,False
2011-06-17,35965,-68.0,WH_London,2011-06-05,WH-London,True,False
2011-06-17,20756,-70.0,Warehouse North,2011-06-10,WH-North,True,False
2011-06-17,22905,81.0,,2011-06-10,UNKNOWN,False,False
2011-06-17,22070,15.0,WH-North,2011-06-10,WH-North,False,False
2011-06-17,22289,-66.0,WH-North,2011-06-04,WH-North,True,False
2011-06-17,23085,102.0,,2011-06-04,UNKNOWN,False,False
2011-06-17,23692,92.0,Warehouse North,2011-06-09,WH-North,False,False
2011-06-17,20702,-106.0,Main,2011-06-07,WH-London,True,False
2011-06-17,23619,57.0,WH-London ,2011-06-05,WH-London,False,False
2011-06-17,21356,32.0,WH_London,2011-06-12,WH-London,False,False
2011-06-17,23440,25.0,WH-North,2011-06-05,WH-North,False,False
2011-06-17,90143,12.0,Warehouse North,2011-06-05,WH-North,False,False
2011-06-17,85136C,34.0,WH-London ,2011-06-16,WH-London,False,False
2011-06-17,21336,39.0,WH-London,2011-06-11,WH-London,False,False
2011-06-17,22095,26.0,WH-North,2011-06-04,WH-North,False,False
2011-06-17,22882,60.0,WH-London ,2011-06-15,WH-London,False,False
2011-06-19,20677,55.0,,2011-06-10,UNKNOWN,False,False
2011-06-19,90052,51.0,WH_London,2011-06-11,WH-London,False,False
2011-06-19,90195B,73.0,WH_London,2011-06-09,WH-London,False,False
2011-06-19,20974,35.0,WH-London ,2011-06-15,WH-London,False,False
2011-06-19,90152A,82.0,Warehouse North,2011-06-09,WH-North,False,False
2011-06-19,84638,13.0,WH-London,2011-06-19,WH-London,False,False
2011-06-19,21989,40.0,Main,2011-06-07,WH-London,False,False
2011-06-19,22178,59.0,Warehouse North,2011-06-06,WH-North,False,False
2011-06-19,72225C,7.0,WH-London,2011-06-14,WH-London,False,False
2011-06-19,82613C,34.0,Warehouse North,2011-06-17,WH-North,False,False
2011-06-19,22323,71.0,,2011-06-07,UNKNOWN,False,False
2011-06-19,22637,37.0,Warehouse North,2011-06-11,WH-North,False,False
2011-06-19,23057,-4.0,Warehouse North,2011-06-16,WH-North,True,False
2011-06-19,23535,23.0,WH-North,2011-06-15,WH-North,False,False
2011-06-19,82616C,9.0,WH-London ,2011-06-13,WH-London,False,False
2011-06-19,23060,64.0,Warehouse North,2011-06-07,WH-North,False,False
2011-06-19,21336,53.0,WH-London,,WH-London,False,False
2011-06-19,90161B,-3.0,Main,2011-06-17,WH-London,True,False
2011-06-19,23234,0.0,Main,2011-06-17,WH-London,False,False
2011-06-19,21216,28.0,,2011-06-16,UNKNOWN,False,False
2011-06-19,22965,-50.0,WH-London ,,WH-London,True,False
2011-06-19,21670,-29.0,WH-London,2011-06-18,WH-London,True,False
2011-06-19,21265,60.0,Main,2011-06-16,WH-London,False,False
2011-06-19,72232,59.0,WH-London,2011-06-17,WH-London,False,False
2011-06-19,85107,65.0,WH-London,2011-06-13,WH-London,False,False
2011-06-19,47590B,7.0,WH-London,,WH-London,False,False
2011-06-19,47593A,41.0,WH-London,2011-06-19,WH-London,False,False
2011-06-19,90214C,82.0,WH-North,2011-06-13,WH-North,False,False
2011-06-19,21147,29.0,WH-London,2011-06-12,WH-London,False,False
2011-06-19,22779,,,2011-06-09,UNKNOWN,False,True
2011-06-19,90025E,35.0,WH-London ,,WH-London,False,False
2011-06-19,85135A,34.0,WH-London,2011-06-16,WH-London,False,False
2011-06-19,81952B,-53.0,,2011-06-06,UNKNOWN,True,False
2011-06-19,22210,32.0,WH-London ,2011-06-10,WH-London,False,False
2011-06-19,23471,-10.0,WH-London,,WH-London,True,False
2011-06-19,10133,,,2011-06-15,UNKNOWN,False,True
2011-06-19,22962,65.0,WH-London,2011-06-11,WH-London,False,False
2011-06-19,79071B,54.0,Main,2011-06-08,WH-London,False,False
2011-06-19,17109D,47.0,WH-London,2011-06-16,WH-London,False,False
2011-06-19,85119,40.0,Main,2011-06-13,WH-London,False,False
2011-06-19,23518,26.0,,2011-06-18,UNKNOWN,False,False
2011-06-19,15044B,-6.0,WH_London,2011-06-19,WH-London,True,False
2011-06-19,21504,98.0,WH-London,,WH-London,False,False
2011-06-19,21428,50.0,Main,,WH-London,False,False
2011-06-19,22960,1.0,WH_London,2011-06-05,WH-London,False,False
2011-06-19,46000P,-19.0,WH_London,2011-06-05,WH-London,True,False
2011-06-19,23204,59.0,,2011-06-06,UNKNOWN,False,False
2011-06-19,22272,58.0,WH-North,2011-06-07,WH-North,False,False
2011-06-19,21188,27.0,Main,2011-06-07,WH-London,False,False
2011-06-19,22087,17.0,Warehouse North,2011-06-06,WH-North,False,False
2011-06-19,84686,32.0,Main,2011-06-13,WH-London,False,False
2011-06-19,84715,-7.0,WH-London,2011-06-17,WH-London,True,False
2011-06-19,21281,35.0,WH_London,2011-06-13,WH-London,False,False
2011-06-19,90026D,36.0,,2011-06-13,UNKNOWN,False,False
2011-06-19,84804A,95.0,Main,2011-06-06,WH-London,False,False
2011-06-19,23458,36.0,WH-North,2011-06-07,WH-North,False,False
2011-06-19,20803,57.0,WH_London,2011-06-06,WH-London,False,False
2011-06-19,85231G,97.0,WH_London,2011-06-19,WH-London,False,False
2011-06-19,47591D,17.0,,2011-06-14,UNKNOWN,False,False
2011-06-19,22084,31.0,WH-North,2011-06-12,WH-North,False,False
2011-06-19,20996,33.0,WH_London,2011-06-15,WH-London,False,False
2011-06-19,21356,0.0,WH_London,2011-06-15,WH-London,False,False
2011-06-19,22715,42.0,WH_London,2011-06-08,WH-London,False,False
2011-06-19,DCGSSBOY,84.0,WH-London,2011-06-19,WH-London,False,False
2011-06-19,21628,75.0,WH-London,2011-06-18,WH-London,False,False
2011-06-19,21745,85.0,,2011-06-07,UNKNOWN,False,False
2011-06-19,22099,30.0,WH_London,2011-06-12,WH-London,False,False
2011-06-19,23093,-16.0,WH-London,2011-06-10,WH-London,True,False
2011-06-19,20702,117.0,WH-London ,2011-06-05,WH-London,False,False
2011-06-19,84660C,-56.0,,2011-06-12,UNKNOWN,True,False
2011-06-19,81950B,,WH-North,,WH-North,False,True
2011-06-19,84559B,126.0,WH-North,2011-06-09,WH-North,False,False
2011-06-19,79160,47.0,,2011-06-13,UNKNOWN,False,False
2011-06-19,23440,-38.0,WH-London,2011-06-18,WH-London,True,False
2011-06-19,22908,93.0,WH_London,,WH-London,False,False
2011-06-19,21683,-19.0,WH-London,2011-06-06,WH-London,True,False
2011-06-19,84989A,58.0,WH-London,2011-06-11,WH-London,False,False
2011-06-19,22415,,Warehouse North,2011-06-11,WH-North,False,True
2011-06-19,20756,70.0,WH_London,2011-06-13,WH-London,False,False
2011-06-19,23090,96.0,Warehouse North,2011-06-19,WH-North,False,False
2011-06-21,10133,80.0,WH_London,2011-06-07,WH-London,False,False
2011-06-21,22178,105.0,WH-London,2011-06-07,WH-London,False,False
2011-06-21,21135,47.0,,2011-06-12,UNKNOWN,False,False
2011-06-21,47469,37.0,WH_London,2011-06-15,WH-London,False,False
2011-06-21,20724,39.0,Warehouse North,2011-06-21,WH-North,False,False
2011-06-21,22960,91.0,Main,2011-06-14,WH-London,False,False
2011-06-21,84849B,30.0,WH-London,2011-06-19,WH-London,False,False
2011-06-21,23135,75.0,WH-London,2011-06-07,WH-London,False,False
2011-06-21,72802C,-24.0,WH-London,2011-06-13,WH-London,True,False
2011-06-21,23471,24.0,WH-London ,2011-06-07,WH-London,False,False
2011-06-21,21504,85.0,WH-London,2011-06-13,WH-London,False,False
2011-06-21,22210,63.0,WH_London,2011-06-09,WH-London,False,False
2011-06-21,81952B,14.0,WH-London,2011-06-16,WH-London,False,False
2011-06-21,21195,24.0,WH-London ,2011-06-09,WH-London,False,False
2011-06-21,21188,-27.0,WH-London,2011-06-17,WH-London,True,False
2011-06-21,22289,38.0,Main,2011-06-11,WH-London,False,False
2011-06-21,44092C,,WH-North,2011-06-08,WH-North,False,True
2011-06-21,22560,35.0,WH-London,2011-06-12,WH-London,False,False
2011-06-21,84686,86.0,Warehouse North,2011-06-09,WH-North,False,False
2011-06-21,22087,-62.0,WH-North,2011-06-11,WH-North,True,False
2011-06-21,20657,123.0,WH-North,2011-06-21,WH-North,False,False
2011-06-21,21484,,Warehouse North,2011-06-12,WH-North,False,True
2011-06-21,90201C,-66.0,Warehouse North,2011-06-20,WH-North,True,False
2011-06-21,21377,,Main,,WH-London,False,True
2011-06-21,21683,41.0,Main,2011-06-12,WH-London,False,False
2011-06-21,23272,30.0,Warehouse North,2011-06-14,WH-North,False,False
2011-06-21,22114,42.0,Main,,WH-London,False,False
2011-06-21,23535,44.0,WH-London,2011-06-13,WH-London,False,False
2011-06-21,15044B,47.0,WH-London,2011-06-16,WH-London,False,False
2011-06-21,23159,69.0,WH_London,2011-06-13,WH-London,False,False
2011-06-21,22098,59.0,WH_London,2011-06-20,WH-London,False,False
2011-06-21,85107,34.0,Warehouse North,,WH-North,False,False
2011-06-21,22575,27.0,Warehouse North,2011-06-09,WH-North,False,False
2011-06-21,21356,56.0,WH-London,2011-06-08,WH-London,False,False
2011-06-21,17109D,22.0,WH-North,2011-06-20,WH-North,False,False
2011-06-21,90161B,37.0,WH-London,2011-06-20,WH-London,False,False
2011-06-21,21265,34.0,Main,,WH-London,False,False
2011-06-21,23204,122.0,WH_London,2011-06-16,WH-London,False,False
2011-06-21,20771,-11.0,WH-North,2011-06-18,WH-North,True,False
2011-06-21,23010,26.0,Warehouse North,2011-06-12,WH-North,False,False
2011-06-21,22965,33.0,WH-North,2011-06-07,WH-North,False,False
2011-06-21,20677,36.0,WH-North,2011-06-12,WH-North,False,False
2011-06-21,22904,79.0,WH-London ,2011-06-19,WH-London,False,False
2011-06-21,23342,42.0,Warehouse North,2011-06-16,WH-North,False,False
2011-06-21,21865,10.0,WH-London,2011-06-19,WH-London,False,False
2011-06-21,23140,92.0,WH-London,2011-06-18,WH-London,False,False
2011-06-21,72800F,57.0,WH-London,2011-06-16,WH-London,False,False
2011-06-21,21791,62.0,WH-North,2011-06-15,WH-North,False,False
2011-06-21,85026B,69.0,WH-London ,2011-06-18,WH-London,False,False
2011-06-21,22230,13.0,,2011-06-11,UNKNOWN,False,False
2011-06-21,22084,49.0,WH_London,2011-06-12,WH-London,False,False
2011-06-21,81950B,74.0,Warehouse North,2011-06-20,WH-North,False,False
2011-06-21,21220,30.0,WH-North,2011-06-20,WH-North,False,False
2011-06-21,84732B,59.0,WH-London ,2011-06-07,WH-London,False,False
2011-06-21,23089,66.0,WH-North,2011-06-14,WH-North,False,False
2011-06-21,90197B,6.0,WH-London ,2011-06-09,WH-London,False,False
2011-06-21,15036,-19.0,WH_London,2011-06-08,WH-London,True,False
2011-06-21,78124,-18.0,,2011-06-11,UNKNOWN,True,False
2011-06-21,22637,56.0,WH-North,2011-06-09,WH-North,False,False
2011-06-21,85119,,,2011-06-19,UNKNOWN,False,True
2011-06-21,47590B,29.0,WH-London,2011-06-18,WH-London,False,False
2011-06-21,82616B,44.0,Warehouse North,2011-06-15,WH-North,False,False
2011-06-21,22715,80.0,Main,2011-06-19,WH-London,False,False
2011-06-21,35819P,57.0,Warehouse North,2011-06-10,WH-North,False,False
2011-06-21,90052,20.0,Warehouse North,2011-06-13,WH-North,False,False
2011-06-21,90011C,-95.0,Warehouse North,2011-06-21,WH-North,True,False
2011-06-21,21745,55.0,WH-London ,2011-06-07,WH-London,False,False
2011-06-21,90185B,43.0,WH-London,,WH-London,False,False
2011-06-21,22323,45.0,WH-London ,2011-06-14,WH-London,False,False
2011-06-21,85231G,-67.0,WH_London,,WH-London,True,False
2011-06-21,22156,31.0,WH-London,,WH-London,False,False
2011-06-21,23440,97.0,Main,2011-06-07,WH-London,False,False
2011-06-21,37471,87.0,Warehouse North,2011-06-11,WH-North,False,False
2011-06-21,23619,50.0,WH-London,2011-06-13,WH-London,False,False
2011-06-21,23189,51.0,WH-London,2011-06-07,WH-London,False,False
2011-06-21,84805B,24.0,WH-North,2011-06-13,WH-North,False,False
2011-06-21,90001C,-30.0,Warehouse North,2011-06-17,WH-North,True,False
2011-06-21,22216,15.0,WH-London ,2011-06-17,WH-London,False,False
2011-06-21,22671,43.0,WH-London,2011-06-09,WH-London,False,False
2011-06-21,90214C,-51.0,WH-London ,2011-06-17,WH-London,True,False
2011-06-23,90195B,2.0,WH-London ,2011-06-16,WH-London,False,False
2011-06-23,22230,70.0,Main,2011-06-22,WH-London,False,False
2011-06-23,72225C,23.0,Warehouse North,2011-06-19,WH-North,False,False
2011-06-23,15044B,62.0,,2011-06-20,UNKNOWN,False,False
2011-06-23,21662,74.0,WH-North,2011-06-20,WH-North,False,False
2011-06-23,84849B,,,2011-06-16,UNKNOWN,False,True
2011-06-23,84675,82.0,WH-North,2011-06-23,WH-North,False,False
2011-06-23,22560,99.0,WH_London,2011-06-17,WH-London,False,False
2011-06-23,47590B,,WH-London,2011-06-16,WH-London,False,True
2011-06-23,21630,55.0,WH-London ,2011-06-14,WH-London,False,False
2011-06-23,23458,35.0,WH_London,2011-06-18,WH-London,False,False
2011-06-23,16010,46.0,WH_London,2011-06-19,WH-London,False,False
2011-06-23,22637,98.0,Main,2011-06-16,WH-London,False,False
2011-06-23,22323,44.0,WH-North,,WH-North,False,False
2011-06-23,22483,49.0,,2011-06-14,UNKNOWN,False,False
2011-06-23,84804A,94.0,WH-London,,WH-London,False,False
2011-06-23,22156,43.0,WH-London ,2011-06-16,WH-London,False,False
2011-06-23,85186C,26.0,WH-North,2011-06-15,WH-North,False,False
2011-06-23,21009,83.0,WH-North,2011-06-20,WH-North,False,False
2011-06-23,20731,25.0,WH-North,2011-06-21,WH-North,False,False
2011-06-23,20677,62.0,WH_London,2011-06-15,WH-London,False,False
2011-06-23,22289,56.0,Warehouse North,2011-06-22,WH-North,False,False
2011-06-23,22332,-59.0,WH_London,2011-06-13,WH-London,True,False
2011-06-23,85119,-22.0,WH_London,2011-06-13,WH-London,True,False
2011-06-23,79190B,73.0,Main,2011-06-21,WH-London,False,False
2011-06-23,21504,48.0,,2011-06-13,UNKNOWN,False,False
2011-06-23,22962,68.0,WH-London,2011-06-17,WH-London,False,False
2011-06-23,22965,65.0,Warehouse North,2011-06-23,WH-North,False,False
2011-06-23,84674,59.0,WH_London,2011-06-23,WH-London,False,False
2011-06-23,23159,38.0,WH-London,,WH-London,False,False
2011-06-23,20803,38.0,Main,2011-06-10,WH-London,False,False
2011-06-23,21802,48.0,WH_London,2011-06-20,WH-London,False,False
2011-06-23,72807B,-55.0,WH-North,2011-06-10,WH-North,True,False
2011-06-23,82616B,37.0,Main,2011-06-19,WH-London,False,False
2011-06-23,21159,78.0,WH-London ,2011-06-23,WH-London,False,False
2011-06-23,22084,40.0,Main,2011-06-18,WH-London,False,False
2011-06-23,16218,20.0,WH-North,2011-06-16,WH-North,False,False
2011-06-23,85230F,67.0,WH-London,2011-06-20,WH-London,False,False
2011-06-23,17028J,106.0,Warehouse North,2011-06-11,WH-North,False,False
2011-06-23,20974,14.0,WH-London,,WH-London,False,False
2011-06-23,23234,46.0,,2011-06-11,UNKNOWN,False,False
2011-06-23,22470,81.0,Main,2011-06-20,WH-London,False,False
2011-06-23,23611,67.0,,2011-06-23,UNKNOWN,False,False
2011-06-23,21377,68.0,WH-London ,2011-06-16,WH-London,False,False
2011-06-23,85231G,50.0,WH_London,2011-06-10,WH-London,False,False
2011-06-23,22415,-29.0,,2011-06-21,UNKNOWN,True,False
2011-06-23,81950B,57.0,WH_London,,WH-London,False,False
2011-06-23,22575,61.0,Warehouse North,2011-06-13,WH-North,False,False
2011-06-23,23068,83.0,Warehouse North,,WH-North,False,False
2011-06-23,79160,27.0,WH_London,2011-06-10,WH-London,False,False
2011-06-23,81952B,100.0,WH-North,2011-06-18,WH-North,False,False
2011-06-23,23085,40.0,WH-North,2011-06-18,WH-North,False,False
2011-06-23,85184C,35.0,WH-London,2011-06-22,WH-London,False,False
2011-06-23,82613C,28.0,WH-London ,2011-06-15,WH-London,False,False
2011-06-23,23090,81.0,WH-London ,2011-06-23,WH-London,False,False
2011-06-23,22098,17.0,WH_London,2011-06-23,WH-London,False,False
2011-06-23,20966,68.0,WH-London ,2011-06-16,WH-London,False,False
2011-06-23,20724,25.0,,2011-06-20,UNKNOWN,False,False
2011-06-23,85040A,48.0,WH-London ,2011-06-19,WH-London,False,False
2011-06-23,22216,4.0,Warehouse North,2011-06-09,WH-North,False,False
2011-06-23,23135,73.0,WH_London,2011-06-23,WH-London,False,False
2011-06-23,22099,45.0,Warehouse North,2011-06-21,WH-North,False,False
2011-06-23,21265,66.0,Warehouse North,2011-06-09,WH-North,False,False
2011-06-23,79071B,44.0,Main,2011-06-11,WH-London,False,False
2011-06-23,21348,65.0,WH_London,2011-06-11,WH-London,False,False
2011-06-23,22095,-48.0,Main,2011-06-22,WH-London,True,False
2011-06-23,21830,-72.0,Warehouse North,2011-06-19,WH-North,True,False
2011-06-23,47591D,66.0,WH-London ,2011-06-20,WH-London,False,False
2011-06-23,22185,-55.0,WH-London ,2011-06-15,WH-London,True,False
2011-06-23,90026D,22.0,WH_London,2011-06-16,WH-London,False,False
2011-06-23,84732B,36.0,Main,2011-06-19,WH-London,False,False
2011-06-23,21670,26.0,WH_London,2011-06-16,WH-London,False,False
2011-06-23,23140,92.0,WH_London,2011-06-10,WH-London,False,False
2011-06-23,90082D,73.0,WH_London,2011-06-18,WH-London,False,False
2011-06-23,37444C,51.0,WH-London,2011-06-11,WH-London,False,False
2011-06-23,23089,33.0,WH_London,2011-06-12,WH-London,False,False
2011-06-23,21791,26.0,WH-North,2011-06-17,WH-North,False,False
2011-06-23,23057,53.0,,2011-06-18,UNKNOWN,False,False
2011-06-23,72802C,105.0,WH_London,2011-06-15,WH-London,False,False
2011-06-23,22248,50.0,WH_London,2011-06-14,WH-London,False,False
2011-06-25,21670,86.0,Warehouse North,2011-06-24,WH-North,False,False
2011-06-25,23272,58.0,WH_London,2011-06-12,WH-London,False,False
2011-06-25,90071,66.0,,2011-06-17,UNKNOWN,False,False
2011-06-25,21336,35.0,,2011-06-23,UNKNOWN,False,False
2011-06-25,20724,44.0,WH-London ,2011-06-25,WH-London,False,False
2011-06-25,85119,25.0,WH_London,2011-06-16,WH-London,False,False
2011-06-25,21630,59.0,Warehouse North,2011-06-18,WH-North,False,False
2011-06-25,20996,42.0,,2011-06-24,UNKNOWN,False,False
2011-06-25,90001C,60.0,WH-London ,2011-06-22,WH-London,False,False
2011-06-25,85136C,-20.0,WH-North,2011-06-22,WH-North,True,False
2011-06-25,84638,-63.0,,2011-06-18,UNKNOWN,True,False
2011-06-25,84715,55.0,WH-London,2011-06-19,WH-London,False,False
2011-06-25,90195B,54.0,Warehouse North,2011-06-25,WH-North,False,False
2011-06-25,37444C,61.0,Main,,WH-London,False,False
2011-06-25,22470,-42.0,Warehouse North,2011-06-16,WH-North,True,False
2011-06-25,21791,164.0,Main,2011-06-15,WH-London,False,False
2011-06-25,47593A,64.0,Warehouse North,,WH-North,False,False
2011-06-25,21368,-53.0,WH-London ,2011-06-22,WH-London,True,False
2011-06-25,20657,72.0,Main,2011-06-19,WH-London,False,False
2011-06-25,22715,34.0,WH-London,2011-06-22,WH-London,False,False
2011-06-25,84805B,33.0,Warehouse North,2011-06-22,WH-North,False,False
2011-06-25,82616C,74.0,,2011-06-12,UNKNOWN,False,False
2011-06-25,37424,76.0,Warehouse North,2011-06-12,WH-North,False,False
2011-06-25,21159,85.0,WH-London ,2011-06-17,WH-London,False,False
2011-06-25,22332,7.0,WH-London ,,WH-London,False,False
2011-06-25,84804A,46.0,,2011-06-13,UNKNOWN,False,False
2011-06-25,84872A,59.0,Main,2011-06-18,WH-London,False,False
2011-06-25,21504,71.0,,,UNKNOWN,False,False
2011-06-25,22415,65.0,,2011-06-13,UNKNOWN,False,False
2011-06-25,23342,24.0,,2011-06-15,UNKNOWN,False,False
2011-06-25,47590B,65.0,WH-North,2011-06-13,WH-North,False,False
2011-06-25,21356,59.0,,2011-06-22,UNKNOWN,False,False
2011-06-25,84686,,WH-North,2011-06-14,WH-North,False,True
2011-06-25,21662,17.0,Warehouse North,2011-06-24,WH-North,False,False
2011-06-25,90161B,21.0,WH-London ,2011-06-19,WH-London,False,False
2011-06-25,21135,,Warehouse North,,WH-North,False,True
2011-06-25,23085,79.0,WH-London ,2011-06-15,WH-London,False,False
2011-06-25,23619,48.0,WH-London ,,WH-London,False,False
2011-06-25,81950B,48.0,WH-London,2011-06-16,WH-London,False,False
2011-06-25,84675,116.0,,2011-06-19,UNKNOWN,False,False
2011-06-25,20966,51.0,Warehouse North,2011-06-14,WH-North,False,False
2011-06-25,21281,46.0,WH-London,2011-06-14,WH-London,False,False
2011-06-25,23611,26.0,WH-London ,2011-06-25,WH-London,False,False
2011-06-25,22882,,WH-London ,2011-06-20,WH-London,False,True
2011-06-25,47469,0.0,WH_London,2011-06-19,WH-London,False,False
2011-06-25,22030,65.0,Main,2011-06-20,WH-London,False,False
2011-06-25,84631,87.0,,2011-06-15,UNKNOWN,False,False
2011-06-25,20756,88.0,WH-London,2011-06-20,WH-London,False,False
2011-06-25,23440,-28.0,WH-North,,WH-North,True,False
2011-06-25,15036,-18.0,WH-London ,2011-06-16,WH-London,True,False
2011-06-25,23471,60.0,Warehouse North,2011-06-23,WH-North,False,False
2011-06-25,90152C,89.0,,,UNKNOWN,False,False
2011-06-25,22228,1.0,Warehouse North,2011-06-20,WH-North,False,False
2011-06-25,90152A,38.0,Warehouse North,2011-06-12,WH-North,False,False
2011-06-25,22178,60.0,Main,2011-06-21,WH-London,False,False
2011-06-25,21348,24.0,Warehouse North,2011-06-24,WH-North,False,False
2011-06-25,21683,-1.0,WH-London ,2011-06-25,WH-London,True,False
2011-06-25,22216,27.0,Warehouse North,2011-06-12,WH-North,False,False
2011-06-25,21428,-32.0,Main,,WH-London,True,False
2011-06-25,23483,-6.0,WH-London,2011-06-12,WH-London,True,False
2011-06-25,21265,82.0,WH-North,,WH-North,False,False
2011-06-25,85184C,96.0,Main,2011-06-12,WH-London,False,False
2011-06-25,90214C,50.0,Warehouse North,2011-06-24,WH-North,False,False
2011-06-25,90185B,71.0,Warehouse North,2011-06-16,WH-North,False,False
2011-06-25,23458,5.0,WH-London,2011-06-21,WH-London,False,False
2011-06-25,84596J,45.0,Main,2011-06-16,WH-London,False,False
2011-06-25,23547,32.0,WH-London,2011-06-13,WH-London,False,False
2011-06-25,22095,62.0,,2011-06-12,UNKNOWN,False,False
2011-06-25,21830,-30.0,WH-North,2011-06-13,WH-North,True,False
2011-06-25,85040A,40.0,Warehouse North,2011-06-14,WH-North,False,False
2011-06-25,84856S,68.0,WH-London ,2011-06-21,WH-London,False,False
2011-06-25,23341,57.0,,2011-06-12,UNKNOWN,False,False
2011-06-25,85163B,,,2011-06-11,UNKNOWN,False,True
2011-06-25,21989,32.0,WH_London,2011-06-20,WH-London,False,False
2011-06-25,23334,34.0,WH-London ,2011-06-13,WH-London,False,False
2011-06-25,23189,82.0,Main,2011-06-15,WH-London,False,False
2011-06-25,22904,72.0,Warehouse North,2011-06-14,WH-North,False,False
2011-06-25,21222,97.0,WH-London,2011-06-11,WH-London,False,False
2011-06-25,35965,52.0,Main,2011-06-21,WH-London,False,False
2011-06-25,23057,62.0,Main,2011-06-12,WH-London,False,False
2011-06-27,21188,119.0,Warehouse North,2011-06-14,WH-North,False,False
2011-06-27,23334,-5.0,WH-London,2011-06-14,WH-London,True,False
2011-06-27,22095,63.0,WH-London,2011-06-19,WH-London,False,False
2011-06-27,21683,86.0,WH-London ,2011-06-17,WH-London,False,False
2011-06-27,37424,-56.0,Warehouse North,2011-06-17,WH-North,True,False
2011-06-27,90026D,51.0,,2011-06-23,UNKNOWN,False,False
2011-06-27,23189,,WH-London,2011-06-22,WH-London,False,True
2011-06-27,23085,-94.0,Main,2011-06-20,WH-London,True,False
2011-06-27,DCGSSBOY,82.0,Warehouse North,2011-06-25,WH-North,False,False
2011-06-27,17109D,88.0,,2011-06-21,UNKNOWN,False,False
2011-06-27,21216,49.0,WH-North,2011-06-14,WH-North,False,False
2011-06-27,84715,40.0,WH-London ,2011-06-22,WH-London,False,False
2011-06-27,23089,-49.0,WH-London,,WH-London,True,False
2011-06-27,84631,100.0,WH-London ,2011-06-13,WH-London,False,False
2011-06-27,47590B,42.0,WH-London ,2011-06-15,WH-London,False,False
2011-06-27,85119,94.0,WH-London,2011-06-18,WH-London,False,False
2011-06-27,47591D,45.0,Warehouse North,2011-06-24,WH-North,False,False
2011-06-27,84989A,24.0,,2011-06-24,UNKNOWN,False,False
2011-06-27,21377,-12.0,Main,2011-06-24,WH-London,True,False
2011-06-27,22908,,WH-London,2011-06-14,WH-London,False,True
2011-06-27,21368,73.0,WH_London,2011-06-17,WH-London,False,False
2011-06-27,90067B,15.0,WH-London,2011-06-19,WH-London,False,False
2011-06-27,90071,94.0,WH_London,2011-06-24,WH-London,False,False
2011-06-27,23093,8.0,Warehouse North,2011-06-19,WH-North,False,False
2011-06-27,20702,71.0,WH-London ,2011-06-22,WH-London,False,False
2011-06-27,79163,72.0,WH-London ,2011-06-16,WH-London,False,False
2011-06-27,23611,82.0,WH_London,2011-06-26,WH-London,False,False
2011-06-27,21281,-9.0,Main,2011-06-15,WH-London,True,False
2011-06-27,72225C,82.0,Warehouse North,2011-06-27,WH-North,False,False
2011-06-27,72232,45.0,WH_London,,WH-London,False,False
2011-06-27,22114,39.0,,2011-06-22,UNKNOWN,False,False
2011-06-27,90025E,,WH_London,2011-06-25,WH-London,False,True
2011-06-27,23547,78.0,Warehouse North,2011-06-19,WH-North,False,False
2011-06-27,21080,-9.0,WH_London,2011-06-19,WH-London,True,False
2011-06-27,15044B,11.0,WH-London ,2011-06-16,WH-London,False,False
2011-06-27,46000P,85.0,Main,2011-06-17,WH-London,False,False
2011-06-27,90214C,64.0,Warehouse North,2011-06-21,WH-North,False,False
2011-06-27,21670,-55.0,WH_London,2011-06-14,WH-London,True,False
2011-06-27,20966,20.0,Main,2011-06-16,WH-London,False,False
2011-06-27,84789,63.0,Warehouse North,2011-06-27,WH-North,False,False
2011-06-27,21830,-86.0,Main,2011-06-20,WH-London,True,False
2011-06-27,23068,119.0,WH-London ,2011-06-15,WH-London,False,False
2011-06-27,37471,39.0,WH_London,2011-06-20,WH-London,False,False
2011-06-27,23090,76.0,Warehouse North,2011-06-19,WH-North,False,False
2011-06-27,10133,105.0,WH-London ,2011-06-26,WH-London,False,False
2011-06-27,47593A,6.0,WH-North,2011-06-20,WH-North,False,False
2011-06-27,23518,,Main,2011-06-14,WH-London,False,True
2011-06-27,84804A,56.0,WH-North,2011-06-19,WH-North,False,False
2011-06-27,22637,52.0,WH-London ,2011-06-17,WH-London,False,False
2011-06-27,20677,33.0,,2011-06-21,UNKNOWN,False,False
2011-06-27,20731,39.0,,2011-06-14,UNKNOWN,False,False
2011-06-27,22230,27.0,Main,2011-06-23,WH-London,False,False
2011-06-27,23341,21.0,WH-London ,2011-06-13,WH-London,False,False
2011-06-27,90195B,63.0,WH-London ,,WH-London,False,False
2011-06-27,84732B,83.0,Main,2011-06-21,WH-London,False,False
2011-06-27,22332,18.0,Main,2011-06-18,WH-London,False,False
2011-06-27,20996,29.0,WH-London,2011-06-27,WH-London,False,False
2011-06-27,84872A,57.0,Warehouse North,,WH-North,False,False
2011-06-27,22960,16.0,Main,2011-06-18,WH-London,False,False
2011-06-27,84638,57.0,WH-London,2011-06-17,WH-London,False,False
2011-06-27,85136C,41.0,,2011-06-25,UNKNOWN,False,False
2011-06-27,21628,0.0,WH-North,2011-06-16,WH-North,False,False
2011-06-27,23159,64.0,WH-London ,2011-06-22,WH-London,False,False
2011-06-27,90161B,33.0,WH-London,2011-06-24,WH-London,False,False
2011-06-27,84686,80.0,WH-London,2011-06-18,WH-London,False,False
2011-06-27,20963,44.0,Main,2011-06-25,WH-London,False,False
2011-06-27,22178,,WH-North,2011-06-23,WH-North,False,True
2011-06-27,85026B,-49.0,WH-London ,2011-06-19,WH-London,True,False
2011-06-27,22575,87.0,Main,,WH-London,False,False
2011-06-27,84856S,105.0,WH-North,2011-06-19,WH-North,False,False
2011-06-27,22928,67.0,WH-North,,WH-North,False,False
2011-06-27,84849B,,WH-London,2011-06-16,WH-London,False,True
2011-06-27,79190B,50.0,,2011-06-24,UNKNOWN,False,False
2011-06-27,22483,47.0,WH-London,2011-06-22,WH-London,False,False
2011-06-27,90082D,45.0,WH_London,2011-06-15,WH-London,False,False
2011-06-27,21159,42.0,Warehouse North,2011-06-26,WH-North,False,False
2011-06-27,16010,21.0,Main,2011-06-16,WH-London,False,False
2011-06-27,22084,79.0,Warehouse North,2011-06-19,WH-North,False,False
2011-06-27,90201C,75.0,WH-London,2011-06-26,WH-London,False,False
2011-06-27,21802,50.0,Main,2011-06-19,WH-London,False,False
2011-06-29,81952B,87.0,WH-North,2011-06-28,WH-North,False,False
2011-06-29,16048,,Main,,WH-London,False,True
2011-06-29,22095,16.0,Main,2011-06-26,WH-London,False,False
2011-06-29,22965,39.0,WH-London ,2011-06-19,WH-London,False,False
2011-06-29,22087,-94.0,Warehouse North,2011-06-27,WH-North,True,False
2011-06-29,90071,-39.0,WH-North,2011-06-28,WH-North,True,False
2011-06-29,DCGSSBOY,29.0,WH-London,2011-06-17,WH-London,False,False
2011-06-29,21135,71.0,WH-London,2011-06-26,WH-London,False,False
2011-06-29,23341,,Warehouse North,2011-06-15,WH-North,False,True
2011-06-29,16218,,,2011-06-29,UNKNOWN,False,True
2011-06-29,23547,48.0,WH-North,,WH-North,False,False
2011-06-29,90025E,26.0,,2011-06-15,UNKNOWN,False,False
2011-06-29,22289,29.0,WH-London ,2011-06-28,WH-London,False,False
2011-06-29,23471,0.0,Warehouse North,2011-06-28,WH-North,False,False
2011-06-29,21188,-16.0,WH-North,2011-06-28,WH-North,True,False
2011-06-29,16010,,WH_London,2011-06-17,WH-London,False,True
2011-06-29,21630,86.0,WH-London ,2011-06-27,WH-London,False,False
2011-06-29,22779,-31.0,WH-London ,,WH-London,True,False
2011-06-29,23075,8.0,Main,2011-06-25,WH-London,False,False
2011-06-29,72232,84.0,WH-London,2011-06-26,WH-London,False,False
2011-06-29,21265,85.0,Warehouse North,2011-06-26,WH-North,False,False
2011-06-29,21220,,Main,2011-06-19,WH-London,False,True
2011-06-29,17109D,6.0,WH_London,2011-06-26,WH-London,False,False
2011-06-29,21356,65.0,WH_London,2011-06-29,WH-London,False,False
2011-06-29,23089,,WH-North,2011-06-23,WH-North,False,True
2011-06-29,22070,77.0,WH_London,,WH-London,False,False
2011-06-29,22960,54.0,WH-London ,2011-06-25,WH-London,False,False
2011-06-29,22671,,Main,2011-06-26,WH-London,False,True
2011-06-29,20771,37.0,WH_London,2011-06-24,WH-London,False,False
2011-06-29,21368,85.0,,2011-06-23,UNKNOWN,False,False
2011-06-29,72802C,61.0,WH-London ,,WH-London,False,False
2011-06-29,22030,10.0,WH-North,,WH-North,False,False
2011-06-29,21745,,Warehouse North,2011-06-28,WH-North,False,True
2011-06-29,21009,84.0,WH-North,,WH-North,False,False
2011-06-29,21830,99.0,WH-London,2011-06-17,WH-London,False,False
2011-06-29,21222,84.0,WH_London,2011-06-18,WH-London,False,False
2011-06-29,20974,22.0,Main,2011-06-22,WH-London,False,False
2011-06-29,85186C,59.0,WH_London,2011-06-15,WH-London,False,False
2011-06-29,47590B,68.0,WH-London ,2011-06-15,WH-London,False,False
2011-06-29,23085,9.0,WH-London ,2011-06-19,WH-London,False,False
2011-06-29,47469,14.0,,2011-06-21,UNKNOWN,False,False
2011-06-29,22483,72.0,Main,2011-06-29,WH-London,False,False
2011-06-29,47591D,,Main,2011-06-21,WH-London,False,True
2011-06-29,17028J,121.0,WH-London,2011-06-23,WH-London,False,False
2011-06-29,84638,42.0,WH_London,2011-06-17,WH-London,False,False
2011-06-29,90185B,0.0,Main,2011-06-18,WH-London,False,False
2011-06-29,22323,45.0,,2011-06-15,UNKNOWN,False,False
2011-06-29,16011,75.0,WH-London ,,WH-London,False,False
2011-06-29,90082D,39.0,WH_London,,WH-London,False,False
2011-06-29,21147,53.0,WH-London ,2011-06-15,WH-London,False,False
2011-06-29,47593A,-30.0,WH-North,2011-06-22,WH-North,True,False
2011-06-29,85119,85.0,WH_London,2011-06-22,WH-London,False,False
2011-06-29,22248,72.0,WH-London ,2011-06-28,WH-London,False,False
2011-06-29,47593B,-25.0,WH-London,2011-06-27,WH-London,True,False
2011-06-29,84872A,34.0,WH-North,2011-06-18,WH-North,False,False
2011-06-29,22066,29.0,WH-London,2011-06-26,WH-London,False,False
2011-06-29,90011C,-5.0,WH-London,2011-06-17,WH-London,True,False
2011-06-29,20731,27.0,WH_London,2011-06-24,WH-London,False,False
2011-06-29,21504,-3.0,,,UNKNOWN,True,False
2011-06-29,23483,78.0,Warehouse North,2011-06-27,WH-North,False,False
2011-06-29,37424,80.0,WH_London,2011-06-28,WH-London,False,False
2011-06-29,23159,41.0,WH-London,,WH-London,False,False
2011-06-29,21159,56.0,WH-North,,WH-North,False,False
2011-06-29,90152C,82.0,WH-London ,2011-06-22,WH-London,False,False
2011-06-29,20966,73.0,Main,2011-06-18,WH-London,False,False
2011-06-29,82616B,110.0,WH-London,,WH-London,False,False
2011-06-29,22905,57.0,WH-North,2011-06-20,WH-North,False,False
2011-06-29,84732B,93.0,WH_London,2011-06-28,WH-London,False,False
2011-06-29,23234,52.0,Main,2011-06-25,WH-London,False,False
2011-06-29,23068,46.0,Main,2011-06-22,WH-London,False,False
2011-06-29,46000P,70.0,Main,2011-06-27,WH-London,False,False
2011-06-29,20677,,WH_London,2011-06-29,WH-London,False,True
2011-06-29,23535,31.0,Main,2011-06-25,WH-London,False,False
2011-06-29,10133,25.0,WH-North,2011-06-27,WH-North,False,False
2011-06-29,90143,52.0,WH-North,2011-06-27,WH-North,False,False
2011-06-29,20702,-6.0,WH-London ,2011-06-19,WH-London,True,False
2011-06-29,85184C,40.0,WH_London,2011-06-19,WH-London,False,False
2011-06-29,85107,20.0,WH_London,2011-06-26,WH-London,False,False
2011-06-29,78124,32.0,Main,2011-06-17,WH-London,False,False
2011-06-29,84789,26.0,WH-London,2011-06-28,WH-London,False,False
2011-07-01,85024C,73.0,WH-London ,2011-07-01,WH-London,False,False
2011-07-01,22323,63.0,WH-North,,WH-North,False,False
2011-07-01,90052,,Warehouse North,2011-06-26,WH-North,False,True
2011-07-01,21989,38.0,WH_London,,WH-London,False,False
2011-07-01,20756,81.0,Warehouse North,2011-06-21,WH-North,False,False
2011-07-01,85163B,77.0,WH-North,2011-06-24,WH-North,False,False
2011-07-01,44092C,46.0,WH-London,2011-06-20,WH-London,False,False
2011-07-01,84849B,90.0,Main,2011-06-30,WH-London,False,False
2011-07-01,23458,44.0,WH-London,2011-06-27,WH-London,False,False
2011-07-01,90177A,56.0,,2011-06-27,UNKNOWN,False,False
2011-07-01,21802,32.0,WH-London ,2011-06-30,WH-London,False,False
2011-07-01,35819P,38.0,WH_London,2011-06-30,WH-London,False,False
2011-07-01,10133,31.0,Warehouse North,2011-06-19,WH-North,False,False
2011-07-01,90185B,70.0,Warehouse North,2011-06-30,WH-North,False,False
2011-07-01,22098,61.0,Warehouse North,2011-06-29,WH-North,False,False
2011-07-01,21368,-18.0,Warehouse North,2011-06-17,WH-North,True,False
2011-07-01,21216,66.0,WH_London,2011-06-27,WH-London,False,False
2011-07-01,22084,103.0,WH_London,2011-06-25,WH-London,False,False
2011-07-01,79163,30.0,WH-London ,,WH-London,False,False
2011-07-01,90161B,28.0,WH-North,2011-06-29,WH-North,False,False
2011-07-01,22671,50.0,,2011-07-01,UNKNOWN,False,False
2011-07-01,22156,91.0,WH-North,2011-06-23,WH-North,False,False
2011-07-01,21265,36.0,WH-North,2011-06-24,WH-North,False,False
2011-07-01,22928,105.0,WH-London,2011-06-17,WH-London,False,False
2011-07-01,21147,18.0,WH-London,2011-06-19,WH-London,False,False
2011-07-01,20771,55.0,WH-North,2011-07-01,WH-North,False,False
2011-07-01,23234,-1.0,WH_London,2011-06-25,WH-London,True,False
2011-07-01,84715,21.0,WH-North,2011-06-25,WH-North,False,False
2011-07-01,82613C,-43.0,,2011-06-17,UNKNOWN,True,False
2011-07-01,21356,58.0,WH-London ,2011-06-25,WH-London,False,False
2011-07-01,22882,87.0,WH-North,2011-06-30,WH-North,False,False
2011-07-01,22087,29.0,WH-London ,2011-06-22,WH-London,False,False
2011-07-01,23060,62.0,WH-London,2011-07-01,WH-London,False,False
2011-07-01,72232,,,2011-06-20,UNKNOWN,False,True
2011-07-01,90214C,80.0,,,UNKNOWN,False,False
2011-07-01,21630,89.0,WH-North,2011-06-24,WH-North,False,False
2011-07-01,90152C,81.0,Warehouse North,2011-06-30,WH-North,False,False
2011-07-01,23341,81.0,,2011-06-29,UNKNOWN,False,False
2011-07-01,22779,47.0,Warehouse North,2011-06-19,WH-North,False,False
2011-07-01,85119,58.0,WH_London,2011-06-28,WH-London,False,False
2011-07-01,90195B,47.0,,2011-06-28,UNKNOWN,False,False
2011-07-01,85184C,-48.0,WH-London ,2011-06-30,WH-London,True,False
2011-07-01,85230F,27.0,WH-London ,2011-06-30,WH-London,False,False
2011-07-01,23075,58.0,WH-North,2011-07-01,WH-North,False,False
2011-07-01,22216,62.0,WH-North,2011-06-24,WH-North,False,False
2011-07-01,22272,79.0,,2011-06-23,UNKNOWN,False,False
2011-07-01,21135,-61.0,WH-London,2011-06-30,WH-London,True,False
2011-07-01,35965,76.0,WH-London ,2011-06-21,WH-London,False,False
2011-07-01,47593A,27.0,WH-London ,2011-06-23,WH-London,False,False
2011-07-01,78124,92.0,WH-London ,2011-07-01,WH-London,False,False
2011-07-01,17109D,42.0,Main,2011-06-24,WH-London,False,False
2011-07-01,20966,-11.0,WH_London,2011-06-26,WH-London,True,False
2011-07-01,21628,38.0,Main,2011-06-22,WH-London,False,False
2011-07-01,16011,67.0,Main,2011-06-24,WH-London,False,False
2011-07-01,21222,52.0,WH-North,2011-06-18,WH-North,False,False
2011-07-01,20803,-8.0,Main,2011-06-18,WH-London,True,False
2011-07-01,82616C,56.0,WH-London ,2011-06-18,WH-London,False,False
2011-07-01,21662,53.0,WH-London,,WH-London,False,False
2011-07-01,23204,20.0,WH-London,2011-06-27,WH-London,False,False
2011-07-01,90071,66.0,WH-London ,2011-07-01,WH-London,False,False
2011-07-01,21336,45.0,Main,2011-06-23,WH-London,False,False
2011-07-01,84805B,-8.0,WH_London,2011-06-27,WH-London,True,False
2011-07-01,22248,70.0,WH-London ,2011-06-23,WH-London,False,False
2011-07-01,22962,55.0,,,UNKNOWN,False,False
2011-07-01,21159,95.0,WH-London ,2011-06-24,WH-London,False,False
2011-07-01,84989A,,Warehouse North,2011-06-28,WH-North,False,True
2011-07-01,84746,43.0,WH_London,2011-06-20,WH-London,False,False
2011-07-01,84872A,81.0,Main,2011-06-25,WH-London,False,False
2011-07-01,22575,22.0,WH-London,2011-06-22,WH-London,False,False
2011-07-01,22066,80.0,Warehouse North,2011-06-20,WH-North,False,False
2011-07-01,22230,81.0,,2011-06-26,UNKNOWN,False,False
2011-07-01,85136C,59.0,Main,2011-06-26,WH-London,False,False
2011-07-01,16218,45.0,Warehouse North,2011-06-17,WH-North,False,False
2011-07-01,22960,30.0,,2011-06-26,UNKNOWN,False,False
2011-07-01,23619,28.0,WH-North,2011-06-17,WH-North,False,False
2011-07-01,22099,59.0,WH-London ,2011-06-27,WH-London,False,False
2011-07-01,23159,-36.0,WH-London ,2011-06-22,WH-London,True,False
2011-07-01,20702,33.0,WH_London,2011-06-27,WH-London,False,False
2011-07-01,21745,29.0,Main,2011-06-24,WH-London,False,False
2011-07-01,90067B,20.0,Warehouse North,2011-06-29,WH-North,False,False
2011-07-03,21009,55.0,Main,,WH-London,False,False
2011-07-03,21348,5.0,WH_London,2011-06-26,WH-London,False,False
2011-07-03,21195,86.0,Main,2011-06-29,WH-London,False,False
2011-07-03,16010,77.0,WH-London,2011-06-22,WH-London,False,False
2011-07-03,20731,90.0,WH-London,2011-06-21,WH-London,False,False
2011-07-03,84638,34.0,WH_London,2011-07-02,WH-London,False,False
2011-07-03,90065B,56.0,Main,2011-06-29,WH-London,False,False
2011-07-03,47591D,74.0,WH-North,2011-06-24,WH-North,False,False
2011-07-03,23135,46.0,WH-London ,2011-06-22,WH-London,False,False
2011-07-03,21428,33.0,Main,2011-06-26,WH-London,False,False
2011-07-03,22210,53.0,Main,2011-06-27,WH-London,False,False
2011-07-03,21830,43.0,WH-London ,2011-07-01,WH-London,False,False
2011-07-03,22779,17.0,WH-London ,2011-06-25,WH-London,False,False
2011-07-03,84746,-21.0,WH-North,2011-06-27,WH-North,True,False
2011-07-03,21336,22.0,WH-London,2011-06-21,WH-London,False,False
2011-07-03,85136C,-20.0,,2011-06-26,UNKNOWN,True,False
2011-07-03,15044B,23.0,WH-London,2011-06-29,WH-London,False,False
2011-07-03,22928,92.0,WH-London ,2011-06-25,WH-London,False,False
2011-07-03,23272,-5.0,WH-London ,2011-06-27,WH-London,True,False
2011-07-03,79163,63.0,WH-London ,2011-06-24,WH-London,False,False
2011-07-03,82616C,-86.0,,2011-06-24,UNKNOWN,True,False
2011-07-03,81950B,,,2011-06-29,UNKNOWN,False,True
2011-07-03,23090,103.0,,2011-06-21,UNKNOWN,False,False
2011-07-03,22483,47.0,,2011-06-20,UNKNOWN,False,False
2011-07-03,90185B,90.0,WH-London,2011-06-26,WH-London,False,False
2011-07-03,22332,58.0,Main,2011-06-21,WH-London,False,False
2011-07-03,22960,36.0,WH-London ,,WH-London,False,False
2011-07-03,23440,-37.0,WH_London,2011-06-25,WH-London,True,False
2011-07-03,72802C,16.0,WH-London,2011-06-28,WH-London,False,False
2011-07-03,21628,70.0,WH_London,,WH-London,False,False
2011-07-03,72225C,96.0,Warehouse North,2011-06-24,WH-North,False,False
2011-07-03,84856S,7.0,,2011-06-22,UNKNOWN,False,False
2011-07-03,22560,48.0,WH_London,2011-06-27,WH-London,False,False
2011-07-03,23547,36.0,WH-North,2011-06-28,WH-North,False,False
2011-07-03,16218,62.0,WH-London,2011-07-03,WH-London,False,False
2011-07-03,21159,52.0,WH_London,2011-06-19,WH-London,False,False
2011-07-03,23334,38.0,,2011-06-29,UNKNOWN,False,False
2011-07-03,21188,69.0,WH-North,2011-06-20,WH-North,False,False
2011-07-03,35819P,29.0,WH_London,2011-06-30,WH-London,False,False
2011-07-03,21265,50.0,WH_London,2011-06-25,WH-London,False,False
2011-07-03,85119,73.0,WH-North,2011-06-20,WH-North,False,False
2011-07-03,20771,-28.0,WH-North,2011-06-24,WH-North,True,False
2011-07-03,85026B,39.0,WH_London,2011-06-22,WH-London,False,False
2011-07-03,22087,33.0,,2011-06-24,UNKNOWN,False,False
2011-07-03,21356,63.0,WH_London,2011-06-29,WH-London,False,False
2011-07-03,85135A,60.0,WH-London,2011-06-28,WH-London,False,False
2011-07-03,84872A,34.0,WH-London ,2011-06-27,WH-London,False,False
2011-07-03,20963,-60.0,WH_London,2011-06-23,WH-London,True,False
2011-07-03,44092C,-34.0,WH-London,2011-07-02,WH-London,True,False
2011-07-03,84631,75.0,WH-London,2011-06-27,WH-London,False,False
2011-07-03,37424,76.0,WH-North,2011-06-25,WH-North,False,False
2011-07-03,90067B,,WH_London,2011-06-24,WH-London,False,True
2011-07-03,22185,28.0,WH-London,2011-06-23,WH-London,False,False
2011-07-03,72807B,48.0,Warehouse North,,WH-North,False,False
2011-07-03,23075,22.0,WH-London,2011-06-23,WH-London,False,False
2011-07-03,23089,27.0,Main,2011-07-01,WH-London,False,False
2011-07-03,90071,59.0,Warehouse North,2011-06-19,WH-North,False,False
2011-07-03,22114,74.0,,2011-06-21,UNKNOWN,False,False
2011-07-03,23692,59.0,WH-London ,,WH-London,False,False
2011-07-03,22470,136.0,WH-London,2011-07-01,WH-London,False,False
2011-07-03,21745,87.0,,2011-06-25,UNKNOWN,False,False
2011-07-03,23458,72.0,WH-London ,2011-06-21,WH-London,False,False
2011-07-03,72232,70.0,WH-North,2011-07-03,WH-North,False,False
2011-07-03,15036,52.0,Main,2011-06-29,WH-London,False,False
2011-07-03,84989A,65.0,Warehouse North,2011-06-24,WH-North,False,False
2011-07-03,90082D,55.0,Main,2011-06-24,WH-London,False,False
2011-07-03,78124,,WH_London,2011-06-29,WH-London,False,True
2011-07-03,90001C,41.0,WH-London ,2011-06-24,WH-London,False,False
2011-07-03,84715,40.0,WH-London ,2011-06-26,WH-London,False,False
2011-07-03,82613C,,WH-North,2011-06-20,WH-North,False,True
2011-07-03,22962,-36.0,WH-North,2011-06-19,WH-North,True,False
2011-07-03,85184C,21.0,WH-North,,WH-North,False,False
2011-07-03,20724,-27.0,WH-London ,2011-06-28,WH-London,True,False
2011-07-03,79160,72.0,WH-London,2011-06-28,WH-London,False,False
2011-07-03,21080,130.0,Warehouse North,2011-07-03,WH-North,False,False
2011-07-03,17109D,23.0,WH-London ,2011-06-21,WH-London,False,False
2011-07-03,90052,69.0,WH_London,,WH-London,False,False
2011-07-03,85186C,54.0,WH_London,2011-06-28,WH-London,False,False
2011-07-03,90197B,83.0,Main,2011-06-27,WH-London,False,False
2011-07-03,21662,69.0,WH-London,2011-07-01,WH-London,False,False
2011-07-05,23057,85.0,,2011-06-29,UNKNOWN,False,False
2011-07-05,90082D,58.0,,2011-06-23,UNKNOWN,False,False
2011-07-05,85119,,,2011-07-04,UNKNOWN,False,True
2011-07-05,22962,29.0,WH-North,2011-06-24,WH-North,False,False
2011-07-05,23272,56.0,WH-London,2011-06-23,WH-London,False,False
2011-07-05,85107,,,2011-07-04,UNKNOWN,False,True
2011-07-05,22095,38.0,WH-London,2011-06-21,WH-London,False,False
2011-07-05,79163,110.0,,2011-06-23,UNKNOWN,False,False
2011-07-05,22099,78.0,Main,2011-06-24,WH-London,False,False
2011-07-05,23341,-12.0,Warehouse North,2011-06-25,WH-North,True,False
2011-07-05,21628,46.0,WH-London,2011-06-23,WH-London,False,False
2011-07-05,85026B,19.0,Warehouse North,2011-06-28,WH-North,False,False
2011-07-05,21222,107.0,WH-London,2011-06-30,WH-London,False,False
2011-07-05,20996,-16.0,WH-London ,2011-06-26,WH-London,True,False
2011-07-05,21670,62.0,Main,2011-06-27,WH-London,False,False
2011-07-05,22960,-53.0,,,UNKNOWN,True,False
2011-07-05,21504,74.0,,2011-07-04,UNKNOWN,False,False
2011-07-05,21865,59.0,WH-London,2011-06-27,WH-London,False,False
2011-07-05,22332,,Main,2011-07-02,WH-London,False,True
2011-07-05,37467,77.0,WH-London ,2011-06-25,WH-London,False,False
2011-07-05,85163B,-5.0,WH-London ,2011-07-03,WH-London,True,False
2011-07-05,21791,92.0,WH_London,2011-06-23,WH-London,False,False
2011-07-05,16218,56.0,,2011-06-22,UNKNOWN,False,False
2011-07-05,20702,92.0,WH-North,2011-06-29,WH-North,False,False
2011-07-05,82616B,40.0,Warehouse North,2011-07-02,WH-North,False,False
2011-07-05,21216,18.0,WH-North,2011-06-26,WH-North,False,False
2011-07-05,79071B,12.0,WH-London,2011-06-30,WH-London,False,False
2011-07-05,23204,-81.0,WH-North,2011-06-28,WH-North,True,False
2011-07-05,22114,73.0,WH-London ,2011-06-27,WH-London,False,False
2011-07-05,90161B,,Main,2011-06-28,WH-London,False,True
2011-07-05,90152C,-30.0,WH-North,2011-06-28,WH-North,True,False
2011-07-05,23518,,Main,,WH-London,False,True
2011-07-05,72232,-11.0,WH_London,2011-06-26,WH-London,True,False
2011-07-05,35819P,115.0,WH_London,2011-06-23,WH-London,False,False
2011-07-05,22483,6.0,Main,2011-07-01,WH-London,False,False
2011-07-05,21080,50.0,,2011-06-24,UNKNOWN,False,False
2011-07-05,23159,56.0,WH-London ,2011-06-28,WH-London,False,False
2011-07-05,47593A,60.0,,2011-06-30,UNKNOWN,False,False
2011-07-05,21281,59.0,WH-London,2011-06-27,WH-London,False,False
2011-07-05,21135,53.0,WH-London,2011-06-21,WH-London,False,False
2011-07-05,22248,36.0,WH-London,2011-06-23,WH-London,False,False
2011-07-05,22470,43.0,Warehouse North,2011-07-02,WH-North,False,False
2011-07-05,22908,30.0,Main,2011-06-27,WH-London,False,False
2011-07-05,23619,53.0,WH-London ,2011-07-05,WH-London,False,False
2011-07-05,47593B,-2.0,WH_London,2011-06-23,WH-London,True,False
2011-07-05,85184C,59.0,WH-London ,2011-06-26,WH-London,False,False
2011-07-05,85135A,47.0,,2011-06-25,UNKNOWN,False,False
2011-07-05,22178,-75.0,WH-London,2011-06-23,WH-London,True,False
2011-07-05,72225C,40.0,WH-North,2011-06-25,WH-North,False,False
2011-07-05,90201C,-68.0,Main,2011-06-21,WH-London,True,False
2011-07-05,84805B,66.0,,2011-06-29,UNKNOWN,False,False
2011-07-05,23068,45.0,Warehouse North,,WH-North,False,False
2011-07-05,22905,-60.0,WH-London ,2011-06-28,WH-London,True,False
2011-07-05,22185,9.0,,2011-06-27,UNKNOWN,False,False
2011-07-05,22637,90.0,Main,2011-07-05,WH-London,False,False
2011-07-05,22098,33.0,Warehouse North,,WH-North,False,False
2011-07-05,22084,44.0,WH-London,2011-06-26,WH-London,False,False
2011-07-05,17109D,18.0,Warehouse North,2011-06-23,WH-North,False,False
2011-07-05,84746,26.0,,2011-07-02,UNKNOWN,False,False
2011-07-05,21662,99.0,WH-London,2011-07-03,WH-London,False,False
2011-07-05,23483,54.0,WH-London,2011-07-03,WH-London,False,False
2011-07-05,37444C,41.0,WH_London,2011-06-24,WH-London,False,False
2011-07-05,22289,40.0,WH-London,,WH-London,False,False
2011-07-05,23090,-50.0,Warehouse North,2011-06-25,WH-North,True,False
2011-07-05,22230,71.0,WH-North,2011-06-26,WH-North,False,False
2011-07-05,23334,55.0,WH-North,2011-07-05,WH-North,False,False
2011-07-05,23547,56.0,WH-London,2011-07-01,WH-London,False,False
2011-07-05,20731,22.0,Main,2011-07-05,WH-London,False,False
2011-07-05,82616C,41.0,Warehouse North,,WH-North,False,False
2011-07-05,16011,54.0,Warehouse North,2011-06-25,WH-North,False,False
2011-07-05,81952B,49.0,,2011-06-23,UNKNOWN,False,False
2011-07-05,21336,37.0,WH-London ,2011-07-02,WH-London,False,False
2011-07-05,21348,34.0,,2011-06-26,UNKNOWN,False,False
2011-07-05,90185B,63.0,Main,2011-06-26,WH-London,False,False
2011-07-05,47591D,63.0,WH-London,2011-06-23,WH-London,False,False
2011-07-05,23010,79.0,Main,2011-06-24,WH-London,False,False
2011-07-05,21830,55.0,WH_London,2011-06-22,WH-London,False,False
2011-07-05,21368,-12.0,Main,,WH-London,True,False
2011-07-05,21159,-120.0,WH-London ,2011-06-21,WH-London,True,False
2011-07-05,47469,49.0,Main,2011-07-05,WH-London,False,False
2011-07-07,21356,37.0,Warehouse North,2011-06-23,WH-North,False,False
2011-07-07,23075,48.0,WH-London ,2011-06-30,WH-London,False,False
2011-07-07,21428,38.0,WH-London,,WH-London,False,False
2011-07-07,20966,,Warehouse North,2011-06-29,WH-North,False,True
2011-07-07,20996,68.0,,2011-07-06,UNKNOWN,False,False
2011-07-07,21791,45.0,WH_London,2011-06-24,WH-London,False,False
2011-07-07,72800F,47.0,WH_London,2011-06-30,WH-London,False,False
2011-07-07,21989,-25.0,WH-London ,2011-06-30,WH-London,True,False
2011-07-07,90177A,43.0,Main,2011-06-26,WH-London,False,False
2011-07-07,84804A,17.0,Main,2011-06-24,WH-London,False,False
2011-07-07,90082D,34.0,,2011-07-07,UNKNOWN,False,False
2011-07-07,20677,57.0,,2011-06-27,UNKNOWN,False,False
2011-07-07,22228,31.0,WH-London,2011-06-26,WH-London,False,False
2011-07-07,85135A,-35.0,,2011-07-07,UNKNOWN,True,False
2011-07-07,85026B,52.0,Main,,WH-London,False,False
2011-07-07,21628,34.0,WH-North,2011-07-01,WH-North,False,False
2011-07-07,22928,18.0,WH-London ,2011-07-07,WH-London,False,False
2011-07-07,23692,-1.0,Warehouse North,2011-06-26,WH-North,True,False
2011-07-07,90214N,60.0,WH-London,2011-06-27,WH-London,False,False
2011-07-07,22575,34.0,,2011-06-24,UNKNOWN,False,False
2011-07-07,21336,0.0,WH-North,2011-07-06,WH-North,False,False
2011-07-07,22323,87.0,,2011-06-27,UNKNOWN,False,False
2011-07-07,47593B,60.0,WH-London,2011-06-29,WH-London,False,False
2011-07-07,90197B,14.0,WH_London,2011-06-26,WH-London,False,False
2011-07-07,37424,28.0,Main,2011-07-04,WH-London,False,False
2011-07-07,20771,-81.0,WH-North,,WH-North,True,False
2011-07-07,90071,44.0,WH-London ,2011-07-04,WH-London,False,False
2011-07-07,23060,37.0,Warehouse North,2011-07-01,WH-North,False,False
2011-07-07,84686,72.0,WH-North,2011-06-28,WH-North,False,False
2011-07-07,23234,44.0,WH-London ,2011-07-05,WH-London,False,False
2011-07-07,90161B,86.0,WH-London,2011-06-30,WH-London,False,False
2011-07-07,21802,37.0,WH-North,2011-07-03,WH-North,False,False
2011-07-07,22216,32.0,WH_London,2011-07-05,WH-London,False,False
2011-07-07,22415,50.0,Warehouse North,2011-06-26,WH-North,False,False
2011-07-07,85136C,78.0,WH-North,2011-06-27,WH-North,False,False
2011-07-07,85119,57.0,WH-London,2011-07-05,WH-London,False,False
2011-07-07,82613C,53.0,WH-North,2011-07-03,WH-North,False,False
2011-07-07,79071B,25.0,WH-London ,2011-06-23,WH-London,False,False
2011-07-07,20974,21.0,WH-London ,2011-07-06,WH-London,False,False
2011-07-07,79163,78.0,Main,2011-06-30,WH-London,False,False
2011-07-07,20803,82.0,WH_London,,WH-London,False,False
2011-07-07,81950B,81.0,Main,2011-07-03,WH-London,False,False
2011-07-07,20731,73.0,WH_London,2011-06-24,WH-London,False,False
2011-07-07,84631,63.0,Main,2011-06-29,WH-London,False,False
2011-07-07,22289,62.0,WH-London,2011-07-05,WH-London,False,False
2011-07-07,21504,-54.0,Warehouse North,2011-07-02,WH-North,True,False
2011-07-07,35819P,66.0,WH-North,2011-07-03,WH-North,False,False
2011-07-07,23093,,,2011-07-07,UNKNOWN,False,True
2011-07-07,23547,66.0,Warehouse North,2011-07-02,WH-North,False,False
2011-07-07,22178,77.0,Warehouse North,2011-07-03,WH-North,False,False
2011-07-07,90152C,12.0,WH-London,2011-06-27,WH-London,False,False
2011-07-07,47591D,82.0,Warehouse North,,WH-North,False,False
2011-07-07,23089,48.0,WH_London,2011-06-29,WH-London,False,False
2011-07-07,23619,93.0,Main,2011-07-03,WH-London,False,False
2011-07-07,20963,88.0,Main,2011-06-29,WH-London,False,False
2011-07-07,21670,19.0,,2011-07-02,UNKNOWN,False,False
2011-07-07,23090,50.0,Warehouse North,2011-06-24,WH-North,False,False
2011-07-07,22156,-5.0,Main,2011-07-06,WH-London,True,False
2011-07-07,22210,38.0,WH-London,,WH-London,False,False
2011-07-07,22637,60.0,Warehouse North,2011-06-28,WH-North,False,False
2011-07-07,90065B,75.0,WH-London,2011-06-24,WH-London,False,False
2011-07-07,21159,52.0,WH-London ,2011-07-02,WH-London,False,False
2011-07-07,23611,63.0,,,UNKNOWN,False,False
2011-07-07,84596J,28.0,WH-London,2011-06-30,WH-London,False,False
2011-07-07,22185,49.0,WH_London,2011-06-29,WH-London,False,False
2011-07-07,22960,32.0,Main,2011-06-24,WH-London,False,False
2011-07-07,90195B,58.0,WH_London,2011-06-28,WH-London,False,False
2011-07-07,17028J,91.0,WH-North,,WH-North,False,False
2011-07-07,84675,48.0,Main,2011-06-26,WH-London,False,False
2011-07-07,90214C,8.0,WH-London,2011-07-03,WH-London,False,False
2011-07-07,15036,55.0,Main,2011-06-29,WH-London,False,False
2011-07-07,82616C,,,2011-06-30,UNKNOWN,False,True
2011-07-07,15044B,22.0,Main,2011-07-02,WH-London,False,False
2011-07-07,23518,87.0,WH-North,,WH-North,False,False
2011-07-07,23272,32.0,Warehouse North,2011-07-05,WH-North,False,False
2011-07-07,21683,,WH-London,2011-07-02,WH-London,False,True
2011-07-07,37471,,Main,2011-06-29,WH-London,False,True
2011-07-07,22904,58.0,WH-London,2011-07-07,WH-London,False,False
2011-07-07,23341,-104.0,Warehouse North,2011-06-29,WH-North,True,False
2011-07-07,22779,61.0,,2011-07-05,UNKNOWN,False,False
2011-07-09,23135,27.0,,2011-07-04,UNKNOWN,False,False
2011-07-09,21281,65.0,Warehouse North,2011-07-09,WH-North,False,False
2011-07-09,23440,74.0,Warehouse North,,WH-North,False,False
2011-07-09,20996,84.0,Main,,WH-London,False,False
2011-07-09,90161B,12.0,Main,2011-07-05,WH-London,False,False
2011-07-09,22099,-96.0,WH_London,2011-07-07,WH-London,True,False
2011-07-09,84559B,56.0,WH-North,2011-07-01,WH-North,False,False
2011-07-09,22560,102.0,WH-London,2011-06-26,WH-London,False,False
2011-07-09,21662,54.0,Main,,WH-London,False,False
2011-07-09,84638,67.0,Warehouse North,2011-07-01,WH-North,False,False
2011-07-09,22637,21.0,WH_London,2011-07-02,WH-London,False,False
2011-07-09,22084,79.0,Main,,WH-London,False,False
2011-07-09,72232,17.0,WH-North,2011-07-01,WH-North,False,False
2011-07-09,22575,58.0,WH-North,2011-06-25,WH-North,False,False
2011-07-09,22962,37.0,WH-London,2011-07-01,WH-London,False,False
2011-07-09,23010,,Warehouse North,2011-07-08,WH-North,False,True
2011-07-09,23089,82.0,Main,2011-06-27,WH-London,False,False
2011-07-09,44092C,39.0,Warehouse North,2011-07-07,WH-North,False,False
2011-07-09,85135A,83.0,WH_London,2011-06-26,WH-London,False,False
2011-07-09,22087,37.0,Main,2011-07-01,WH-London,False,False
2011-07-09,72800F,-53.0,WH_London,2011-06-30,WH-London,True,False
2011-07-09,16218,,WH_London,2011-07-01,WH-London,False,True
2011-07-09,85184C,53.0,Warehouse North,2011-07-05,WH-North,False,False
2011-07-09,21791,47.0,,2011-07-05,UNKNOWN,False,False
2011-07-09,90025E,54.0,WH-London,2011-06-25,WH-London,False,False
2011-07-09,21484,40.0,WH-London,2011-06-29,WH-London,False,False
2011-07-09,22114,19.0,,2011-07-03,UNKNOWN,False,False
2011-07-09,21865,-111.0,Main,2011-06-28,WH-London,True,False
2011-07-09,85231G,37.0,WH_London,2011-07-02,WH-London,False,False
2011-07-09,21989,4.0,WH-London,2011-07-01,WH-London,False,False
2011-07-09,21216,45.0,,2011-07-09,UNKNOWN,False,False
2011-07-09,90214C,60.0,Main,2011-07-09,WH-London,False,False
2011-07-09,22156,43.0,WH-London ,2011-07-02,WH-London,False,False
2011-07-09,37444C,48.0,WH-London,2011-06-26,WH-London,False,False
2011-07-09,90082D,45.0,WH-London,2011-07-07,WH-London,False,False
2011-07-09,21428,62.0,Main,2011-06-25,WH-London,False,False
2011-07-09,22185,74.0,Main,2011-07-01,WH-London,False,False
2011-07-09,21377,44.0,WH-North,2011-07-03,WH-North,False,False
2011-07-09,17028J,127.0,,2011-07-07,UNKNOWN,False,False
2011-07-09,21009,81.0,WH_London,2011-06-25,WH-London,False,False
2011-07-09,90152C,,Warehouse North,2011-07-05,WH-North,False,True
2011-07-09,23068,10.0,WH-North,2011-07-03,WH-North,False,False
2011-07-09,47593A,53.0,Warehouse North,2011-07-09,WH-North,False,False
2011-07-09,78124,-74.0,WH_London,2011-06-29,WH-London,True,False
2011-07-09,85163B,74.0,WH-London ,2011-06-30,WH-London,False,False
2011-07-09,22908,-5.0,WH_London,2011-07-01,WH-London,True,False
2011-07-09,47590B,53.0,WH_London,2011-06-28,WH-London,False,False
2011-07-09,21348,35.0,WH_London,2011-07-03,WH-London,False,False
2011-07-09,23093,94.0,WH-London,2011-06-25,WH-London,False,False
2011-07-09,90067B,53.0,WH-London,2011-06-30,WH-London,False,False
2011-07-09,85026B,-18.0,WH-North,2011-06-26,WH-North,True,False
2011-07-09,23535,61.0,WH_London,2011-07-05,WH-London,False,False
2011-07-09,20974,-8.0,WH-London,2011-07-06,WH-London,True,False
2011-07-09,22228,63.0,WH_London,,WH-London,False,False
2011-07-09,90152A,127.0,Warehouse North,2011-07-08,WH-North,False,False
2011-07-09,21368,90.0,,2011-07-02,UNKNOWN,False,False
2011-07-09,21135,57.0,Main,2011-07-09,WH-London,False,False
2011-07-09,90143,30.0,WH-London,2011-07-01,WH-London,False,False
2011-07-09,37467,88.0,WH-London,2011-07-06,WH-London,False,False
2011-07-09,22230,69.0,WH_London,2011-06-30,WH-London,False,False
2011-07-09,90214N,41.0,Main,2011-06-28,WH-London,False,False
2011-07-09,79190B,33.0,WH-London ,2011-07-03,WH-London,False,False
2011-07-09,23060,22.0,WH-London,2011-07-01,WH-London,False,False
2011-07-09,22671,61.0,Warehouse North,2011-06-28,WH-North,False,False
2011-07-09,22095,37.0,WH-North,2011-07-08,WH-North,False,False
2011-07-09,90201C,55.0,WH_London,2011-07-08,WH-London,False,False
2011-07-09,21265,77.0,WH-North,2011-06-29,WH-North,False,False
2011-07-09,22415,36.0,WH-London ,2011-07-07,WH-London,False,False
2011-07-09,84856S,,WH_London,2011-07-02,WH-London,False,True
2011-07-09,84686,86.0,,2011-07-01,UNKNOWN,False,False
2011-07-09,20657,61.0,WH_London,2011-07-01,WH-London,False,False
2011-07-09,22098,70.0,Warehouse North,2011-07-04,WH-North,False,False
2011-07-09,84804A,62.0,,2011-07-01,UNKNOWN,False,False
2011-07-09,23611,,WH-North,2011-06-26,WH-North,False,True
2011-07-09,23189,75.0,,2011-07-04,UNKNOWN,False,False
2011-07-09,47591D,98.0,WH-London ,2011-06-27,WH-London,False,False
2011-07-09,21504,75.0,WH-North,2011-07-06,WH-North,False,False
2011-07-09,22289,44.0,WH-North,,WH-North,False,False
2011-07-09,84849B,44.0,WH_London,2011-07-08,WH-London,False,False
2011-07-09,23090,46.0,WH-London ,2011-07-02,WH-London,False,False
2011-07-11,84674,78.0,WH_London,2011-07-09,WH-London,False,False
2011-07-11,15044B,34.0,WH_London,2011-06-27,WH-London,False,False
2011-07-11,21336,19.0,WH-London ,,WH-London,False,False
2011-07-11,21348,64.0,WH-London,2011-07-02,WH-London,False,False
2011-07-11,20771,-50.0,,2011-07-02,UNKNOWN,True,False
2011-07-11,23518,94.0,,2011-07-07,UNKNOWN,False,False
2011-07-11,23068,17.0,Main,2011-07-03,WH-London,False,False
2011-07-11,22185,56.0,,2011-07-06,UNKNOWN,False,False
2011-07-11,23547,37.0,WH-London ,2011-07-02,WH-London,False,False
2011-07-11,84746,74.0,WH-London ,2011-06-27,WH-London,False,False
2011-07-11,22228,41.0,Warehouse North,2011-06-29,WH-North,False,False
2011-07-11,17028J,32.0,WH-London,2011-06-30,WH-London,False,False
2011-07-11,84872A,78.0,WH-London ,2011-06-28,WH-London,False,False
2011-07-11,90011C,88.0,Warehouse North,2011-06-30,WH-North,False,False
2011-07-11,23085,47.0,Warehouse North,,WH-North,False,False
2011-07-11,20996,,WH_London,2011-06-27,WH-London,False,True
2011-07-11,44092C,88.0,Main,2011-07-06,WH-London,False,False
2011-07-11,90195B,84.0,WH_London,2011-07-03,WH-London,False,False
2011-07-11,21356,80.0,,,UNKNOWN,False,False
2011-07-11,22332,37.0,Warehouse North,2011-07-04,WH-North,False,False
2011-07-11,84686,30.0,,2011-07-08,UNKNOWN,False,False
2011-07-11,23075,99.0,WH_London,2011-07-11,WH-London,False,False
2011-07-11,47469,68.0,WH-North,2011-07-11,WH-North,False,False
2011-07-11,21265,27.0,Warehouse North,2011-07-10,WH-North,False,False
2011-07-11,21080,46.0,Main,2011-07-02,WH-London,False,False
2011-07-11,22965,-52.0,Main,,WH-London,True,False
2011-07-11,46000P,46.0,Main,,WH-London,False,False
2011-07-11,21428,41.0,WH-London,2011-07-09,WH-London,False,False
2011-07-11,22905,86.0,,2011-06-29,UNKNOWN,False,False
2011-07-11,21135,,Main,2011-07-07,WH-London,False,True
2011-07-11,20974,117.0,WH-London ,2011-07-02,WH-London,False,False
2011-07-11,22210,88.0,WH-London,2011-06-30,WH-London,False,False
2011-07-11,35965,54.0,WH-London,,WH-London,False,False
2011-07-11,84789,92.0,WH-North,2011-07-01,WH-North,False,False
2011-07-11,85163B,60.0,WH-London ,2011-07-01,WH-London,False,False
2011-07-11,85184C,122.0,WH-London,2011-07-08,WH-London,False,False
2011-07-11,17109D,40.0,WH-North,2011-07-05,WH-North,False,False
2011-07-11,82616B,63.0,Warehouse North,2011-07-07,WH-North,False,False
2011-07-11,90143,31.0,WH_London,2011-07-04,WH-London,False,False
2011-07-11,22470,38.0,Main,2011-06-27,WH-London,False,False
2011-07-11,16218,39.0,Warehouse North,2011-07-06,WH-North,False,False
2011-07-11,23334,87.0,WH_London,,WH-London,False,False
2011-07-11,22248,56.0,WH-London,2011-07-05,WH-London,False,False
2011-07-11,22114,-23.0,Warehouse North,,WH-North,True,False
2011-07-11,90065B,52.0,WH-London,2011-07-06,WH-London,False,False
2011-07-11,84715,20.0,WH-London ,2011-07-04,WH-London,False,False
2011-07-11,84638,36.0,WH-London ,2011-07-02,WH-London,False,False
2011-07-11,15036,84.0,WH-North,2011-07-02,WH-North,False,False
2011-07-11,23471,9.0,Warehouse North,2011-06-30,WH-North,False,False
2011-07-11,84856S,13.0,WH-London ,2011-07-09,WH-London,False,False
2011-07-11,23234,0.0,WH-North,2011-07-09,WH-North,False,False
2011-07-11,90052,38.0,Main,2011-07-03,WH-London,False,False
2011-07-11,23010,0.0,WH-North,2011-07-06,WH-North,False,False
2011-07-11,23341,1.0,WH_London,2011-07-11,WH-London,False,False
2011-07-11,20657,43.0,WH-London,2011-06-28,WH-London,False,False
2011-07-11,22715,59.0,Main,2011-06-27,WH-London,False,False
2011-07-11,90201C,22.0,WH_London,2011-07-09,WH-London,False,False
2011-07-11,90214N,60.0,WH-London ,2011-07-09,WH-London,False,False
2011-07-11,21865,53.0,Warehouse North,2011-07-03,WH-North,False,False
2011-07-11,22671,66.0,WH-London ,2011-07-08,WH-London,False,False
2011-07-11,21989,18.0,WH_London,,WH-London,False,False
2011-07-11,85024C,109.0,WH-North,2011-07-08,WH-North,False,False
2011-07-11,82613C,15.0,WH-London,2011-07-08,WH-London,False,False
2011-07-11,72807B,31.0,Main,2011-06-27,WH-London,False,False
2011-07-11,85107,65.0,WH-North,2011-07-01,WH-North,False,False
2011-07-11,23483,53.0,WH-North,,WH-North,False,False
2011-07-11,22415,75.0,WH-London,2011-06-29,WH-London,False,False
2011-07-11,72225C,-40.0,WH_London,2011-07-04,WH-London,True,False
2011-07-11,84732B,13.0,WH-North,2011-07-09,WH-North,False,False
2011-07-11,84804A,4.0,WH-London ,2011-06-30,WH-London,False,False
2011-07-11,21222,103.0,WH-London,2011-07-03,WH-London,False,False
2011-07-11,22923,40.0,WH-North,2011-06-28,WH-North,False,False
2011-07-11,23204,44.0,Warehouse North,2011-07-07,WH-North,False,False
2011-07-11,21802,104.0,WH_London,2011-07-02,WH-London,False,False
2011-07-11,20966,35.0,,2011-07-01,UNKNOWN,False,False
2011-07-11,21159,50.0,WH-North,2011-07-05,WH-North,False,False
2011-07-11,84675,19.0,WH-London ,2011-06-28,WH-London,False,False
2011-07-11,23535,,WH-London ,2011-07-09,WH-London,False,True
2011-07-11,22070,106.0,Main,2011-06-30,WH-London,False,False
2011-07-11,23272,107.0,Main,2011-07-01,WH-London,False,False
2011-07-13,22637,-80.0,,2011-07-09,UNKNOWN,True,False
2011-07-13,22216,79.0,,2011-07-10,UNKNOWN,False,False
2011-07-13,23619,-72.0,,,UNKNOWN,True,False
2011-07-13,22272,27.0,,,UNKNOWN,False,False
2011-07-13,37444C,-58.0,Main,2011-07-05,WH-London,True,False
2011-07-13,84746,34.0,WH-North,2011-07-11,WH-North,False,False
2011-07-13,23471,-27.0,Warehouse North,2011-07-04,WH-North,True,False
2011-07-13,21281,,WH_London,2011-06-30,WH-London,False,True
2011-07-13,23090,-66.0,,,UNKNOWN,True,False
2011-07-13,84638,10.0,WH-London,2011-07-01,WH-London,False,False
2011-07-13,23060,39.0,WH-London,2011-07-04,WH-London,False,False
2011-07-13,22575,81.0,Warehouse North,2011-06-29,WH-North,False,False
2011-07-13,84805B,53.0,WH-London,2011-07-03,WH-London,False,False
2011-07-13,22908,0.0,WH-London ,,WH-London,False,False
2011-07-13,90082D,13.0,WH-London,2011-07-08,WH-London,False,False
2011-07-13,90026D,105.0,WH-North,2011-07-07,WH-North,False,False
2011-07-13,85184C,51.0,Warehouse North,2011-07-08,WH-North,False,False
2011-07-13,22415,81.0,WH_London,2011-07-08,WH-London,False,False
2011-07-13,20966,105.0,WH-London,2011-07-12,WH-London,False,False
2011-07-13,90025E,36.0,Warehouse North,2011-07-03,WH-North,False,False
2011-07-13,DCGSSBOY,60.0,WH-London ,2011-07-12,WH-London,False,False
2011-07-13,84804A,-8.0,WH-London,,WH-London,True,False
2011-07-13,37471,31.0,,2011-07-12,UNKNOWN,False,False
2011-07-13,22066,67.0,WH-North,2011-07-12,WH-North,False,False
2011-07-13,90011C,-44.0,Main,2011-07-08,WH-London,True,False
2011-07-13,22882,-63.0,,2011-07-11,UNKNOWN,True,False
2011-07-13,21377,77.0,WH-London,2011-07-13,WH-London,False,False
2011-07-13,84596J,66.0,WH-London,2011-07-13,WH-London,False,False
2011-07-13,90052,59.0,WH-London,2011-07-09,WH-London,False,False
2011-07-13,20803,55.0,WH-London ,2011-07-13,WH-London,False,False
2011-07-13,22228,32.0,Main,,WH-London,False,False
2011-07-13,21368,22.0,WH-London ,2011-07-10,WH-London,False,False
2011-07-13,21865,90.0,WH-London,2011-06-29,WH-London,False,False
2011-07-13,23010,73.0,WH-North,2011-07-01,WH-North,False,False
2011-07-13,23140,-26.0,WH-London,2011-07-02,WH-London,True,False
2011-07-13,23189,51.0,WH-London,2011-07-04,WH-London,False,False
2011-07-13,85107,8.0,Main,2011-07-04,WH-London,False,False
2011-07-13,20996,35.0,Main,2011-07-03,WH-London,False,False
2011-07-13,85135A,66.0,WH-London ,2011-07-06,WH-London,False,False
2011-07-13,10133,57.0,WH-London,2011-07-04,WH-London,False,False
2011-07-13,21159,53.0,WH-London ,2011-07-09,WH-London,False,False
2011-07-13,84674,23.0,WH_London,2011-07-11,WH-London,False,False
2011-07-13,79163,17.0,WH-London ,2011-07-05,WH-London,False,False
2011-07-13,47593B,78.0,WH-North,2011-06-30,WH-North,False,False
2011-07-13,85119,100.0,WH-London,2011-07-13,WH-London,False,False
2011-07-13,85231G,66.0,WH-London ,2011-07-02,WH-London,False,False
2011-07-13,35965,44.0,WH-London ,2011-07-10,WH-London,False,False
2011-07-13,22098,-86.0,Warehouse North,2011-07-05,WH-North,True,False
2011-07-13,81952B,24.0,Warehouse North,2011-07-13,WH-North,False,False
2011-07-13,23611,81.0,WH-London ,2011-07-13,WH-London,False,False
2011-07-13,21336,32.0,,2011-07-02,UNKNOWN,False,False
2011-07-13,23057,33.0,WH-London ,2011-07-12,WH-London,False,False
2011-07-13,23272,40.0,WH-London ,,WH-London,False,False
2011-07-13,20677,46.0,Warehouse North,2011-06-30,WH-North,False,False
2011-07-13,20657,77.0,WH-London,,WH-London,False,False
2011-07-13,85163B,10.0,WH-North,2011-07-08,WH-North,False,False
2011-07-13,84559B,31.0,Warehouse North,2011-06-30,WH-North,False,False
2011-07-13,21188,56.0,WH-North,2011-07-07,WH-North,False,False
2011-07-13,22965,66.0,WH-London,2011-06-30,WH-London,False,False
2011-07-13,72232,-1.0,WH-London,2011-07-04,WH-London,True,False
2011-07-13,21348,-26.0,,2011-07-06,UNKNOWN,True,False
2011-07-13,21220,-2.0,Main,2011-07-01,WH-London,True,False
2011-07-13,23159,29.0,Main,2011-06-30,WH-London,False,False
2011-07-13,22230,36.0,WH_London,,WH-London,False,False
2011-07-13,81950B,65.0,Warehouse North,2011-07-01,WH-North,False,False
2011-07-13,22114,-18.0,WH-North,2011-07-03,WH-North,True,False
2011-07-13,22095,-69.0,WH-London,2011-07-13,WH-London,True,False
2011-07-13,21080,,,2011-07-08,UNKNOWN,False,True
2011-07-13,20756,-39.0,Main,2011-07-13,WH-London,True,False
2011-07-13,85136C,79.0,WH_London,2011-06-29,WH-London,False,False
2011-07-13,21265,90.0,WH-North,2011-07-09,WH-North,False,False
2011-07-13,82616C,30.0,WH_London,2011-07-12,WH-London,False,False
2011-07-13,84732B,30.0,,2011-07-03,UNKNOWN,False,False
2011-07-13,72225C,39.0,WH-London,2011-07-12,WH-London,False,False
2011-07-13,22070,29.0,WH-North,2011-06-29,WH-North,False,False
2011-07-13,23068,6.0,WH-North,2011-07-06,WH-North,False,False
2011-07-13,79190B,49.0,WH-London ,2011-07-12,WH-London,False,False
2011-07-13,21135,30.0,Main,2011-07-12,WH-London,False,False
2011-07-13,84789,52.0,Warehouse North,2011-07-08,WH-North,False,False
2011-07-13,22210,-101.0,,2011-07-09,UNKNOWN,True,False
2011-07-15,84559B,46.0,WH-North,2011-07-10,WH-North,False,False
2011-07-15,84872A,27.0,WH-London,2011-07-08,WH-London,False,False
2011-07-15,90177A,41.0,WH_London,2011-07-15,WH-London,False,False
2011-07-15,23334,53.0,WH_London,2011-07-04,WH-London,False,False
2011-07-15,85107,45.0,WH-London,2011-07-05,WH-London,False,False
2011-07-15,21368,33.0,Warehouse North,2011-07-01,WH-North,False,False
2011-07-15,20771,0.0,WH-London,2011-07-03,WH-London,False,False
2011-07-15,21348,69.0,WH-London,2011-07-09,WH-London,False,False
2011-07-15,90082D,-23.0,WH-North,2011-07-02,WH-North,True,False
2011-07-15,22272,93.0,WH_London,2011-07-01,WH-London,False,False
2011-07-15,85184C,38.0,WH_London,2011-07-07,WH-London,False,False
2011-07-15,22230,34.0,Main,2011-07-06,WH-London,False,False
2011-07-15,47469,35.0,,2011-07-11,UNKNOWN,False,False
2011-07-15,23471,54.0,WH-London,2011-07-13,WH-London,False,False
2011-07-15,21009,24.0,Warehouse North,2011-07-03,WH-North,False,False
2011-07-15,37467,29.0,WH-London ,2011-07-02,WH-London,False,False
2011-07-15,90161B,68.0,Warehouse North,2011-07-09,WH-North,False,False
2011-07-15,23093,19.0,WH-North,2011-07-15,WH-North,False,False
2011-07-15,20803,66.0,WH-London ,2011-07-08,WH-London,False,False
2011-07-15,22156,74.0,Main,2011-07-07,WH-London,False,False
2011-07-15,21791,70.0,WH-London ,2011-07-15,WH-London,False,False
2011-07-15,90052,-57.0,WH-North,2011-07-08,WH-North,True,False
2011-07-15,79190B,-4.0,WH-London ,2011-07-11,WH-London,True,False
2011-07-15,23342,13.0,WH-London,2011-07-03,WH-London,False,False
2011-07-15,22637,9.0,WH-London,2011-07-09,WH-London,False,False
2011-07-15,22483,38.0,Main,2011-07-06,WH-London,False,False
2011-07-15,22575,50.0,Warehouse North,2011-07-09,WH-North,False,False
2011-07-15,85163B,14.0,WH-North,2011-07-05,WH-North,False,False
2011-07-15,22928,44.0,,2011-07-09,UNKNOWN,False,False
2011-07-15,16010,70.0,WH-North,2011-07-02,WH-North,False,False
2011-07-15,22178,20.0,WH-London,2011-07-11,WH-London,False,False
2011-07-15,84675,25.0,WH-London,2011-07-01,WH-London,False,False
2011-07-15,90201C,85.0,WH-North,2011-07-12,WH-North,False,False
2011-07-15,90065B,22.0,Warehouse North,2011-07-15,WH-North,False,False
2011-07-15,90071,60.0,WH_London,2011-07-09,WH-London,False,False
2011-07-15,23619,87.0,,2011-07-10,UNKNOWN,False,False
2011-07-15,44092C,14.0,WH-North,2011-07-12,WH-North,False,False
2011-07-15,23189,16.0,WH-London ,,WH-London,False,False
2011-07-15,21080,-43.0,Main,2011-07-06,WH-London,True,False
2011-07-15,22066,-52.0,WH-North,2011-07-07,WH-North,True,False
2011-07-15,85135A,,WH_London,,WH-London,False,True
2011-07-15,22289,109.0,WH-London ,2011-07-12,WH-London,False,False
2011-07-15,90143,66.0,WH_London,,WH-London,False,False
2011-07-15,23518,25.0,,2011-07-10,UNKNOWN,False,False
2011-07-15,22228,9.0,WH-London ,2011-07-08,WH-London,False,False
2011-07-15,22070,48.0,,2011-07-01,UNKNOWN,False,False
2011-07-15,17028J,63.0,WH_London,,WH-London,False,False
2011-07-15,85040A,105.0,WH-North,2011-07-15,WH-North,False,False
2011-07-15,21428,52.0,Main,2011-07-05,WH-London,False,False
2011-07-15,22923,42.0,WH-North,2011-07-08,WH-North,False,False
2011-07-15,22099,20.0,WH-London,2011-07-12,WH-London,False,False
2011-07-15,23010,61.0,Main,2011-07-05,WH-London,False,False
2011-07-15,23085,80.0,,,UNKNOWN,False,False
2011-07-15,85230F,-3.0,WH-London ,2011-07-09,WH-London,True,False
2011-07-15,20731,-52.0,WH_London,2011-07-14,WH-London,True,False
2011-07-15,22965,19.0,WH-London,2011-07-04,WH-London,False,False
2011-07-15,20966,9.0,Warehouse North,2011-07-14,WH-North,False,False
2011-07-15,21336,100.0,Main,2011-07-04,WH-London,False,False
2011-07-15,85026B,76.0,,2011-07-11,UNKNOWN,False,False
2011-07-15,22084,31.0,WH-North,2011-07-08,WH-North,False,False
2011-07-15,90214N,45.0,Warehouse North,2011-07-03,WH-North,False,False
2011-07-15,22087,40.0,Warehouse North,,WH-North,False,False
2011-07-15,16011,16.0,WH-London,2011-07-11,WH-London,False,False
2011-07-15,84856S,-33.0,WH-London,2011-07-06,WH-London,True,False
2011-07-15,23535,73.0,WH-North,2011-07-01,WH-North,False,False
2011-07-15,23060,33.0,WH-North,2011-07-09,WH-North,False,False
2011-07-15,85186C,63.0,WH-London ,2011-07-07,WH-London,False,False
2011-07-15,20963,33.0,WH_London,2011-07-13,WH-London,False,False
2011-07-15,20657,14.0,Warehouse North,2011-07-11,WH-North,False,False
2011-07-15,22095,85.0,Warehouse North,2011-07-01,WH-North,False,False
2011-07-15,22332,13.0,,2011-07-09,UNKNOWN,False,False
2011-07-15,22715,103.0,,2011-07-10,UNKNOWN,False,False
2011-07-15,15036,79.0,,2011-07-10,UNKNOWN,False,False
2011-07-15,90001C,55.0,Main,2011-07-05,WH-London,False,False
2011-07-15,81952B,,Main,2011-07-05,WH-London,False,True
2011-07-15,90197B,38.0,WH-North,2011-07-08,WH-North,False,False
2011-07-15,47593A,56.0,WH-London ,2011-07-11,WH-London,False,False
2011-07-15,35819P,55.0,,,UNKNOWN,False,False
2011-07-15,23140,21.0,WH_London,2011-07-11,WH-London,False,False
2011-07-15,22210,52.0,WH-North,2011-07-04,WH-North,False,False
2011-07-17,22228,57.0,WH-London,2011-07-11,WH-London,False,False
2011-07-17,72225C,40.0,WH-London ,2011-07-10,WH-London,False,False
2011-07-17,84631,117.0,WH-North,2011-07-14,WH-North,False,False
2011-07-17,78124,,,2011-07-03,UNKNOWN,False,True
2011-07-17,85135A,2.0,WH-London,2011-07-11,WH-London,False,False
2011-07-17,22560,19.0,Warehouse North,2011-07-06,WH-North,False,False
2011-07-17,85231G,71.0,,2011-07-06,UNKNOWN,False,False
2011-07-17,22156,28.0,Warehouse North,2011-07-11,WH-North,False,False
2011-07-17,85119,20.0,WH-North,2011-07-13,WH-North,False,False
2011-07-17,21281,91.0,,2011-07-13,UNKNOWN,False,False
2011-07-17,72800F,55.0,WH-North,2011-07-17,WH-North,False,False
2011-07-17,22030,31.0,Warehouse North,2011-07-16,WH-North,False,False
2011-07-17,20724,-33.0,WH-North,2011-07-08,WH-North,True,False
2011-07-17,90152A,68.0,WH_London,2011-07-14,WH-London,False,False
2011-07-17,23089,50.0,WH-North,2011-07-17,WH-North,False,False
2011-07-17,90082D,89.0,Main,,WH-London,False,False
2011-07-17,22637,17.0,WH_London,2011-07-13,WH-London,False,False
2011-07-17,84674,38.0,Main,,WH-London,False,False
2011-07-17,22095,-58.0,WH-North,2011-07-04,WH-North,True,False
2011-07-17,82616C,87.0,WH-London,2011-07-12,WH-London,False,False
2011-07-17,22084,57.0,WH-North,2011-07-10,WH-North,False,False
2011-07-17,23341,28.0,Warehouse North,2011-07-07,WH-North,False,False
2011-07-17,84660C,88.0,WH-London,2011-07-05,WH-London,False,False
2011-07-17,22923,40.0,WH_London,2011-07-09,WH-London,False,False
2011-07-17,21683,55.0,WH_London,2011-07-12,WH-London,False,False
2011-07-17,72232,72.0,WH_London,2011-07-06,WH-London,False,False
2011-07-17,22272,96.0,WH-London ,2011-07-16,WH-London,False,False
2011-07-17,23234,-61.0,WH_London,2011-07-10,WH-London,True,False
2011-07-17,22210,127.0,WH-London,2011-07-08,WH-London,False,False
2011-07-17,23692,47.0,WH-North,2011-07-05,WH-North,False,False
2011-07-17,79160,,WH-London,2011-07-10,WH-London,False,True
2011-07-17,15044B,-31.0,,2011-07-12,UNKNOWN,True,False
2011-07-17,21865,59.0,WH-London,2011-07-05,WH-London,False,False
2011-07-17,79163,58.0,WH_London,2011-07-03,WH-London,False,False
2011-07-17,20966,81.0,Main,2011-07-09,WH-London,False,False
2011-07-17,47469,63.0,WH-London ,2011-07-11,WH-London,False,False
2011-07-17,23342,34.0,Main,2011-07-07,WH-London,False,False
2011-07-17,21009,57.0,WH-North,2011-07-16,WH-North,False,False
2011-07-17,37444C,-29.0,WH-London ,2011-07-05,WH-London,True,False
2011-07-17,79190B,66.0,WH-London ,2011-07-07,WH-London,False,False
2011-07-17,84856S,-33.0,Main,,WH-London,True,False
2011-07-17,21159,8.0,WH_London,2011-07-08,WH-London,False,False
2011-07-17,21222,16.0,WH-London,2011-07-15,WH-London,False,False
2011-07-17,22230,14.0,WH-London ,2011-07-05,WH-London,False,False
2011-07-17,23471,34.0,WH-North,2011-07-09,WH-North,False,False
2011-07-17,17109D,24.0,WH-North,2011-07-09,WH-North,False,False
2011-07-17,90025E,49.0,WH-London,2011-07-17,WH-London,False,False
2011-07-17,20996,38.0,WH-North,2011-07-14,WH-North,False,False
2011-07-17,22289,65.0,WH-North,2011-07-03,WH-North,False,False
2011-07-17,23093,-61.0,WH-London,2011-07-05,WH-London,True,False
2011-07-17,85186C,40.0,WH_London,2011-07-10,WH-London,False,False
2011-07-17,23090,87.0,WH-North,2011-07-17,WH-North,False,False
2011-07-17,22575,22.0,WH-North,,WH-North,False,False
2011-07-17,23547,80.0,Main,,WH-London,False,False
2011-07-17,21265,54.0,,2011-07-11,UNKNOWN,False,False
2011-07-17,21368,38.0,,2011-07-16,UNKNOWN,False,False
2011-07-17,16010,83.0,WH-London ,2011-07-11,WH-London,False,False
2011-07-17,22965,-66.0,WH_London,2011-07-16,WH-London,True,False
2011-07-17,90011C,17.0,WH_London,2011-07-12,WH-London,False,False
2011-07-17,90152C,60.0,,2011-07-08,UNKNOWN,False,False
2011-07-17,22882,60.0,WH-North,2011-07-16,WH-North,False,False
2011-07-17,23611,80.0,WH-North,2011-07-17,WH-North,False,False
2011-07-17,22332,67.0,Warehouse North,2011-07-10,WH-North,False,False
2011-07-17,79071B,69.0,,2011-07-17,UNKNOWN,False,False
2011-07-17,21135,36.0,WH-North,2011-07-07,WH-North,False,False
2011-07-17,23135,43.0,WH-North,2011-07-03,WH-North,False,False
2011-07-17,47593A,42.0,Main,2011-07-16,WH-London,False,False
2011-07-17,21830,2.0,Main,2011-07-06,WH-London,False,False
2011-07-17,22905,88.0,WH_London,2011-07-13,WH-London,False,False
2011-07-17,20771,16.0,WH-London ,2011-07-03,WH-London,False,False
2011-07-17,21484,58.0,WH-London,,WH-London,False,False
2011-07-17,21989,,WH-London,2011-07-12,WH-London,False,True
2011-07-17,22779,42.0,Main,,WH-London,False,False
2011-07-17,84789,70.0,WH_London,2011-07-06,WH-London,False,False
2011-07-17,22671,26.0,WH-North,2011-07-04,WH-North,False,False
2011-07-17,22715,63.0,Main,2011-07-17,WH-London,False,False
2011-07-17,23440,63.0,WH-North,2011-07-13,WH-North,False,False
2011-07-17,21791,26.0,,2011-07-12,UNKNOWN,False,False
2011-07-17,90071,77.0,Warehouse North,2011-07-14,WH-North,False,False
2011-07-17,23272,91.0,Main,2011-07-05,WH-London,False,False
2011-07-19,84715,110.0,WH-London,2011-07-14,WH-London,False,False
2011-07-19,21683,42.0,WH_London,,WH-London,False,False
2011-07-19,22099,-55.0,WH-London,2011-07-06,WH-London,True,False
2011-07-19,90143,57.0,WH-London,,WH-London,False,False
2011-07-19,22928,69.0,WH_London,2011-07-09,WH-London,False,False
2011-07-19,90195B,102.0,,2011-07-16,UNKNOWN,False,False
2011-07-19,37424,64.0,WH-London,,WH-London,False,False
2011-07-19,23611,65.0,WH_London,2011-07-14,WH-London,False,False
2011-07-19,85024C,17.0,Warehouse North,2011-07-06,WH-North,False,False
2011-07-19,44092C,111.0,WH_London,2011-07-17,WH-London,False,False
2011-07-19,23619,35.0,,2011-07-10,UNKNOWN,False,False
2011-07-19,85107,-29.0,Main,,WH-London,True,False
2011-07-19,DCGSSBOY,-18.0,WH_London,2011-07-15,WH-London,True,False
2011-07-19,21220,59.0,WH-London,2011-07-05,WH-London,False,False
2011-07-19,23440,11.0,WH-London ,2011-07-07,WH-London,False,False
2011-07-19,21428,51.0,,2011-07-07,UNKNOWN,False,False
2011-07-19,90067B,5.0,Main,,WH-London,False,False
2011-07-19,23547,59.0,Warehouse North,2011-07-10,WH-North,False,False
2011-07-19,23334,66.0,,2011-07-19,UNKNOWN,False,False
2011-07-19,90214C,-55.0,,2011-07-08,UNKNOWN,True,False
2011-07-19,84638,-29.0,WH-North,2011-07-14,WH-North,True,False
2011-07-19,72807B,76.0,Warehouse North,2011-07-05,WH-North,False,False
2011-07-19,90065B,38.0,,2011-07-16,UNKNOWN,False,False
2011-07-19,22882,44.0,WH_London,2011-07-15,WH-London,False,False
2011-07-19,85040A,34.0,Main,2011-07-08,WH-London,False,False
2011-07-19,21830,41.0,,,UNKNOWN,False,False
2011-07-19,20966,106.0,Main,2011-07-07,WH-London,False,False
2011-07-19,23535,49.0,WH-North,2011-07-10,WH-North,False,False
2011-07-19,90201C,11.0,WH_London,2011-07-09,WH-London,False,False
2011-07-19,20996,-21.0,Warehouse North,2011-07-12,WH-North,True,False
2011-07-19,90011C,41.0,,2011-07-17,UNKNOWN,False,False
2011-07-19,22415,26.0,WH-London,2011-07-06,WH-London,False,False
2011-07-19,21348,78.0,WH_London,2011-07-05,WH-London,False,False
2011-07-19,84805B,7.0,Main,2011-07-18,WH-London,False,False
2011-07-19,16218,46.0,WH-North,2011-07-14,WH-North,False,False
2011-07-19,22323,80.0,WH-London ,2011-07-15,WH-London,False,False
2011-07-19,23458,31.0,WH-London ,,WH-London,False,False
2011-07-19,22289,63.0,WH-London ,2011-07-11,WH-London,False,False
2011-07-19,84559B,48.0,WH-London ,2011-07-19,WH-London,False,False
2011-07-19,90152A,,WH-London ,2011-07-09,WH-London,False,True
2011-07-19,84686,65.0,Warehouse North,2011-07-18,WH-North,False,False
2011-07-19,23060,-5.0,WH_London,2011-07-15,WH-London,True,False
2011-07-19,22087,86.0,WH-North,2011-07-16,WH-North,False,False
2011-07-19,35819P,-6.0,Main,2011-07-17,WH-London,True,False
2011-07-19,23075,84.0,WH-London ,,WH-London,False,False
2011-07-19,23692,63.0,WH-London ,,WH-London,False,False
2011-07-19,85135A,64.0,WH_London,2011-07-06,WH-London,False,False
2011-07-19,21195,98.0,WH-London ,2011-07-12,WH-London,False,False
2011-07-19,21009,85.0,WH-London,2011-07-14,WH-London,False,False
2011-07-19,23189,74.0,WH-London ,2011-07-05,WH-London,False,False
2011-07-19,22084,41.0,,2011-07-19,UNKNOWN,False,False
2011-07-19,23068,39.0,Warehouse North,2011-07-09,WH-North,False,False
2011-07-19,84596J,75.0,WH-North,2011-07-08,WH-North,False,False
2011-07-19,84849B,63.0,WH-North,2011-07-07,WH-North,False,False
2011-07-19,22228,59.0,WH_London,,WH-London,False,False
2011-07-19,20731,48.0,WH_London,2011-07-13,WH-London,False,False
2011-07-19,22965,37.0,,2011-07-16,UNKNOWN,False,False
2011-07-19,21802,8.0,WH-London,2011-07-05,WH-London,False,False
2011-07-19,23057,69.0,Warehouse North,2011-07-09,WH-North,False,False
2011-07-19,23483,44.0,WH-London ,2011-07-18,WH-London,False,False
2011-07-19,22483,-42.0,Main,2011-07-06,WH-London,True,False
2011-07-19,85163B,,WH_London,2011-07-08,WH-London,False,True
2011-07-19,90071,52.0,WH-London ,2011-07-08,WH-London,False,False
2011-07-19,23272,9.0,WH-North,,WH-North,False,False
2011-07-19,20702,36.0,Warehouse North,2011-07-18,WH-North,False,False
2011-07-19,22230,73.0,Main,2011-07-09,WH-London,False,False
2011-07-19,90161B,51.0,Warehouse North,2011-07-19,WH-North,False,False
2011-07-19,37444C,46.0,WH-North,2011-07-10,WH-North,False,False
2011-07-19,22908,28.0,WH-London,2011-07-12,WH-London,False,False
2011-07-19,47593A,33.0,WH-London ,2011-07-05,WH-London,False,False
2011-07-19,22272,97.0,,2011-07-05,UNKNOWN,False,False
2011-07-19,23159,,Warehouse North,2011-07-16,WH-North,False,True
2011-07-19,22637,36.0,Main,2011-07-07,WH-London,False,False
2011-07-19,22671,46.0,WH_London,2011-07-08,WH-London,False,False
2011-07-19,22185,57.0,WH-London,2011-07-12,WH-London,False,False
2011-07-19,78124,63.0,Main,,WH-London,False,False
2011-07-19,84872A,49.0,,2011-07-18,UNKNOWN,False,False
2011-07-19,82613C,3.0,Main,2011-07-15,WH-London,False,False
2011-07-19,84789,49.0,WH-London,2011-07-12,WH-London,False,False
2011-07-19,90052,47.0,WH-North,2011-07-15,WH-North,False,False
2011-07-21,47593A,111.0,WH-London ,2011-07-19,WH-London,False,False
2011-07-21,22210,130.0,Warehouse North,2011-07-19,WH-North,False,False
2011-07-21,84675,69.0,WH_London,2011-07-07,WH-London,False,False
2011-07-21,90152A,29.0,Main,2011-07-14,WH-London,False,False
2011-07-21,44092C,70.0,Warehouse North,2011-07-07,WH-North,False,False
2011-07-21,15036,0.0,WH-London ,2011-07-10,WH-London,False,False
2011-07-21,20974,34.0,WH-London ,2011-07-19,WH-London,False,False
2011-07-21,22178,,WH-London ,,WH-London,False,True
2011-07-21,90161B,-66.0,WH-North,2011-07-14,WH-North,True,False
2011-07-21,23140,13.0,,,UNKNOWN,False,False
2011-07-21,21222,41.0,,2011-07-14,UNKNOWN,False,False
2011-07-21,23093,48.0,Warehouse North,2011-07-14,WH-North,False,False
2011-07-21,90065B,,WH-North,2011-07-19,WH-North,False,True
2011-07-21,85230F,35.0,WH_London,2011-07-08,WH-London,False,False
2011-07-21,16011,60.0,WH-London ,,WH-London,False,False
2011-07-21,21188,12.0,WH_London,,WH-London,False,False
2011-07-21,21368,102.0,,2011-07-10,UNKNOWN,False,False
2011-07-21,21265,18.0,WH-North,2011-07-17,WH-North,False,False
2011-07-21,21080,51.0,Warehouse North,2011-07-07,WH-North,False,False
2011-07-21,22908,68.0,,,UNKNOWN,False,False
2011-07-21,85231G,-70.0,WH-London ,,WH-London,True,False
2011-07-21,23692,73.0,,,UNKNOWN,False,False
2011-07-21,23010,-2.0,WH-London ,2011-07-19,WH-London,True,False
2011-07-21,90185B,22.0,,2011-07-14,UNKNOWN,False,False
2011-07-21,21830,54.0,Warehouse North,2011-07-19,WH-North,False,False
2011-07-21,85184C,64.0,WH_London,2011-07-16,WH-London,False,False
2011-07-21,22098,87.0,,2011-07-17,UNKNOWN,False,False
2011-07-21,35965,34.0,Warehouse North,2011-07-07,WH-North,False,False
2011-07-21,90082D,22.0,,,UNKNOWN,False,False
2011-07-21,21356,33.0,WH-London ,2011-07-17,WH-London,False,False
2011-07-21,23272,117.0,Main,2011-07-13,WH-London,False,False
2011-07-21,21195,95.0,Warehouse North,2011-07-19,WH-North,False,False
2011-07-21,82616B,44.0,WH-London,2011-07-15,WH-London,False,False
2011-07-21,90152C,88.0,Warehouse North,2011-07-13,WH-North,False,False
2011-07-21,22923,32.0,WH-North,2011-07-13,WH-North,False,False
2011-07-21,22928,-78.0,Main,2011-07-11,WH-London,True,False
2011-07-21,84989A,8.0,WH-North,2011-07-18,WH-North,False,False
2011-07-21,22185,60.0,WH-London ,2011-07-14,WH-London,False,False
2011-07-21,22230,,WH_London,2011-07-09,WH-London,False,True
2011-07-21,90067B,-40.0,,2011-07-17,UNKNOWN,True,False
2011-07-21,22248,68.0,WH-North,2011-07-21,WH-North,False,False
2011-07-21,20771,33.0,,2011-07-20,UNKNOWN,False,False
2011-07-21,84732B,59.0,WH_London,2011-07-19,WH-London,False,False
2011-07-21,90001C,35.0,,2011-07-14,UNKNOWN,False,False
2011-07-21,21009,-74.0,WH_London,2011-07-20,WH-London,True,False
2011-07-21,21159,12.0,,2011-07-17,UNKNOWN,False,False
2011-07-21,21281,19.0,WH-London,2011-07-12,WH-London,False,False
2011-07-21,84872A,89.0,,2011-07-16,UNKNOWN,False,False
2011-07-21,23189,-23.0,,,UNKNOWN,True,False
2011-07-21,23518,30.0,Warehouse North,2011-07-19,WH-North,False,False
2011-07-21,22779,45.0,WH-London,2011-07-18,WH-London,False,False
2011-07-21,22483,60.0,Main,2011-07-14,WH-London,False,False
2011-07-21,21348,35.0,WH_London,2011-07-17,WH-London,False,False
2011-07-21,84789,16.0,Main,2011-07-17,WH-London,False,False
2011-07-21,22272,86.0,WH_London,2011-07-20,WH-London,False,False
2011-07-21,90197B,,Warehouse North,2011-07-15,WH-North,False,True
2011-07-21,79160,38.0,WH-London ,2011-07-14,WH-London,False,False
2011-07-21,21662,-3.0,WH-London,2011-07-13,WH-London,True,False
2011-07-21,81950B,59.0,WH-North,2011-07-11,WH-North,False,False
2011-07-21,85119,55.0,WH-North,,WH-North,False,False
2011-07-21,22637,29.0,Main,2011-07-07,WH-London,False,False
2011-07-21,82613C,-8.0,WH_London,2011-07-17,WH-London,True,False
2011-07-21,15044B,-41.0,Main,2011-07-07,WH-London,True,False
2011-07-21,23085,72.0,WH_London,2011-07-19,WH-London,False,False
2011-07-21,37444C,77.0,WH_London,2011-07-07,WH-London,False,False
2011-07-21,84715,48.0,WH-London ,2011-07-21,WH-London,False,False
2011-07-21,90177A,31.0,WH-London ,2011-07-17,WH-London,False,False
2011-07-21,21336,-72.0,Main,2011-07-14,WH-London,True,False
2011-07-21,20966,15.0,,2011-07-08,UNKNOWN,False,False
2011-07-21,21670,9.0,Warehouse North,2011-07-15,WH-North,False,False
2011-07-21,84638,47.0,WH-North,2011-07-14,WH-North,False,False
2011-07-21,21135,96.0,WH-London ,,WH-London,False,False
2011-07-21,85107,-97.0,Warehouse North,2011-07-21,WH-North,True,False
2011-07-21,21377,10.0,,2011-07-17,UNKNOWN,False,False
2011-07-21,22099,,WH-London ,2011-07-18,WH-London,False,True
2011-07-21,22905,123.0,WH-London,2011-07-11,WH-London,False,False
2011-07-21,47469,29.0,WH_London,2011-07-19,WH-London,False,False
2011-07-21,23068,98.0,WH-North,2011-07-19,WH-North,False,False
2011-07-21,85135A,79.0,,2011-07-17,UNKNOWN,False,False
2011-07-21,23440,85.0,WH-London ,2011-07-15,WH-London,False,False
2011-07-23,37444C,36.0,WH_London,2011-07-22,WH-London,False,False
2011-07-23,22185,37.0,Main,2011-07-11,WH-London,False,False
2011-07-23,72225C,22.0,WH-North,2011-07-11,WH-North,False,False
2011-07-23,20803,73.0,Main,2011-07-22,WH-London,False,False
2011-07-23,85119,0.0,Warehouse North,2011-07-23,WH-North,False,False
2011-07-23,79190B,45.0,Main,2011-07-10,WH-London,False,False
2011-07-23,78124,99.0,Warehouse North,2011-07-09,WH-North,False,False
2011-07-23,90065B,67.0,,,UNKNOWN,False,False
2011-07-23,23234,80.0,WH-London ,2011-07-16,WH-London,False,False
2011-07-23,22962,0.0,WH-London,2011-07-22,WH-London,False,False
2011-07-23,82616C,20.0,WH_London,2011-07-10,WH-London,False,False
2011-07-23,22483,-85.0,WH-London ,2011-07-12,WH-London,True,False
2011-07-23,23060,53.0,Main,,WH-London,False,False
2011-07-23,21222,18.0,Main,2011-07-10,WH-London,False,False
2011-07-23,81950B,68.0,Main,2011-07-14,WH-London,False,False
2011-07-23,23483,33.0,WH-North,2011-07-23,WH-North,False,False
2011-07-23,90071,126.0,Warehouse North,2011-07-19,WH-North,False,False
2011-07-23,79071B,67.0,Main,2011-07-22,WH-London,False,False
2011-07-23,23547,22.0,,,UNKNOWN,False,False
2011-07-23,20702,76.0,WH_London,2011-07-19,WH-London,False,False
2011-07-23,85026B,98.0,WH-London ,2011-07-22,WH-London,False,False
2011-07-23,20677,49.0,WH_London,2011-07-19,WH-London,False,False
2011-07-23,15044B,26.0,Main,2011-07-19,WH-London,False,False
2011-07-23,20963,51.0,Main,2011-07-14,WH-London,False,False
2011-07-23,20771,31.0,WH-North,,WH-North,False,False
2011-07-23,22905,42.0,WH-North,,WH-North,False,False
2011-07-23,22230,8.0,WH-London,2011-07-22,WH-London,False,False
2011-07-23,82616B,-76.0,WH_London,2011-07-12,WH-London,True,False
2011-07-23,21080,,,2011-07-21,UNKNOWN,False,True
2011-07-23,22779,,WH_London,2011-07-18,WH-London,False,True
2011-07-23,20724,40.0,,2011-07-20,UNKNOWN,False,False
2011-07-23,20966,56.0,WH-London ,,WH-London,False,False
2011-07-23,21195,35.0,,2011-07-22,UNKNOWN,False,False
2011-07-23,22415,55.0,Main,2011-07-18,WH-London,False,False
2011-07-23,23135,62.0,,2011-07-19,UNKNOWN,False,False
2011-07-23,22070,39.0,,2011-07-09,UNKNOWN,False,False
2011-07-23,23159,-1.0,Warehouse North,2011-07-15,WH-North,True,False
2011-07-23,22156,60.0,,2011-07-17,UNKNOWN,False,False
2011-07-23,22637,61.0,,2011-07-12,UNKNOWN,False,False
2011-07-23,84804A,7.0,,,UNKNOWN,False,False
2011-07-23,21147,20.0,WH_London,2011-07-13,WH-London,False,False
2011-07-23,21336,39.0,,2011-07-11,UNKNOWN,False,False
2011-07-23,22210,-18.0,WH-London,2011-07-21,WH-London,True,False
2011-07-23,21791,71.0,WH-North,2011-07-09,WH-North,False,False
2011-07-23,23471,35.0,Warehouse North,2011-07-20,WH-North,False,False
2011-07-23,21830,58.0,Warehouse North,2011-07-20,WH-North,False,False
2011-07-23,84660C,18.0,Main,2011-07-17,WH-London,False,False
2011-07-23,21865,110.0,WH_London,2011-07-20,WH-London,False,False
2011-07-23,23090,,Main,2011-07-12,WH-London,False,True
2011-07-23,23341,35.0,WH-London,2011-07-12,WH-London,False,False
2011-07-23,85163B,,WH-North,2011-07-10,WH-North,False,True
2011-07-23,20756,15.0,WH-London,2011-07-16,WH-London,False,False
2011-07-23,84596J,52.0,WH-North,2011-07-23,WH-North,False,False
2011-07-23,90201C,68.0,Main,2011-07-14,WH-London,False,False
2011-07-23,22289,4.0,Main,,WH-London,False,False
2011-07-23,17028J,29.0,WH-North,2011-07-14,WH-North,False,False
2011-07-23,20974,55.0,Warehouse North,2011-07-15,WH-North,False,False
2011-07-23,90185B,63.0,WH_London,2011-07-09,WH-London,False,False
2011-07-23,90011C,25.0,Warehouse North,2011-07-23,WH-North,False,False
2011-07-23,85024C,105.0,WH-North,2011-07-13,WH-North,False,False
2011-07-23,23204,64.0,WH-London,2011-07-18,WH-London,False,False
2011-07-23,90152A,,Warehouse North,2011-07-17,WH-North,False,True
2011-07-23,90214C,71.0,WH-North,2011-07-09,WH-North,False,False
2011-07-23,23334,,WH-North,2011-07-21,WH-North,False,True
2011-07-23,90152C,46.0,WH_London,2011-07-17,WH-London,False,False
2011-07-23,22066,49.0,WH-North,2011-07-19,WH-North,False,False
2011-07-23,21989,42.0,Main,,WH-London,False,False
2011-07-23,90067B,56.0,,2011-07-20,UNKNOWN,False,False
2011-07-23,84715,-13.0,WH-London ,2011-07-15,WH-London,True,False
2011-07-23,21159,53.0,WH-London ,2011-07-14,WH-London,False,False
2011-07-23,37471,40.0,WH-London ,2011-07-10,WH-London,False,False
2011-07-23,22715,-13.0,WH-North,2011-07-13,WH-North,True,False
2011-07-23,72807B,62.0,Main,2011-07-09,WH-London,False,False
2011-07-23,21220,14.0,WH-North,2011-07-09,WH-North,False,False
2011-07-23,10133,38.0,WH-North,2011-07-18,WH-North,False,False
2011-07-23,22928,42.0,WH_London,2011-07-12,WH-London,False,False
2011-07-23,84631,-5.0,WH-London ,2011-07-22,WH-London,True,False
2011-07-23,84686,2.0,Main,2011-07-10,WH-London,False,False
2011-07-23,21628,66.0,WH-North,2011-07-18,WH-North,False,False
2011-07-23,22960,31.0,WH_London,2011-07-17,WH-London,False,False
2011-07-25,22230,38.0,Main,2011-07-11,WH-London,False,False
2011-07-25,DCGSSBOY,52.0,WH-London,2011-07-12,WH-London,False,False
2011-07-25,90001C,-2.0,Main,2011-07-20,WH-London,True,False
2011-07-25,85026B,37.0,,2011-07-18,UNKNOWN,False,False
2011-07-25,90177A,-46.0,WH-London ,2011-07-16,WH-London,True,False
2011-07-25,20963,102.0,Main,2011-07-16,WH-London,False,False
2011-07-25,84805B,-22.0,,2011-07-24,UNKNOWN,True,False
2011-07-25,22185,73.0,Warehouse North,2011-07-15,WH-North,False,False
2011-07-25,90152A,49.0,WH-North,2011-07-14,WH-North,False,False
2011-07-25,84804A,15.0,WH-London ,2011-07-17,WH-London,False,False
2011-07-25,23093,31.0,WH_London,2011-07-11,WH-London,False,False
2011-07-25,84746,75.0,Main,2011-07-19,WH-London,False,False
2011-07-25,90067B,73.0,WH-London ,2011-07-22,WH-London,False,False
2011-07-25,22637,34.0,WH-London ,2011-07-12,WH-London,False,False
2011-07-25,21377,60.0,WH_London,2011-07-12,WH-London,False,False
2011-07-25,22962,18.0,WH-London,2011-07-21,WH-London,False,False
2011-07-25,21356,44.0,WH-North,2011-07-24,WH-North,False,False
2011-07-25,22904,37.0,Main,,WH-London,False,False
2011-07-25,20657,77.0,,2011-07-21,UNKNOWN,False,False
2011-07-25,15044B,,WH_London,2011-07-16,WH-London,False,True
2011-07-25,21348,29.0,WH-London,2011-07-15,WH-London,False,False
2011-07-25,23189,32.0,WH-London ,2011-07-14,WH-London,False,False
2011-07-25,72807B,49.0,Main,2011-07-25,WH-London,False,False
2011-07-25,23440,45.0,Warehouse North,2011-07-14,WH-North,False,False
2011-07-25,84789,41.0,WH-London,2011-07-17,WH-London,False,False
2011-07-25,21630,39.0,,,UNKNOWN,False,False
2011-07-25,90082D,91.0,WH-London ,2011-07-24,WH-London,False,False
2011-07-25,90214C,36.0,,2011-07-24,UNKNOWN,False,False
2011-07-25,44092C,58.0,Main,,WH-London,False,False
2011-07-25,78124,122.0,WH-London ,2011-07-22,WH-London,False,False
2011-07-25,81952B,24.0,Warehouse North,2011-07-15,WH-North,False,False
2011-07-25,22098,,,2011-07-12,UNKNOWN,False,True
2011-07-25,20702,57.0,WH-North,2011-07-22,WH-North,False,False
2011-07-25,21222,49.0,WH_London,2011-07-11,WH-London,False,False
2011-07-25,85024C,-51.0,WH-London ,2011-07-11,WH-London,True,False
2011-07-25,21188,23.0,WH-North,2011-07-16,WH-North,False,False
2011-07-25,23272,60.0,WH-London ,2011-07-25,WH-London,False,False
2011-07-25,72802C,-5.0,,2011-07-16,UNKNOWN,True,False
2011-07-25,84638,103.0,Warehouse North,2011-07-16,WH-North,False,False
2011-07-25,21745,-101.0,WH-North,,WH-North,True,False
2011-07-25,21735,40.0,WH-North,2011-07-13,WH-North,False,False
2011-07-25,79160,81.0,Warehouse North,2011-07-16,WH-North,False,False
2011-07-25,23075,41.0,,2011-07-11,UNKNOWN,False,False
2011-07-25,90143,,Main,2011-07-22,WH-London,False,True
2011-07-25,22882,29.0,WH-London ,2011-07-20,WH-London,False,False
2011-07-25,90025E,74.0,WH_London,2011-07-25,WH-London,False,False
2011-07-25,20974,32.0,WH-North,2011-07-17,WH-North,False,False
2011-07-25,84660C,73.0,WH-London ,2011-07-20,WH-London,False,False
2011-07-25,21009,48.0,,2011-07-24,UNKNOWN,False,False
2011-07-25,23060,-49.0,,2011-07-11,UNKNOWN,True,False
2011-07-25,84856S,5.0,WH_London,2011-07-21,WH-London,False,False
2011-07-25,90201C,51.0,WH_London,2011-07-23,WH-London,False,False
2011-07-25,84872A,-15.0,WH_London,2011-07-14,WH-London,True,False
2011-07-25,22289,51.0,Warehouse North,,WH-North,False,False
2011-07-25,23611,108.0,WH-London,2011-07-18,WH-London,False,False
2011-07-25,22087,8.0,WH-London,2011-07-13,WH-London,False,False
2011-07-25,21670,45.0,WH-North,2011-07-17,WH-North,False,False
2011-07-25,23619,30.0,WH-London ,2011-07-14,WH-London,False,False
2011-07-25,84686,18.0,WH-London ,2011-07-23,WH-London,False,False
2011-07-25,21135,26.0,WH-London ,2011-07-11,WH-London,False,False
2011-07-25,72800F,94.0,WH_London,2011-07-18,WH-London,False,False
2011-07-25,22156,102.0,WH-London,2011-07-22,WH-London,False,False
2011-07-25,22228,18.0,Warehouse North,2011-07-19,WH-North,False,False
2011-07-25,16010,62.0,,2011-07-14,UNKNOWN,False,False
2011-07-25,23535,-22.0,WH_London,2011-07-19,WH-London,True,False
2011-07-25,84849B,29.0,WH-North,2011-07-24,WH-North,False,False
2011-07-25,10133,-11.0,Warehouse North,2011-07-12,WH-North,True,False
2011-07-25,46000P,113.0,WH-North,2011-07-20,WH-North,False,False
2011-07-25,22210,82.0,WH_London,2011-07-11,WH-London,False,False
2011-07-25,37471,30.0,WH-North,2011-07-16,WH-North,False,False
2011-07-25,21683,58.0,WH-North,,WH-North,False,False
2011-07-25,84675,38.0,Main,2011-07-13,WH-London,False,False
2011-07-25,90185B,78.0,WH-London ,2011-07-19,WH-London,False,False
2011-07-25,85136C,39.0,Main,2011-07-14,WH-London,False,False
2011-07-25,90052,44.0,Warehouse North,2011-07-13,WH-North,False,False
2011-07-25,90011C,30.0,WH_London,2011-07-19,WH-London,False,False
2011-07-25,37467,68.0,,2011-07-18,UNKNOWN,False,False
2011-07-25,21428,,WH-London,2011-07-12,WH-London,False,True
2011-07-25,22928,41.0,Warehouse North,2011-07-14,WH-North,False,False
2011-07-25,35819P,41.0,WH_London,2011-07-24,WH-London,False,False
2011-07-27,90195B,49.0,WH-London ,2011-07-19,WH-London,False,False
2011-07-27,84989A,57.0,Main,2011-07-19,WH-London,False,False
2011-07-27,23342,41.0,WH-North,2011-07-18,WH-North,False,False
2011-07-27,23334,38.0,WH-London,2011-07-22,WH-London,False,False
2011-07-27,85186C,52.0,Main,2011-07-18,WH-London,False,False
2011-07-27,22066,-2.0,WH-North,2011-07-17,WH-North,True,False
2011-07-27,85026B,33.0,WH-London,2011-07-27,WH-London,False,False
2011-07-27,47593B,10.0,,2011-07-18,UNKNOWN,False,False
2011-07-27,23341,35.0,WH-London,,WH-London,False,False
2011-07-27,84746,21.0,WH-London ,2011-07-27,WH-London,False,False
2011-07-27,20963,68.0,WH-London,2011-07-27,WH-London,False,False
2011-07-27,21662,,,2011-07-22,UNKNOWN,False,True
2011-07-27,21428,39.0,Main,2011-07-17,WH-London,False,False
2011-07-27,21222,-14.0,WH_London,,WH-London,True,False
2011-07-27,23089,80.0,Warehouse North,2011-07-19,WH-North,False,False
2011-07-27,22575,17.0,WH_London,2011-07-16,WH-London,False,False
2011-07-27,84804A,35.0,,2011-07-27,UNKNOWN,False,False
2011-07-27,16218,73.0,Main,,WH-London,False,False
2011-07-27,72225C,73.0,Warehouse North,2011-07-18,WH-North,False,False
2011-07-27,85040A,-16.0,Warehouse North,2011-07-22,WH-North,True,False
2011-07-27,21009,-65.0,WH-London,2011-07-13,WH-London,True,False
2011-07-27,21745,,WH-London ,2011-07-14,WH-London,False,True
2011-07-27,22965,56.0,WH-London,2011-07-14,WH-London,False,False
2011-07-27,20731,26.0,Warehouse North,2011-07-27,WH-North,False,False
2011-07-27,37471,19.0,WH-London,2011-07-21,WH-London,False,False
2011-07-27,81952B,51.0,Main,2011-07-26,WH-London,False,False
2011-07-27,90065B,28.0,Main,2011-07-24,WH-London,False,False
2011-07-27,22908,110.0,Main,2011-07-18,WH-London,False,False
2011-07-27,79190B,31.0,WH-London ,2011-07-16,WH-London,False,False
2011-07-27,23440,-14.0,WH-North,2011-07-13,WH-North,True,False
2011-07-27,20974,23.0,,2011-07-22,UNKNOWN,False,False
2011-07-27,22098,49.0,WH_London,2011-07-21,WH-London,False,False
2011-07-27,22415,53.0,,2011-07-21,UNKNOWN,False,False
2011-07-27,22470,,,2011-07-14,UNKNOWN,False,True
2011-07-27,21281,-77.0,WH-North,2011-07-23,WH-North,True,False
2011-07-27,85163B,0.0,Main,2011-07-26,WH-London,False,False
2011-07-27,23075,78.0,WH-London ,2011-07-18,WH-London,False,False
2011-07-27,35965,22.0,WH_London,2011-07-17,WH-London,False,False
2011-07-27,20771,62.0,WH_London,2011-07-19,WH-London,False,False
2011-07-27,82616B,101.0,,,UNKNOWN,False,False
2011-07-27,23060,26.0,,2011-07-14,UNKNOWN,False,False
2011-07-27,21356,-24.0,WH-London,2011-07-17,WH-London,True,False
2011-07-27,21377,19.0,WH-London,2011-07-24,WH-London,False,False
2011-07-27,23234,39.0,WH_London,2011-07-13,WH-London,False,False
2011-07-27,85136C,87.0,WH_London,2011-07-23,WH-London,False,False
2011-07-27,81950B,16.0,WH-London,2011-07-13,WH-London,False,False
2011-07-27,72802C,35.0,Warehouse North,2011-07-15,WH-North,False,False
2011-07-27,79160,79.0,,2011-07-15,UNKNOWN,False,False
2011-07-27,21348,68.0,Main,2011-07-26,WH-London,False,False
2011-07-27,79071B,35.0,WH-London ,2011-07-14,WH-London,False,False
2011-07-27,21484,43.0,WH-London,2011-07-19,WH-London,False,False
2011-07-27,20756,77.0,WH-London ,2011-07-26,WH-London,False,False
2011-07-27,79163,97.0,Main,2011-07-21,WH-London,False,False
2011-07-27,22156,101.0,Warehouse North,2011-07-15,WH-North,False,False
2011-07-27,35819P,-91.0,WH-London ,2011-07-22,WH-London,True,False
2011-07-27,21195,29.0,WH-London,2011-07-14,WH-London,False,False
2011-07-27,23518,104.0,WH-London ,2011-07-15,WH-London,False,False
2011-07-27,90025E,,WH-London,2011-07-15,WH-London,False,True
2011-07-27,46000P,0.0,WH-London ,2011-07-15,WH-London,False,False
2011-07-27,17028J,53.0,,2011-07-23,UNKNOWN,False,False
2011-07-27,84872A,-94.0,WH-London,2011-07-16,WH-London,True,False
2011-07-27,23692,69.0,WH_London,2011-07-17,WH-London,False,False
2011-07-27,22248,47.0,WH-London ,2011-07-19,WH-London,False,False
2011-07-27,37467,58.0,WH-London ,2011-07-27,WH-London,False,False
2011-07-27,22715,65.0,Main,2011-07-13,WH-London,False,False
2011-07-27,84686,54.0,WH-North,2011-07-23,WH-North,False,False
2011-07-27,82616C,41.0,Warehouse North,2011-07-27,WH-North,False,False
2011-07-27,90011C,27.0,WH-London,2011-07-26,WH-London,False,False
2011-07-27,16010,53.0,Warehouse North,2011-07-17,WH-North,False,False
2011-07-27,90071,46.0,,2011-07-17,UNKNOWN,False,False
2011-07-27,22960,50.0,Main,2011-07-26,WH-London,False,False
2011-07-27,21220,81.0,,2011-07-17,UNKNOWN,False,False
2011-07-27,22323,42.0,WH_London,2011-07-18,WH-London,False,False
2011-07-27,72232,43.0,Main,2011-07-27,WH-London,False,False
2011-07-27,90177A,55.0,WH-London,2011-07-19,WH-London,False,False
2011-07-27,84732B,128.0,WH-North,2011-07-23,WH-North,False,False
2011-07-27,82613C,17.0,WH_London,2011-07-20,WH-London,False,False
2011-07-27,23135,82.0,Main,2011-07-13,WH-London,False,False
2011-07-27,22216,41.0,WH_London,2011-07-23,WH-London,False,False
2011-07-27,90214C,48.0,Warehouse North,2011-07-21,WH-North,False,False
2011-07-29,22210,10.0,WH-London ,2011-07-16,WH-London,False,False
2011-07-29,DCGSSBOY,106.0,WH-London,2011-07-15,WH-London,False,False
2011-07-29,22332,-56.0,WH-London ,2011-07-29,WH-London,True,False
2011-07-29,21195,69.0,Warehouse North,2011-07-26,WH-North,False,False
2011-07-29,21428,5.0,WH-North,2011-07-21,WH-North,False,False
2011-07-29,84804A,30.0,WH-London ,2011-07-24,WH-London,False,False
2011-07-29,22030,62.0,WH-North,2011-07-21,WH-North,False,False
2011-07-29,23189,45.0,WH_London,2011-07-15,WH-London,False,False
2011-07-29,90195B,63.0,WH-London ,2011-07-26,WH-London,False,False
2011-07-29,23518,113.0,WH-North,2011-07-17,WH-North,False,False
2011-07-29,23090,65.0,,,UNKNOWN,False,False
2011-07-29,22289,36.0,WH-North,2011-07-20,WH-North,False,False
2011-07-29,47593A,30.0,WH-London,2011-07-15,WH-London,False,False
2011-07-29,90026D,27.0,WH-North,2011-07-21,WH-North,False,False
2011-07-29,72807B,37.0,,2011-07-25,UNKNOWN,False,False
2011-07-29,90201C,38.0,Warehouse North,2011-07-26,WH-North,False,False
2011-07-29,21135,53.0,,2011-07-24,UNKNOWN,False,False
2011-07-29,21222,65.0,WH-London ,2011-07-20,WH-London,False,False
2011-07-29,22923,63.0,Main,2011-07-27,WH-London,False,False
2011-07-29,85231G,53.0,Main,2011-07-20,WH-London,False,False
2011-07-29,22928,56.0,WH_London,2011-07-17,WH-London,False,False
2011-07-29,21159,126.0,Main,2011-07-29,WH-London,False,False
2011-07-29,72802C,28.0,WH-London,2011-07-17,WH-London,False,False
2011-07-29,16048,48.0,WH-London ,2011-07-25,WH-London,False,False
2011-07-29,17028J,,WH-North,2011-07-19,WH-North,False,True
2011-07-29,82616C,38.0,WH_London,2011-07-21,WH-London,False,False
2011-07-29,84732B,23.0,WH-London,2011-07-28,WH-London,False,False
2011-07-29,23159,28.0,WH-London ,2011-07-20,WH-London,False,False
2011-07-29,22230,14.0,Warehouse North,2011-07-28,WH-North,False,False
2011-07-29,21791,-9.0,WH-London,2011-07-21,WH-London,True,False
2011-07-29,81952B,53.0,Warehouse North,2011-07-25,WH-North,False,False
2011-07-29,46000P,71.0,WH-London ,2011-07-22,WH-London,False,False
2011-07-29,20724,26.0,Main,,WH-London,False,False
2011-07-29,21147,-10.0,WH-London ,,WH-London,True,False
2011-07-29,22156,53.0,Warehouse North,2011-07-24,WH-North,False,False
2011-07-29,72225C,64.0,Main,2011-07-15,WH-London,False,False
2011-07-29,22671,70.0,WH-London,2011-07-25,WH-London,False,False
2011-07-29,20966,19.0,Warehouse North,2011-07-29,WH-North,False,False
2011-07-29,21735,31.0,WH-London ,,WH-London,False,False
2011-07-29,90067B,16.0,WH_London,,WH-London,False,False
2011-07-29,20702,,Warehouse North,2011-07-17,WH-North,False,True
2011-07-29,82613C,26.0,WH_London,2011-07-17,WH-London,False,False
2011-07-29,16010,34.0,,2011-07-25,UNKNOWN,False,False
2011-07-29,35965,42.0,,2011-07-28,UNKNOWN,False,False
2011-07-29,20996,53.0,Main,2011-07-21,WH-London,False,False
2011-07-29,21080,-24.0,Main,,WH-London,True,False
2011-07-29,23440,45.0,Main,,WH-London,False,False
2011-07-29,23068,22.0,Main,2011-07-27,WH-London,False,False
2011-07-29,21377,-2.0,WH-London ,2011-07-21,WH-London,True,False
2011-07-29,79163,66.0,WH-London ,2011-07-18,WH-London,False,False
2011-07-29,21628,30.0,WH-London ,2011-07-29,WH-London,False,False
2011-07-29,85040A,-1.0,Warehouse North,2011-07-21,WH-North,True,False
2011-07-29,90197B,66.0,WH_London,2011-07-27,WH-London,False,False
2011-07-29,21368,42.0,Main,2011-07-23,WH-London,False,False
2011-07-29,21265,63.0,,2011-07-22,UNKNOWN,False,False
2011-07-29,22098,62.0,Warehouse North,2011-07-25,WH-North,False,False
2011-07-29,22483,17.0,Main,,WH-London,False,False
2011-07-29,90025E,77.0,,2011-07-15,UNKNOWN,False,False
2011-07-29,85026B,-4.0,WH-London ,2011-07-25,WH-London,True,False
2011-07-29,84596J,38.0,Warehouse North,2011-07-27,WH-North,False,False
2011-07-29,47469,36.0,Warehouse North,2011-07-22,WH-North,False,False
2011-07-29,21830,26.0,WH-London,2011-07-24,WH-London,False,False
2011-07-29,21630,86.0,WH-London ,2011-07-25,WH-London,False,False
2011-07-29,22779,59.0,WH-London,2011-07-17,WH-London,False,False
2011-07-29,22905,7.0,WH-London ,2011-07-20,WH-London,False,False
2011-07-29,20657,12.0,WH_London,2011-07-28,WH-London,False,False
2011-07-29,85136C,114.0,,2011-07-29,UNKNOWN,False,False
2011-07-29,15044B,35.0,Main,2011-07-21,WH-London,False,False
2011-07-29,16011,26.0,WH-London ,,WH-London,False,False
2011-07-29,23089,84.0,Warehouse North,2011-07-26,WH-North,False,False
2011-07-29,21281,-3.0,WH_London,2011-07-28,WH-London,True,False
2011-07-29,79190B,91.0,,2011-07-24,UNKNOWN,False,False
2011-07-29,44092C,26.0,WH-London,,WH-London,False,False
2011-07-29,22178,-65.0,WH-London ,2011-07-22,WH-London,True,False
2011-07-29,21220,35.0,,2011-07-16,UNKNOWN,False,False
2011-07-29,90177A,2.0,WH-North,2011-07-21,WH-North,False,False
2011-07-29,20771,55.0,WH_London,2011-07-19,WH-London,False,False
2011-07-29,47593B,78.0,WH_London,2011-07-19,WH-London,False,False
2011-07-29,16218,-20.0,WH-North,2011-07-20,WH-North,True,False
2011-07-29,37471,15.0,WH_London,2011-07-18,WH-London,False,False
2011-07-31,22928,87.0,,,UNKNOWN,False,False
2011-07-31,85136C,61.0,WH_London,2011-07-30,WH-London,False,False
2011-07-31,22905,63.0,,2011-07-21,UNKNOWN,False,False
2011-07-31,90214C,77.0,WH-London ,2011-07-26,WH-London,False,False
2011-07-31,85184C,,WH-North,2011-07-28,WH-North,False,True
2011-07-31,23085,54.0,Main,2011-07-17,WH-London,False,False
2011-07-31,23234,,WH-London,2011-07-18,WH-London,False,True
2011-07-31,23090,,WH-London ,2011-07-24,WH-London,False,True
2011-07-31,22483,-49.0,WH-North,2011-07-18,WH-North,True,False
2011-07-31,22030,74.0,Warehouse North,2011-07-20,WH-North,False,False
2011-07-31,22323,27.0,,2011-07-25,UNKNOWN,False,False
2011-07-31,23089,92.0,Warehouse North,2011-07-29,WH-North,False,False
2011-07-31,23057,58.0,WH-London,,WH-London,False,False
2011-07-31,23189,-15.0,WH-North,2011-07-18,WH-North,True,False
2011-07-31,15036,44.0,WH-London,2011-07-24,WH-London,False,False
2011-07-31,23547,-8.0,WH-London ,2011-07-21,WH-London,True,False
2011-07-31,22332,52.0,,2011-07-23,UNKNOWN,False,False
2011-07-31,23342,-38.0,WH-North,2011-07-19,WH-North,True,False
2011-07-31,84872A,24.0,WH-London,2011-07-18,WH-London,False,False
2011-07-31,90143,,WH-London ,2011-07-29,WH-London,False,True
2011-07-31,37444C,26.0,Warehouse North,2011-07-28,WH-North,False,False
2011-07-31,85119,44.0,WH-London,2011-07-18,WH-London,False,False
2011-07-31,22637,38.0,Main,,WH-London,False,False
2011-07-31,21683,7.0,WH-London,2011-07-22,WH-London,False,False
2011-07-31,90001C,50.0,WH-North,2011-07-19,WH-North,False,False
2011-07-31,23334,20.0,WH-North,2011-07-24,WH-North,False,False
2011-07-31,10133,,WH-London,2011-07-27,WH-London,False,True
2011-07-31,84596J,-82.0,Main,2011-07-28,WH-London,True,False
2011-07-31,22470,42.0,,2011-07-30,UNKNOWN,False,False
2011-07-31,21159,97.0,WH-London ,2011-07-17,WH-London,False,False
2011-07-31,22210,45.0,,2011-07-25,UNKNOWN,False,False
2011-07-31,21220,10.0,Main,2011-07-18,WH-London,False,False
2011-07-31,82616C,85.0,WH_London,2011-07-19,WH-London,False,False
2011-07-31,47591D,98.0,WH_London,,WH-London,False,False
2011-07-31,21348,79.0,,2011-07-20,UNKNOWN,False,False
2011-07-31,90011C,27.0,Main,2011-07-26,WH-London,False,False
2011-07-31,85186C,12.0,WH-North,,WH-North,False,False
2011-07-31,20731,39.0,WH-North,2011-07-26,WH-North,False,False
2011-07-31,23135,-124.0,WH_London,2011-07-27,WH-London,True,False
2011-07-31,21830,14.0,WH-London ,2011-07-26,WH-London,False,False
2011-07-31,90152C,74.0,Warehouse North,2011-07-27,WH-North,False,False
2011-07-31,23068,47.0,WH-London,2011-07-28,WH-London,False,False
2011-07-31,22289,78.0,Warehouse North,,WH-North,False,False
2011-07-31,84989A,12.0,WH-London ,,WH-London,False,False
2011-07-31,79160,42.0,Warehouse North,2011-07-20,WH-North,False,False
2011-07-31,90152A,23.0,WH_London,2011-07-29,WH-London,False,False
2011-07-31,22098,24.0,WH-North,,WH-North,False,False
2011-07-31,72802C,72.0,WH-London,2011-07-17,WH-London,False,False
2011-07-31,23518,16.0,WH-London,2011-07-17,WH-London,False,False
2011-07-31,84746,58.0,Warehouse North,2011-07-25,WH-North,False,False
2011-07-31,22904,51.0,,2011-07-19,UNKNOWN,False,False
2011-07-31,84638,21.0,,2011-07-22,UNKNOWN,False,False
2011-07-31,85024C,27.0,,,UNKNOWN,False,False
2011-07-31,20996,60.0,Warehouse North,2011-07-22,WH-North,False,False
2011-07-31,21356,49.0,Main,2011-07-21,WH-London,False,False
2011-07-31,90177A,51.0,WH_London,2011-07-26,WH-London,False,False
2011-07-31,23010,43.0,WH-London,2011-07-18,WH-London,False,False
2011-07-31,47590B,41.0,WH_London,2011-07-29,WH-London,False,False
2011-07-31,23440,49.0,WH-London ,2011-07-29,WH-London,False,False
2011-07-31,84849B,93.0,Main,2011-07-17,WH-London,False,False
2011-07-31,21670,65.0,Warehouse North,2011-07-25,WH-North,False,False
2011-07-31,22560,46.0,,2011-07-27,UNKNOWN,False,False
2011-07-31,84660C,17.0,Main,2011-07-19,WH-London,False,False
2011-07-31,23619,37.0,WH_London,2011-07-27,WH-London,False,False
2011-07-31,23272,22.0,,,UNKNOWN,False,False
2011-07-31,84559B,-26.0,Main,2011-07-25,WH-London,True,False
2011-07-31,22230,-6.0,WH-North,2011-07-17,WH-North,True,False
2011-07-31,78124,49.0,WH-North,2011-07-28,WH-North,False,False
2011-07-31,21135,112.0,Main,2011-07-20,WH-London,False,False
2011-07-31,21989,55.0,Warehouse North,2011-07-29,WH-North,False,False
2011-07-31,20724,71.0,WH-North,2011-07-20,WH-North,False,False
2011-07-31,84805B,78.0,Main,2011-07-26,WH-London,False,False
2011-07-31,22114,41.0,WH-London ,2011-07-19,WH-London,False,False
2011-07-31,20771,43.0,WH-North,2011-07-30,WH-North,False,False
2011-07-31,22908,8.0,Warehouse North,2011-07-30,WH-North,False,False
2011-07-31,22960,55.0,WH_London,2011-07-24,WH-London,False,False
2011-07-31,84686,51.0,WH_London,2011-07-30,WH-London,False,False
2011-07-31,22087,24.0,Main,2011-07-21,WH-London,False,False
2011-07-31,21745,84.0,WH-London,2011-07-22,WH-London,False,False
2011-07-31,21630,26.0,WH-London,2011-07-24,WH-London,False,False
2011-08-02,22779,135.0,WH-London ,,WH-London,False,False
2011-08-02,15036,62.0,WH_London,2011-07-19,WH-London,False,False
2011-08-02,90177A,49.0,WH-North,2011-07-20,WH-North,False,False
2011-08-02,90052,108.0,,,UNKNOWN,False,False
2011-08-02,23204,-18.0,WH-London ,2011-07-22,WH-London,True,False
2011-08-02,72232,41.0,WH_London,2011-07-28,WH-London,False,False
2011-08-02,16218,36.0,WH_London,2011-07-21,WH-London,False,False
2011-08-02,22228,44.0,WH_London,2011-07-25,WH-London,False,False
2011-08-02,22070,56.0,Main,2011-07-29,WH-London,False,False
2011-08-02,90082D,43.0,WH-North,2011-07-24,WH-North,False,False
2011-08-02,84715,92.0,Main,2011-07-28,WH-London,False,False
2011-08-02,22114,,,2011-07-31,UNKNOWN,False,True
2011-08-02,21670,,WH_London,2011-07-24,WH-London,False,True
2011-08-02,23619,63.0,Main,2011-07-26,WH-London,False,False
2011-08-02,21830,11.0,WH_London,2011-07-22,WH-London,False,False
2011-08-02,90152A,,WH_London,2011-07-24,WH-London,False,True
2011-08-02,47593B,57.0,WH-London ,2011-07-27,WH-London,False,False
2011-08-02,21188,16.0,WH-London ,2011-07-28,WH-London,False,False
2011-08-02,85119,76.0,,2011-08-02,UNKNOWN,False,False
2011-08-02,21220,-11.0,WH-London ,2011-07-22,WH-London,True,False
2011-08-02,78124,125.0,WH_London,2011-07-31,WH-London,False,False
2011-08-02,21281,48.0,,2011-07-20,UNKNOWN,False,False
2011-08-02,84849B,24.0,WH-London ,2011-07-20,WH-London,False,False
2011-08-02,16010,68.0,WH-North,2011-07-26,WH-North,False,False
2011-08-02,22960,68.0,WH-London,2011-08-01,WH-London,False,False
2011-08-02,22637,-111.0,Warehouse North,2011-07-30,WH-North,True,False
2011-08-02,81950B,103.0,WH-London ,2011-07-20,WH-London,False,False
2011-08-02,23334,10.0,WH_London,,WH-London,False,False
2011-08-02,90214C,41.0,WH-London ,2011-07-19,WH-London,False,False
2011-08-02,84804A,22.0,WH-London,2011-07-23,WH-London,False,False
2011-08-02,35965,72.0,,2011-07-23,UNKNOWN,False,False
2011-08-02,22098,92.0,WH_London,2011-07-29,WH-London,False,False
2011-08-02,35819P,10.0,WH-London ,2011-07-31,WH-London,False,False
2011-08-02,90011C,48.0,WH-North,2011-07-29,WH-North,False,False
2011-08-02,90025E,31.0,Main,2011-08-01,WH-London,False,False
2011-08-02,85230F,,WH-North,2011-07-19,WH-North,False,True
2011-08-02,21135,62.0,,2011-07-26,UNKNOWN,False,False
2011-08-02,79163,85.0,,2011-07-28,UNKNOWN,False,False
2011-08-02,85184C,37.0,,2011-07-31,UNKNOWN,False,False
2011-08-02,16048,-46.0,Main,2011-07-28,WH-London,True,False
2011-08-02,22099,-61.0,WH-North,2011-07-23,WH-North,True,False
2011-08-02,21348,41.0,,2011-07-20,UNKNOWN,False,False
2011-08-02,90065B,58.0,WH-North,2011-07-29,WH-North,False,False
2011-08-02,85024C,-88.0,WH-North,2011-08-01,WH-North,True,False
2011-08-02,22928,114.0,WH_London,2011-07-23,WH-London,False,False
2011-08-02,84660C,35.0,WH-London,2011-07-22,WH-London,False,False
2011-08-02,23272,114.0,WH-London,2011-07-22,WH-London,False,False
2011-08-02,84746,,WH-London ,2011-07-27,WH-London,False,True
2011-08-02,84559B,76.0,WH_London,2011-07-25,WH-London,False,False
2011-08-02,21504,35.0,WH-North,2011-07-27,WH-North,False,False
2011-08-02,22560,19.0,WH-London ,2011-08-02,WH-London,False,False
2011-08-02,21265,86.0,WH-London ,2011-07-25,WH-London,False,False
2011-08-02,79071B,48.0,,2011-07-29,UNKNOWN,False,False
2011-08-02,46000P,88.0,WH_London,2011-07-30,WH-London,False,False
2011-08-02,85107,-72.0,WH_London,2011-07-20,WH-London,True,False
2011-08-02,23089,62.0,Warehouse North,2011-07-26,WH-North,False,False
2011-08-02,21791,66.0,WH_London,2011-07-20,WH-London,False,False
2011-08-02,84675,82.0,WH_London,2011-07-25,WH-London,False,False
2011-08-02,82616B,77.0,WH-London ,2011-07-19,WH-London,False,False
2011-08-02,84686,37.0,WH-London ,2011-07-30,WH-London,False,False
2011-08-02,90195B,-62.0,WH_London,2011-07-25,WH-London,True,False
2011-08-02,90214N,95.0,WH-London,2011-08-02,WH-London,False,False
2011-08-02,21222,51.0,WH_London,,WH-London,False,False
2011-08-02,20803,35.0,Warehouse North,,WH-North,False,False
2011-08-02,37424,31.0,WH_London,,WH-London,False,False
2011-08-02,84732B,75.0,Warehouse North,,WH-North,False,False
2011-08-02,90143,-42.0,Warehouse North,2011-07-20,WH-North,True,False
2011-08-02,15044B,60.0,Warehouse North,2011-07-29,WH-North,False,False
2011-08-02,22671,41.0,,2011-08-01,UNKNOWN,False,False
2011-08-02,20963,85.0,,2011-07-29,UNKNOWN,False,False
2011-08-02,82613C,54.0,WH_London,2011-07-30,WH-London,False,False
2011-08-02,22323,92.0,Warehouse North,,WH-North,False,False
2011-08-02,84789,-91.0,,2011-08-02,UNKNOWN,True,False
2011-08-02,90161B,47.0,Warehouse North,2011-07-25,WH-North,False,False
2011-08-02,17028J,90.0,WH-London ,2011-07-24,WH-London,False,False
2011-08-02,22575,39.0,WH-London,2011-07-25,WH-London,False,False
2011-08-02,84596J,57.0,WH-North,2011-08-01,WH-North,False,False
2011-08-02,90152C,26.0,WH-North,2011-07-27,WH-North,False,False
2011-08-02,47590B,67.0,WH-North,2011-07-26,WH-North,False,False
2011-08-02,90201C,59.0,,,UNKNOWN,False,False
2011-08-04,82616C,65.0,WH_London,,WH-London,False,False
2011-08-04,23075,9.0,,2011-07-26,UNKNOWN,False,False
2011-08-04,90001C,-9.0,WH-North,2011-07-28,WH-North,True,False
2011-08-04,10133,16.0,Warehouse North,2011-07-31,WH-North,False,False
2011-08-04,23692,64.0,WH-London,2011-07-21,WH-London,False,False
2011-08-04,21830,70.0,WH-North,2011-07-25,WH-North,False,False
2011-08-04,90152C,83.0,WH_London,2011-07-27,WH-London,False,False
2011-08-04,21159,37.0,Warehouse North,2011-08-04,WH-North,False,False
2011-08-04,21377,56.0,WH-London ,2011-07-30,WH-London,False,False
2011-08-04,22185,-28.0,,2011-08-04,UNKNOWN,True,False
2011-08-04,23272,91.0,WH_London,2011-07-26,WH-London,False,False
2011-08-04,84746,28.0,,2011-07-28,UNKNOWN,False,False
2011-08-04,47469,85.0,Warehouse North,,WH-North,False,False
2011-08-04,47593A,42.0,,2011-07-23,UNKNOWN,False,False
2011-08-04,23068,97.0,Main,2011-07-31,WH-London,False,False
2011-08-04,90214N,55.0,Warehouse North,2011-07-28,WH-North,False,False
2011-08-04,21348,54.0,,2011-07-26,UNKNOWN,False,False
2011-08-04,37444C,27.0,Warehouse North,2011-07-23,WH-North,False,False
2011-08-04,22099,115.0,WH-London,2011-07-22,WH-London,False,False
2011-08-04,22923,,WH-London ,2011-08-01,WH-London,False,True
2011-08-04,85026B,65.0,Main,2011-07-28,WH-London,False,False
2011-08-04,79163,57.0,WH-London,2011-07-21,WH-London,False,False
2011-08-04,23010,30.0,WH-London ,2011-07-21,WH-London,False,False
2011-08-04,23611,70.0,WH-London,2011-07-24,WH-London,False,False
2011-08-04,47591D,,,2011-07-31,UNKNOWN,False,True
2011-08-04,15036,-51.0,WH_London,2011-07-27,WH-London,True,False
2011-08-04,21628,76.0,WH-London,2011-07-28,WH-London,False,False
2011-08-04,90177A,58.0,WH-London ,2011-07-21,WH-London,False,False
2011-08-04,37424,-50.0,WH-London,2011-07-29,WH-London,True,False
2011-08-04,21135,93.0,WH_London,,WH-London,False,False
2011-08-04,90185B,25.0,Warehouse North,2011-07-27,WH-North,False,False
2011-08-04,22228,0.0,WH-North,2011-07-27,WH-North,False,False
2011-08-04,21080,26.0,Main,2011-07-24,WH-London,False,False
2011-08-04,44092C,54.0,WH_London,2011-07-26,WH-London,False,False
2011-08-04,20702,70.0,Main,2011-07-28,WH-London,False,False
2011-08-04,90011C,27.0,WH_London,2011-07-25,WH-London,False,False
2011-08-04,85230F,160.0,Warehouse North,2011-07-21,WH-North,False,False
2011-08-04,22928,55.0,,2011-07-23,UNKNOWN,False,False
2011-08-04,DCGSSBOY,,Main,2011-07-22,WH-London,False,True
2011-08-04,22248,11.0,WH-London ,2011-07-23,WH-London,False,False
2011-08-04,16011,6.0,Warehouse North,2011-07-22,WH-North,False,False
2011-08-04,22095,-3.0,WH-North,2011-07-31,WH-North,True,False
2011-08-04,23189,,WH-London ,2011-07-23,WH-London,False,True
2011-08-04,47593B,86.0,WH-London,2011-07-21,WH-London,False,False
2011-08-04,84631,49.0,WH_London,2011-08-04,WH-London,False,False
2011-08-04,22178,13.0,WH_London,2011-07-23,WH-London,False,False
2011-08-04,22470,41.0,Main,2011-07-26,WH-London,False,False
2011-08-04,20677,92.0,WH-London ,2011-07-25,WH-London,False,False
2011-08-04,90197B,34.0,,,UNKNOWN,False,False
2011-08-04,20803,-22.0,,2011-08-02,UNKNOWN,True,False
2011-08-04,90152A,38.0,WH-London,2011-07-30,WH-London,False,False
2011-08-04,22575,41.0,WH-North,2011-08-03,WH-North,False,False
2011-08-04,23619,72.0,Warehouse North,2011-07-29,WH-North,False,False
2011-08-04,72232,-16.0,Main,2011-07-31,WH-London,True,False
2011-08-04,22960,55.0,WH-London,2011-07-24,WH-London,False,False
2011-08-04,22904,29.0,WH_London,2011-07-21,WH-London,False,False
2011-08-04,79190B,33.0,WH-London ,2011-07-31,WH-London,False,False
2011-08-04,37467,72.0,WH-North,2011-07-24,WH-North,False,False
2011-08-04,23483,10.0,WH-London,2011-07-21,WH-London,False,False
2011-08-04,90214C,-55.0,WH_London,2011-08-04,WH-London,True,False
2011-08-04,90143,64.0,WH-London,2011-07-31,WH-London,False,False
2011-08-04,21484,67.0,WH-London,2011-07-24,WH-London,False,False
2011-08-04,22030,71.0,Main,2011-08-01,WH-London,False,False
2011-08-04,22483,67.0,Main,2011-07-31,WH-London,False,False
2011-08-04,22084,-71.0,Warehouse North,2011-07-27,WH-North,True,False
2011-08-04,21662,23.0,Main,2011-07-22,WH-London,False,False
2011-08-04,72807B,-90.0,Warehouse North,2011-07-21,WH-North,True,False
2011-08-04,90071,14.0,WH_London,2011-07-25,WH-London,False,False
2011-08-04,22715,61.0,Main,2011-08-02,WH-London,False,False
2011-08-04,23341,29.0,Main,2011-07-24,WH-London,False,False
2011-08-04,21735,-1.0,Warehouse North,2011-08-04,WH-North,True,False
2011-08-04,21802,32.0,WH-North,2011-08-03,WH-North,False,False
2011-08-04,21368,46.0,WH-London,2011-07-24,WH-London,False,False
2011-08-04,22779,91.0,Main,,WH-London,False,False
2011-08-04,21865,104.0,,2011-07-26,UNKNOWN,False,False
2011-08-04,22965,46.0,WH-London,2011-07-28,WH-London,False,False
2011-08-04,21504,-8.0,,2011-07-24,UNKNOWN,True,False
2011-08-04,23204,10.0,WH-London ,2011-07-21,WH-London,False,False
2011-08-04,85024C,73.0,WH_London,2011-07-28,WH-London,False,False
2011-08-04,23547,71.0,Warehouse North,2011-08-03,WH-North,False,False
2011-08-06,23204,31.0,WH-London ,,WH-London,False,False
2011-08-06,22087,14.0,Warehouse North,2011-08-06,WH-North,False,False
2011-08-06,22962,79.0,WH-London ,2011-08-01,WH-London,False,False
2011-08-06,21802,13.0,WH_London,,WH-London,False,False
2011-08-06,72807B,36.0,Main,2011-07-25,WH-London,False,False
2011-08-06,21281,64.0,WH-North,2011-07-23,WH-North,False,False
2011-08-06,84849B,-10.0,,2011-08-03,UNKNOWN,True,False
2011-08-06,90214N,78.0,WH-London ,2011-07-31,WH-London,False,False
2011-08-06,84872A,121.0,,2011-07-30,UNKNOWN,False,False
2011-08-06,46000P,53.0,WH-North,2011-07-27,WH-North,False,False
2011-08-06,22779,48.0,WH-London,,WH-London,False,False
2011-08-06,23057,51.0,Main,2011-07-29,WH-London,False,False
2011-08-06,21428,56.0,WH-London,2011-07-27,WH-London,False,False
2011-08-06,22230,28.0,Main,2011-07-30,WH-London,False,False
2011-08-06,90185B,16.0,Main,2011-07-27,WH-London,False,False
2011-08-06,84715,39.0,Main,2011-07-29,WH-London,False,False
2011-08-06,22560,54.0,Warehouse North,2011-07-29,WH-North,False,False
2011-08-06,23234,20.0,Main,2011-07-28,WH-London,False,False
2011-08-06,22185,9.0,WH-North,2011-07-30,WH-North,False,False
2011-08-06,23010,36.0,Warehouse North,2011-08-05,WH-North,False,False
2011-08-06,85184C,9.0,WH-London ,2011-08-03,WH-London,False,False
2011-08-06,21830,70.0,Main,2011-07-24,WH-London,False,False
2011-08-06,23611,-53.0,Warehouse North,2011-07-30,WH-North,True,False
2011-08-06,22575,14.0,WH-London ,2011-07-28,WH-London,False,False
2011-08-06,85136C,92.0,WH-North,2011-07-23,WH-North,False,False
2011-08-06,84789,,WH-London ,2011-07-23,WH-London,False,True
2011-08-06,47593A,55.0,Main,2011-07-26,WH-London,False,False
2011-08-06,90177A,46.0,Warehouse North,2011-07-26,WH-North,False,False
2011-08-06,22470,31.0,Warehouse North,2011-08-05,WH-North,False,False
2011-08-06,84675,82.0,Warehouse North,2011-07-30,WH-North,False,False
2011-08-06,22415,32.0,Warehouse North,2011-07-27,WH-North,False,False
2011-08-06,22928,25.0,Warehouse North,,WH-North,False,False
2011-08-06,85107,69.0,WH-London,2011-07-28,WH-London,False,False
2011-08-06,23692,-7.0,WH-North,2011-07-28,WH-North,True,False
2011-08-06,90025E,41.0,WH-London,2011-07-26,WH-London,False,False
2011-08-06,22098,,Warehouse North,2011-08-02,WH-North,False,True
2011-08-06,90152A,40.0,,2011-08-04,UNKNOWN,False,False
2011-08-06,20731,35.0,Warehouse North,2011-07-31,WH-North,False,False
2011-08-06,85040A,61.0,WH_London,2011-08-05,WH-London,False,False
2011-08-06,20963,82.0,Main,2011-08-03,WH-London,False,False
2011-08-06,23458,63.0,Warehouse North,2011-08-01,WH-North,False,False
2011-08-06,90026D,39.0,Warehouse North,2011-08-03,WH-North,False,False
2011-08-06,23140,68.0,Main,2011-07-31,WH-London,False,False
2011-08-06,20724,72.0,WH-London,,WH-London,False,False
2011-08-06,90197B,60.0,,2011-08-03,UNKNOWN,False,False
2011-08-06,85024C,81.0,WH_London,2011-07-24,WH-London,False,False
2011-08-06,23483,,WH-North,2011-07-23,WH-North,False,True
2011-08-06,23068,50.0,,2011-07-28,UNKNOWN,False,False
2011-08-06,22216,59.0,WH_London,2011-07-23,WH-London,False,False
2011-08-06,22084,5.0,WH_London,,WH-London,False,False
2011-08-06,82616B,,WH-North,2011-07-26,WH-North,False,True
2011-08-06,21195,77.0,Warehouse North,2011-08-03,WH-North,False,False
2011-08-06,23090,43.0,WH_London,2011-07-31,WH-London,False,False
2011-08-06,82616C,69.0,Warehouse North,2011-08-06,WH-North,False,False
2011-08-06,21135,80.0,WH-North,2011-07-30,WH-North,False,False
2011-08-06,84674,90.0,WH-London ,2011-08-02,WH-London,False,False
2011-08-06,78124,84.0,,,UNKNOWN,False,False
2011-08-06,23471,90.0,WH-London ,2011-08-06,WH-London,False,False
2011-08-06,85186C,,Warehouse North,2011-07-26,WH-North,False,True
2011-08-06,21336,-38.0,Main,2011-07-24,WH-London,True,False
2011-08-06,23060,-24.0,Main,2011-07-31,WH-London,True,False
2011-08-06,23089,18.0,WH-North,2011-07-23,WH-North,False,False
2011-08-06,16218,86.0,WH-London ,2011-07-31,WH-London,False,False
2011-08-06,15036,31.0,WH-London,2011-07-29,WH-London,False,False
2011-08-06,23440,61.0,Main,2011-08-06,WH-London,False,False
2011-08-06,90071,57.0,WH-London,,WH-London,False,False
2011-08-06,20966,87.0,WH-North,2011-08-01,WH-North,False,False
2011-08-06,44092C,-10.0,WH_London,2011-08-03,WH-London,True,False
2011-08-06,21265,60.0,WH-London ,2011-07-24,WH-London,False,False
2011-08-06,22114,60.0,Warehouse North,2011-08-03,WH-North,False,False
2011-08-06,84989A,24.0,,2011-07-28,UNKNOWN,False,False
2011-08-06,23135,78.0,WH-London ,2011-07-25,WH-London,False,False
2011-08-06,23619,8.0,WH-London,2011-07-31,WH-London,False,False
2011-08-06,21791,81.0,WH-London,2011-08-05,WH-London,False,False
2011-08-06,22178,-14.0,WH-North,2011-07-30,WH-North,True,False
2011-08-06,84686,-22.0,,2011-07-28,UNKNOWN,True,False
2011-08-06,90152C,45.0,Main,2011-07-24,WH-London,False,False
2011-08-06,22095,56.0,,2011-07-25,UNKNOWN,False,False
2011-08-06,22272,-6.0,WH_London,,WH-London,True,False
2011-08-06,20677,81.0,WH-London,2011-08-03,WH-London,False,False
2011-08-08,20966,,Main,2011-08-08,WH-London,False,True
2011-08-08,90152C,107.0,WH-London,2011-08-04,WH-London,False,False
2011-08-08,16218,71.0,WH-London,2011-07-26,WH-London,False,False
2011-08-08,23204,27.0,Main,2011-07-28,WH-London,False,False
2011-08-08,22070,17.0,Warehouse North,2011-08-03,WH-North,False,False
2011-08-08,22671,37.0,WH-London,2011-07-26,WH-London,False,False
2011-08-08,22323,115.0,WH-North,,WH-North,False,False
2011-08-08,84660C,51.0,WH_London,2011-08-02,WH-London,False,False
2011-08-08,85231G,52.0,WH-North,2011-07-27,WH-North,False,False
2011-08-08,84789,91.0,WH-London ,2011-07-25,WH-London,False,False
2011-08-08,22066,15.0,WH-London ,2011-07-25,WH-London,False,False
2011-08-08,47469,66.0,,2011-07-26,UNKNOWN,False,False
2011-08-08,20731,65.0,Main,2011-07-28,WH-London,False,False
2011-08-08,21830,78.0,Main,,WH-London,False,False
2011-08-08,22923,75.0,Warehouse North,2011-08-04,WH-North,False,False
2011-08-08,23342,48.0,Main,2011-08-06,WH-London,False,False
2011-08-08,84849B,8.0,WH-London ,,WH-London,False,False
2011-08-08,90214C,-33.0,WH-London,2011-07-29,WH-London,True,False
2011-08-08,85024C,75.0,WH-London ,2011-08-05,WH-London,False,False
2011-08-08,90065B,105.0,WH-London,2011-07-26,WH-London,False,False
2011-08-08,17028J,,WH-North,2011-08-04,WH-North,False,True
2011-08-08,22415,11.0,Warehouse North,2011-07-27,WH-North,False,False
2011-08-08,78124,2.0,Warehouse North,2011-08-05,WH-North,False,False
2011-08-08,90067B,26.0,Warehouse North,2011-08-06,WH-North,False,False
2011-08-08,85186C,78.0,Warehouse North,2011-07-25,WH-North,False,False
2011-08-08,23334,89.0,WH-North,,WH-North,False,False
2011-08-08,20756,-12.0,WH-North,,WH-North,True,False
2011-08-08,21504,-13.0,WH-North,2011-08-03,WH-North,True,False
2011-08-08,23140,8.0,WH-London ,2011-08-03,WH-London,False,False
2011-08-08,23085,23.0,WH-London,2011-07-26,WH-London,False,False
2011-08-08,90201C,43.0,WH-North,2011-07-28,WH-North,False,False
2011-08-08,23060,38.0,WH-North,2011-07-29,WH-North,False,False
2011-08-08,21080,-65.0,WH-North,2011-07-28,WH-North,True,False
2011-08-08,20963,-7.0,,2011-07-27,UNKNOWN,True,False
2011-08-08,21745,34.0,WH-North,2011-08-07,WH-North,False,False
2011-08-08,37471,90.0,,2011-07-26,UNKNOWN,False,False
2011-08-08,37467,92.0,Warehouse North,2011-07-25,WH-North,False,False
2011-08-08,22030,99.0,WH_London,2011-08-07,WH-London,False,False
2011-08-08,90161B,-61.0,Warehouse North,2011-08-02,WH-North,True,False
2011-08-08,22156,30.0,Warehouse North,2011-07-31,WH-North,False,False
2011-08-08,84559B,55.0,WH_London,2011-08-05,WH-London,False,False
2011-08-08,47591D,125.0,Warehouse North,2011-07-25,WH-North,False,False
2011-08-08,22962,34.0,WH_London,2011-07-25,WH-London,False,False
2011-08-08,22715,104.0,WH-London ,2011-08-04,WH-London,False,False
2011-08-08,20657,-23.0,WH-London ,2011-07-27,WH-London,True,False
2011-08-08,22908,67.0,WH-London ,2011-08-02,WH-London,False,False
2011-08-08,22905,69.0,WH_London,2011-08-07,WH-London,False,False
2011-08-08,84804A,61.0,WH_London,2011-08-06,WH-London,False,False
2011-08-08,23234,63.0,WH-London ,2011-07-31,WH-London,False,False
2011-08-08,22272,65.0,Main,2011-08-07,WH-London,False,False
2011-08-08,22099,67.0,WH-London ,,WH-London,False,False
2011-08-08,DCGSSBOY,40.0,WH-London,2011-08-01,WH-London,False,False
2011-08-08,90026D,41.0,WH-North,2011-08-05,WH-North,False,False
2011-08-08,23189,9.0,Main,2011-08-05,WH-London,False,False
2011-08-08,23068,71.0,WH-London ,2011-07-25,WH-London,False,False
2011-08-08,90143,89.0,Main,2011-07-30,WH-London,False,False
2011-08-08,21377,102.0,WH-North,2011-08-06,WH-North,False,False
2011-08-08,84856S,25.0,,2011-07-25,UNKNOWN,False,False
2011-08-08,84674,-1.0,WH-London,2011-07-28,WH-London,True,False
2011-08-08,85135A,61.0,,2011-08-08,UNKNOWN,False,False
2011-08-08,35819P,15.0,WH_London,,WH-London,False,False
2011-08-08,22095,67.0,WH-London ,2011-08-02,WH-London,False,False
2011-08-08,22178,-16.0,Warehouse North,2011-08-01,WH-North,True,False
2011-08-08,21195,82.0,WH-London,2011-07-31,WH-London,False,False
2011-08-08,47593A,54.0,WH_London,2011-08-07,WH-London,False,False
2011-08-08,85230F,,WH_London,2011-08-03,WH-London,False,True
2011-08-08,23440,-59.0,,2011-08-07,UNKNOWN,True,False
2011-08-08,23483,52.0,Warehouse North,2011-07-31,WH-North,False,False
2011-08-08,85040A,65.0,Warehouse North,2011-08-07,WH-North,False,False
2011-08-08,79190B,,Main,2011-08-02,WH-London,False,True
2011-08-08,84989A,-22.0,WH_London,2011-08-05,WH-London,True,False
2011-08-08,21735,35.0,WH_London,2011-08-08,WH-London,False,False
2011-08-08,21265,47.0,WH-North,,WH-North,False,False
2011-08-08,20996,41.0,Warehouse North,2011-08-04,WH-North,False,False
2011-08-08,23692,39.0,Warehouse North,2011-08-01,WH-North,False,False
2011-08-08,20724,81.0,WH_London,,WH-London,False,False
2011-08-08,21147,-1.0,WH-London,2011-07-31,WH-London,True,False
2011-08-08,23010,-41.0,Warehouse North,2011-08-03,WH-North,True,False
2011-08-08,22228,43.0,WH_London,2011-08-07,WH-London,False,False
2011-08-08,23535,46.0,WH_London,2011-07-28,WH-London,False,False
2011-08-10,79160,20.0,,2011-08-10,UNKNOWN,False,False
2011-08-10,21745,,Warehouse North,2011-08-07,WH-North,False,True
2011-08-10,23189,79.0,Warehouse North,2011-07-31,WH-North,False,False
2011-08-10,23159,116.0,WH-London ,,WH-London,False,False
2011-08-10,84559B,69.0,Main,2011-08-01,WH-London,False,False
2011-08-10,22084,72.0,WH_London,2011-08-09,WH-London,False,False
2011-08-10,21135,49.0,Main,2011-08-04,WH-London,False,False
2011-08-10,22483,96.0,,2011-08-10,UNKNOWN,False,False
2011-08-10,22030,66.0,WH-North,2011-08-08,WH-North,False,False
2011-08-10,84856S,44.0,,2011-08-06,UNKNOWN,False,False
2011-08-10,90052,105.0,Main,2011-08-09,WH-London,False,False
2011-08-10,72800F,10.0,Main,,WH-London,False,False
2011-08-10,79071B,28.0,WH_London,2011-07-31,WH-London,False,False
2011-08-10,23068,134.0,WH_London,2011-07-27,WH-London,False,False
2011-08-10,21791,70.0,WH-London,2011-08-02,WH-London,False,False
2011-08-10,22178,-28.0,WH-London ,2011-08-02,WH-London,True,False
2011-08-10,21080,80.0,Warehouse North,2011-08-01,WH-North,False,False
2011-08-10,22923,19.0,WH_London,2011-08-06,WH-London,False,False
2011-08-10,37471,32.0,WH-North,2011-08-05,WH-North,False,False
2011-08-10,78124,-126.0,Main,2011-08-08,WH-London,True,False
2011-08-10,22332,99.0,Warehouse North,2011-08-05,WH-North,False,False
2011-08-10,22095,109.0,Main,2011-08-02,WH-London,False,False
2011-08-10,90001C,31.0,WH_London,2011-08-07,WH-London,False,False
2011-08-10,23692,41.0,Warehouse North,2011-07-29,WH-North,False,False
2011-08-10,85231G,56.0,,,UNKNOWN,False,False
2011-08-10,46000P,76.0,WH-London ,2011-07-29,WH-London,False,False
2011-08-10,21220,39.0,Warehouse North,2011-08-07,WH-North,False,False
2011-08-10,21222,106.0,WH_London,2011-08-06,WH-London,False,False
2011-08-10,22323,64.0,Main,2011-08-06,WH-London,False,False
2011-08-10,47593B,94.0,Main,2011-08-06,WH-London,False,False
2011-08-10,21368,26.0,,2011-08-04,UNKNOWN,False,False
2011-08-10,23010,37.0,WH-North,2011-08-05,WH-North,False,False
2011-08-10,85107,57.0,WH-London ,,WH-London,False,False
2011-08-10,23611,36.0,,2011-07-29,UNKNOWN,False,False
2011-08-10,21670,81.0,WH_London,,WH-London,False,False
2011-08-10,85119,82.0,Main,2011-07-28,WH-London,False,False
2011-08-10,84849B,-42.0,WH-North,2011-07-31,WH-North,True,False
2011-08-10,23075,69.0,WH-London ,2011-08-06,WH-London,False,False
2011-08-10,21662,111.0,Warehouse North,2011-08-04,WH-North,False,False
2011-08-10,21147,,WH-London,2011-08-09,WH-London,False,True
2011-08-10,90143,-69.0,WH-London,2011-07-27,WH-London,True,False
2011-08-10,21377,88.0,WH-North,2011-08-05,WH-North,False,False
2011-08-10,84789,100.0,Main,2011-08-02,WH-London,False,False
2011-08-10,21735,95.0,WH-North,2011-08-06,WH-North,False,False
2011-08-10,90197B,47.0,WH-London ,2011-08-07,WH-London,False,False
2011-08-10,21428,77.0,,2011-08-06,UNKNOWN,False,False
2011-08-10,90067B,41.0,Warehouse North,2011-07-31,WH-North,False,False
2011-08-10,85184C,-48.0,Main,2011-08-03,WH-London,True,False
2011-08-10,85186C,64.0,WH-North,2011-08-10,WH-North,False,False
2011-08-10,16218,6.0,,2011-08-05,UNKNOWN,False,False
2011-08-10,84715,61.0,WH-London ,2011-08-06,WH-London,False,False
2011-08-10,22289,29.0,,2011-08-07,UNKNOWN,False,False
2011-08-10,85163B,14.0,Warehouse North,2011-08-10,WH-North,False,False
2011-08-10,21630,73.0,Main,2011-07-30,WH-London,False,False
2011-08-10,85135A,,Main,2011-08-09,WH-London,False,True
2011-08-10,82616C,56.0,WH-London ,2011-08-09,WH-London,False,False
2011-08-10,20702,42.0,WH-London ,2011-08-02,WH-London,False,False
2011-08-10,23547,31.0,Main,2011-08-04,WH-London,False,False
2011-08-10,23057,-53.0,WH-London ,2011-08-06,WH-London,True,False
2011-08-10,22210,-9.0,WH-London ,,WH-London,True,False
2011-08-10,22216,47.0,Warehouse North,2011-08-09,WH-North,False,False
2011-08-10,90161B,109.0,Warehouse North,2011-08-04,WH-North,False,False
2011-08-10,81950B,14.0,Warehouse North,2011-08-01,WH-North,False,False
2011-08-10,23471,92.0,WH-London,2011-07-31,WH-London,False,False
2011-08-10,84872A,112.0,WH-North,2011-07-28,WH-North,False,False
2011-08-10,21195,26.0,Warehouse North,2011-08-07,WH-North,False,False
2011-08-10,16048,59.0,,2011-08-10,UNKNOWN,False,False
2011-08-10,22230,11.0,WH_London,2011-07-28,WH-London,False,False
2011-08-10,22905,6.0,Warehouse North,2011-07-27,WH-North,False,False
2011-08-10,22470,55.0,WH_London,2011-08-08,WH-London,False,False
2011-08-10,23089,,WH-North,2011-08-01,WH-North,False,True
2011-08-10,44092C,32.0,Warehouse North,2011-07-29,WH-North,False,False
2011-08-10,85040A,16.0,Main,2011-07-30,WH-London,False,False
2011-08-10,21484,26.0,Warehouse North,2011-08-09,WH-North,False,False
2011-08-10,82616B,-76.0,Warehouse North,2011-07-28,WH-North,True,False
2011-08-10,20731,76.0,WH-North,2011-08-03,WH-North,False,False
2011-08-10,47593A,69.0,Warehouse North,2011-07-31,WH-North,False,False
2011-08-10,22779,38.0,WH-London,,WH-London,False,False
2011-08-10,85136C,17.0,,,UNKNOWN,False,False
2011-08-10,23093,89.0,,2011-08-03,UNKNOWN,False,False
2011-08-12,23341,99.0,WH-London ,2011-08-09,WH-London,False,False
2011-08-12,22962,34.0,WH-London,2011-08-10,WH-London,False,False
2011-08-12,82616B,45.0,WH-London,2011-08-01,WH-London,False,False
2011-08-12,23458,5.0,,2011-08-03,UNKNOWN,False,False
2011-08-12,16010,66.0,Main,2011-08-04,WH-London,False,False
2011-08-12,22905,112.0,WH-London ,2011-07-30,WH-London,False,False
2011-08-12,20731,78.0,Main,2011-08-03,WH-London,False,False
2011-08-12,90214C,116.0,WH-London,2011-08-08,WH-London,False,False
2011-08-12,23611,38.0,Warehouse North,2011-08-08,WH-North,False,False
2011-08-12,84856S,10.0,WH-North,,WH-North,False,False
2011-08-12,22030,,WH-London,2011-07-30,WH-London,False,True
2011-08-12,72225C,55.0,WH-North,2011-08-09,WH-North,False,False
2011-08-12,21683,23.0,Main,2011-08-07,WH-London,False,False
2011-08-12,90152A,106.0,WH_London,2011-08-09,WH-London,False,False
2011-08-12,84559B,31.0,,2011-07-29,UNKNOWN,False,False
2011-08-12,21377,16.0,Warehouse North,,WH-North,False,False
2011-08-12,90001C,68.0,,2011-07-31,UNKNOWN,False,False
2011-08-12,81952B,10.0,Warehouse North,2011-08-07,WH-North,False,False
2011-08-12,44092C,80.0,WH-London ,,WH-London,False,False
2011-08-12,22332,15.0,WH-London ,,WH-London,False,False
2011-08-12,85136C,57.0,WH_London,2011-08-03,WH-London,False,False
2011-08-12,23135,59.0,Warehouse North,2011-07-29,WH-North,False,False
2011-08-12,90195B,57.0,WH-London ,,WH-London,False,False
2011-08-12,84804A,11.0,Warehouse North,2011-08-03,WH-North,False,False
2011-08-12,DCGSSBOY,44.0,Main,2011-08-10,WH-London,False,False
2011-08-12,84789,91.0,WH-London ,,WH-London,False,False
2011-08-12,21348,43.0,WH-North,2011-08-03,WH-North,False,False
2011-08-12,23089,-15.0,,2011-08-01,UNKNOWN,True,False
2011-08-12,72807B,36.0,WH_London,2011-08-02,WH-London,False,False
2011-08-12,23010,12.0,,2011-08-05,UNKNOWN,False,False
2011-08-12,20677,-15.0,Warehouse North,2011-08-01,WH-North,True,False
2011-08-12,23272,44.0,WH_London,2011-08-10,WH-London,False,False
2011-08-12,10133,53.0,WH-London ,2011-08-07,WH-London,False,False
2011-08-12,22965,70.0,WH-North,2011-08-01,WH-North,False,False
2011-08-12,22575,64.0,Warehouse North,2011-08-03,WH-North,False,False
2011-08-12,47593B,68.0,Main,2011-08-05,WH-London,False,False
2011-08-12,85186C,48.0,,2011-08-10,UNKNOWN,False,False
2011-08-12,23535,113.0,WH-London,2011-08-06,WH-London,False,False
2011-08-12,23547,24.0,WH_London,,WH-London,False,False
2011-08-12,47591D,40.0,Main,2011-08-11,WH-London,False,False
2011-08-12,21504,,WH_London,2011-08-05,WH-London,False,True
2011-08-12,79160,,Warehouse North,2011-08-12,WH-North,False,True
2011-08-12,84674,46.0,Warehouse North,2011-08-09,WH-North,False,False
2011-08-12,37471,62.0,WH_London,2011-08-12,WH-London,False,False
2011-08-12,23204,85.0,WH-North,2011-08-09,WH-North,False,False
2011-08-12,23342,54.0,WH_London,2011-07-29,WH-London,False,False
2011-08-12,16011,23.0,Main,2011-08-08,WH-London,False,False
2011-08-12,21159,37.0,WH-London ,2011-08-06,WH-London,False,False
2011-08-12,21630,66.0,Warehouse North,2011-08-06,WH-North,False,False
2011-08-12,23090,41.0,Warehouse North,2011-07-29,WH-North,False,False
2011-08-12,20771,35.0,Warehouse North,2011-08-12,WH-North,False,False
2011-08-12,22928,22.0,WH-London ,2011-08-10,WH-London,False,False
2011-08-12,21428,85.0,,2011-08-01,UNKNOWN,False,False
2011-08-12,21745,46.0,WH-London,2011-08-12,WH-London,False,False
2011-08-12,22637,46.0,,2011-08-11,UNKNOWN,False,False
2011-08-12,79190B,70.0,WH_London,2011-08-08,WH-London,False,False
2011-08-12,21989,9.0,WH_London,2011-08-01,WH-London,False,False
2011-08-12,35819P,51.0,WH-London,2011-08-01,WH-London,False,False
2011-08-12,37424,-95.0,WH_London,2011-08-07,WH-London,True,False
2011-08-12,22095,48.0,WH-London,2011-08-04,WH-London,False,False
2011-08-12,21865,56.0,WH-North,2011-08-07,WH-North,False,False
2011-08-12,23057,55.0,Main,,WH-London,False,False
2011-08-12,85026B,-81.0,Warehouse North,,WH-North,True,False
2011-08-12,90011C,56.0,WH-North,2011-08-10,WH-North,False,False
2011-08-12,22882,124.0,Warehouse North,2011-08-12,WH-North,False,False
2011-08-12,22098,56.0,Main,2011-08-06,WH-London,False,False
2011-08-12,15044B,36.0,Main,2011-07-31,WH-London,False,False
2011-08-12,22904,95.0,Warehouse North,2011-07-30,WH-North,False,False
2011-08-12,84638,43.0,WH-London,,WH-London,False,False
2011-08-12,22470,-32.0,WH-London,2011-08-02,WH-London,True,False
2011-08-12,22230,14.0,WH-North,2011-08-07,WH-North,False,False
2011-08-12,84746,64.0,,2011-08-11,UNKNOWN,False,False
2011-08-12,21195,36.0,,2011-08-12,UNKNOWN,False,False
2011-08-12,79163,26.0,WH-London,2011-08-09,WH-London,False,False
2011-08-12,85231G,33.0,WH-London ,2011-08-04,WH-London,False,False
2011-08-12,72802C,39.0,WH-London,2011-08-09,WH-London,False,False
2011-08-12,84631,74.0,WH-North,2011-08-01,WH-North,False,False
2011-08-12,17028J,64.0,WH-North,2011-08-05,WH-North,False,False
2011-08-12,84596J,45.0,Warehouse North,2011-08-05,WH-North,False,False
2011-08-12,21484,66.0,WH-London ,2011-08-02,WH-London,False,False
2011-08-14,21504,46.0,WH-London,2011-08-06,WH-London,False,False
2011-08-14,23692,56.0,WH_London,2011-08-13,WH-London,False,False
2011-08-14,35965,29.0,,2011-08-11,UNKNOWN,False,False
2011-08-14,22470,30.0,Main,2011-08-01,WH-London,False,False
2011-08-14,47469,-54.0,Main,2011-08-01,WH-London,True,False
2011-08-14,22087,54.0,,2011-08-12,UNKNOWN,False,False
2011-08-14,22030,80.0,Warehouse North,,WH-North,False,False
2011-08-14,22908,64.0,,2011-08-13,UNKNOWN,False,False
2011-08-14,23341,-35.0,WH-London ,2011-08-01,WH-London,True,False
2011-08-14,20771,11.0,WH-London,2011-08-12,WH-London,False,False
2011-08-14,23090,76.0,WH-North,2011-08-09,WH-North,False,False
2011-08-14,22332,59.0,WH_London,2011-08-13,WH-London,False,False
2011-08-14,90152C,79.0,WH_London,2011-08-10,WH-London,False,False
2011-08-14,22289,63.0,WH-North,2011-08-07,WH-North,False,False
2011-08-14,82616C,104.0,,2011-08-14,UNKNOWN,False,False
2011-08-14,16218,43.0,WH-London,2011-08-01,WH-London,False,False
2011-08-14,90177A,51.0,WH_London,2011-08-01,WH-London,False,False
2011-08-14,85230F,73.0,WH_London,2011-08-01,WH-London,False,False
2011-08-14,84674,75.0,WH-London,2011-08-01,WH-London,False,False
2011-08-14,85107,59.0,Warehouse North,,WH-North,False,False
2011-08-14,20966,2.0,WH-London ,2011-08-04,WH-London,False,False
2011-08-14,15036,-3.0,WH-North,2011-08-05,WH-North,True,False
2011-08-14,20996,-38.0,WH-London,2011-08-01,WH-London,True,False
2011-08-14,21670,50.0,Warehouse North,2011-08-13,WH-North,False,False
2011-08-14,46000P,-6.0,Warehouse North,,WH-North,True,False
2011-08-14,22323,49.0,WH-North,2011-08-06,WH-North,False,False
2011-08-14,72232,69.0,WH_London,2011-08-06,WH-London,False,False
2011-08-14,21222,48.0,WH-London,2011-08-01,WH-London,False,False
2011-08-14,16010,58.0,WH-North,2011-08-07,WH-North,False,False
2011-08-14,84686,67.0,WH-London,2011-08-13,WH-London,False,False
2011-08-14,81952B,-1.0,,2011-08-07,UNKNOWN,True,False
2011-08-14,85024C,,,2011-08-12,UNKNOWN,False,True
2011-08-14,85026B,27.0,WH-London,2011-08-03,WH-London,False,False
2011-08-14,23440,-42.0,WH-North,2011-08-04,WH-North,True,False
2011-08-14,21630,30.0,,2011-08-11,UNKNOWN,False,False
2011-08-14,21195,-82.0,WH_London,2011-08-07,WH-London,True,False
2011-08-14,22415,14.0,WH-London ,2011-08-05,WH-London,False,False
2011-08-14,21830,91.0,Main,2011-08-02,WH-London,False,False
2011-08-14,23060,-121.0,Warehouse North,2011-08-03,WH-North,True,False
2011-08-14,37471,3.0,WH_London,2011-08-14,WH-London,False,False
2011-08-14,79071B,32.0,WH-London,2011-08-11,WH-London,False,False
2011-08-14,21220,68.0,Warehouse North,2011-08-01,WH-North,False,False
2011-08-14,23547,20.0,Warehouse North,2011-08-13,WH-North,False,False
2011-08-14,37424,41.0,WH-North,2011-08-01,WH-North,False,False
2011-08-14,23483,55.0,WH-North,2011-08-12,WH-North,False,False
2011-08-14,21336,28.0,WH-North,2011-08-12,WH-North,False,False
2011-08-14,22560,52.0,Main,2011-08-06,WH-London,False,False
2011-08-14,85186C,78.0,Warehouse North,2011-08-11,WH-North,False,False
2011-08-14,22923,47.0,WH_London,,WH-London,False,False
2011-08-14,85135A,18.0,WH_London,2011-08-07,WH-London,False,False
2011-08-14,90067B,84.0,Main,2011-08-01,WH-London,False,False
2011-08-14,47590B,91.0,WH-London ,,WH-London,False,False
2011-08-14,21188,61.0,WH-London,2011-08-10,WH-London,False,False
2011-08-14,22928,20.0,WH-London,2011-08-03,WH-London,False,False
2011-08-14,20702,23.0,WH-North,,WH-North,False,False
2011-08-14,84856S,-21.0,Warehouse North,2011-08-01,WH-North,True,False
2011-08-14,16011,32.0,Main,2011-08-13,WH-London,False,False
2011-08-14,21080,81.0,Main,2011-08-11,WH-London,False,False
2011-08-14,22230,29.0,WH_London,2011-07-31,WH-London,False,False
2011-08-14,84746,21.0,Main,2011-08-14,WH-London,False,False
2011-08-14,20803,80.0,,2011-08-01,UNKNOWN,False,False
2011-08-14,21802,84.0,Warehouse North,2011-08-09,WH-North,False,False
2011-08-14,20724,33.0,WH_London,2011-08-08,WH-London,False,False
2011-08-14,90025E,65.0,Warehouse North,,WH-North,False,False
2011-08-14,21428,23.0,WH-London,2011-08-01,WH-London,False,False
2011-08-14,21662,,Warehouse North,,WH-North,False,True
2011-08-14,17109D,-4.0,,2011-08-06,UNKNOWN,True,False
2011-08-14,23159,60.0,WH_London,2011-08-07,WH-London,False,False
2011-08-14,90161B,46.0,Main,2011-08-08,WH-London,False,False
2011-08-14,23518,29.0,WH_London,2011-08-07,WH-London,False,False
2011-08-14,23135,47.0,,2011-08-01,UNKNOWN,False,False
2011-08-14,22095,43.0,WH_London,2011-08-05,WH-London,False,False
2011-08-14,23010,25.0,WH_London,2011-08-01,WH-London,False,False
2011-08-14,22098,61.0,Warehouse North,2011-08-04,WH-North,False,False
2011-08-14,79160,41.0,WH-London ,2011-08-01,WH-London,False,False
2011-08-14,84805B,45.0,WH-London ,2011-08-05,WH-London,False,False
2011-08-14,90026D,6.0,WH-North,2011-08-12,WH-North,False,False
2011-08-14,15044B,46.0,,,UNKNOWN,False,False
2011-08-14,DCGSSBOY,44.0,WH-North,2011-08-01,WH-North,False,False
2011-08-14,23140,25.0,WH_London,,WH-London,False,False
2011-08-16,20803,65.0,,,UNKNOWN,False,False
2011-08-16,90185B,-13.0,WH-London ,2011-08-03,WH-London,True,False
2011-08-16,90026D,35.0,Main,2011-08-11,WH-London,False,False
2011-08-16,20677,-59.0,Warehouse North,2011-08-11,WH-North,True,False
2011-08-16,21504,-112.0,WH_London,2011-08-03,WH-London,True,False
2011-08-16,21222,9.0,Main,2011-08-03,WH-London,False,False
2011-08-16,21368,52.0,,2011-08-10,UNKNOWN,False,False
2011-08-16,84805B,66.0,,2011-08-16,UNKNOWN,False,False
2011-08-16,DCGSSBOY,51.0,WH-London,2011-08-13,WH-London,False,False
2011-08-16,84631,13.0,WH_London,2011-08-15,WH-London,False,False
2011-08-16,21147,35.0,WH-London,2011-08-03,WH-London,False,False
2011-08-16,47591D,-23.0,WH-North,2011-08-13,WH-North,True,False
2011-08-16,23090,50.0,WH-London ,2011-08-04,WH-London,False,False
2011-08-16,23458,7.0,WH_London,,WH-London,False,False
2011-08-16,90177A,63.0,WH-North,2011-08-05,WH-North,False,False
2011-08-16,10133,30.0,Warehouse North,2011-08-14,WH-North,False,False
2011-08-16,21348,27.0,Warehouse North,2011-08-13,WH-North,False,False
2011-08-16,21428,-54.0,WH-London,2011-08-11,WH-London,True,False
2011-08-16,84660C,57.0,,2011-08-04,UNKNOWN,False,False
2011-08-16,22272,76.0,WH-London ,2011-08-05,WH-London,False,False
2011-08-16,21683,,WH-North,2011-08-07,WH-North,False,True
2011-08-16,84856S,46.0,Warehouse North,2011-08-05,WH-North,False,False
2011-08-16,85163B,8.0,Warehouse North,2011-08-16,WH-North,False,False
2011-08-16,90052,93.0,Main,2011-08-07,WH-London,False,False
2011-08-16,90143,21.0,,2011-08-03,UNKNOWN,False,False
2011-08-16,22070,71.0,WH_London,2011-08-10,WH-London,False,False
2011-08-16,22965,,WH-North,2011-08-15,WH-North,False,True
2011-08-16,72225C,61.0,Main,2011-08-05,WH-London,False,False
2011-08-16,23189,42.0,,2011-08-15,UNKNOWN,False,False
2011-08-16,90152C,-39.0,,2011-08-14,UNKNOWN,True,False
2011-08-16,23085,48.0,Main,2011-08-07,WH-London,False,False
2011-08-16,23060,-7.0,WH-London,,WH-London,True,False
2011-08-16,21356,-49.0,WH_London,,WH-London,True,False
2011-08-16,84849B,94.0,Main,2011-08-13,WH-London,False,False
2011-08-16,85024C,-43.0,,2011-08-14,UNKNOWN,True,False
2011-08-16,85186C,49.0,Main,2011-08-03,WH-London,False,False
2011-08-16,84674,19.0,Warehouse North,2011-08-07,WH-North,False,False
2011-08-16,21791,55.0,WH-London ,2011-08-16,WH-London,False,False
2011-08-16,21802,26.0,WH-London,2011-08-06,WH-London,False,False
2011-08-16,90065B,75.0,,,UNKNOWN,False,False
2011-08-16,79160,84.0,WH-London,2011-08-13,WH-London,False,False
2011-08-16,85231G,90.0,WH-North,2011-08-13,WH-North,False,False
2011-08-16,23068,6.0,,2011-08-02,UNKNOWN,False,False
2011-08-16,23204,71.0,Warehouse North,2011-08-02,WH-North,False,False
2011-08-16,21484,69.0,Main,2011-08-13,WH-London,False,False
2011-08-16,22923,37.0,Main,2011-08-12,WH-London,False,False
2011-08-16,22905,85.0,WH-North,2011-08-08,WH-North,False,False
2011-08-16,90001C,62.0,Warehouse North,2011-08-03,WH-North,False,False
2011-08-16,15044B,91.0,Main,2011-08-11,WH-London,False,False
2011-08-16,21865,11.0,WH_London,2011-08-12,WH-London,False,False
2011-08-16,22323,28.0,WH-North,2011-08-14,WH-North,False,False
2011-08-16,22084,52.0,Warehouse North,2011-08-14,WH-North,False,False
2011-08-16,84559B,85.0,WH-North,2011-08-15,WH-North,False,False
2011-08-16,46000P,63.0,,2011-08-02,UNKNOWN,False,False
2011-08-16,17028J,21.0,WH-North,2011-08-08,WH-North,False,False
2011-08-16,22908,103.0,,,UNKNOWN,False,False
2011-08-16,82616B,41.0,,2011-08-12,UNKNOWN,False,False
2011-08-16,37424,22.0,WH-London ,2011-08-06,WH-London,False,False
2011-08-16,84746,26.0,WH-London,2011-08-08,WH-London,False,False
2011-08-16,84732B,10.0,Main,2011-08-09,WH-London,False,False
2011-08-16,20974,-17.0,WH-London,2011-08-06,WH-London,True,False
2011-08-16,84675,46.0,,2011-08-06,UNKNOWN,False,False
2011-08-16,82613C,3.0,WH-London ,2011-08-11,WH-London,False,False
2011-08-16,21009,,Main,2011-08-09,WH-London,False,True
2011-08-16,21662,79.0,WH-London ,2011-08-15,WH-London,False,False
2011-08-16,85230F,61.0,Warehouse North,2011-08-08,WH-North,False,False
2011-08-16,21159,51.0,Main,2011-08-13,WH-London,False,False
2011-08-16,20756,3.0,WH-London,2011-08-13,WH-London,False,False
2011-08-16,79190B,75.0,WH-North,2011-08-03,WH-North,False,False
2011-08-16,81952B,,,2011-08-10,UNKNOWN,False,True
2011-08-16,22470,92.0,Main,2011-08-06,WH-London,False,False
2011-08-16,22030,10.0,Main,,WH-London,False,False
2011-08-16,90195B,47.0,Main,2011-08-11,WH-London,False,False
2011-08-16,23471,41.0,Warehouse North,,WH-North,False,False
2011-08-16,22178,38.0,WH_London,2011-08-03,WH-London,False,False
2011-08-16,21377,50.0,WH-London,2011-08-12,WH-London,False,False
2011-08-16,22904,114.0,WH_London,2011-08-05,WH-London,False,False
2011-08-16,84715,53.0,WH_London,2011-08-08,WH-London,False,False
2011-08-16,22066,36.0,WH-London ,2011-08-15,WH-London,False,False
2011-08-16,47593A,58.0,WH-London,2011-08-14,WH-London,False,False
2011-08-18,72802C,10.0,WH-North,2011-08-09,WH-North,False,False
2011-08-18,21356,-28.0,Main,,WH-London,True,False
2011-08-18,90025E,79.0,WH-London,2011-08-16,WH-London,False,False
2011-08-18,21630,55.0,Warehouse North,2011-08-13,WH-North,False,False
2011-08-18,20702,113.0,WH-North,2011-08-11,WH-North,False,False
2011-08-18,22483,58.0,Main,2011-08-04,WH-London,False,False
2011-08-18,21281,12.0,WH-London ,2011-08-08,WH-London,False,False
2011-08-18,37424,2.0,WH-London,2011-08-16,WH-London,False,False
2011-08-18,20963,80.0,,2011-08-18,UNKNOWN,False,False
2011-08-18,37471,18.0,WH-London,2011-08-18,WH-London,False,False
2011-08-18,22637,16.0,WH_London,2011-08-16,WH-London,False,False
2011-08-18,23060,34.0,WH-London,2011-08-10,WH-London,False,False
2011-08-18,79190B,79.0,Main,2011-08-12,WH-London,False,False
2011-08-18,17109D,38.0,WH-London ,2011-08-18,WH-London,False,False
2011-08-18,22070,24.0,Warehouse North,2011-08-13,WH-North,False,False
2011-08-18,22923,-86.0,WH-London,2011-08-16,WH-London,True,False
2011-08-18,90161B,81.0,Warehouse North,2011-08-06,WH-North,False,False
2011-08-18,23075,100.0,WH_London,2011-08-12,WH-London,False,False
2011-08-18,23159,90.0,WH-North,2011-08-14,WH-North,False,False
2011-08-18,22332,81.0,Main,,WH-London,False,False
2011-08-18,84675,27.0,WH-London ,2011-08-10,WH-London,False,False
2011-08-18,90152C,69.0,Main,2011-08-11,WH-London,False,False
2011-08-18,22066,86.0,Warehouse North,2011-08-07,WH-North,False,False
2011-08-18,21348,105.0,WH-London ,,WH-London,False,False
2011-08-18,90201C,55.0,Main,2011-08-09,WH-London,False,False
2011-08-18,90082D,35.0,WH_London,2011-08-04,WH-London,False,False
2011-08-18,21135,23.0,WH-London,2011-08-13,WH-London,False,False
2011-08-18,20803,79.0,WH-North,2011-08-09,WH-North,False,False
2011-08-18,22928,29.0,Warehouse North,2011-08-14,WH-North,False,False
2011-08-18,85184C,53.0,Main,2011-08-18,WH-London,False,False
2011-08-18,47590B,23.0,WH-London,2011-08-05,WH-London,False,False
2011-08-18,20657,45.0,,2011-08-08,UNKNOWN,False,False
2011-08-18,22156,63.0,WH_London,2011-08-05,WH-London,False,False
2011-08-18,22470,58.0,Warehouse North,2011-08-09,WH-North,False,False
2011-08-18,22671,72.0,WH-London ,2011-08-13,WH-London,False,False
2011-08-18,90152A,8.0,Warehouse North,2011-08-05,WH-North,False,False
2011-08-18,85231G,46.0,WH-London,2011-08-16,WH-London,False,False
2011-08-18,84559B,35.0,WH-North,2011-08-12,WH-North,False,False
2011-08-18,22185,20.0,WH_London,2011-08-10,WH-London,False,False
2011-08-18,72232,27.0,,,UNKNOWN,False,False
2011-08-18,84856S,-23.0,WH-London ,2011-08-10,WH-London,True,False
2011-08-18,22095,60.0,Warehouse North,2011-08-15,WH-North,False,False
2011-08-18,82616B,62.0,Warehouse North,2011-08-05,WH-North,False,False
2011-08-18,20974,76.0,WH-North,2011-08-14,WH-North,False,False
2011-08-18,90214C,59.0,WH-London ,2011-08-06,WH-London,False,False
2011-08-18,84804A,54.0,Main,2011-08-05,WH-London,False,False
2011-08-18,22779,52.0,Warehouse North,2011-08-04,WH-North,False,False
2011-08-18,90143,70.0,,2011-08-11,UNKNOWN,False,False
2011-08-18,21745,13.0,Main,2011-08-07,WH-London,False,False
2011-08-18,21195,48.0,,2011-08-09,UNKNOWN,False,False
2011-08-18,23547,59.0,Main,2011-08-07,WH-London,False,False
2011-08-18,22560,103.0,WH_London,2011-08-15,WH-London,False,False
2011-08-18,21265,16.0,WH-London ,,WH-London,False,False
2011-08-18,84674,-15.0,WH-North,2011-08-08,WH-North,True,False
2011-08-18,72225C,,WH-North,2011-08-16,WH-North,False,True
2011-08-18,23135,8.0,WH-London ,2011-08-16,WH-London,False,False
2011-08-18,85040A,-45.0,WH-North,2011-08-12,WH-North,True,False
2011-08-18,44092C,,WH-North,2011-08-14,WH-North,False,True
2011-08-18,47593B,27.0,Warehouse North,2011-08-05,WH-North,False,False
2011-08-18,21662,-50.0,Warehouse North,2011-08-16,WH-North,True,False
2011-08-18,72807B,67.0,WH_London,2011-08-09,WH-London,False,False
2011-08-18,82616C,50.0,Warehouse North,2011-08-18,WH-North,False,False
2011-08-18,22962,50.0,WH-London,2011-08-10,WH-London,False,False
2011-08-18,20724,62.0,WH_London,2011-08-12,WH-London,False,False
2011-08-18,22178,-4.0,WH-London ,2011-08-18,WH-London,True,False
2011-08-18,21368,53.0,WH-London,2011-08-14,WH-London,False,False
2011-08-18,82613C,47.0,Warehouse North,2011-08-15,WH-North,False,False
2011-08-18,47591D,49.0,Main,2011-08-04,WH-London,False,False
2011-08-18,84686,32.0,WH-London ,2011-08-14,WH-London,False,False
2011-08-18,72800F,43.0,Warehouse North,2011-08-14,WH-North,False,False
2011-08-18,15044B,62.0,WH_London,2011-08-14,WH-London,False,False
2011-08-18,23204,98.0,Warehouse North,2011-08-08,WH-North,False,False
2011-08-18,22289,0.0,WH_London,2011-08-05,WH-London,False,False
2011-08-18,85230F,67.0,,2011-08-18,UNKNOWN,False,False
2011-08-18,84805B,-86.0,Main,,WH-London,True,False
2011-08-18,85107,11.0,Warehouse North,2011-08-11,WH-North,False,False
2011-08-18,22575,44.0,WH-London,,WH-London,False,False
2011-08-18,47593A,58.0,WH-London ,2011-08-16,WH-London,False,False
2011-08-18,84849B,110.0,,2011-08-07,UNKNOWN,False,False
2011-08-18,21504,115.0,Main,2011-08-16,WH-London,False,False
2011-08-20,23334,11.0,,2011-08-19,UNKNOWN,False,False
2011-08-20,85119,40.0,WH-London,2011-08-15,WH-London,False,False
2011-08-20,23060,55.0,WH_London,2011-08-12,WH-London,False,False
2011-08-20,21336,66.0,WH-London ,2011-08-14,WH-London,False,False
2011-08-20,22779,56.0,Warehouse North,,WH-North,False,False
2011-08-20,90067B,21.0,Warehouse North,2011-08-07,WH-North,False,False
2011-08-20,21865,20.0,WH-London,,WH-London,False,False
2011-08-20,23341,3.0,WH_London,2011-08-09,WH-London,False,False
2011-08-20,22965,-10.0,WH-London ,2011-08-17,WH-London,True,False
2011-08-20,16011,,WH-London ,2011-08-18,WH-London,False,True
2011-08-20,90197B,84.0,WH_London,2011-08-08,WH-London,False,False
2011-08-20,84789,71.0,,2011-08-20,UNKNOWN,False,False
2011-08-20,21188,,WH-London,2011-08-11,WH-London,False,True
2011-08-20,90071,,WH_London,2011-08-07,WH-London,False,True
2011-08-20,84872A,48.0,,2011-08-18,UNKNOWN,False,False
2011-08-20,15036,41.0,WH-London,2011-08-13,WH-London,False,False
2011-08-20,23619,2.0,WH-London ,2011-08-08,WH-London,False,False
2011-08-20,21356,69.0,WH_London,2011-08-17,WH-London,False,False
2011-08-20,23093,75.0,WH_London,2011-08-18,WH-London,False,False
2011-08-20,90026D,15.0,WH-North,,WH-North,False,False
2011-08-20,21628,15.0,Warehouse North,2011-08-14,WH-North,False,False
2011-08-20,37424,60.0,WH_London,2011-08-08,WH-London,False,False
2011-08-20,23458,60.0,WH_London,2011-08-18,WH-London,False,False
2011-08-20,79160,71.0,Main,2011-08-06,WH-London,False,False
2011-08-20,37471,92.0,WH_London,2011-08-12,WH-London,False,False
2011-08-20,90052,18.0,WH-London ,2011-08-15,WH-London,False,False
2011-08-20,21147,47.0,,2011-08-13,UNKNOWN,False,False
2011-08-20,21989,19.0,WH-London ,2011-08-16,WH-London,False,False
2011-08-20,22070,22.0,Main,,WH-London,False,False
2011-08-20,90214N,37.0,WH_London,2011-08-06,WH-London,False,False
2011-08-20,21630,93.0,WH-North,2011-08-06,WH-North,False,False
2011-08-20,22323,83.0,WH-London ,2011-08-07,WH-London,False,False
2011-08-20,46000P,47.0,WH-North,2011-08-16,WH-North,False,False
2011-08-20,85136C,14.0,,2011-08-17,UNKNOWN,False,False
2011-08-20,23611,61.0,WH-London,2011-08-19,WH-London,False,False
2011-08-20,22099,61.0,Warehouse North,2011-08-19,WH-North,False,False
2011-08-20,85040A,21.0,WH-London,2011-08-06,WH-London,False,False
2011-08-20,90152A,74.0,WH-London,2011-08-15,WH-London,False,False
2011-08-20,22095,21.0,WH-London,2011-08-11,WH-London,False,False
2011-08-20,23535,-74.0,WH-North,,WH-North,True,False
2011-08-20,47590B,,WH-London,2011-08-19,WH-London,False,True
2011-08-20,44092C,6.0,Main,2011-08-18,WH-London,False,False
2011-08-20,23090,39.0,WH-North,2011-08-16,WH-North,False,False
2011-08-20,82616C,54.0,,2011-08-17,UNKNOWN,False,False
2011-08-20,23204,59.0,WH-North,2011-08-15,WH-North,False,False
2011-08-20,20702,80.0,,2011-08-11,UNKNOWN,False,False
2011-08-20,23140,84.0,WH-London ,2011-08-17,WH-London,False,False
2011-08-20,23085,42.0,WH_London,2011-08-19,WH-London,False,False
2011-08-20,22185,66.0,WH_London,2011-08-11,WH-London,False,False
2011-08-20,90065B,98.0,,2011-08-09,UNKNOWN,False,False
2011-08-20,20974,19.0,Warehouse North,2011-08-11,WH-North,False,False
2011-08-20,79163,31.0,WH-London,2011-08-10,WH-London,False,False
2011-08-20,22230,0.0,WH-North,2011-08-09,WH-North,False,False
2011-08-20,21159,31.0,,2011-08-20,UNKNOWN,False,False
2011-08-20,20677,56.0,WH-London ,2011-08-06,WH-London,False,False
2011-08-20,90143,-13.0,WH_London,2011-08-11,WH-London,True,False
2011-08-20,21265,63.0,Main,2011-08-12,WH-London,False,False
2011-08-20,90152C,35.0,Warehouse North,2011-08-11,WH-North,False,False
2011-08-20,23483,48.0,Main,2011-08-11,WH-London,False,False
2011-08-20,20963,14.0,Warehouse North,2011-08-10,WH-North,False,False
2011-08-20,84596J,-46.0,Main,2011-08-09,WH-London,True,False
2011-08-20,90025E,100.0,Main,2011-08-12,WH-London,False,False
2011-08-20,84715,38.0,WH-North,2011-08-10,WH-North,False,False
2011-08-20,90177A,-16.0,Warehouse North,2011-08-13,WH-North,True,False
2011-08-20,85230F,86.0,Main,2011-08-20,WH-London,False,False
2011-08-20,22216,-66.0,WH-London,2011-08-14,WH-London,True,False
2011-08-20,90195B,52.0,,2011-08-13,UNKNOWN,False,False
2011-08-20,22483,67.0,WH-North,2011-08-13,WH-North,False,False
2011-08-20,21484,52.0,,2011-08-14,UNKNOWN,False,False
2011-08-20,72225C,99.0,Main,2011-08-20,WH-London,False,False
2011-08-20,90214C,72.0,WH-North,2011-08-15,WH-North,False,False
2011-08-20,17028J,36.0,,2011-08-15,UNKNOWN,False,False
2011-08-20,21802,94.0,WH-London ,2011-08-17,WH-London,False,False
2011-08-20,22248,104.0,WH-North,2011-08-10,WH-North,False,False
2011-08-20,20966,77.0,,2011-08-06,UNKNOWN,False,False
2011-08-20,21348,-62.0,,2011-08-18,UNKNOWN,True,False
2011-08-20,22084,24.0,WH_London,2011-08-07,WH-London,False,False
2011-08-20,85184C,70.0,Main,2011-08-12,WH-London,False,False
2011-08-20,47593B,61.0,Main,2011-08-13,WH-London,False,False
2011-08-20,82613C,49.0,WH-London,2011-08-10,WH-London,False,False
2011-08-22,22070,70.0,,2011-08-15,UNKNOWN,False,False
2011-08-22,23135,52.0,Main,2011-08-08,WH-London,False,False
2011-08-22,22560,,WH-London ,,WH-London,False,True
2011-08-22,82616B,81.0,,2011-08-17,UNKNOWN,False,False
2011-08-22,22185,-10.0,Warehouse North,2011-08-08,WH-North,True,False
2011-08-22,84559B,19.0,WH_London,,WH-London,False,False
2011-08-22,90152C,22.0,WH_London,2011-08-18,WH-London,False,False
2011-08-22,84631,108.0,WH_London,2011-08-21,WH-London,False,False
2011-08-22,79160,69.0,WH-London ,2011-08-08,WH-London,False,False
2011-08-22,20702,71.0,WH-London,2011-08-10,WH-London,False,False
2011-08-22,20677,83.0,WH_London,2011-08-16,WH-London,False,False
2011-08-22,23518,18.0,Warehouse North,2011-08-14,WH-North,False,False
2011-08-22,79163,-11.0,Warehouse North,2011-08-22,WH-North,True,False
2011-08-22,47593A,48.0,WH-London ,2011-08-08,WH-London,False,False
2011-08-22,35965,76.0,WH-London,,WH-London,False,False
2011-08-22,23535,44.0,WH-London ,2011-08-15,WH-London,False,False
2011-08-22,37424,-8.0,Warehouse North,2011-08-09,WH-North,True,False
2011-08-22,85024C,22.0,Warehouse North,2011-08-12,WH-North,False,False
2011-08-22,90185B,14.0,WH_London,,WH-London,False,False
2011-08-22,21222,31.0,Main,2011-08-08,WH-London,False,False
2011-08-22,21662,15.0,WH-London,2011-08-17,WH-London,False,False
2011-08-22,21428,54.0,WH-North,,WH-North,False,False
2011-08-22,84715,33.0,,2011-08-09,UNKNOWN,False,False
2011-08-22,20731,,Warehouse North,2011-08-13,WH-North,False,True
2011-08-22,23140,20.0,,2011-08-17,UNKNOWN,False,False
2011-08-22,22084,57.0,WH-London ,2011-08-21,WH-London,False,False
2011-08-22,90065B,-48.0,,2011-08-09,UNKNOWN,True,False
2011-08-22,21135,61.0,Main,2011-08-10,WH-London,False,False
2011-08-22,21630,66.0,Main,2011-08-22,WH-London,False,False
2011-08-22,21484,69.0,WH-North,2011-08-12,WH-North,False,False
2011-08-22,21830,,WH-North,,WH-North,False,True
2011-08-22,72802C,66.0,WH-North,2011-08-20,WH-North,False,False
2011-08-22,85163B,58.0,Main,2011-08-17,WH-London,False,False
2011-08-22,72225C,29.0,Main,2011-08-17,WH-London,False,False
2011-08-22,22323,75.0,WH-London,2011-08-09,WH-London,False,False
2011-08-22,22905,29.0,WH_London,2011-08-11,WH-London,False,False
2011-08-22,22066,41.0,,2011-08-19,UNKNOWN,False,False
2011-08-22,23342,,WH-London ,2011-08-10,WH-London,False,True
2011-08-22,16218,23.0,,2011-08-18,UNKNOWN,False,False
2011-08-22,22095,40.0,WH-North,,WH-North,False,False
2011-08-22,22332,43.0,,2011-08-22,UNKNOWN,False,False
2011-08-22,22228,25.0,WH-London,2011-08-13,WH-London,False,False
2011-08-22,22575,50.0,WH-London ,2011-08-11,WH-London,False,False
2011-08-22,84989A,54.0,,2011-08-19,UNKNOWN,False,False
2011-08-22,37471,33.0,WH_London,2011-08-11,WH-London,False,False
2011-08-22,21735,118.0,,2011-08-18,UNKNOWN,False,False
2011-08-22,20771,59.0,,,UNKNOWN,False,False
2011-08-22,78124,53.0,,,UNKNOWN,False,False
2011-08-22,23060,29.0,Warehouse North,2011-08-21,WH-North,False,False
2011-08-22,21791,54.0,WH-London ,2011-08-13,WH-London,False,False
2011-08-22,90011C,57.0,,2011-08-18,UNKNOWN,False,False
2011-08-22,23471,49.0,WH-London,2011-08-16,WH-London,False,False
2011-08-22,21865,92.0,WH-London ,2011-08-09,WH-London,False,False
2011-08-22,15044B,-1.0,,2011-08-08,UNKNOWN,True,False
2011-08-22,22415,38.0,WH-London ,2011-08-11,WH-London,False,False
2011-08-22,46000P,71.0,WH-London ,2011-08-09,WH-London,False,False
2011-08-22,85136C,23.0,Main,2011-08-19,WH-London,False,False
2011-08-22,84872A,3.0,WH-London ,2011-08-21,WH-London,False,False
2011-08-22,23085,34.0,WH-North,2011-08-09,WH-North,False,False
2011-08-22,23272,81.0,WH-North,,WH-North,False,False
2011-08-22,20803,23.0,WH-London,2011-08-18,WH-London,False,False
2011-08-22,22087,39.0,WH-London,2011-08-13,WH-London,False,False
2011-08-22,90195B,62.0,Warehouse North,2011-08-20,WH-North,False,False
2011-08-22,21377,32.0,WH-North,2011-08-20,WH-North,False,False
2011-08-22,23483,36.0,,2011-08-19,UNKNOWN,False,False
2011-08-22,85026B,30.0,WH-North,2011-08-17,WH-North,False,False
2011-08-22,90082D,,WH-North,2011-08-13,WH-North,False,True
2011-08-22,22637,15.0,Main,2011-08-20,WH-London,False,False
2011-08-22,72232,42.0,,2011-08-15,UNKNOWN,False,False
2011-08-22,21080,-81.0,WH-London ,2011-08-11,WH-London,True,False
2011-08-22,72800F,-97.0,WH-London ,2011-08-18,WH-London,True,False
2011-08-22,21188,87.0,Warehouse North,2011-08-18,WH-North,False,False
2011-08-22,21356,54.0,Warehouse North,2011-08-14,WH-North,False,False
2011-08-22,21504,99.0,Warehouse North,2011-08-20,WH-North,False,False
2011-08-22,16048,119.0,,2011-08-19,UNKNOWN,False,False
2011-08-22,17028J,-55.0,WH-North,2011-08-22,WH-North,True,False
2011-08-22,21195,20.0,WH-London,2011-08-22,WH-London,False,False
2011-08-22,23089,89.0,Main,,WH-London,False,False
2011-08-22,21745,13.0,WH-London ,2011-08-13,WH-London,False,False
2011-08-22,85119,23.0,,2011-08-12,UNKNOWN,False,False
2011-08-24,22904,-12.0,,,UNKNOWN,True,False
2011-08-24,22087,71.0,WH-London,2011-08-22,WH-London,False,False
2011-08-24,84789,-19.0,Warehouse North,2011-08-24,WH-North,True,False
2011-08-24,78124,79.0,,2011-08-13,UNKNOWN,False,False
2011-08-24,23060,104.0,WH-London,2011-08-17,WH-London,False,False
2011-08-24,85107,101.0,WH-London,2011-08-20,WH-London,False,False
2011-08-24,84686,12.0,Warehouse North,2011-08-22,WH-North,False,False
2011-08-24,20677,-5.0,Main,2011-08-24,WH-London,True,False
2011-08-24,23483,30.0,WH-North,2011-08-16,WH-North,False,False
2011-08-24,22289,76.0,WH_London,2011-08-13,WH-London,False,False
2011-08-24,90185B,86.0,,2011-08-16,UNKNOWN,False,False
2011-08-24,85024C,69.0,Warehouse North,,WH-North,False,False
2011-08-24,37424,65.0,,2011-08-12,UNKNOWN,False,False
2011-08-24,22483,120.0,,2011-08-19,UNKNOWN,False,False
2011-08-24,37471,35.0,WH-North,2011-08-19,WH-North,False,False
2011-08-24,72802C,26.0,WH-North,2011-08-14,WH-North,False,False
2011-08-24,37444C,14.0,WH-London,2011-08-23,WH-London,False,False
2011-08-24,90214C,62.0,,2011-08-10,UNKNOWN,False,False
2011-08-24,47469,-44.0,WH-London ,2011-08-21,WH-London,True,False
2011-08-24,21195,74.0,WH-London,2011-08-17,WH-London,False,False
2011-08-24,23692,36.0,WH_London,2011-08-23,WH-London,False,False
2011-08-24,22560,68.0,,2011-08-14,UNKNOWN,False,False
2011-08-24,23089,38.0,Main,2011-08-14,WH-London,False,False
2011-08-24,22066,45.0,WH-North,2011-08-18,WH-North,False,False
2011-08-24,90214N,47.0,WH-London ,2011-08-23,WH-London,False,False
2011-08-24,21670,-1.0,WH-North,2011-08-15,WH-North,True,False
2011-08-24,35819P,45.0,WH-North,2011-08-23,WH-North,False,False
2011-08-24,90143,66.0,Warehouse North,2011-08-15,WH-North,False,False
2011-08-24,72807B,20.0,WH-London ,2011-08-18,WH-London,False,False
2011-08-24,23010,107.0,WH_London,2011-08-21,WH-London,False,False
2011-08-24,23057,50.0,WH-London,2011-08-13,WH-London,False,False
2011-08-24,22070,-31.0,WH-North,,WH-North,True,False
2011-08-24,22156,30.0,Warehouse North,2011-08-22,WH-North,False,False
2011-08-24,17028J,91.0,WH-London ,2011-08-19,WH-London,False,False
2011-08-24,90201C,25.0,WH-North,2011-08-19,WH-North,False,False
2011-08-24,21356,58.0,,2011-08-23,UNKNOWN,False,False
2011-08-24,22962,76.0,,2011-08-11,UNKNOWN,False,False
2011-08-24,84715,66.0,WH-North,2011-08-20,WH-North,False,False
2011-08-24,23547,33.0,WH-North,2011-08-24,WH-North,False,False
2011-08-24,21265,75.0,WH_London,2011-08-13,WH-London,False,False
2011-08-24,20803,54.0,WH-London ,,WH-London,False,False
2011-08-24,21348,-1.0,WH-London,2011-08-15,WH-London,True,False
2011-08-24,72225C,,WH-London,2011-08-19,WH-London,False,True
2011-08-24,21735,31.0,WH-North,2011-08-21,WH-North,False,False
2011-08-24,85119,44.0,WH-London ,,WH-London,False,False
2011-08-24,22230,59.0,WH-London ,2011-08-18,WH-London,False,False
2011-08-24,10133,34.0,Main,2011-08-13,WH-London,False,False
2011-08-24,23075,-72.0,WH_London,2011-08-15,WH-London,True,False
2011-08-24,22210,16.0,Warehouse North,2011-08-16,WH-North,False,False
2011-08-24,23471,32.0,WH-London,,WH-London,False,False
2011-08-24,84849B,86.0,WH_London,,WH-London,False,False
2011-08-24,81952B,50.0,WH-North,2011-08-11,WH-North,False,False
2011-08-24,23135,-18.0,WH-London ,2011-08-20,WH-London,True,False
2011-08-24,21504,52.0,WH_London,2011-08-21,WH-London,False,False
2011-08-24,85186C,62.0,WH_London,2011-08-13,WH-London,False,False
2011-08-24,72800F,2.0,WH_London,2011-08-15,WH-London,False,False
2011-08-24,82613C,99.0,Warehouse North,2011-08-23,WH-North,False,False
2011-08-24,23068,103.0,Warehouse North,2011-08-16,WH-North,False,False
2011-08-24,21377,,,2011-08-14,UNKNOWN,False,True
2011-08-24,85163B,43.0,,2011-08-21,UNKNOWN,False,False
2011-08-24,84596J,50.0,Warehouse North,,WH-North,False,False
2011-08-24,23159,,,2011-08-23,UNKNOWN,False,True
2011-08-24,20771,63.0,WH-London ,2011-08-22,WH-London,False,False
2011-08-24,90025E,57.0,WH-North,2011-08-14,WH-North,False,False
2011-08-24,47591D,91.0,,2011-08-13,UNKNOWN,False,False
2011-08-24,22216,83.0,WH_London,2011-08-16,WH-London,False,False
2011-08-24,23204,-21.0,Main,2011-08-22,WH-London,True,False
2011-08-24,46000P,76.0,Main,2011-08-24,WH-London,False,False
2011-08-24,23189,-84.0,WH-London ,2011-08-19,WH-London,True,False
2011-08-24,84660C,58.0,WH_London,2011-08-22,WH-London,False,False
2011-08-24,35965,67.0,WH_London,2011-08-12,WH-London,False,False
2011-08-24,22923,40.0,Main,2011-08-15,WH-London,False,False
2011-08-24,22099,13.0,Main,2011-08-24,WH-London,False,False
2011-08-24,85026B,106.0,Main,2011-08-20,WH-London,False,False
2011-08-24,22332,-9.0,WH-London,2011-08-10,WH-London,True,False
2011-08-24,90082D,100.0,WH-North,2011-08-14,WH-North,False,False
2011-08-24,17109D,48.0,Main,2011-08-19,WH-London,False,False
2011-08-24,90065B,87.0,WH-North,2011-08-12,WH-North,False,False
2011-08-24,22928,50.0,Main,2011-08-10,WH-London,False,False
2011-08-24,20756,78.0,Warehouse North,2011-08-18,WH-North,False,False
2011-08-26,23272,63.0,,2011-08-24,UNKNOWN,False,False
2011-08-26,22882,29.0,WH-London,2011-08-13,WH-London,False,False
2011-08-26,21135,54.0,WH_London,2011-08-13,WH-London,False,False
2011-08-26,21745,45.0,WH_London,,WH-London,False,False
2011-08-26,90011C,69.0,Main,2011-08-14,WH-London,False,False
2011-08-26,20657,54.0,Main,,WH-London,False,False
2011-08-26,22332,58.0,WH-London ,2011-08-20,WH-London,False,False
2011-08-26,23334,19.0,,2011-08-19,UNKNOWN,False,False
2011-08-26,81952B,11.0,Main,2011-08-18,WH-London,False,False
2011-08-26,22470,52.0,WH-London ,2011-08-17,WH-London,False,False
2011-08-26,35819P,55.0,Main,2011-08-12,WH-London,False,False
2011-08-26,22095,18.0,WH-North,2011-08-25,WH-North,False,False
2011-08-26,20771,67.0,WH-North,2011-08-26,WH-North,False,False
2011-08-26,37467,68.0,WH-London,2011-08-18,WH-London,False,False
2011-08-26,84596J,54.0,Warehouse North,,WH-North,False,False
2011-08-26,21195,50.0,WH-London,2011-08-13,WH-London,False,False
2011-08-26,22087,11.0,WH_London,2011-08-14,WH-London,False,False
2011-08-26,84872A,11.0,WH-London ,2011-08-14,WH-London,False,False
2011-08-26,22560,61.0,WH-North,2011-08-12,WH-North,False,False
2011-08-26,15036,25.0,Main,2011-08-19,WH-London,False,False
2011-08-26,20677,27.0,WH_London,2011-08-15,WH-London,False,False
2011-08-26,16010,58.0,Warehouse North,2011-08-15,WH-North,False,False
2011-08-26,72232,111.0,,2011-08-21,UNKNOWN,False,False
2011-08-26,23234,38.0,WH-London,2011-08-25,WH-London,False,False
2011-08-26,47469,,WH_London,2011-08-15,WH-London,False,True
2011-08-26,17109D,47.0,WH-London,2011-08-19,WH-London,False,False
2011-08-26,23619,66.0,Main,2011-08-15,WH-London,False,False
2011-08-26,23085,78.0,WH-London,,WH-London,False,False
2011-08-26,82613C,80.0,WH-London ,2011-08-19,WH-London,False,False
2011-08-26,21830,60.0,WH_London,2011-08-23,WH-London,False,False
2011-08-26,84856S,43.0,Main,2011-08-15,WH-London,False,False
2011-08-26,22210,74.0,WH-North,2011-08-19,WH-North,False,False
2011-08-26,21628,62.0,WH-London,,WH-London,False,False
2011-08-26,79163,36.0,WH-North,2011-08-14,WH-North,False,False
2011-08-26,23189,92.0,WH-North,2011-08-17,WH-North,False,False
2011-08-26,23458,63.0,Main,2011-08-16,WH-London,False,False
2011-08-26,23535,,,2011-08-25,UNKNOWN,False,True
2011-08-26,90026D,24.0,Main,2011-08-13,WH-London,False,False
2011-08-26,82616C,108.0,WH-London,,WH-London,False,False
2011-08-26,37471,,,2011-08-20,UNKNOWN,False,True
2011-08-26,20724,-72.0,WH-London ,2011-08-26,WH-London,True,False
2011-08-26,DCGSSBOY,61.0,Warehouse North,2011-08-18,WH-North,False,False
2011-08-26,47593B,71.0,WH-London,,WH-London,False,False
2011-08-26,84660C,107.0,WH-London ,2011-08-16,WH-London,False,False
2011-08-26,85230F,79.0,,2011-08-23,UNKNOWN,False,False
2011-08-26,21188,75.0,,2011-08-24,UNKNOWN,False,False
2011-08-26,84686,44.0,WH_London,2011-08-18,WH-London,False,False
2011-08-26,82616B,30.0,Warehouse North,2011-08-20,WH-North,False,False
2011-08-26,23010,122.0,Warehouse North,2011-08-19,WH-North,False,False
2011-08-26,44092C,48.0,WH-London ,2011-08-17,WH-London,False,False
2011-08-26,22671,46.0,WH-London,2011-08-23,WH-London,False,False
2011-08-26,78124,58.0,,2011-08-21,UNKNOWN,False,False
2011-08-26,23611,55.0,WH_London,2011-08-16,WH-London,False,False
2011-08-26,22070,97.0,WH-London,2011-08-15,WH-London,False,False
2011-08-26,21428,66.0,Warehouse North,2011-08-25,WH-North,False,False
2011-08-26,20702,10.0,WH-London ,2011-08-22,WH-London,False,False
2011-08-26,21356,30.0,Main,2011-08-19,WH-London,False,False
2011-08-26,90082D,50.0,WH_London,2011-08-18,WH-London,False,False
2011-08-26,79071B,80.0,Main,2011-08-13,WH-London,False,False
2011-08-26,23068,4.0,WH_London,,WH-London,False,False
2011-08-26,90197B,64.0,WH_London,2011-08-17,WH-London,False,False
2011-08-26,21348,71.0,WH-London ,2011-08-26,WH-London,False,False
2011-08-26,22415,76.0,Main,2011-08-22,WH-London,False,False
2011-08-26,85231G,47.0,Warehouse North,2011-08-22,WH-North,False,False
2011-08-26,22779,81.0,Main,2011-08-15,WH-London,False,False
2011-08-26,22185,25.0,WH_London,2011-08-16,WH-London,False,False
2011-08-26,21281,78.0,,2011-08-25,UNKNOWN,False,False
2011-08-26,90195B,48.0,Main,2011-08-13,WH-London,False,False
2011-08-26,84559B,51.0,,2011-08-23,UNKNOWN,False,False
2011-08-26,22084,-50.0,,2011-08-26,UNKNOWN,True,False
2011-08-26,22289,69.0,,2011-08-20,UNKNOWN,False,False
2011-08-26,17028J,16.0,,2011-08-23,UNKNOWN,False,False
2011-08-26,21683,76.0,WH-London,2011-08-14,WH-London,False,False
2011-08-26,90152A,76.0,WH-North,2011-08-18,WH-North,False,False
2011-08-26,22575,40.0,WH-London,2011-08-15,WH-London,False,False
2011-08-26,22230,50.0,WH_London,,WH-London,False,False
2011-08-26,21009,24.0,WH-North,2011-08-21,WH-North,False,False
2011-08-26,22216,15.0,Warehouse North,2011-08-21,WH-North,False,False
2011-08-26,22905,55.0,Warehouse North,2011-08-18,WH-North,False,False
2011-08-26,22962,56.0,,2011-08-25,UNKNOWN,False,False
2011-08-28,90071,39.0,WH-London ,2011-08-22,WH-London,False,False
2011-08-28,22904,12.0,WH-London,2011-08-28,WH-London,False,False
2011-08-28,22216,63.0,,2011-08-25,UNKNOWN,False,False
2011-08-28,21791,39.0,WH-North,2011-08-26,WH-North,False,False
2011-08-28,85136C,27.0,WH_London,2011-08-17,WH-London,False,False
2011-08-28,90143,88.0,WH_London,2011-08-25,WH-London,False,False
2011-08-28,21356,-20.0,WH-London ,2011-08-25,WH-London,True,False
2011-08-28,90025E,66.0,Warehouse North,2011-08-21,WH-North,False,False
2011-08-28,23471,-5.0,WH_London,2011-08-24,WH-London,True,False
2011-08-28,21222,6.0,WH-London,2011-08-26,WH-London,False,False
2011-08-28,22671,64.0,,2011-08-16,UNKNOWN,False,False
2011-08-28,22415,39.0,,2011-08-28,UNKNOWN,False,False
2011-08-28,21630,14.0,WH_London,2011-08-26,WH-London,False,False
2011-08-28,47593A,78.0,,2011-08-14,UNKNOWN,False,False
2011-08-28,21865,61.0,Main,2011-08-15,WH-London,False,False
2011-08-28,90201C,,Warehouse North,2011-08-19,WH-North,False,True
2011-08-28,22908,78.0,WH_London,2011-08-15,WH-London,False,False
2011-08-28,21989,18.0,Warehouse North,2011-08-20,WH-North,False,False
2011-08-28,20702,-1.0,WH-North,2011-08-19,WH-North,True,False
2011-08-28,23135,25.0,WH-North,2011-08-20,WH-North,False,False
2011-08-28,22087,48.0,Warehouse North,2011-08-20,WH-North,False,False
2011-08-28,84849B,,,2011-08-16,UNKNOWN,False,True
2011-08-28,21683,0.0,WH-North,2011-08-24,WH-North,False,False
2011-08-28,90197B,,WH-London ,2011-08-17,WH-London,False,True
2011-08-28,44092C,27.0,WH_London,2011-08-16,WH-London,False,False
2011-08-28,79160,29.0,WH-London ,2011-08-28,WH-London,False,False
2011-08-28,23075,72.0,WH_London,2011-08-14,WH-London,False,False
2011-08-28,85231G,-37.0,,2011-08-18,UNKNOWN,True,False
2011-08-28,35965,72.0,,2011-08-16,UNKNOWN,False,False
2011-08-28,22289,82.0,Warehouse North,2011-08-25,WH-North,False,False
2011-08-28,22030,66.0,,2011-08-15,UNKNOWN,False,False
2011-08-28,22483,-42.0,WH-North,2011-08-27,WH-North,True,False
2011-08-28,22248,40.0,WH-London,2011-08-15,WH-London,False,False
2011-08-28,20731,45.0,WH_London,2011-08-21,WH-London,False,False
2011-08-28,22230,48.0,WH_London,2011-08-24,WH-London,False,False
2011-08-28,37467,-12.0,WH-London,2011-08-15,WH-London,True,False
2011-08-28,23189,27.0,Warehouse North,2011-08-19,WH-North,False,False
2011-08-28,23518,9.0,WH-London,2011-08-22,WH-London,False,False
2011-08-28,21348,22.0,WH-London ,2011-08-14,WH-London,False,False
2011-08-28,21428,42.0,Main,2011-08-18,WH-London,False,False
2011-08-28,90214N,-27.0,WH_London,2011-08-24,WH-London,True,False
2011-08-28,22185,24.0,,2011-08-28,UNKNOWN,False,False
2011-08-28,23060,44.0,WH-North,2011-08-16,WH-North,False,False
2011-08-28,47593B,35.0,WH-London,2011-08-18,WH-London,False,False
2011-08-28,84638,55.0,Main,2011-08-20,WH-London,False,False
2011-08-28,90001C,37.0,Warehouse North,2011-08-15,WH-North,False,False
2011-08-28,20963,2.0,WH_London,2011-08-21,WH-London,False,False
2011-08-28,81952B,19.0,Warehouse North,2011-08-21,WH-North,False,False
2011-08-28,22156,40.0,WH-London ,2011-08-27,WH-London,False,False
2011-08-28,90195B,36.0,WH-London,2011-08-17,WH-London,False,False
2011-08-28,90152C,7.0,Main,2011-08-19,WH-London,False,False
2011-08-28,37424,70.0,WH-London ,2011-08-14,WH-London,False,False
2011-08-28,21009,59.0,Warehouse North,2011-08-20,WH-North,False,False
2011-08-28,90161B,31.0,WH-London ,2011-08-17,WH-London,False,False
2011-08-28,21745,45.0,WH-London,2011-08-27,WH-London,False,False
2011-08-28,21281,-17.0,Main,2011-08-20,WH-London,True,False
2011-08-28,23085,75.0,WH_London,2011-08-16,WH-London,False,False
2011-08-28,21504,-112.0,WH-London,,WH-London,True,False
2011-08-28,16048,30.0,,2011-08-24,UNKNOWN,False,False
2011-08-28,22210,86.0,WH-London,2011-08-18,WH-London,False,False
2011-08-28,20966,24.0,WH-North,2011-08-24,WH-North,False,False
2011-08-28,20657,34.0,WH-North,,WH-North,False,False
2011-08-28,20756,93.0,WH_London,2011-08-20,WH-London,False,False
2011-08-28,22084,46.0,Warehouse North,2011-08-20,WH-North,False,False
2011-08-28,23458,70.0,WH-London,2011-08-21,WH-London,False,False
2011-08-28,23089,41.0,Warehouse North,2011-08-25,WH-North,False,False
2011-08-28,23272,-4.0,WH_London,2011-08-18,WH-London,True,False
2011-08-28,21220,120.0,WH-London ,2011-08-14,WH-London,False,False
2011-08-28,85040A,43.0,Main,2011-08-22,WH-London,False,False
2011-08-28,22178,54.0,WH-London ,2011-08-28,WH-London,False,False
2011-08-28,15044B,28.0,WH-North,2011-08-26,WH-North,False,False
2011-08-28,21830,73.0,,2011-08-14,UNKNOWN,False,False
2011-08-28,22965,71.0,WH-London,2011-08-22,WH-London,False,False
2011-08-28,21368,3.0,Main,2011-08-16,WH-London,False,False
2011-08-28,22882,55.0,WH-North,2011-08-23,WH-North,False,False
2011-08-28,85230F,,WH-London ,2011-08-18,WH-London,False,True
2011-08-28,84872A,-86.0,WH-North,2011-08-23,WH-North,True,False
2011-08-28,20724,69.0,WH-North,,WH-North,False,False
2011-08-28,22228,72.0,WH-London,2011-08-26,WH-London,False,False
2011-08-28,21628,33.0,,2011-08-22,UNKNOWN,False,False
2011-08-30,21504,13.0,WH-North,2011-08-22,WH-North,False,False
2011-08-30,90025E,40.0,WH_London,2011-08-21,WH-London,False,False
2011-08-30,84789,12.0,,2011-08-20,UNKNOWN,False,False
2011-08-30,21009,27.0,WH-London ,2011-08-22,WH-London,False,False
2011-08-30,35965,27.0,Main,2011-08-24,WH-London,False,False
2011-08-30,47591D,21.0,Warehouse North,,WH-North,False,False
2011-08-30,90152C,65.0,WH-North,2011-08-28,WH-North,False,False
2011-08-30,23483,19.0,WH-London ,2011-08-23,WH-London,False,False
2011-08-30,79190B,105.0,,2011-08-17,UNKNOWN,False,False
2011-08-30,85230F,79.0,WH_London,2011-08-17,WH-London,False,False
2011-08-30,22070,85.0,WH-London ,2011-08-19,WH-London,False,False
2011-08-30,23085,-29.0,WH-North,2011-08-16,WH-North,True,False
2011-08-30,84804A,56.0,Warehouse North,2011-08-18,WH-North,False,False
2011-08-30,23140,18.0,,2011-08-20,UNKNOWN,False,False
2011-08-30,21662,56.0,WH-London ,2011-08-22,WH-London,False,False
2011-08-30,23189,-3.0,WH-London,2011-08-18,WH-London,True,False
2011-08-30,37424,81.0,Main,2011-08-19,WH-London,False,False
2011-08-30,20677,-30.0,WH-London,2011-08-30,WH-London,True,False
2011-08-30,90067B,59.0,WH-London ,,WH-London,False,False
2011-08-30,90185B,64.0,Warehouse North,2011-08-24,WH-North,False,False
2011-08-30,84686,33.0,WH-North,2011-08-22,WH-North,False,False
2011-08-30,90152A,26.0,WH-London,2011-08-16,WH-London,False,False
2011-08-30,23089,46.0,WH-London ,2011-08-25,WH-London,False,False
2011-08-30,22882,74.0,Warehouse North,2011-08-21,WH-North,False,False
2011-08-30,84715,45.0,WH-North,2011-08-19,WH-North,False,False
2011-08-30,21147,68.0,Main,2011-08-25,WH-London,False,False
2011-08-30,10133,73.0,,2011-08-24,UNKNOWN,False,False
2011-08-30,21670,44.0,WH-London ,2011-08-19,WH-London,False,False
2011-08-30,22084,46.0,,2011-08-30,UNKNOWN,False,False
2011-08-30,47469,54.0,WH-London ,2011-08-30,WH-London,False,False
2011-08-30,20803,84.0,WH_London,2011-08-26,WH-London,False,False
2011-08-30,22923,39.0,WH_London,2011-08-17,WH-London,False,False
2011-08-30,84660C,84.0,Warehouse North,2011-08-29,WH-North,False,False
2011-08-30,22560,57.0,Main,2011-08-29,WH-London,False,False
2011-08-30,84732B,27.0,WH_London,2011-08-24,WH-London,False,False
2011-08-30,35819P,48.0,Warehouse North,2011-08-29,WH-North,False,False
2011-08-30,90011C,-16.0,,2011-08-26,UNKNOWN,True,False
2011-08-30,79071B,9.0,WH-North,2011-08-21,WH-North,False,False
2011-08-30,23068,68.0,Warehouse North,2011-08-19,WH-North,False,False
2011-08-30,90071,73.0,WH-North,2011-08-19,WH-North,False,False
2011-08-30,23093,49.0,WH-London,2011-08-26,WH-London,False,False
2011-08-30,79160,51.0,WH-London ,2011-08-20,WH-London,False,False
2011-08-30,90026D,32.0,WH-London,2011-08-27,WH-London,False,False
2011-08-30,84596J,55.0,Warehouse North,2011-08-29,WH-North,False,False
2011-08-30,23611,109.0,Main,2011-08-18,WH-London,False,False
2011-08-30,47593B,80.0,WH-London,2011-08-27,WH-London,False,False
2011-08-30,21865,47.0,WH-London,2011-08-25,WH-London,False,False
2011-08-30,22575,45.0,WH-London ,2011-08-27,WH-London,False,False
2011-08-30,22066,38.0,WH-North,2011-08-19,WH-North,False,False
2011-08-30,22087,-7.0,WH-North,2011-08-20,WH-North,True,False
2011-08-30,22228,35.0,WH-North,2011-08-21,WH-North,False,False
2011-08-30,85186C,70.0,WH-North,2011-08-21,WH-North,False,False
2011-08-30,21281,22.0,WH-London ,2011-08-28,WH-London,False,False
2011-08-30,20657,41.0,WH-London,2011-08-28,WH-London,False,False
2011-08-30,22470,16.0,Main,2011-08-21,WH-London,False,False
2011-08-30,23010,73.0,Main,2011-08-20,WH-London,False,False
2011-08-30,21188,-11.0,WH_London,2011-08-17,WH-London,True,False
2011-08-30,22185,67.0,WH-London ,2011-08-18,WH-London,False,False
2011-08-30,23547,80.0,Warehouse North,2011-08-16,WH-North,False,False
2011-08-30,84856S,40.0,Warehouse North,2011-08-23,WH-North,False,False
2011-08-30,20771,29.0,WH-North,2011-08-17,WH-North,False,False
2011-08-30,20724,64.0,Main,2011-08-29,WH-London,False,False
2011-08-30,90143,98.0,WH-London,2011-08-26,WH-London,False,False
2011-08-30,44092C,90.0,WH-London ,2011-08-16,WH-London,False,False
2011-08-30,21159,,WH-London,2011-08-19,WH-London,False,True
2011-08-30,47590B,-23.0,WH_London,2011-08-28,WH-London,True,False
2011-08-30,22099,,WH-London ,2011-08-23,WH-London,False,True
2011-08-30,22962,0.0,WH-London ,2011-08-16,WH-London,False,False
2011-08-30,22671,33.0,,2011-08-28,UNKNOWN,False,False
2011-08-30,72807B,63.0,,2011-08-29,UNKNOWN,False,False
2011-08-30,84872A,38.0,WH-London ,2011-08-19,WH-London,False,False
2011-08-30,23060,31.0,WH-London ,2011-08-24,WH-London,False,False
2011-08-30,79163,48.0,Main,2011-08-28,WH-London,False,False
2011-08-30,20996,41.0,,2011-08-19,UNKNOWN,False,False
2011-08-30,22230,,WH-London ,2011-08-26,WH-London,False,True
2011-08-30,85231G,10.0,WH_London,2011-08-23,WH-London,False,False
2011-08-30,17028J,65.0,WH-London,2011-08-18,WH-London,False,False
2011-08-30,90052,48.0,,2011-08-24,UNKNOWN,False,False
2011-08-30,21683,63.0,Warehouse North,,WH-North,False,False
2011-08-30,22030,8.0,Warehouse North,2011-08-21,WH-North,False,False
2011-09-01,22185,76.0,Warehouse North,2011-08-25,WH-North,False,False
2011-09-01,85024C,66.0,Main,2011-08-25,WH-London,False,False
2011-09-01,22960,100.0,WH-London ,2011-08-21,WH-London,False,False
2011-09-01,79190B,25.0,WH-London ,2011-08-24,WH-London,False,False
2011-09-01,85040A,32.0,Warehouse North,2011-08-23,WH-North,False,False
2011-09-01,23057,3.0,WH-London,2011-08-31,WH-London,False,False
2011-09-01,22216,25.0,WH-London ,2011-08-18,WH-London,False,False
2011-09-01,21802,93.0,WH-London,2011-08-25,WH-London,False,False
2011-09-01,20974,-58.0,Warehouse North,2011-08-21,WH-North,True,False
2011-09-01,21147,28.0,WH-London,2011-08-29,WH-London,False,False
2011-09-01,23189,53.0,Main,2011-08-28,WH-London,False,False
2011-09-01,22095,48.0,WH-London ,2011-08-30,WH-London,False,False
2011-09-01,23068,-7.0,WH-London,2011-08-31,WH-London,True,False
2011-09-01,21428,-1.0,,2011-09-01,UNKNOWN,True,False
2011-09-01,20731,83.0,WH-North,2011-08-24,WH-North,False,False
2011-09-01,72232,72.0,WH-London,2011-08-25,WH-London,False,False
2011-09-01,20702,5.0,Warehouse North,2011-08-20,WH-North,False,False
2011-09-01,35819P,46.0,WH-London,2011-08-31,WH-London,False,False
2011-09-01,21670,28.0,WH_London,,WH-London,False,False
2011-09-01,23075,82.0,Warehouse North,2011-08-29,WH-North,False,False
2011-09-01,84596J,63.0,,2011-08-20,UNKNOWN,False,False
2011-09-01,90071,16.0,,2011-08-21,UNKNOWN,False,False
2011-09-01,22084,53.0,WH-North,2011-08-31,WH-North,False,False
2011-09-01,90067B,48.0,WH-London,2011-09-01,WH-London,False,False
2011-09-01,16011,48.0,WH-North,2011-08-27,WH-North,False,False
2011-09-01,22923,34.0,WH-London,2011-08-28,WH-London,False,False
2011-09-01,72802C,-50.0,WH-North,2011-08-22,WH-North,True,False
2011-09-01,22908,24.0,WH-North,2011-08-21,WH-North,False,False
2011-09-01,44092C,14.0,WH-London,,WH-London,False,False
2011-09-01,21220,12.0,WH-North,2011-08-19,WH-North,False,False
2011-09-01,84715,18.0,WH-London ,2011-08-18,WH-London,False,False
2011-09-01,21735,62.0,,2011-09-01,UNKNOWN,False,False
2011-09-01,84638,63.0,WH-North,2011-08-21,WH-North,False,False
2011-09-01,21195,93.0,Main,2011-08-25,WH-London,False,False
2011-09-01,72807B,43.0,WH_London,2011-08-23,WH-London,False,False
2011-09-01,21135,71.0,,,UNKNOWN,False,False
2011-09-01,37471,51.0,WH_London,2011-08-27,WH-London,False,False
2011-09-01,21336,58.0,Warehouse North,2011-08-23,WH-North,False,False
2011-09-01,22470,74.0,WH-North,2011-09-01,WH-North,False,False
2011-09-01,20756,67.0,WH-London,2011-08-24,WH-London,False,False
2011-09-01,21159,-53.0,Warehouse North,2011-08-23,WH-North,True,False
2011-09-01,23085,,,2011-08-19,UNKNOWN,False,True
2011-09-01,23547,58.0,Warehouse North,2011-08-30,WH-North,False,False
2011-09-01,90214N,90.0,Warehouse North,2011-08-24,WH-North,False,False
2011-09-01,85107,-55.0,WH_London,2011-08-20,WH-London,True,False
2011-09-01,22210,38.0,,2011-08-23,UNKNOWN,False,False
2011-09-01,20657,-74.0,WH_London,2011-09-01,WH-London,True,False
2011-09-01,85136C,8.0,WH-North,2011-08-28,WH-North,False,False
2011-09-01,82613C,-39.0,WH-North,2011-08-30,WH-North,True,False
2011-09-01,22289,20.0,,2011-08-21,UNKNOWN,False,False
2011-09-01,22928,46.0,WH-London ,2011-08-18,WH-London,False,False
2011-09-01,23619,-87.0,Main,2011-08-24,WH-London,True,False
2011-09-01,84804A,69.0,WH-North,2011-08-24,WH-North,False,False
2011-09-01,21989,-6.0,WH_London,2011-09-01,WH-London,True,False
2011-09-01,23518,31.0,Main,2011-08-29,WH-London,False,False
2011-09-01,DCGSSBOY,5.0,Warehouse North,2011-08-29,WH-North,False,False
2011-09-01,90011C,81.0,Main,,WH-London,False,False
2011-09-01,23234,32.0,Main,2011-08-26,WH-London,False,False
2011-09-01,84675,52.0,Main,2011-08-25,WH-London,False,False
2011-09-01,84732B,53.0,WH-London,2011-08-26,WH-London,False,False
2011-09-01,84872A,56.0,,2011-08-25,UNKNOWN,False,False
2011-09-01,79071B,-36.0,Main,2011-08-18,WH-London,True,False
2011-09-01,23342,60.0,Warehouse North,2011-08-18,WH-North,False,False
2011-09-01,85163B,33.0,,2011-08-22,UNKNOWN,False,False
2011-09-01,21830,-75.0,WH-London,2011-08-24,WH-London,True,False
2011-09-01,85230F,56.0,WH-North,2011-08-22,WH-North,False,False
2011-09-01,21080,68.0,Main,2011-08-25,WH-London,False,False
2011-09-01,21662,28.0,Main,2011-08-27,WH-London,False,False
2011-09-01,21222,16.0,,2011-08-26,UNKNOWN,False,False
2011-09-01,20966,-76.0,Main,2011-08-27,WH-London,True,False
2011-09-01,90143,66.0,WH-London ,2011-08-20,WH-London,False,False
2011-09-01,21791,56.0,Main,2011-08-29,WH-London,False,False
2011-09-01,21377,56.0,,2011-08-31,UNKNOWN,False,False
2011-09-01,79163,62.0,Main,2011-08-27,WH-London,False,False
2011-09-01,23159,11.0,WH-London,2011-08-27,WH-London,False,False
2011-09-01,22030,82.0,WH-London ,2011-08-18,WH-London,False,False
2011-09-01,23140,45.0,WH-London,2011-08-19,WH-London,False,False
2011-09-01,84989A,46.0,Main,2011-09-01,WH-London,False,False
2011-09-01,47469,-37.0,Warehouse North,2011-08-31,WH-North,True,False
2011-09-01,22779,-24.0,WH_London,2011-08-18,WH-London,True,False
2011-09-03,22908,67.0,WH-London ,2011-08-25,WH-London,False,False
2011-09-03,23458,20.0,WH-London ,2011-08-22,WH-London,False,False
2011-09-03,22882,53.0,WH-North,2011-08-31,WH-North,False,False
2011-09-03,90152C,25.0,WH-North,2011-09-01,WH-North,False,False
2011-09-03,15044B,39.0,WH-North,2011-08-28,WH-North,False,False
2011-09-03,84686,38.0,Warehouse North,2011-09-01,WH-North,False,False
2011-09-03,21222,24.0,WH-London ,2011-09-02,WH-London,False,False
2011-09-03,85024C,,Main,2011-08-24,WH-London,False,True
2011-09-03,22228,-35.0,Main,2011-08-30,WH-London,True,False
2011-09-03,85136C,,WH-London ,2011-08-26,WH-London,False,True
2011-09-03,22095,85.0,WH-London,2011-08-29,WH-London,False,False
2011-09-03,21135,-25.0,Main,2011-09-02,WH-London,True,False
2011-09-03,21348,66.0,WH-London ,2011-08-29,WH-London,False,False
2011-09-03,23341,70.0,WH-North,2011-09-01,WH-North,False,False
2011-09-03,72807B,77.0,WH-London,2011-08-21,WH-London,False,False
2011-09-03,23093,33.0,Warehouse North,2011-08-30,WH-North,False,False
2011-09-03,21336,44.0,,2011-08-23,UNKNOWN,False,False
2011-09-03,23547,44.0,WH-North,2011-08-31,WH-North,False,False
2011-09-03,90001C,65.0,Main,2011-08-24,WH-London,False,False
2011-09-03,21377,42.0,WH-London,2011-08-26,WH-London,False,False
2011-09-03,79163,63.0,Main,2011-08-28,WH-London,False,False
2011-09-03,22671,42.0,WH_London,2011-09-03,WH-London,False,False
2011-09-03,21281,-83.0,WH-North,2011-08-25,WH-North,True,False
2011-09-03,90214N,49.0,,2011-08-25,UNKNOWN,False,False
2011-09-03,84804A,46.0,WH_London,2011-08-31,WH-London,False,False
2011-09-03,90214C,60.0,WH-North,2011-08-30,WH-North,False,False
2011-09-03,20803,99.0,WH_London,2011-08-25,WH-London,False,False
2011-09-03,79160,31.0,WH_London,2011-08-25,WH-London,False,False
2011-09-03,20996,81.0,WH-London ,2011-09-02,WH-London,False,False
2011-09-03,21745,,Main,2011-08-26,WH-London,False,True
2011-09-03,23140,,Warehouse North,,WH-North,False,True
2011-09-03,82616C,26.0,WH-London,2011-09-01,WH-London,False,False
2011-09-03,23189,-38.0,WH-London,2011-09-03,WH-London,True,False
2011-09-03,23204,-29.0,Warehouse North,2011-08-29,WH-North,True,False
2011-09-03,23089,,WH-London,2011-08-26,WH-London,False,True
2011-09-03,20963,35.0,WH_London,2011-08-29,WH-London,False,False
2011-09-03,22905,65.0,WH-North,2011-09-01,WH-North,False,False
2011-09-03,79071B,34.0,,2011-08-22,UNKNOWN,False,False
2011-09-03,22560,49.0,Warehouse North,,WH-North,False,False
2011-09-03,21791,93.0,Warehouse North,2011-08-23,WH-North,False,False
2011-09-03,22178,27.0,Main,2011-08-28,WH-London,False,False
2011-09-03,21628,28.0,Warehouse North,2011-08-21,WH-North,False,False
2011-09-03,37467,42.0,,2011-08-23,UNKNOWN,False,False
2011-09-03,90025E,49.0,Main,2011-08-22,WH-London,False,False
2011-09-03,22289,68.0,,2011-08-24,UNKNOWN,False,False
2011-09-03,85040A,51.0,WH-London,2011-08-29,WH-London,False,False
2011-09-03,90082D,57.0,Warehouse North,2011-09-03,WH-North,False,False
2011-09-03,20724,15.0,WH-London,2011-08-27,WH-London,False,False
2011-09-03,23075,59.0,WH-London ,2011-08-29,WH-London,False,False
2011-09-03,DCGSSBOY,59.0,Warehouse North,2011-08-30,WH-North,False,False
2011-09-03,21670,70.0,,2011-08-22,UNKNOWN,False,False
2011-09-03,23342,40.0,WH_London,,WH-London,False,False
2011-09-03,20657,49.0,WH-North,2011-08-31,WH-North,False,False
2011-09-03,22779,71.0,WH-London ,2011-08-31,WH-London,False,False
2011-09-03,20702,18.0,Warehouse North,2011-08-27,WH-North,False,False
2011-09-03,21428,-3.0,WH-London,2011-09-03,WH-London,True,False
2011-09-03,85163B,16.0,,2011-08-20,UNKNOWN,False,False
2011-09-03,84732B,30.0,WH-London ,,WH-London,False,False
2011-09-03,44092C,82.0,WH-London,2011-09-02,WH-London,False,False
2011-09-03,85184C,,Main,2011-08-31,WH-London,False,True
2011-09-03,90026D,-22.0,WH-North,2011-08-21,WH-North,True,False
2011-09-03,79190B,47.0,WH-London ,2011-09-03,WH-London,False,False
2011-09-03,23611,34.0,,,UNKNOWN,False,False
2011-09-03,22960,64.0,Warehouse North,2011-08-24,WH-North,False,False
2011-09-03,72800F,58.0,WH-North,2011-09-01,WH-North,False,False
2011-09-03,35819P,23.0,Warehouse North,2011-08-26,WH-North,False,False
2011-09-03,84805B,31.0,,2011-08-22,UNKNOWN,False,False
2011-09-03,85135A,45.0,WH-London ,2011-08-27,WH-London,False,False
2011-09-03,15036,,WH-North,2011-08-22,WH-North,False,True
2011-09-03,22332,30.0,Main,2011-08-25,WH-London,False,False
2011-09-03,47593A,3.0,Main,2011-09-02,WH-London,False,False
2011-09-03,85231G,89.0,WH_London,2011-08-26,WH-London,False,False
2011-09-03,23440,64.0,WH-North,2011-09-02,WH-North,False,False
2011-09-03,21368,15.0,WH-London,2011-08-23,WH-London,False,False
2011-09-03,84872A,59.0,Warehouse North,2011-08-31,WH-North,False,False
2011-09-03,84638,74.0,WH_London,2011-08-26,WH-London,False,False
2011-09-03,23057,52.0,Warehouse North,2011-08-31,WH-North,False,False
2011-09-03,23483,90.0,WH_London,2011-08-31,WH-London,False,False
2011-09-03,20677,66.0,,2011-08-27,UNKNOWN,False,False
2011-09-03,22248,59.0,WH-London ,,WH-London,False,False
2011-09-05,85163B,-56.0,Warehouse North,2011-08-26,WH-North,True,False
2011-09-05,90025E,54.0,WH-London ,2011-09-01,WH-London,False,False
2011-09-05,21628,76.0,WH_London,2011-09-04,WH-London,False,False
2011-09-05,21159,45.0,Main,2011-08-30,WH-London,False,False
2011-09-05,23093,78.0,WH-London ,2011-09-03,WH-London,False,False
2011-09-05,21745,59.0,Main,2011-08-24,WH-London,False,False
2011-09-05,82616C,-53.0,WH_London,2011-09-04,WH-London,True,False
2011-09-05,23060,,WH-London ,2011-09-03,WH-London,False,True
2011-09-05,21662,41.0,Main,2011-08-24,WH-London,False,False
2011-09-05,10133,59.0,Warehouse North,2011-08-23,WH-North,False,False
2011-09-05,21220,80.0,WH-London ,2011-08-24,WH-London,False,False
2011-09-05,81952B,65.0,WH-North,2011-08-24,WH-North,False,False
2011-09-05,22905,28.0,Warehouse North,2011-08-24,WH-North,False,False
2011-09-05,20974,2.0,WH-London,2011-08-24,WH-London,False,False
2011-09-05,23535,72.0,,2011-08-23,UNKNOWN,False,False
2011-09-05,21195,130.0,Main,,WH-London,False,False
2011-09-05,85231G,-41.0,Main,2011-08-29,WH-London,True,False
2011-09-05,20677,36.0,WH-North,2011-08-28,WH-North,False,False
2011-09-05,23483,74.0,WH-London,2011-09-01,WH-London,False,False
2011-09-05,84715,24.0,WH-London ,2011-09-04,WH-London,False,False
2011-09-05,21504,94.0,WH_London,2011-08-29,WH-London,False,False
2011-09-05,DCGSSBOY,-62.0,WH-North,2011-09-01,WH-North,True,False
2011-09-05,90185B,49.0,,2011-09-05,UNKNOWN,False,False
2011-09-05,22098,26.0,WH-London,2011-08-23,WH-London,False,False
2011-09-05,84686,76.0,Warehouse North,2011-08-28,WH-North,False,False
2011-09-05,81950B,36.0,WH-London ,2011-09-01,WH-London,False,False
2011-09-05,22904,71.0,WH-London,2011-09-01,WH-London,False,False
2011-09-05,22248,61.0,WH-London ,2011-09-01,WH-London,False,False
2011-09-05,72807B,,Warehouse North,2011-08-24,WH-North,False,True
2011-09-05,22099,-54.0,Main,2011-09-01,WH-London,True,False
2011-09-05,37467,143.0,WH-North,2011-08-28,WH-North,False,False
2011-09-05,22323,66.0,WH-London ,2011-08-29,WH-London,False,False
2011-09-05,20771,54.0,WH-London ,,WH-London,False,False
2011-09-05,21865,38.0,Warehouse North,2011-09-03,WH-North,False,False
2011-09-05,23334,76.0,WH-London ,2011-08-25,WH-London,False,False
2011-09-05,21222,39.0,WH_London,2011-09-04,WH-London,False,False
2011-09-05,85135A,26.0,Warehouse North,2011-09-01,WH-North,False,False
2011-09-05,22185,35.0,Main,,WH-London,False,False
2011-09-05,16048,44.0,WH-London,2011-08-25,WH-London,False,False
2011-09-05,21265,117.0,,2011-09-05,UNKNOWN,False,False
2011-09-05,22228,58.0,WH-London ,2011-08-22,WH-London,False,False
2011-09-05,22908,30.0,WH_London,2011-09-02,WH-London,False,False
2011-09-05,23159,82.0,WH-London ,2011-08-27,WH-London,False,False
2011-09-05,72800F,55.0,WH_London,2011-08-30,WH-London,False,False
2011-09-05,21009,88.0,Main,2011-08-26,WH-London,False,False
2011-09-05,16011,107.0,WH-London ,2011-08-31,WH-London,False,False
2011-09-05,21670,5.0,WH-London ,2011-09-03,WH-London,False,False
2011-09-05,85230F,-21.0,Warehouse North,2011-08-30,WH-North,True,False
2011-09-05,22066,,WH-London ,2011-08-29,WH-London,False,True
2011-09-05,20966,29.0,Warehouse North,2011-08-31,WH-North,False,False
2011-09-05,78124,0.0,,2011-08-25,UNKNOWN,False,False
2011-09-05,90065B,34.0,Main,,WH-London,False,False
2011-09-05,37424,20.0,WH-London ,2011-08-22,WH-London,False,False
2011-09-05,90195B,-26.0,WH-London,2011-09-02,WH-London,True,False
2011-09-05,23692,75.0,WH-London,2011-08-26,WH-London,False,False
2011-09-05,22272,39.0,WH-London ,2011-08-31,WH-London,False,False
2011-09-05,22114,1.0,WH_London,2011-08-24,WH-London,False,False
2011-09-05,22715,-50.0,,2011-09-02,UNKNOWN,True,False
2011-09-05,22965,24.0,Warehouse North,2011-08-26,WH-North,False,False
2011-09-05,84872A,42.0,WH_London,2011-08-25,WH-London,False,False
2011-09-05,21368,44.0,WH-London,2011-08-29,WH-London,False,False
2011-09-05,21630,75.0,Main,2011-08-23,WH-London,False,False
2011-09-05,90001C,34.0,WH_London,2011-08-31,WH-London,False,False
2011-09-05,22882,70.0,WH-London ,2011-08-29,WH-London,False,False
2011-09-05,46000P,2.0,WH_London,2011-08-23,WH-London,False,False
2011-09-05,21281,76.0,WH-London,2011-08-28,WH-London,False,False
2011-09-05,90214N,88.0,Warehouse North,2011-08-30,WH-North,False,False
2011-09-05,84989A,43.0,WH-London ,2011-08-24,WH-London,False,False
2011-09-05,84732B,-25.0,WH_London,2011-09-04,WH-London,True,False
2011-09-05,72232,17.0,WH-North,2011-08-29,WH-North,False,False
2011-09-05,21135,-49.0,WH_London,2011-09-04,WH-London,True,False
2011-09-05,84638,-86.0,,2011-09-05,UNKNOWN,True,False
2011-09-05,21830,37.0,,2011-08-29,UNKNOWN,False,False
2011-09-05,82616B,83.0,WH-London ,2011-08-30,WH-London,False,False
2011-09-05,22230,15.0,,2011-08-27,UNKNOWN,False,False
2011-09-05,35965,39.0,Main,2011-09-04,WH-London,False,False
2011-09-05,22671,48.0,WH_London,2011-08-23,WH-London,False,False
2011-09-05,21683,56.0,,2011-08-30,UNKNOWN,False,False
2011-09-05,85186C,40.0,,2011-09-03,UNKNOWN,False,False
2011-09-05,84746,87.0,Main,,WH-London,False,False
2011-09-07,81952B,87.0,Warehouse North,2011-08-27,WH-North,False,False
2011-09-07,21135,44.0,WH-North,2011-08-31,WH-North,False,False
2011-09-07,22882,34.0,WH_London,2011-09-06,WH-London,False,False
2011-09-07,90052,31.0,Main,2011-08-29,WH-London,False,False
2011-09-07,90197B,81.0,WH-North,2011-09-02,WH-North,False,False
2011-09-07,DCGSSBOY,30.0,WH-London,2011-09-03,WH-London,False,False
2011-09-07,22178,6.0,WH-London ,2011-08-31,WH-London,False,False
2011-09-07,90082D,10.0,WH-London,2011-08-25,WH-London,False,False
2011-09-07,22908,70.0,Main,2011-08-26,WH-London,False,False
2011-09-07,37444C,9.0,WH-London ,2011-09-07,WH-London,False,False
2011-09-07,22114,,WH-London ,2011-08-28,WH-London,False,True
2011-09-07,21216,53.0,WH-North,2011-09-06,WH-North,False,False
2011-09-07,10133,0.0,Main,2011-09-05,WH-London,False,False
2011-09-07,20702,,Main,2011-08-25,WH-London,False,True
2011-09-07,23089,40.0,WH_London,2011-08-28,WH-London,False,False
2011-09-07,84674,-7.0,,2011-09-05,UNKNOWN,True,False
2011-09-07,85024C,55.0,WH-London,2011-09-07,WH-London,False,False
2011-09-07,84856S,,Warehouse North,2011-08-25,WH-North,False,True
2011-09-07,84732B,-55.0,Main,2011-08-29,WH-London,True,False
2011-09-07,47590B,65.0,WH-North,,WH-North,False,False
2011-09-07,22671,57.0,WH-London,2011-09-01,WH-London,False,False
2011-09-07,23611,71.0,WH-North,2011-08-25,WH-North,False,False
2011-09-07,22289,21.0,WH_London,2011-08-30,WH-London,False,False
2011-09-07,22715,8.0,WH-North,2011-08-30,WH-North,False,False
2011-09-07,21222,15.0,Main,2011-08-27,WH-London,False,False
2011-09-07,46000P,25.0,WH-London ,,WH-London,False,False
2011-09-07,85163B,110.0,WH-London,2011-08-24,WH-London,False,False
2011-09-07,90214C,25.0,WH-London,2011-09-05,WH-London,False,False
2011-09-07,22030,34.0,WH-London ,2011-08-27,WH-London,False,False
2011-09-07,90143,42.0,WH-London,2011-08-25,WH-London,False,False
2011-09-07,44092C,39.0,WH-North,2011-08-27,WH-North,False,False
2011-09-07,82616C,104.0,Main,2011-08-25,WH-London,False,False
2011-09-07,21195,-1.0,,2011-09-03,UNKNOWN,True,False
2011-09-07,20657,115.0,,2011-08-29,UNKNOWN,False,False
2011-09-07,84989A,54.0,WH_London,2011-08-29,WH-London,False,False
2011-09-07,23135,78.0,Main,2011-08-25,WH-London,False,False
2011-09-07,85026B,50.0,,,UNKNOWN,False,False
2011-09-07,90195B,74.0,WH_London,2011-08-26,WH-London,False,False
2011-09-07,23140,21.0,Warehouse North,2011-09-02,WH-North,False,False
2011-09-07,23068,9.0,WH-North,2011-09-02,WH-North,False,False
2011-09-07,79163,127.0,WH-London,2011-09-01,WH-London,False,False
2011-09-07,82613C,107.0,WH-North,2011-09-05,WH-North,False,False
2011-09-07,22483,,Main,2011-08-24,WH-London,False,True
2011-09-07,90177A,71.0,WH-London,2011-08-27,WH-London,False,False
2011-09-07,72802C,84.0,WH_London,2011-08-25,WH-London,False,False
2011-09-07,37471,69.0,WH-London ,2011-08-30,WH-London,False,False
2011-09-07,22923,43.0,WH-London,2011-08-31,WH-London,False,False
2011-09-07,23535,-110.0,Warehouse North,2011-08-24,WH-North,True,False
2011-09-07,85119,70.0,Warehouse North,2011-08-27,WH-North,False,False
2011-09-07,37424,22.0,Warehouse North,2011-09-02,WH-North,False,False
2011-09-07,21791,38.0,WH-London ,2011-08-27,WH-London,False,False
2011-09-07,23547,17.0,,2011-08-26,UNKNOWN,False,False
2011-09-07,90026D,46.0,WH-London ,2011-08-26,WH-London,False,False
2011-09-07,22216,45.0,Main,,WH-London,False,False
2011-09-07,84804A,72.0,WH-London,,WH-London,False,False
2011-09-07,21220,72.0,WH-North,2011-09-05,WH-North,False,False
2011-09-07,22962,61.0,WH-North,2011-08-27,WH-North,False,False
2011-09-07,21265,60.0,WH-London,2011-09-06,WH-London,False,False
2011-09-07,21628,81.0,Main,2011-08-27,WH-London,False,False
2011-09-07,16010,43.0,WH-London ,2011-08-28,WH-London,False,False
2011-09-07,21683,-21.0,WH-North,,WH-North,True,False
2011-09-07,22228,113.0,Main,2011-09-05,WH-London,False,False
2011-09-07,47469,22.0,WH-London,2011-08-31,WH-London,False,False
2011-09-07,21428,-70.0,Warehouse North,2011-08-27,WH-North,True,False
2011-09-07,85230F,-39.0,WH_London,,WH-London,True,False
2011-09-07,72232,91.0,WH_London,2011-09-06,WH-London,False,False
2011-09-07,90214N,21.0,WH-London ,2011-08-30,WH-London,False,False
2011-09-07,20724,28.0,Warehouse North,2011-08-27,WH-North,False,False
2011-09-07,15036,35.0,Main,2011-09-01,WH-London,False,False
2011-09-07,21735,66.0,WH-North,,WH-North,False,False
2011-09-07,84805B,-56.0,WH-London ,2011-08-25,WH-London,True,False
2011-09-07,16011,66.0,Warehouse North,2011-08-25,WH-North,False,False
2011-09-07,23060,53.0,Warehouse North,,WH-North,False,False
2011-09-07,85107,77.0,Warehouse North,2011-09-06,WH-North,False,False
2011-09-07,16218,78.0,Warehouse North,,WH-North,False,False
2011-09-07,23090,95.0,WH-London,2011-08-28,WH-London,False,False
2011-09-07,20803,-60.0,WH-North,2011-08-28,WH-North,True,False
2011-09-07,90071,60.0,Main,2011-09-05,WH-London,False,False
2011-09-07,21009,103.0,WH-North,2011-08-30,WH-North,False,False
2011-09-07,21348,85.0,WH_London,2011-08-30,WH-London,False,False
2011-09-09,90214C,65.0,WH-London,2011-08-27,WH-London,False,False
2011-09-09,21336,8.0,WH-London ,2011-09-04,WH-London,False,False
2011-09-09,23334,0.0,WH-London,,WH-London,False,False
2011-09-09,79160,68.0,Main,2011-09-05,WH-London,False,False
2011-09-09,84660C,69.0,Warehouse North,2011-09-02,WH-North,False,False
2011-09-09,23458,28.0,WH-North,2011-09-08,WH-North,False,False
2011-09-09,72232,60.0,,2011-08-29,UNKNOWN,False,False
2011-09-09,90052,22.0,WH-London ,2011-09-09,WH-London,False,False
2011-09-09,84732B,67.0,Warehouse North,2011-08-29,WH-North,False,False
2011-09-09,22156,67.0,WH-London,2011-08-26,WH-London,False,False
2011-09-09,22070,,WH-London,2011-09-07,WH-London,False,True
2011-09-09,22923,60.0,WH-London ,2011-09-03,WH-London,False,False
2011-09-09,20724,41.0,Warehouse North,2011-08-27,WH-North,False,False
2011-09-09,21080,43.0,WH_London,2011-08-26,WH-London,False,False
2011-09-09,85186C,84.0,WH-London,2011-09-05,WH-London,False,False
2011-09-09,84596J,62.0,WH-London,2011-09-05,WH-London,False,False
2011-09-09,72802C,,Main,,WH-London,False,True
2011-09-09,22671,52.0,,2011-09-08,UNKNOWN,False,False
2011-09-09,79190B,69.0,WH_London,2011-09-09,WH-London,False,False
2011-09-09,23060,78.0,Main,,WH-London,False,False
2011-09-09,21281,31.0,WH-North,2011-09-04,WH-North,False,False
2011-09-09,90143,67.0,WH-London ,2011-08-29,WH-London,False,False
2011-09-09,85040A,43.0,WH-London,2011-08-30,WH-London,False,False
2011-09-09,81952B,59.0,WH-London,2011-08-30,WH-London,False,False
2011-09-09,21830,75.0,Warehouse North,2011-09-09,WH-North,False,False
2011-09-09,21368,-6.0,WH-London ,2011-09-07,WH-London,True,False
2011-09-09,90067B,17.0,Main,,WH-London,False,False
2011-09-09,23075,30.0,WH-London,2011-08-27,WH-London,False,False
2011-09-09,22960,28.0,WH-London,2011-08-27,WH-London,False,False
2011-09-09,23535,45.0,WH-London ,2011-09-03,WH-London,False,False
2011-09-09,21222,100.0,Warehouse North,,WH-North,False,False
2011-09-09,21865,85.0,WH-London ,2011-09-05,WH-London,False,False
2011-09-09,21630,32.0,Main,2011-09-01,WH-London,False,False
2011-09-09,23135,76.0,Main,2011-09-04,WH-London,False,False
2011-09-09,82616C,48.0,Warehouse North,2011-08-29,WH-North,False,False
2011-09-09,23093,60.0,WH-London,2011-09-09,WH-London,False,False
2011-09-09,44092C,20.0,,2011-08-26,UNKNOWN,False,False
2011-09-09,47593A,10.0,WH-London,2011-09-04,WH-London,False,False
2011-09-09,84805B,71.0,WH-London ,2011-08-27,WH-London,False,False
2011-09-09,21735,50.0,WH-London ,2011-08-27,WH-London,False,False
2011-09-09,20657,,,2011-08-31,UNKNOWN,False,True
2011-09-09,90177A,97.0,WH-North,2011-08-28,WH-North,False,False
2011-09-09,20803,42.0,WH-London ,2011-09-08,WH-London,False,False
2011-09-09,21135,43.0,WH-North,2011-08-29,WH-North,False,False
2011-09-09,22928,103.0,Main,2011-09-03,WH-London,False,False
2011-09-09,47593B,50.0,,,UNKNOWN,False,False
2011-09-09,22905,25.0,,2011-09-04,UNKNOWN,False,False
2011-09-09,23234,72.0,Main,2011-08-27,WH-London,False,False
2011-09-09,21216,42.0,,2011-08-31,UNKNOWN,False,False
2011-09-09,84872A,25.0,WH-London ,2011-08-29,WH-London,False,False
2011-09-09,20963,52.0,WH-North,2011-09-04,WH-North,False,False
2011-09-09,23341,74.0,WH_London,2011-08-30,WH-London,False,False
2011-09-09,84856S,15.0,WH_London,,WH-London,False,False
2011-09-09,84804A,14.0,WH-London ,2011-09-09,WH-London,False,False
2011-09-09,82613C,47.0,WH-London,2011-08-30,WH-London,False,False
2011-09-09,72807B,16.0,,,UNKNOWN,False,False
2011-09-09,22965,11.0,Main,2011-08-26,WH-London,False,False
2011-09-09,20996,50.0,Main,2011-08-31,WH-London,False,False
2011-09-09,47590B,83.0,WH_London,2011-08-30,WH-London,False,False
2011-09-09,47469,73.0,Main,2011-08-26,WH-London,False,False
2011-09-09,22415,46.0,WH_London,2011-08-26,WH-London,False,False
2011-09-09,84559B,88.0,Main,2011-08-30,WH-London,False,False
2011-09-09,37424,102.0,,2011-09-09,UNKNOWN,False,False
2011-09-09,23085,64.0,Warehouse North,2011-09-04,WH-North,False,False
2011-09-09,22099,39.0,WH-London ,2011-08-30,WH-London,False,False
2011-09-09,84989A,-96.0,Warehouse North,2011-09-05,WH-North,True,False
2011-09-09,90152C,-95.0,WH-North,2011-08-30,WH-North,True,False
2011-09-09,85231G,57.0,,2011-09-07,UNKNOWN,False,False
2011-09-09,22087,86.0,,2011-08-30,UNKNOWN,False,False
2011-09-09,22560,-26.0,Main,2011-09-07,WH-London,True,False
2011-09-09,90152A,-12.0,WH-London ,2011-08-29,WH-London,True,False
2011-09-09,22095,20.0,,2011-08-26,UNKNOWN,False,False
2011-09-09,84675,56.0,Warehouse North,2011-08-31,WH-North,False,False
2011-09-09,22030,47.0,WH-North,2011-08-28,WH-North,False,False
2011-09-09,23140,78.0,WH-London ,2011-08-27,WH-London,False,False
2011-09-09,22272,,WH_London,2011-08-27,WH-London,False,True
2011-09-09,15036,6.0,,2011-08-28,UNKNOWN,False,False
2011-09-09,90214N,72.0,,2011-08-29,UNKNOWN,False,False
2011-09-09,21356,6.0,WH_London,2011-09-01,WH-London,False,False
2011-09-09,21188,41.0,WH-North,2011-08-27,WH-North,False,False
2011-09-11,23060,50.0,WH_London,2011-09-09,WH-London,False,False
2011-09-11,20724,30.0,WH-North,2011-09-08,WH-North,False,False
2011-09-11,20974,67.0,Main,2011-09-04,WH-London,False,False
2011-09-11,22923,-11.0,Main,2011-09-03,WH-London,True,False
2011-09-11,90071,104.0,WH-London ,2011-09-07,WH-London,False,False
2011-09-11,22928,40.0,WH-London ,2011-08-31,WH-London,False,False
2011-09-11,21220,44.0,WH_London,2011-09-06,WH-London,False,False
2011-09-11,22098,130.0,WH-North,2011-09-09,WH-North,False,False
2011-09-11,22095,9.0,WH-London,,WH-London,False,False
2011-09-11,90143,18.0,WH_London,2011-08-31,WH-London,False,False
2011-09-11,84872A,-92.0,,2011-09-07,UNKNOWN,True,False
2011-09-11,44092C,3.0,,2011-09-08,UNKNOWN,False,False
2011-09-11,21484,64.0,WH_London,2011-09-11,WH-London,False,False
2011-09-11,84804A,31.0,WH_London,2011-09-10,WH-London,False,False
2011-09-11,22905,1.0,,2011-08-29,UNKNOWN,False,False
2011-09-11,22560,-65.0,Main,2011-08-30,WH-London,True,False
2011-09-11,23611,-66.0,WH-London,2011-09-05,WH-London,True,False
2011-09-11,90152A,50.0,WH_London,2011-08-30,WH-London,False,False
2011-09-11,21670,112.0,WH-London ,2011-09-06,WH-London,False,False
2011-09-11,22671,26.0,Main,2011-09-08,WH-London,False,False
2011-09-11,85135A,75.0,WH_London,2011-08-28,WH-London,False,False
2011-09-11,37471,59.0,Warehouse North,2011-09-03,WH-North,False,False
2011-09-11,20731,-79.0,WH_London,2011-09-09,WH-London,True,False
2011-09-11,47591D,34.0,WH-London ,2011-09-05,WH-London,False,False
2011-09-11,90152C,8.0,,2011-09-10,UNKNOWN,False,False
2011-09-11,85186C,29.0,WH-London,2011-08-29,WH-London,False,False
2011-09-11,22216,48.0,Warehouse North,2011-09-01,WH-North,False,False
2011-09-11,23692,70.0,WH_London,2011-09-02,WH-London,False,False
2011-09-11,22960,50.0,WH_London,,WH-London,False,False
2011-09-11,85231G,56.0,WH-London ,2011-08-31,WH-London,False,False
2011-09-11,16011,101.0,Main,2011-09-06,WH-London,False,False
2011-09-11,23334,49.0,WH-London,2011-09-07,WH-London,False,False
2011-09-11,81952B,34.0,WH-London,2011-09-11,WH-London,False,False
2011-09-11,35819P,63.0,WH-London ,2011-09-07,WH-London,False,False
2011-09-11,90185B,-1.0,WH-North,2011-09-05,WH-North,True,False
2011-09-11,20677,-1.0,WH-London,2011-09-06,WH-London,True,False
2011-09-11,84989A,45.0,Warehouse North,2011-09-07,WH-North,False,False
2011-09-11,22962,22.0,Warehouse North,2011-09-08,WH-North,False,False
2011-09-11,72800F,31.0,Warehouse North,,WH-North,False,False
2011-09-11,23093,,Main,2011-09-04,WH-London,False,True
2011-09-11,21628,65.0,WH-North,2011-08-29,WH-North,False,False
2011-09-11,23010,47.0,WH-North,2011-08-31,WH-North,False,False
2011-09-11,84638,52.0,Main,2011-09-08,WH-London,False,False
2011-09-11,82616B,37.0,Main,2011-08-29,WH-London,False,False
2011-09-11,47590B,75.0,,2011-09-09,UNKNOWN,False,False
2011-09-11,21735,73.0,Main,2011-08-29,WH-London,False,False
2011-09-11,22415,79.0,WH-North,2011-08-28,WH-North,False,False
2011-09-11,47593A,78.0,Warehouse North,,WH-North,False,False
2011-09-11,23140,51.0,WH-London,2011-09-04,WH-London,False,False
2011-09-11,22210,29.0,WH-London,2011-09-01,WH-London,False,False
2011-09-11,22637,44.0,Warehouse North,2011-09-02,WH-North,False,False
2011-09-11,21348,53.0,WH_London,2011-08-31,WH-London,False,False
2011-09-11,22483,29.0,WH_London,2011-09-08,WH-London,False,False
2011-09-11,23090,98.0,Main,2011-08-30,WH-London,False,False
2011-09-11,22289,99.0,,2011-09-04,UNKNOWN,False,False
2011-09-11,23057,46.0,WH_London,2011-09-05,WH-London,False,False
2011-09-11,90177A,80.0,Warehouse North,2011-09-11,WH-North,False,False
2011-09-11,22272,66.0,WH-London ,2011-09-08,WH-London,False,False
2011-09-11,90011C,35.0,WH-North,2011-09-10,WH-North,False,False
2011-09-11,23547,62.0,WH-London ,2011-09-06,WH-London,False,False
2011-09-11,84660C,26.0,WH-London ,,WH-London,False,False
2011-09-11,22904,23.0,Main,2011-09-05,WH-London,False,False
2011-09-11,72807B,64.0,Main,2011-09-04,WH-London,False,False
2011-09-11,22323,64.0,,2011-09-11,UNKNOWN,False,False
2011-09-11,22715,130.0,Main,2011-09-04,WH-London,False,False
2011-09-11,21791,45.0,Warehouse North,2011-08-30,WH-North,False,False
2011-09-11,37424,,WH_London,2011-09-01,WH-London,False,True
2011-09-11,21195,77.0,Main,2011-09-09,WH-London,False,False
2011-09-11,85230F,49.0,Warehouse North,2011-08-28,WH-North,False,False
2011-09-11,20702,30.0,Main,2011-09-09,WH-London,False,False
2011-09-11,23189,32.0,WH-North,2011-09-03,WH-North,False,False
2011-09-11,81950B,44.0,WH-London ,2011-09-03,WH-London,False,False
2011-09-11,85184C,81.0,,2011-09-05,UNKNOWN,False,False
2011-09-11,23234,62.0,Main,2011-09-02,WH-London,False,False
2011-09-11,90065B,24.0,WH_London,2011-09-08,WH-London,False,False
2011-09-11,72225C,,Main,2011-09-06,WH-London,False,True
2011-09-11,22908,,WH-North,2011-08-31,WH-North,False,True
2011-09-11,85026B,27.0,Main,2011-09-11,WH-London,False,False
2011-09-11,21662,85.0,WH-London ,2011-09-01,WH-London,False,False
2011-09-11,22248,94.0,,2011-09-11,UNKNOWN,False,False
2011-09-13,85040A,60.0,,2011-08-30,UNKNOWN,False,False
2011-09-13,84596J,,Main,2011-09-09,WH-London,False,True
2011-09-13,23334,,WH-North,2011-09-09,WH-North,False,True
2011-09-13,90214C,8.0,WH_London,2011-09-04,WH-London,False,False
2011-09-13,84805B,124.0,WH-North,2011-08-30,WH-North,False,False
2011-09-13,20963,58.0,Main,2011-09-02,WH-London,False,False
2011-09-13,23135,74.0,Warehouse North,2011-09-02,WH-North,False,False
2011-09-13,22099,38.0,WH-London,2011-08-30,WH-London,False,False
2011-09-13,23093,104.0,Warehouse North,2011-09-03,WH-North,False,False
2011-09-13,84732B,-34.0,WH-London,,WH-London,True,False
2011-09-13,22882,24.0,Warehouse North,2011-09-11,WH-North,False,False
2011-09-13,21630,59.0,WH-London ,2011-09-11,WH-London,False,False
2011-09-13,22923,76.0,WH-London,2011-09-09,WH-London,False,False
2011-09-13,79071B,113.0,Warehouse North,2011-09-03,WH-North,False,False
2011-09-13,84989A,98.0,WH-London,2011-09-09,WH-London,False,False
2011-09-13,82616B,85.0,WH-London,2011-09-12,WH-London,False,False
2011-09-13,22904,-29.0,Main,2011-09-09,WH-London,True,False
2011-09-13,85231G,28.0,WH_London,,WH-London,False,False
2011-09-13,22779,23.0,,2011-09-10,UNKNOWN,False,False
2011-09-13,22178,45.0,WH_London,,WH-London,False,False
2011-09-13,22289,-7.0,Warehouse North,2011-08-30,WH-North,True,False
2011-09-13,23458,90.0,,2011-09-11,UNKNOWN,False,False
2011-09-13,23010,-19.0,,2011-08-30,UNKNOWN,True,False
2011-09-13,21504,15.0,Main,,WH-London,False,False
2011-09-13,15044B,37.0,WH-London ,2011-09-08,WH-London,False,False
2011-09-13,21428,9.0,WH_London,2011-09-04,WH-London,False,False
2011-09-13,47469,69.0,WH-London,2011-09-04,WH-London,False,False
2011-09-13,22156,21.0,WH-North,2011-09-10,WH-North,False,False
2011-09-13,20966,65.0,WH-London,2011-09-04,WH-London,False,False
2011-09-13,84660C,-77.0,WH-London,2011-09-07,WH-London,True,False
2011-09-13,72807B,33.0,WH-North,,WH-North,False,False
2011-09-13,23471,28.0,WH-North,2011-09-08,WH-North,False,False
2011-09-13,23090,,WH-North,2011-09-03,WH-North,False,True
2011-09-13,35965,17.0,Warehouse North,2011-09-13,WH-North,False,False
2011-09-13,20974,37.0,WH-North,2011-09-08,WH-North,False,False
2011-09-13,10133,-52.0,,2011-09-08,UNKNOWN,True,False
2011-09-13,20702,8.0,WH-London ,2011-09-04,WH-London,False,False
2011-09-13,84746,30.0,WH-London ,2011-08-30,WH-London,False,False
2011-09-13,23189,54.0,Warehouse North,2011-09-05,WH-North,False,False
2011-09-13,22960,,WH-London,2011-08-31,WH-London,False,True
2011-09-13,82613C,-30.0,Main,2011-09-02,WH-London,True,False
2011-09-13,90201C,69.0,WH_London,2011-09-12,WH-London,False,False
2011-09-13,90143,87.0,Main,2011-09-10,WH-London,False,False
2011-09-13,90152C,32.0,WH-London,2011-09-02,WH-London,False,False
2011-09-13,90065B,-2.0,Warehouse North,2011-09-07,WH-North,True,False
2011-09-13,22908,27.0,WH-London ,2011-09-09,WH-London,False,False
2011-09-13,22470,26.0,WH-North,2011-08-31,WH-North,False,False
2011-09-13,15036,85.0,WH_London,2011-09-09,WH-London,False,False
2011-09-13,22272,17.0,Warehouse North,2011-09-02,WH-North,False,False
2011-09-13,23611,39.0,WH_London,2011-08-30,WH-London,False,False
2011-09-13,90161B,100.0,WH-London ,2011-09-11,WH-London,False,False
2011-09-13,81952B,54.0,,2011-09-04,UNKNOWN,False,False
2011-09-13,47590B,55.0,Warehouse North,2011-09-02,WH-North,False,False
2011-09-13,20731,46.0,WH_London,,WH-London,False,False
2011-09-13,22323,79.0,,,UNKNOWN,False,False
2011-09-13,22228,62.0,WH-North,2011-09-12,WH-North,False,False
2011-09-13,85107,105.0,WH-London ,2011-09-07,WH-London,False,False
2011-09-13,85119,108.0,Main,2011-09-12,WH-London,False,False
2011-09-13,85026B,59.0,Warehouse North,2011-09-02,WH-North,False,False
2011-09-13,90001C,-48.0,,2011-09-01,UNKNOWN,True,False
2011-09-13,84804A,54.0,WH-London,2011-09-05,WH-London,False,False
2011-09-13,21216,33.0,WH-London ,2011-09-05,WH-London,False,False
2011-09-13,21188,54.0,WH-London ,,WH-London,False,False
2011-09-13,20756,6.0,WH-London,2011-09-08,WH-London,False,False
2011-09-13,90152A,,,2011-09-07,UNKNOWN,False,True
2011-09-13,21080,73.0,WH-North,2011-09-13,WH-North,False,False
2011-09-13,21662,66.0,WH-London ,2011-09-08,WH-London,False,False
2011-09-13,23068,46.0,Main,2011-09-06,WH-London,False,False
2011-09-13,22332,62.0,WH-North,2011-09-08,WH-North,False,False
2011-09-13,22114,95.0,,2011-09-07,UNKNOWN,False,False
2011-09-13,90082D,,WH-London ,2011-09-07,WH-London,False,True
2011-09-13,84675,6.0,WH_London,2011-09-06,WH-London,False,False
2011-09-13,79160,68.0,WH_London,2011-08-30,WH-London,False,False
2011-09-13,84715,66.0,Main,,WH-London,False,False
2011-09-13,22098,72.0,Main,2011-08-30,WH-London,False,False
2011-09-13,20771,14.0,WH-London,2011-09-02,WH-London,False,False
2011-09-13,90026D,4.0,WH-London ,,WH-London,False,False
2011-09-13,72802C,57.0,Main,2011-09-02,WH-London,False,False
2011-09-13,23518,55.0,Warehouse North,2011-09-10,WH-North,False,False
2011-09-13,84789,39.0,Main,2011-09-11,WH-London,False,False
2011-09-15,22905,,WH-North,2011-09-12,WH-North,False,True
2011-09-15,23093,49.0,Warehouse North,2011-09-10,WH-North,False,False
2011-09-15,90152C,86.0,WH-London ,2011-09-07,WH-London,False,False
2011-09-15,90001C,76.0,WH-London ,2011-09-04,WH-London,False,False
2011-09-15,85231G,17.0,Main,2011-09-10,WH-London,False,False
2011-09-15,22560,23.0,,2011-09-03,UNKNOWN,False,False
2011-09-15,84674,11.0,Main,2011-09-04,WH-London,False,False
2011-09-15,23010,-62.0,Warehouse North,2011-09-11,WH-North,True,False
2011-09-15,22483,52.0,,2011-09-14,UNKNOWN,False,False
2011-09-15,21504,90.0,WH_London,2011-09-11,WH-London,False,False
2011-09-15,23611,67.0,Main,2011-09-13,WH-London,False,False
2011-09-15,21216,11.0,,,UNKNOWN,False,False
2011-09-15,23189,36.0,Main,2011-09-01,WH-London,False,False
2011-09-15,23440,13.0,Warehouse North,2011-09-06,WH-North,False,False
2011-09-15,22470,58.0,WH-London,2011-09-05,WH-London,False,False
2011-09-15,21735,133.0,,2011-09-03,UNKNOWN,False,False
2011-09-15,21683,53.0,Main,2011-09-15,WH-London,False,False
2011-09-15,21009,56.0,WH-London ,2011-09-03,WH-London,False,False
2011-09-15,22882,49.0,WH-London,2011-09-14,WH-London,False,False
2011-09-15,21159,60.0,Warehouse North,2011-09-05,WH-North,False,False
2011-09-15,20724,45.0,,2011-09-12,UNKNOWN,False,False
2011-09-15,21745,68.0,WH_London,2011-09-14,WH-London,False,False
2011-09-15,22928,,WH-London ,,WH-London,False,True
2011-09-15,22272,28.0,WH-North,2011-09-09,WH-North,False,False
2011-09-15,22965,11.0,WH_London,2011-09-06,WH-London,False,False
2011-09-15,20963,49.0,Main,2011-09-09,WH-London,False,False
2011-09-15,37467,16.0,WH-London ,,WH-London,False,False
2011-09-15,23483,93.0,Warehouse North,2011-09-10,WH-North,False,False
2011-09-15,22289,37.0,WH-North,2011-09-15,WH-North,False,False
2011-09-15,22084,-9.0,Main,,WH-London,True,False
2011-09-15,22923,15.0,WH-North,2011-09-15,WH-North,False,False
2011-09-15,21348,54.0,Warehouse North,2011-09-12,WH-North,False,False
2011-09-15,22070,69.0,Main,2011-09-07,WH-London,False,False
2011-09-15,23547,60.0,,2011-09-11,UNKNOWN,False,False
2011-09-15,37444C,25.0,WH-North,2011-09-04,WH-North,False,False
2011-09-15,15044B,32.0,WH_London,2011-09-06,WH-London,False,False
2011-09-15,20974,29.0,Main,2011-09-11,WH-London,False,False
2011-09-15,22962,66.0,,2011-09-12,UNKNOWN,False,False
2011-09-15,37471,53.0,WH-London ,2011-09-01,WH-London,False,False
2011-09-15,47593A,36.0,WH-North,2011-09-14,WH-North,False,False
2011-09-15,22095,30.0,WH-London,2011-09-14,WH-London,False,False
2011-09-15,90214C,34.0,,2011-09-15,UNKNOWN,False,False
2011-09-15,84856S,50.0,WH-London ,2011-09-11,WH-London,False,False
2011-09-15,82613C,,WH_London,2011-09-09,WH-London,False,True
2011-09-15,79160,55.0,WH-London ,2011-09-01,WH-London,False,False
2011-09-15,22323,39.0,WH-North,,WH-North,False,False
2011-09-15,22230,37.0,Main,2011-09-03,WH-London,False,False
2011-09-15,23692,-101.0,WH-North,2011-09-13,WH-North,True,False
2011-09-15,23204,74.0,WH-London,2011-09-11,WH-London,False,False
2011-09-15,23140,,,2011-09-11,UNKNOWN,False,True
2011-09-15,20731,72.0,WH-London ,2011-09-09,WH-London,False,False
2011-09-15,23090,48.0,WH-London,2011-09-15,WH-London,False,False
2011-09-15,17109D,85.0,WH-London,2011-09-15,WH-London,False,False
2011-09-15,21428,5.0,Warehouse North,2011-09-04,WH-North,False,False
2011-09-15,90065B,-96.0,Main,2011-09-14,WH-London,True,False
2011-09-15,90052,72.0,Warehouse North,2011-09-12,WH-North,False,False
2011-09-15,84660C,64.0,Warehouse North,2011-09-06,WH-North,False,False
2011-09-15,84715,27.0,,2011-09-03,UNKNOWN,False,False
2011-09-15,23075,77.0,WH-London ,2011-09-13,WH-London,False,False
2011-09-15,22114,84.0,,,UNKNOWN,False,False
2011-09-15,85119,28.0,,2011-09-01,UNKNOWN,False,False
2011-09-15,85184C,29.0,Main,2011-09-13,WH-London,False,False
2011-09-15,20677,18.0,WH_London,2011-09-06,WH-London,False,False
2011-09-15,47469,66.0,Warehouse North,2011-09-06,WH-North,False,False
2011-09-15,20771,47.0,Main,2011-09-14,WH-London,False,False
2011-09-15,21265,113.0,WH-London,2011-09-07,WH-London,False,False
2011-09-15,21147,3.0,WH_London,2011-09-14,WH-London,False,False
2011-09-15,20756,23.0,WH-London,2011-09-08,WH-London,False,False
2011-09-15,84686,50.0,WH_London,2011-09-01,WH-London,False,False
2011-09-15,85040A,69.0,WH-North,,WH-North,False,False
2011-09-15,72800F,68.0,Warehouse North,,WH-North,False,False
2011-09-15,82616C,52.0,Warehouse North,2011-09-05,WH-North,False,False
2011-09-15,21802,60.0,Main,2011-09-09,WH-London,False,False
2011-09-15,20966,53.0,WH-London ,,WH-London,False,False
2011-09-15,21865,81.0,WH-London ,2011-09-04,WH-London,False,False
2011-09-15,23057,33.0,Main,2011-09-03,WH-London,False,False
2011-09-15,90082D,36.0,WH-North,2011-09-13,WH-North,False,False
2011-09-15,22779,70.0,WH-London ,2011-09-12,WH-London,False,False
2011-09-15,21830,97.0,WH-London,2011-09-03,WH-London,False,False
2011-09-15,23334,30.0,WH-London ,2011-09-07,WH-London,False,False
2011-09-17,22087,57.0,,2011-09-16,UNKNOWN,False,False
2011-09-17,23341,38.0,WH_London,2011-09-07,WH-London,False,False
2011-09-17,20974,66.0,Warehouse North,2011-09-06,WH-North,False,False
2011-09-17,20724,0.0,WH-North,2011-09-11,WH-North,False,False
2011-09-17,47593B,39.0,Main,2011-09-08,WH-London,False,False
2011-09-17,22228,32.0,WH_London,2011-09-14,WH-London,False,False
2011-09-17,23189,39.0,Warehouse North,2011-09-05,WH-North,False,False
2011-09-17,35965,-26.0,Warehouse North,2011-09-04,WH-North,True,False
2011-09-17,79163,-110.0,WH_London,2011-09-07,WH-London,True,False
2011-09-17,22114,24.0,WH-London,2011-09-11,WH-London,False,False
2011-09-17,79160,64.0,Warehouse North,2011-09-04,WH-North,False,False
2011-09-17,85231G,,Main,2011-09-16,WH-London,False,True
2011-09-17,85136C,12.0,,2011-09-11,UNKNOWN,False,False
2011-09-17,21195,54.0,WH_London,2011-09-10,WH-London,False,False
2011-09-17,21147,70.0,WH-North,2011-09-15,WH-North,False,False
2011-09-17,21222,17.0,,2011-09-03,UNKNOWN,False,False
2011-09-17,90201C,,Main,2011-09-08,WH-London,False,True
2011-09-17,20731,11.0,WH-North,2011-09-04,WH-North,False,False
2011-09-17,85024C,56.0,WH-London ,2011-09-13,WH-London,False,False
2011-09-17,82616B,18.0,WH_London,2011-09-03,WH-London,False,False
2011-09-17,22098,88.0,WH-London ,2011-09-11,WH-London,False,False
2011-09-17,21504,15.0,Main,2011-09-09,WH-London,False,False
2011-09-17,22272,-66.0,WH-North,2011-09-04,WH-North,True,False
2011-09-17,84849B,96.0,WH-North,2011-09-12,WH-North,False,False
2011-09-17,23272,52.0,,2011-09-10,UNKNOWN,False,False
2011-09-17,79190B,-3.0,WH_London,2011-09-06,WH-London,True,False
2011-09-17,22928,62.0,Warehouse North,2011-09-09,WH-North,False,False
2011-09-17,37471,42.0,WH-London,2011-09-17,WH-London,False,False
2011-09-17,90177A,48.0,WH-London ,2011-09-05,WH-London,False,False
2011-09-17,23458,97.0,WH-London ,2011-09-16,WH-London,False,False
2011-09-17,23085,51.0,WH-North,2011-09-08,WH-North,False,False
2011-09-17,17109D,65.0,Main,2011-09-11,WH-London,False,False
2011-09-17,22066,30.0,Warehouse North,2011-09-03,WH-North,False,False
2011-09-17,90214N,41.0,Warehouse North,2011-09-05,WH-North,False,False
2011-09-17,21670,83.0,Warehouse North,2011-09-14,WH-North,False,False
2011-09-17,22882,54.0,WH-London,2011-09-08,WH-London,False,False
2011-09-17,46000P,58.0,Main,2011-09-12,WH-London,False,False
2011-09-17,22908,80.0,WH_London,2011-09-14,WH-London,False,False
2011-09-17,35819P,98.0,WH_London,,WH-London,False,False
2011-09-17,84989A,-15.0,WH-North,2011-09-11,WH-North,True,False
2011-09-17,16010,35.0,Warehouse North,2011-09-08,WH-North,False,False
2011-09-17,23547,93.0,WH-London ,2011-09-10,WH-London,False,False
2011-09-17,22965,109.0,Main,2011-09-14,WH-London,False,False
2011-09-17,90214C,42.0,WH-London ,2011-09-14,WH-London,False,False
2011-09-17,21281,58.0,WH-North,2011-09-09,WH-North,False,False
2011-09-17,DCGSSBOY,60.0,WH-North,2011-09-16,WH-North,False,False
2011-09-17,72802C,57.0,WH-London,2011-09-09,WH-London,False,False
2011-09-17,22289,57.0,Warehouse North,2011-09-12,WH-North,False,False
2011-09-17,22483,90.0,,2011-09-06,UNKNOWN,False,False
2011-09-17,72225C,-4.0,WH-London,2011-09-04,WH-London,True,False
2011-09-17,20963,30.0,,2011-09-06,UNKNOWN,False,False
2011-09-17,20702,69.0,WH_London,,WH-London,False,False
2011-09-17,21216,35.0,WH-London,2011-09-16,WH-London,False,False
2011-09-17,21265,,,2011-09-11,UNKNOWN,False,True
2011-09-17,82616C,82.0,WH_London,2011-09-17,WH-London,False,False
2011-09-17,20803,-98.0,Warehouse North,2011-09-09,WH-North,True,False
2011-09-17,23234,58.0,Main,2011-09-15,WH-London,False,False
2011-09-17,20996,94.0,Main,2011-09-17,WH-London,False,False
2011-09-17,23440,-54.0,Main,2011-09-07,WH-London,True,False
2011-09-17,90185B,40.0,Warehouse North,2011-09-16,WH-North,False,False
2011-09-17,84631,3.0,WH-London,,WH-London,False,False
2011-09-17,23010,,WH_London,2011-09-17,WH-London,False,True
2011-09-17,21484,50.0,WH-North,2011-09-03,WH-North,False,False
2011-09-17,47591D,50.0,WH-London,2011-09-06,WH-London,False,False
2011-09-17,84746,56.0,Warehouse North,2011-09-17,WH-North,False,False
2011-09-17,15044B,105.0,,2011-09-05,UNKNOWN,False,False
2011-09-17,15036,72.0,WH-London,,WH-London,False,False
2011-09-17,85026B,74.0,WH-London ,,WH-London,False,False
2011-09-17,22156,104.0,WH-London ,2011-09-11,WH-London,False,False
2011-09-17,22470,39.0,WH-North,,WH-North,False,False
2011-09-17,22960,34.0,WH-London,2011-09-11,WH-London,False,False
2011-09-17,22332,86.0,WH-London,2011-09-11,WH-London,False,False
2011-09-17,21791,64.0,WH-London ,2011-09-15,WH-London,False,False
2011-09-17,21662,48.0,WH-London,2011-09-04,WH-London,False,False
2011-09-17,79071B,,WH-London,2011-09-17,WH-London,False,True
2011-09-17,84675,44.0,Main,2011-09-11,WH-London,False,False
2011-09-17,47590B,46.0,WH_London,2011-09-14,WH-London,False,False
2011-09-17,10133,49.0,WH-London,2011-09-11,WH-London,False,False
2011-09-17,85163B,-41.0,Main,2011-09-13,WH-London,True,False
2011-09-17,22216,66.0,,2011-09-06,UNKNOWN,False,False
2011-09-19,23090,72.0,Warehouse North,2011-09-17,WH-North,False,False
2011-09-19,21336,33.0,Warehouse North,2011-09-08,WH-North,False,False
2011-09-19,21222,-77.0,Main,2011-09-18,WH-London,True,False
2011-09-19,15044B,-11.0,WH-North,2011-09-05,WH-North,True,False
2011-09-19,23518,65.0,,2011-09-17,UNKNOWN,False,False
2011-09-19,21484,66.0,WH_London,2011-09-06,WH-London,False,False
2011-09-19,21216,47.0,Warehouse North,2011-09-05,WH-North,False,False
2011-09-19,72800F,51.0,WH-North,2011-09-08,WH-North,False,False
2011-09-19,23619,42.0,WH-North,2011-09-13,WH-North,False,False
2011-09-19,16218,34.0,WH-North,2011-09-11,WH-North,False,False
2011-09-19,22178,50.0,WH-London ,2011-09-05,WH-London,False,False
2011-09-19,22030,33.0,WH_London,2011-09-07,WH-London,False,False
2011-09-19,90214N,-84.0,Warehouse North,2011-09-14,WH-North,True,False
2011-09-19,22070,-13.0,WH_London,,WH-London,True,False
2011-09-19,90065B,45.0,WH-London,2011-09-18,WH-London,False,False
2011-09-19,20756,-7.0,WH-North,,WH-North,True,False
2011-09-19,23234,18.0,WH_London,2011-09-11,WH-London,False,False
2011-09-19,22098,32.0,WH-London ,2011-09-15,WH-London,False,False
2011-09-19,23010,90.0,,2011-09-12,UNKNOWN,False,False
2011-09-19,90067B,-84.0,WH_London,2011-09-14,WH-London,True,False
2011-09-19,23342,52.0,WH-London,2011-09-17,WH-London,False,False
2011-09-19,22470,51.0,,2011-09-17,UNKNOWN,False,False
2011-09-19,21009,81.0,,2011-09-10,UNKNOWN,False,False
2011-09-19,84989A,83.0,Main,2011-09-05,WH-London,False,False
2011-09-19,22560,-32.0,Main,,WH-London,True,False
2011-09-19,16011,70.0,,2011-09-12,UNKNOWN,False,False
2011-09-19,90143,-21.0,,,UNKNOWN,True,False
2011-09-19,21195,38.0,,2011-09-06,UNKNOWN,False,False
2011-09-19,84596J,67.0,,2011-09-19,UNKNOWN,False,False
2011-09-19,21368,30.0,WH-London,,WH-London,False,False
2011-09-19,20702,39.0,Main,2011-09-07,WH-London,False,False
2011-09-19,23458,0.0,WH-London,2011-09-16,WH-London,False,False
2011-09-19,21802,63.0,WH-London ,2011-09-06,WH-London,False,False
2011-09-19,17028J,23.0,Main,2011-09-06,WH-London,False,False
2011-09-19,20771,25.0,WH-London,2011-09-11,WH-London,False,False
2011-09-19,21791,90.0,Warehouse North,2011-09-18,WH-North,False,False
2011-09-19,90177A,29.0,WH-North,2011-09-12,WH-North,False,False
2011-09-19,20963,72.0,Warehouse North,,WH-North,False,False
2011-09-19,85186C,82.0,WH-London,2011-09-06,WH-London,False,False
2011-09-19,16010,77.0,Warehouse North,2011-09-19,WH-North,False,False
2011-09-19,85230F,,,2011-09-06,UNKNOWN,False,True
2011-09-19,20657,37.0,Warehouse North,2011-09-08,WH-North,False,False
2011-09-19,23272,22.0,WH-London,2011-09-12,WH-London,False,False
2011-09-19,82613C,-2.0,WH_London,2011-09-07,WH-London,True,False
2011-09-19,23075,73.0,WH-London ,2011-09-14,WH-London,False,False
2011-09-19,23341,70.0,WH-London ,2011-09-08,WH-London,False,False
2011-09-19,21080,64.0,WH_London,2011-09-09,WH-London,False,False
2011-09-19,84732B,-35.0,Main,2011-09-15,WH-London,True,False
2011-09-19,79163,44.0,WH-London ,2011-09-15,WH-London,False,False
2011-09-19,21265,-68.0,WH-North,2011-09-14,WH-North,True,False
2011-09-19,23093,88.0,WH-London,2011-09-10,WH-London,False,False
2011-09-19,22483,58.0,Warehouse North,,WH-North,False,False
2011-09-19,22637,-55.0,Warehouse North,2011-09-14,WH-North,True,False
2011-09-19,21147,29.0,Main,2011-09-07,WH-London,False,False
2011-09-19,84674,61.0,WH_London,2011-09-13,WH-London,False,False
2011-09-19,90197B,42.0,Warehouse North,2011-09-06,WH-North,False,False
2011-09-19,82616C,28.0,Main,2011-09-12,WH-London,False,False
2011-09-19,90025E,15.0,Main,2011-09-18,WH-London,False,False
2011-09-19,23135,21.0,WH-North,2011-09-16,WH-North,False,False
2011-09-19,90071,59.0,WH-London,2011-09-08,WH-London,False,False
2011-09-19,22779,8.0,,2011-09-07,UNKNOWN,False,False
2011-09-19,84631,41.0,WH-North,2011-09-06,WH-North,False,False
2011-09-19,22248,89.0,WH_London,2011-09-07,WH-London,False,False
2011-09-19,90152C,6.0,WH-North,2011-09-07,WH-North,False,False
2011-09-19,DCGSSBOY,63.0,,2011-09-09,UNKNOWN,False,False
2011-09-19,47469,-66.0,WH-London,2011-09-19,WH-London,True,False
2011-09-19,90152A,41.0,WH_London,2011-09-10,WH-London,False,False
2011-09-19,23440,68.0,WH-North,2011-09-16,WH-North,False,False
2011-09-19,22114,44.0,Warehouse North,,WH-North,False,False
2011-09-19,23204,73.0,WH-London,2011-09-15,WH-London,False,False
2011-09-19,21989,17.0,Main,2011-09-17,WH-London,False,False
2011-09-19,72802C,106.0,Main,2011-09-05,WH-London,False,False
2011-09-19,23057,93.0,WH-London ,,WH-London,False,False
2011-09-19,23068,-16.0,Main,2011-09-12,WH-London,True,False
2011-09-19,23085,85.0,WH-London,2011-09-12,WH-London,False,False
2011-09-19,84805B,32.0,,2011-09-16,UNKNOWN,False,False
2011-09-19,46000P,92.0,WH-London ,2011-09-10,WH-London,False,False
2011-09-19,84789,80.0,WH_London,2011-09-18,WH-London,False,False
2011-09-19,23692,17.0,,2011-09-08,UNKNOWN,False,False
2011-09-19,21830,67.0,WH-London ,2011-09-17,WH-London,False,False
2011-09-21,84789,28.0,WH-London,2011-09-09,WH-London,False,False
2011-09-21,82616B,66.0,,2011-09-07,UNKNOWN,False,False
2011-09-21,DCGSSBOY,51.0,WH-North,2011-09-20,WH-North,False,False
2011-09-21,22098,,WH-North,2011-09-20,WH-North,False,True
2011-09-21,21989,9.0,WH-London ,2011-09-09,WH-London,False,False
2011-09-21,21745,56.0,Main,2011-09-17,WH-London,False,False
2011-09-21,21630,63.0,WH-North,2011-09-13,WH-North,False,False
2011-09-21,90026D,-45.0,,2011-09-13,UNKNOWN,True,False
2011-09-21,85026B,,,2011-09-14,UNKNOWN,False,True
2011-09-21,85040A,,Main,2011-09-09,WH-London,False,True
2011-09-21,21504,17.0,Main,2011-09-15,WH-London,False,False
2011-09-21,22923,72.0,WH-North,2011-09-15,WH-North,False,False
2011-09-21,21802,-14.0,Main,2011-09-15,WH-London,True,False
2011-09-21,84805B,78.0,,,UNKNOWN,False,False
2011-09-21,23272,47.0,WH_London,2011-09-07,WH-London,False,False
2011-09-21,82613C,65.0,,2011-09-19,UNKNOWN,False,False
2011-09-21,84596J,68.0,Main,2011-09-13,WH-London,False,False
2011-09-21,72802C,53.0,Main,2011-09-20,WH-London,False,False
2011-09-21,90161B,-38.0,WH-North,,WH-North,True,False
2011-09-21,47593A,83.0,WH_London,2011-09-08,WH-London,False,False
2011-09-21,22671,-1.0,WH-London,2011-09-15,WH-London,True,False
2011-09-21,85024C,89.0,WH-London ,,WH-London,False,False
2011-09-21,23135,16.0,,2011-09-15,UNKNOWN,False,False
2011-09-21,21188,40.0,,2011-09-17,UNKNOWN,False,False
2011-09-21,20963,92.0,Main,2011-09-16,WH-London,False,False
2011-09-21,23547,116.0,WH_London,2011-09-18,WH-London,False,False
2011-09-21,84856S,55.0,WH-London ,2011-09-07,WH-London,False,False
2011-09-21,84674,-9.0,WH-London,2011-09-20,WH-London,True,False
2011-09-21,23060,75.0,WH-London ,2011-09-11,WH-London,False,False
2011-09-21,72800F,48.0,,2011-09-20,UNKNOWN,False,False
2011-09-21,21484,18.0,Main,2011-09-20,WH-London,False,False
2011-09-21,16218,,WH-London,2011-09-19,WH-London,False,True
2011-09-21,23535,10.0,Warehouse North,2011-09-13,WH-North,False,False
2011-09-21,22575,55.0,,2011-09-17,UNKNOWN,False,False
2011-09-21,22066,22.0,Warehouse North,2011-09-14,WH-North,False,False
2011-09-21,85163B,,WH_London,2011-09-18,WH-London,False,True
2011-09-21,23518,0.0,Main,2011-09-10,WH-London,False,False
2011-09-21,22272,31.0,WH_London,2011-09-08,WH-London,False,False
2011-09-21,90201C,65.0,Warehouse North,2011-09-19,WH-North,False,False
2011-09-21,47590B,87.0,,2011-09-09,UNKNOWN,False,False
2011-09-21,22070,92.0,WH-London,2011-09-17,WH-London,False,False
2011-09-21,85136C,4.0,WH-North,,WH-North,False,False
2011-09-21,90001C,43.0,,2011-09-20,UNKNOWN,False,False
2011-09-21,22289,31.0,WH-London,2011-09-17,WH-London,False,False
2011-09-21,21147,46.0,WH_London,2011-09-07,WH-London,False,False
2011-09-21,44092C,92.0,WH-North,2011-09-09,WH-North,False,False
2011-09-21,21865,54.0,WH-North,2011-09-12,WH-North,False,False
2011-09-21,21135,76.0,WH-North,2011-09-07,WH-North,False,False
2011-09-21,10133,116.0,WH-North,2011-09-14,WH-North,False,False
2011-09-21,22882,3.0,Main,,WH-London,False,False
2011-09-21,81952B,,WH-London,2011-09-16,WH-London,False,True
2011-09-21,23619,67.0,WH_London,,WH-London,False,False
2011-09-21,21281,,Warehouse North,2011-09-10,WH-North,False,True
2011-09-21,22904,81.0,WH-London,2011-09-20,WH-London,False,False
2011-09-21,21428,38.0,WH-London,2011-09-18,WH-London,False,False
2011-09-21,23334,56.0,WH-North,2011-09-17,WH-North,False,False
2011-09-21,21791,27.0,,2011-09-11,UNKNOWN,False,False
2011-09-21,21368,81.0,WH-North,2011-09-17,WH-North,False,False
2011-09-21,23342,51.0,Warehouse North,2011-09-21,WH-North,False,False
2011-09-21,20657,92.0,WH_London,2011-09-11,WH-London,False,False
2011-09-21,90197B,92.0,WH-North,2011-09-17,WH-North,False,False
2011-09-21,23440,11.0,Main,2011-09-18,WH-London,False,False
2011-09-21,21009,96.0,WH_London,2011-09-19,WH-London,False,False
2011-09-21,84732B,77.0,WH-London ,2011-09-16,WH-London,False,False
2011-09-21,84559B,45.0,WH_London,2011-09-17,WH-London,False,False
2011-09-21,90065B,75.0,Warehouse North,2011-09-17,WH-North,False,False
2011-09-21,22210,34.0,WH_London,2011-09-13,WH-London,False,False
2011-09-21,85186C,90.0,Warehouse North,2011-09-15,WH-North,False,False
2011-09-21,81950B,52.0,WH_London,2011-09-19,WH-London,False,False
2011-09-21,84638,76.0,,,UNKNOWN,False,False
2011-09-21,90195B,31.0,WH-London ,2011-09-14,WH-London,False,False
2011-09-21,90185B,58.0,,,UNKNOWN,False,False
2011-09-21,79071B,76.0,WH-London,2011-09-21,WH-London,False,False
2011-09-21,23085,59.0,WH_London,2011-09-16,WH-London,False,False
2011-09-21,23189,,WH_London,2011-09-11,WH-London,False,True
2011-09-21,22715,27.0,WH-North,2011-09-18,WH-North,False,False
2011-09-21,84715,59.0,WH_London,2011-09-10,WH-London,False,False
2011-09-21,90143,27.0,WH-North,2011-09-08,WH-North,False,False
2011-09-21,22114,49.0,WH_London,,WH-London,False,False
2011-09-21,23068,35.0,WH_London,2011-09-21,WH-London,False,False
2011-09-23,22470,43.0,WH-London,2011-09-22,WH-London,False,False
2011-09-23,85230F,-2.0,WH-London ,2011-09-16,WH-London,True,False
2011-09-23,90201C,50.0,WH-North,,WH-North,False,False
2011-09-23,15044B,-46.0,Warehouse North,2011-09-15,WH-North,True,False
2011-09-23,84804A,4.0,WH-London,2011-09-12,WH-London,False,False
2011-09-23,84686,60.0,Warehouse North,2011-09-12,WH-North,False,False
2011-09-23,90185B,74.0,Warehouse North,2011-09-15,WH-North,False,False
2011-09-23,23483,59.0,WH-London ,2011-09-17,WH-London,False,False
2011-09-23,90161B,73.0,WH-London ,2011-09-15,WH-London,False,False
2011-09-23,21630,-34.0,WH-London ,2011-09-14,WH-London,True,False
2011-09-23,84789,43.0,WH_London,,WH-London,False,False
2011-09-23,23471,52.0,WH-London ,2011-09-14,WH-London,False,False
2011-09-23,21195,54.0,Warehouse North,2011-09-15,WH-North,False,False
2011-09-23,90177A,-20.0,WH_London,2011-09-10,WH-London,True,False
2011-09-23,21670,22.0,,2011-09-22,UNKNOWN,False,False
2011-09-23,22095,80.0,WH-London ,2011-09-18,WH-London,False,False
2011-09-23,22905,26.0,WH-London ,2011-09-23,WH-London,False,False
2011-09-23,22228,42.0,WH-London,2011-09-22,WH-London,False,False
2011-09-23,22178,48.0,Warehouse North,2011-09-09,WH-North,False,False
2011-09-23,23204,9.0,WH-London,2011-09-15,WH-London,False,False
2011-09-23,22248,97.0,WH_London,2011-09-18,WH-London,False,False
2011-09-23,46000P,49.0,Main,2011-09-09,WH-London,False,False
2011-09-23,20731,24.0,Warehouse North,2011-09-22,WH-North,False,False
2011-09-23,79163,69.0,Warehouse North,2011-09-19,WH-North,False,False
2011-09-23,81952B,41.0,Main,2011-09-10,WH-London,False,False
2011-09-23,90052,51.0,WH-London,,WH-London,False,False
2011-09-23,20996,92.0,WH-London ,2011-09-17,WH-London,False,False
2011-09-23,20771,33.0,WH-London ,2011-09-13,WH-London,False,False
2011-09-23,23272,84.0,WH-North,2011-09-17,WH-North,False,False
2011-09-23,81950B,39.0,Warehouse North,2011-09-20,WH-North,False,False
2011-09-23,21865,52.0,WH-North,2011-09-23,WH-North,False,False
2011-09-23,20677,59.0,WH-London ,2011-09-17,WH-London,False,False
2011-09-23,90152C,39.0,WH-London ,2011-09-19,WH-London,False,False
2011-09-23,22962,19.0,WH-North,2011-09-14,WH-North,False,False
2011-09-23,90001C,-63.0,Main,2011-09-09,WH-London,True,False
2011-09-23,23458,-83.0,WH-London,2011-09-22,WH-London,True,False
2011-09-23,23440,68.0,Warehouse North,2011-09-17,WH-North,False,False
2011-09-23,84715,67.0,WH-London ,2011-09-14,WH-London,False,False
2011-09-23,90025E,36.0,WH-North,2011-09-19,WH-North,False,False
2011-09-23,23140,70.0,WH-North,2011-09-19,WH-North,False,False
2011-09-23,20974,60.0,,2011-09-11,UNKNOWN,False,False
2011-09-23,20966,75.0,,2011-09-12,UNKNOWN,False,False
2011-09-23,90065B,52.0,,2011-09-10,UNKNOWN,False,False
2011-09-23,78124,67.0,Main,2011-09-22,WH-London,False,False
2011-09-23,84559B,35.0,Warehouse North,,WH-North,False,False
2011-09-23,47593A,70.0,Main,2011-09-10,WH-London,False,False
2011-09-23,90214C,12.0,WH-North,2011-09-22,WH-North,False,False
2011-09-23,22483,39.0,WH-London ,2011-09-12,WH-London,False,False
2011-09-23,23135,29.0,WH-North,2011-09-19,WH-North,False,False
2011-09-23,22575,155.0,WH_London,,WH-London,False,False
2011-09-23,84746,69.0,WH-London ,2011-09-23,WH-London,False,False
2011-09-23,21628,17.0,WH-London,2011-09-09,WH-London,False,False
2011-09-23,85107,8.0,Main,2011-09-14,WH-London,False,False
2011-09-23,21222,-2.0,Warehouse North,,WH-North,True,False
2011-09-23,21216,15.0,WH-London ,2011-09-09,WH-London,False,False
2011-09-23,82616B,24.0,WH-London ,2011-09-19,WH-London,False,False
2011-09-23,16218,20.0,WH-North,2011-09-18,WH-North,False,False
2011-09-23,21377,35.0,WH-London,,WH-London,False,False
2011-09-23,84989A,75.0,Main,2011-09-22,WH-London,False,False
2011-09-23,37467,44.0,WH-London,2011-09-11,WH-London,False,False
2011-09-23,84872A,71.0,WH-North,,WH-North,False,False
2011-09-23,21683,18.0,,2011-09-17,UNKNOWN,False,False
2011-09-23,90152A,38.0,WH-North,2011-09-20,WH-North,False,False
2011-09-23,23334,21.0,WH-London,,WH-London,False,False
2011-09-23,22289,63.0,WH-London ,2011-09-12,WH-London,False,False
2011-09-23,21745,44.0,WH_London,2011-09-23,WH-London,False,False
2011-09-23,85119,103.0,WH-North,2011-09-23,WH-North,False,False
2011-09-23,35965,29.0,Main,2011-09-10,WH-London,False,False
2011-09-23,21802,18.0,Main,2011-09-23,WH-London,False,False
2011-09-23,85024C,58.0,WH_London,2011-09-20,WH-London,False,False
2011-09-23,20756,44.0,WH_London,2011-09-13,WH-London,False,False
2011-09-23,22098,65.0,WH_London,2011-09-22,WH-London,False,False
2011-09-23,23547,48.0,WH-London ,2011-09-20,WH-London,False,False
2011-09-23,23159,-45.0,,2011-09-10,UNKNOWN,True,False
2011-09-23,21281,29.0,Warehouse North,2011-09-10,WH-North,False,False
2011-09-23,22066,41.0,Warehouse North,2011-09-09,WH-North,False,False
2011-09-23,21791,4.0,,2011-09-11,UNKNOWN,False,False
2011-09-23,47591D,85.0,Warehouse North,2011-09-22,WH-North,False,False
2011-09-23,84732B,88.0,WH-London,2011-09-22,WH-London,False,False
2011-09-23,21989,78.0,Main,2011-09-21,WH-London,False,False
2011-09-25,90143,36.0,WH_London,2011-09-19,WH-London,False,False
2011-09-25,22185,,WH-North,2011-09-12,WH-North,False,True
2011-09-25,90152A,64.0,WH_London,2011-09-21,WH-London,False,False
2011-09-25,20724,21.0,Main,2011-09-11,WH-London,False,False
2011-09-25,23518,84.0,,2011-09-25,UNKNOWN,False,False
2011-09-25,23341,-21.0,WH-North,2011-09-24,WH-North,True,False
2011-09-25,22228,36.0,WH-London,2011-09-13,WH-London,False,False
2011-09-25,90195B,18.0,Main,2011-09-22,WH-London,False,False
2011-09-25,85024C,87.0,WH-North,2011-09-24,WH-North,False,False
2011-09-25,15036,82.0,Warehouse North,2011-09-18,WH-North,False,False
2011-09-25,22904,66.0,,2011-09-16,UNKNOWN,False,False
2011-09-25,21159,,WH-London ,,WH-London,False,True
2011-09-25,37424,50.0,,2011-09-23,UNKNOWN,False,False
2011-09-25,22030,68.0,WH-North,2011-09-15,WH-North,False,False
2011-09-25,79190B,2.0,Warehouse North,,WH-North,False,False
2011-09-25,22928,40.0,,2011-09-20,UNKNOWN,False,False
2011-09-25,22216,,Warehouse North,2011-09-21,WH-North,False,True
2011-09-25,84856S,22.0,WH-London ,2011-09-11,WH-London,False,False
2011-09-25,84631,57.0,WH-London ,2011-09-18,WH-London,False,False
2011-09-25,35819P,-9.0,,2011-09-25,UNKNOWN,True,False
2011-09-25,21348,65.0,WH_London,2011-09-19,WH-London,False,False
2011-09-25,21865,36.0,WH-London,2011-09-12,WH-London,False,False
2011-09-25,22560,26.0,Warehouse North,2011-09-16,WH-North,False,False
2011-09-25,81950B,72.0,Main,2011-09-13,WH-London,False,False
2011-09-25,22923,93.0,Warehouse North,2011-09-24,WH-North,False,False
2011-09-25,23189,76.0,WH-North,2011-09-22,WH-North,False,False
2011-09-25,79163,25.0,Warehouse North,2011-09-13,WH-North,False,False
2011-09-25,90152C,70.0,Warehouse North,2011-09-21,WH-North,False,False
2011-09-25,37444C,42.0,WH_London,2011-09-18,WH-London,False,False
2011-09-25,22230,,Warehouse North,2011-09-22,WH-North,False,True
2011-09-25,85135A,56.0,Main,2011-09-11,WH-London,False,False
2011-09-25,84849B,-5.0,,2011-09-25,UNKNOWN,True,False
2011-09-25,84674,42.0,WH-London ,2011-09-17,WH-London,False,False
2011-09-25,72802C,25.0,WH-London,2011-09-16,WH-London,False,False
2011-09-25,21147,26.0,WH-North,2011-09-18,WH-North,False,False
2011-09-25,72800F,40.0,WH-North,2011-09-19,WH-North,False,False
2011-09-25,85026B,58.0,WH-London ,2011-09-16,WH-London,False,False
2011-09-25,90065B,77.0,WH-London,2011-09-11,WH-London,False,False
2011-09-25,47591D,,,2011-09-11,UNKNOWN,False,True
2011-09-25,84715,86.0,WH-London ,2011-09-16,WH-London,False,False
2011-09-25,22087,-1.0,WH-London,2011-09-11,WH-London,True,False
2011-09-25,90052,,WH-London,2011-09-23,WH-London,False,True
2011-09-25,23440,111.0,WH-London ,2011-09-21,WH-London,False,False
2011-09-25,21356,,WH-London ,2011-09-22,WH-London,False,True
2011-09-25,23535,87.0,WH-London ,2011-09-18,WH-London,False,False
2011-09-25,22084,49.0,WH-London,,WH-London,False,False
2011-09-25,15044B,47.0,Main,2011-09-14,WH-London,False,False
2011-09-25,22178,78.0,Main,2011-09-22,WH-London,False,False
2011-09-25,21220,73.0,Main,2011-09-17,WH-London,False,False
2011-09-25,23204,-90.0,WH-London ,,WH-London,True,False
2011-09-25,23234,42.0,WH-North,2011-09-15,WH-North,False,False
2011-09-25,23483,,WH_London,2011-09-21,WH-London,False,True
2011-09-25,90025E,42.0,Main,2011-09-11,WH-London,False,False
2011-09-25,20771,16.0,WH-North,2011-09-14,WH-North,False,False
2011-09-25,16010,55.0,WH-North,,WH-North,False,False
2011-09-25,85040A,45.0,WH-North,2011-09-13,WH-North,False,False
2011-09-25,21670,-6.0,WH_London,2011-09-23,WH-London,True,False
2011-09-25,90001C,83.0,WH-North,2011-09-21,WH-North,False,False
2011-09-25,85230F,54.0,WH_London,2011-09-18,WH-London,False,False
2011-09-25,23611,28.0,Main,2011-09-13,WH-London,False,False
2011-09-25,21080,59.0,WH_London,2011-09-17,WH-London,False,False
2011-09-25,90011C,34.0,WH-London,2011-09-19,WH-London,False,False
2011-09-25,90082D,56.0,WH-London ,2011-09-25,WH-London,False,False
2011-09-25,22289,91.0,WH-London,2011-09-23,WH-London,False,False
2011-09-25,21188,61.0,Main,2011-09-12,WH-London,False,False
2011-09-25,22575,35.0,Warehouse North,,WH-North,False,False
2011-09-25,21135,19.0,WH-London,2011-09-12,WH-London,False,False
2011-09-25,85231G,28.0,,2011-09-14,UNKNOWN,False,False
2011-09-25,21265,74.0,WH_London,2011-09-14,WH-London,False,False
2011-09-25,37467,,WH-London ,,WH-London,False,True
2011-09-25,10133,66.0,WH-North,2011-09-21,WH-North,False,False
2011-09-25,90071,41.0,,2011-09-21,UNKNOWN,False,False
2011-09-25,37471,-21.0,Warehouse North,2011-09-14,WH-North,True,False
2011-09-25,90177A,67.0,WH-North,2011-09-14,WH-North,False,False
2011-09-25,23140,25.0,WH-London ,2011-09-13,WH-London,False,False
2011-09-25,84804A,37.0,Main,2011-09-18,WH-London,False,False
2011-09-25,21683,13.0,Main,2011-09-18,WH-London,False,False
2011-09-25,47590B,-21.0,WH_London,2011-09-23,WH-London,True,False
2011-09-25,23057,-76.0,WH_London,2011-09-18,WH-London,True,False
2011-09-25,20803,-81.0,,2011-09-18,UNKNOWN,True,False
2011-09-27,22228,82.0,Warehouse North,2011-09-18,WH-North,False,False
2011-09-27,23518,82.0,WH_London,2011-09-22,WH-London,False,False
2011-09-27,16048,39.0,Warehouse North,2011-09-17,WH-North,False,False
2011-09-27,84660C,69.0,Warehouse North,2011-09-18,WH-North,False,False
2011-09-27,23440,81.0,,2011-09-21,UNKNOWN,False,False
2011-09-27,84638,23.0,Main,2011-09-23,WH-London,False,False
2011-09-27,22332,55.0,WH_London,2011-09-25,WH-London,False,False
2011-09-27,78124,46.0,WH_London,2011-09-24,WH-London,False,False
2011-09-27,22960,-6.0,WH_London,2011-09-23,WH-London,True,False
2011-09-27,90195B,59.0,WH_London,2011-09-27,WH-London,False,False
2011-09-27,17109D,-28.0,WH-London ,2011-09-18,WH-London,True,False
2011-09-27,20966,-81.0,Main,2011-09-15,WH-London,True,False
2011-09-27,21356,27.0,Warehouse North,2011-09-15,WH-North,False,False
2011-09-27,21281,59.0,WH_London,2011-09-26,WH-London,False,False
2011-09-27,16010,53.0,Warehouse North,2011-09-18,WH-North,False,False
2011-09-27,21080,-1.0,WH-London,2011-09-19,WH-London,True,False
2011-09-27,22210,40.0,WH-London,2011-09-20,WH-London,False,False
2011-09-27,21628,60.0,WH-North,2011-09-17,WH-North,False,False
2011-09-27,84631,80.0,WH_London,2011-09-22,WH-London,False,False
2011-09-27,46000P,50.0,WH_London,,WH-London,False,False
2011-09-27,21222,77.0,WH_London,2011-09-16,WH-London,False,False
2011-09-27,23068,66.0,,2011-09-22,UNKNOWN,False,False
2011-09-27,47469,,WH-London ,2011-09-26,WH-London,False,True
2011-09-27,22087,68.0,Main,,WH-London,False,False
2011-09-27,22560,41.0,WH-North,2011-09-13,WH-North,False,False
2011-09-27,84872A,20.0,WH-London ,2011-09-26,WH-London,False,False
2011-09-27,23085,97.0,Warehouse North,2011-09-22,WH-North,False,False
2011-09-27,21802,73.0,Main,,WH-London,False,False
2011-09-27,22923,47.0,Warehouse North,2011-09-24,WH-North,False,False
2011-09-27,22098,,WH-London ,2011-09-22,WH-London,False,True
2011-09-27,85024C,61.0,WH-London,2011-09-23,WH-London,False,False
2011-09-27,22928,24.0,WH-North,2011-09-18,WH-North,False,False
2011-09-27,79071B,39.0,Warehouse North,2011-09-23,WH-North,False,False
2011-09-27,23234,89.0,WH-London,2011-09-26,WH-London,False,False
2011-09-27,16011,49.0,Warehouse North,2011-09-25,WH-North,False,False
2011-09-27,22230,61.0,WH-London ,2011-09-25,WH-London,False,False
2011-09-27,84804A,87.0,Main,2011-09-23,WH-London,False,False
2011-09-27,23060,49.0,WH_London,2011-09-18,WH-London,False,False
2011-09-27,81952B,22.0,WH-London ,,WH-London,False,False
2011-09-27,90185B,53.0,WH-London ,2011-09-15,WH-London,False,False
2011-09-27,23483,33.0,Main,2011-09-24,WH-London,False,False
2011-09-27,82616B,8.0,Warehouse North,2011-09-25,WH-North,False,False
2011-09-27,22905,74.0,WH-London ,2011-09-15,WH-London,False,False
2011-09-27,DCGSSBOY,42.0,WH_London,2011-09-23,WH-London,False,False
2011-09-27,17028J,-39.0,Main,2011-09-26,WH-London,True,False
2011-09-27,22185,57.0,,2011-09-25,UNKNOWN,False,False
2011-09-27,84849B,-57.0,WH-North,2011-09-19,WH-North,True,False
2011-09-27,22066,108.0,WH_London,2011-09-24,WH-London,False,False
2011-09-27,84675,49.0,Warehouse North,2011-09-26,WH-North,False,False
2011-09-27,22715,82.0,WH-London ,2011-09-24,WH-London,False,False
2011-09-27,90026D,69.0,Warehouse North,2011-09-23,WH-North,False,False
2011-09-27,84805B,-32.0,WH-London,2011-09-17,WH-London,True,False
2011-09-27,37471,-60.0,Warehouse North,2011-09-25,WH-North,True,False
2011-09-27,81950B,45.0,WH-North,2011-09-19,WH-North,False,False
2011-09-27,37444C,29.0,Main,2011-09-26,WH-London,False,False
2011-09-27,20963,34.0,,2011-09-19,UNKNOWN,False,False
2011-09-27,90201C,,WH_London,,WH-London,False,True
2011-09-27,85136C,,,2011-09-20,UNKNOWN,False,True
2011-09-27,84715,49.0,,2011-09-22,UNKNOWN,False,False
2011-09-27,21188,33.0,Warehouse North,2011-09-20,WH-North,False,False
2011-09-27,21865,43.0,WH-London ,2011-09-16,WH-London,False,False
2011-09-27,23334,-6.0,WH-North,2011-09-24,WH-North,True,False
2011-09-27,72225C,19.0,WH_London,2011-09-26,WH-London,False,False
2011-09-27,22114,41.0,WH_London,2011-09-16,WH-London,False,False
2011-09-27,22178,100.0,,2011-09-18,UNKNOWN,False,False
2011-09-27,47593A,68.0,Warehouse North,2011-09-19,WH-North,False,False
2011-09-27,22908,20.0,Main,2011-09-19,WH-London,False,False
2011-09-27,90065B,98.0,Warehouse North,2011-09-18,WH-North,False,False
2011-09-27,47590B,49.0,WH_London,,WH-London,False,False
2011-09-27,84596J,15.0,WH_London,2011-09-13,WH-London,False,False
2011-09-27,37424,-47.0,WH-London,2011-09-22,WH-London,True,False
2011-09-27,85135A,79.0,WH-London ,2011-09-18,WH-London,False,False
2011-09-27,23458,15.0,,2011-09-25,UNKNOWN,False,False
2011-09-27,23342,18.0,WH-London,2011-09-19,WH-London,False,False
2011-09-27,22965,104.0,WH-London ,2011-09-24,WH-London,False,False
2011-09-27,85231G,58.0,Main,2011-09-27,WH-London,False,False
2011-09-27,23159,35.0,Warehouse North,2011-09-16,WH-North,False,False
2011-09-27,85230F,46.0,WH-North,2011-09-23,WH-North,False,False
2011-09-27,21670,58.0,WH-North,2011-09-20,WH-North,False,False
2011-09-27,90143,44.0,Main,2011-09-16,WH-London,False,False
2011-09-29,84732B,90.0,WH_London,2011-09-20,WH-London,False,False
2011-09-29,85135A,52.0,WH-North,2011-09-20,WH-North,False,False
2011-09-29,35819P,69.0,WH-London,2011-09-19,WH-London,False,False
2011-09-29,21802,52.0,Main,2011-09-15,WH-London,False,False
2011-09-29,84631,48.0,WH_London,2011-09-17,WH-London,False,False
2011-09-29,21630,76.0,WH_London,2011-09-21,WH-London,False,False
2011-09-29,79160,77.0,WH-London,2011-09-29,WH-London,False,False
2011-09-29,84686,0.0,Warehouse North,2011-09-19,WH-North,False,False
2011-09-29,22084,49.0,Warehouse North,2011-09-27,WH-North,False,False
2011-09-29,84746,111.0,WH-London,2011-09-26,WH-London,False,False
2011-09-29,22415,36.0,WH-North,2011-09-26,WH-North,False,False
2011-09-29,22030,63.0,,2011-09-20,UNKNOWN,False,False
2011-09-29,90201C,87.0,Main,2011-09-15,WH-London,False,False
2011-09-29,23342,16.0,WH-London ,2011-09-24,WH-London,False,False
2011-09-29,22470,,WH_London,2011-09-22,WH-London,False,True
2011-09-29,82613C,2.0,WH_London,2011-09-17,WH-London,False,False
2011-09-29,23068,53.0,WH-North,2011-09-21,WH-North,False,False
2011-09-29,90025E,61.0,WH_London,2011-09-27,WH-London,False,False
2011-09-29,21222,69.0,Warehouse North,2011-09-27,WH-North,False,False
2011-09-29,22923,97.0,WH-North,2011-09-21,WH-North,False,False
2011-09-29,16011,51.0,Main,2011-09-27,WH-London,False,False
2011-09-29,22905,15.0,,2011-09-18,UNKNOWN,False,False
2011-09-29,23471,23.0,Main,2011-09-17,WH-London,False,False
2011-09-29,90152A,27.0,WH-North,2011-09-15,WH-North,False,False
2011-09-29,23334,56.0,WH-London ,2011-09-24,WH-London,False,False
2011-09-29,23272,120.0,Warehouse North,,WH-North,False,False
2011-09-29,35965,47.0,WH-London ,2011-09-29,WH-London,False,False
2011-09-29,37467,91.0,WH-North,2011-09-18,WH-North,False,False
2011-09-29,23518,46.0,Main,2011-09-23,WH-London,False,False
2011-09-29,90001C,15.0,WH_London,2011-09-28,WH-London,False,False
2011-09-29,47469,25.0,WH-London,2011-09-18,WH-London,False,False
2011-09-29,85230F,28.0,Warehouse North,2011-09-21,WH-North,False,False
2011-09-29,84872A,46.0,WH_London,2011-09-29,WH-London,False,False
2011-09-29,21220,,Warehouse North,2011-09-16,WH-North,False,True
2011-09-29,85024C,30.0,WH-London,2011-09-19,WH-London,False,False
2011-09-29,20677,73.0,,2011-09-15,UNKNOWN,False,False
2011-09-29,84849B,81.0,WH-London,2011-09-17,WH-London,False,False
2011-09-29,37424,-42.0,Warehouse North,2011-09-24,WH-North,True,False
2011-09-29,22099,77.0,,2011-09-18,UNKNOWN,False,False
2011-09-29,23535,-8.0,WH_London,2011-09-29,WH-London,True,False
2011-09-29,21195,20.0,WH-London,,WH-London,False,False
2011-09-29,84804A,74.0,Main,2011-09-17,WH-London,False,False
2011-09-29,21484,,WH-London ,2011-09-22,WH-London,False,True
2011-09-29,22671,116.0,,2011-09-20,UNKNOWN,False,False
2011-09-29,22882,47.0,Main,2011-09-29,WH-London,False,False
2011-09-29,81952B,,WH_London,2011-09-25,WH-London,False,True
2011-09-29,85163B,-100.0,Warehouse North,2011-09-28,WH-North,True,False
2011-09-29,90082D,69.0,WH-London ,2011-09-23,WH-London,False,False
2011-09-29,90071,96.0,Main,2011-09-24,WH-London,False,False
2011-09-29,85136C,32.0,,,UNKNOWN,False,False
2011-09-29,90214C,60.0,Main,2011-09-27,WH-London,False,False
2011-09-29,22715,-23.0,WH-London,2011-09-15,WH-London,True,False
2011-09-29,21188,2.0,,2011-09-20,UNKNOWN,False,False
2011-09-29,21377,72.0,Main,2011-09-20,WH-London,False,False
2011-09-29,20963,36.0,Main,2011-09-17,WH-London,False,False
2011-09-29,21216,20.0,Main,2011-09-24,WH-London,False,False
2011-09-29,22070,8.0,Main,2011-09-23,WH-London,False,False
2011-09-29,22965,-55.0,Warehouse North,2011-09-15,WH-North,True,False
2011-09-29,90011C,51.0,Main,2011-09-23,WH-London,False,False
2011-09-29,22332,35.0,,2011-09-15,UNKNOWN,False,False
2011-09-29,23692,-29.0,Warehouse North,,WH-North,True,False
2011-09-29,21428,72.0,,2011-09-29,UNKNOWN,False,False
2011-09-29,72807B,-24.0,WH-London ,2011-09-18,WH-London,True,False
2011-09-29,85107,68.0,,,UNKNOWN,False,False
2011-09-29,90214N,63.0,Warehouse North,2011-09-25,WH-North,False,False
2011-09-29,16218,13.0,WH-North,2011-09-16,WH-North,False,False
2011-09-29,85026B,-8.0,Warehouse North,2011-09-27,WH-North,True,False
2011-09-29,22087,67.0,WH_London,2011-09-24,WH-London,False,False
2011-09-29,23060,14.0,,,UNKNOWN,False,False
2011-09-29,22272,97.0,WH_London,2011-09-16,WH-London,False,False
2011-09-29,17028J,113.0,,2011-09-27,UNKNOWN,False,False
2011-09-29,22289,62.0,WH-North,2011-09-24,WH-North,False,False
2011-09-29,21009,46.0,WH-London ,2011-09-16,WH-London,False,False
2011-09-29,84805B,43.0,WH-North,2011-09-21,WH-North,False,False
2011-09-29,22114,-1.0,,2011-09-15,UNKNOWN,True,False
2011-09-29,20702,41.0,Main,2011-09-19,WH-London,False,False
2011-09-29,22779,36.0,WH-North,2011-09-15,WH-North,False,False
2011-09-29,22098,30.0,WH-North,2011-09-23,WH-North,False,False
2011-09-29,22637,61.0,,2011-09-18,UNKNOWN,False,False
2011-09-29,21159,53.0,Main,2011-09-17,WH-London,False,False
2011-10-01,90152A,-73.0,,2011-09-19,UNKNOWN,True,False
2011-10-01,22332,36.0,Main,2011-09-17,WH-London,False,False
2011-10-01,85026B,68.0,WH_London,,WH-London,False,False
2011-10-01,47590B,50.0,Main,,WH-London,False,False
2011-10-01,85186C,-67.0,WH-North,2011-09-23,WH-North,True,False
2011-10-01,21356,47.0,,2011-09-20,UNKNOWN,False,False
2011-10-01,79160,103.0,Warehouse North,2011-09-29,WH-North,False,False
2011-10-01,72807B,-23.0,WH_London,2011-09-25,WH-London,True,False
2011-10-01,21504,68.0,,2011-09-18,UNKNOWN,False,False
2011-10-01,21222,75.0,WH_London,2011-09-23,WH-London,False,False
2011-10-01,23341,,Warehouse North,2011-09-24,WH-North,False,True
2011-10-01,21662,104.0,,2011-09-22,UNKNOWN,False,False
2011-10-01,20963,50.0,WH-London,2011-09-24,WH-London,False,False
2011-10-01,84804A,46.0,WH-London,2011-09-18,WH-London,False,False
2011-10-01,21735,61.0,WH-London ,2011-09-21,WH-London,False,False
2011-10-01,23068,76.0,WH-London ,2011-09-23,WH-London,False,False
2011-10-01,22099,53.0,WH_London,2011-09-21,WH-London,False,False
2011-10-01,22637,53.0,,,UNKNOWN,False,False
2011-10-01,23010,75.0,Main,2011-09-29,WH-London,False,False
2011-10-01,22210,79.0,WH-North,2011-09-17,WH-North,False,False
2011-10-01,23085,60.0,WH-London,2011-09-23,WH-London,False,False
2011-10-01,23057,3.0,,2011-09-24,UNKNOWN,False,False
2011-10-01,82613C,19.0,,,UNKNOWN,False,False
2011-10-01,16011,82.0,WH_London,2011-09-23,WH-London,False,False
2011-10-01,23272,41.0,Warehouse North,2011-10-01,WH-North,False,False
2011-10-01,21281,32.0,,2011-09-24,UNKNOWN,False,False
2011-10-01,22030,63.0,Warehouse North,2011-09-28,WH-North,False,False
2011-10-01,37444C,59.0,WH_London,2011-09-25,WH-London,False,False
2011-10-01,23075,-43.0,Warehouse North,2011-09-29,WH-North,True,False
2011-10-01,84732B,72.0,Main,2011-09-18,WH-London,False,False
2011-10-01,20657,11.0,WH_London,2011-09-29,WH-London,False,False
2011-10-01,16010,-1.0,,2011-09-17,UNKNOWN,True,False
2011-10-01,22575,95.0,Warehouse North,2011-09-25,WH-North,False,False
2011-10-01,35819P,16.0,WH-London ,2011-09-27,WH-London,False,False
2011-10-01,21080,5.0,WH-London,2011-09-27,WH-London,False,False
2011-10-01,85184C,40.0,,2011-09-27,UNKNOWN,False,False
2011-10-01,22415,,,2011-09-21,UNKNOWN,False,True
2011-10-01,20803,35.0,WH-North,2011-09-23,WH-North,False,False
2011-10-01,84675,43.0,Main,2011-09-29,WH-London,False,False
2011-10-01,22908,-7.0,Main,2011-09-28,WH-London,True,False
2011-10-01,15044B,,WH_London,2011-09-30,WH-London,False,True
2011-10-01,85231G,4.0,WH-London ,2011-09-20,WH-London,False,False
2011-10-01,21216,50.0,WH_London,2011-09-20,WH-London,False,False
2011-10-01,82616C,-57.0,WH-London ,2011-09-18,WH-London,True,False
2011-10-01,84638,69.0,Main,2011-09-27,WH-London,False,False
2011-10-01,20731,56.0,WH-London ,,WH-London,False,False
2011-10-01,22070,17.0,Main,2011-09-19,WH-London,False,False
2011-10-01,22084,37.0,WH-London,,WH-London,False,False
2011-10-01,22715,28.0,WH-London,2011-09-18,WH-London,False,False
2011-10-01,22098,2.0,WH-London ,2011-09-20,WH-London,False,False
2011-10-01,22216,63.0,Main,2011-10-01,WH-London,False,False
2011-10-01,22323,27.0,WH-North,,WH-North,False,False
2011-10-01,90011C,54.0,Warehouse North,2011-10-01,WH-North,False,False
2011-10-01,21484,46.0,,2011-09-21,UNKNOWN,False,False
2011-10-01,22962,15.0,WH-North,2011-09-24,WH-North,False,False
2011-10-01,22965,13.0,WH-London,2011-09-28,WH-London,False,False
2011-10-01,23518,-39.0,,2011-09-24,UNKNOWN,True,False
2011-10-01,85230F,10.0,WH-North,2011-09-17,WH-North,False,False
2011-10-01,21428,79.0,WH_London,2011-09-17,WH-London,False,False
2011-10-01,72225C,90.0,Main,2011-10-01,WH-London,False,False
2011-10-01,21865,73.0,WH-London,,WH-London,False,False
2011-10-01,84789,60.0,Main,2011-09-30,WH-London,False,False
2011-10-01,23135,51.0,WH_London,,WH-London,False,False
2011-10-01,85163B,18.0,WH-North,2011-09-30,WH-North,False,False
2011-10-01,22066,74.0,WH-North,2011-09-26,WH-North,False,False
2011-10-01,22671,91.0,WH-London,2011-09-24,WH-London,False,False
2011-10-01,17028J,-39.0,WH-North,2011-09-20,WH-North,True,False
2011-10-01,21989,48.0,WH-London ,2011-09-30,WH-London,False,False
2011-10-01,15036,25.0,,2011-09-27,UNKNOWN,False,False
2011-10-01,90071,40.0,WH-London ,2011-09-23,WH-London,False,False
2011-10-01,90001C,12.0,Warehouse North,2011-09-23,WH-North,False,False
2011-10-01,90214N,41.0,Main,,WH-London,False,False
2011-10-01,72232,62.0,Warehouse North,2011-09-26,WH-North,False,False
2011-10-01,22156,59.0,WH-London,2011-09-28,WH-London,False,False
2011-10-01,90197B,57.0,WH-North,2011-09-28,WH-North,False,False
2011-10-01,21791,23.0,WH-London,2011-09-24,WH-London,False,False
2011-10-01,23089,51.0,WH_London,,WH-London,False,False
2011-10-01,90052,68.0,WH-London,2011-10-01,WH-London,False,False
2011-10-01,21830,49.0,,,UNKNOWN,False,False
2011-10-01,85024C,84.0,WH-London,2011-09-30,WH-London,False,False
2011-10-03,22323,-47.0,Main,2011-09-29,WH-London,True,False
2011-10-03,72225C,61.0,Warehouse North,2011-09-29,WH-North,False,False
2011-10-03,22228,19.0,WH-London ,2011-09-19,WH-London,False,False
2011-10-03,90025E,67.0,WH_London,2011-09-28,WH-London,False,False
2011-10-03,20657,73.0,Main,2011-09-29,WH-London,False,False
2011-10-03,22962,28.0,WH_London,2011-10-01,WH-London,False,False
2011-10-03,16048,7.0,WH-London,2011-09-19,WH-London,False,False
2011-10-03,22084,36.0,WH-London ,2011-09-19,WH-London,False,False
2011-10-03,10133,20.0,Main,2011-09-30,WH-London,False,False
2011-10-03,23189,67.0,WH-London ,,WH-London,False,False
2011-10-03,21802,35.0,,2011-10-02,UNKNOWN,False,False
2011-10-03,22178,-71.0,,2011-10-01,UNKNOWN,True,False
2011-10-03,22030,3.0,Main,2011-09-26,WH-London,False,False
2011-10-03,21484,25.0,WH-North,2011-10-02,WH-North,False,False
2011-10-03,81952B,27.0,WH_London,2011-10-01,WH-London,False,False
2011-10-03,21745,58.0,Main,2011-10-02,WH-London,False,False
2011-10-03,21147,,WH-North,2011-09-23,WH-North,False,True
2011-10-03,21216,41.0,WH-North,2011-09-19,WH-North,False,False
2011-10-03,21080,,,2011-09-30,UNKNOWN,False,True
2011-10-03,21504,60.0,WH-London,2011-09-24,WH-London,False,False
2011-10-03,84638,51.0,Warehouse North,2011-10-03,WH-North,False,False
2011-10-03,22156,21.0,Main,2011-10-01,WH-London,False,False
2011-10-03,23057,-17.0,,2011-09-23,UNKNOWN,True,False
2011-10-03,22099,26.0,WH-London ,2011-09-28,WH-London,False,False
2011-10-03,90201C,11.0,WH-North,2011-09-25,WH-North,False,False
2011-10-03,23085,13.0,WH-North,2011-10-03,WH-North,False,False
2011-10-03,22671,27.0,Main,2011-09-23,WH-London,False,False
2011-10-03,21356,74.0,WH-North,,WH-North,False,False
2011-10-03,23090,11.0,WH-London,2011-09-29,WH-London,False,False
2011-10-03,15044B,-5.0,WH-London ,2011-09-19,WH-London,True,False
2011-10-03,23234,32.0,,2011-09-29,UNKNOWN,False,False
2011-10-03,85184C,,,2011-09-24,UNKNOWN,False,True
2011-10-03,85135A,39.0,WH-London,2011-09-24,WH-London,False,False
2011-10-03,23471,-30.0,WH_London,2011-10-01,WH-London,True,False
2011-10-03,90177A,42.0,,2011-09-24,UNKNOWN,False,False
2011-10-03,72232,56.0,Warehouse North,2011-09-24,WH-North,False,False
2011-10-03,23518,23.0,WH-London ,2011-09-30,WH-London,False,False
2011-10-03,23089,80.0,WH-London,2011-09-24,WH-London,False,False
2011-10-03,20974,44.0,Warehouse North,2011-09-25,WH-North,False,False
2011-10-03,22715,79.0,WH-London,2011-09-20,WH-London,False,False
2011-10-03,21265,57.0,WH_London,2011-09-28,WH-London,False,False
2011-10-03,84849B,12.0,Main,2011-09-30,WH-London,False,False
2011-10-03,37424,-8.0,Warehouse North,2011-09-29,WH-North,True,False
2011-10-03,47469,81.0,WH-North,2011-10-02,WH-North,False,False
2011-10-03,21222,22.0,Main,2011-09-27,WH-London,False,False
2011-10-03,23334,47.0,,2011-09-23,UNKNOWN,False,False
2011-10-03,23272,31.0,,2011-09-24,UNKNOWN,False,False
2011-10-03,72802C,-90.0,Main,2011-09-28,WH-London,True,False
2011-10-03,85231G,,WH-London,2011-10-02,WH-London,False,True
2011-10-03,20996,,WH-London ,2011-09-30,WH-London,False,True
2011-10-03,85026B,42.0,Main,2011-09-27,WH-London,False,False
2011-10-03,22095,-83.0,WH-North,2011-09-28,WH-North,True,False
2011-10-03,22483,23.0,WH-North,2011-09-28,WH-North,False,False
2011-10-03,20731,-3.0,WH_London,2011-10-03,WH-London,True,False
2011-10-03,21662,71.0,WH-North,2011-09-29,WH-North,False,False
2011-10-03,44092C,20.0,,2011-09-21,UNKNOWN,False,False
2011-10-03,78124,0.0,WH_London,2011-09-22,WH-London,False,False
2011-10-03,22965,21.0,WH-London ,2011-09-30,WH-London,False,False
2011-10-03,84631,56.0,,,UNKNOWN,False,False
2011-10-03,90052,-61.0,,2011-09-30,UNKNOWN,True,False
2011-10-03,90067B,,Warehouse North,2011-09-24,WH-North,False,True
2011-10-03,23068,17.0,Warehouse North,2011-09-27,WH-North,False,False
2011-10-03,22415,75.0,WH-London ,2011-09-19,WH-London,False,False
2011-10-03,84675,-70.0,Warehouse North,,WH-North,True,False
2011-10-03,22779,62.0,WH-London,2011-09-23,WH-London,False,False
2011-10-03,90143,16.0,Main,2011-09-21,WH-London,False,False
2011-10-03,23483,30.0,WH-London ,2011-09-21,WH-London,False,False
2011-10-03,72800F,58.0,,2011-09-29,UNKNOWN,False,False
2011-10-03,23535,66.0,WH-London ,,WH-London,False,False
2011-10-03,23619,18.0,,2011-09-21,UNKNOWN,False,False
2011-10-03,21628,101.0,Main,2011-10-02,WH-London,False,False
2011-10-03,35965,44.0,WH_London,2011-10-01,WH-London,False,False
2011-10-03,20771,77.0,WH-London ,2011-10-03,WH-London,False,False
2011-10-03,22560,11.0,WH-North,2011-09-23,WH-North,False,False
2011-10-03,84789,55.0,WH-North,2011-09-29,WH-North,False,False
2011-10-03,20963,11.0,WH_London,2011-10-01,WH-London,False,False
2011-10-03,21368,-53.0,WH-London,2011-09-27,WH-London,True,False
2011-10-03,21195,62.0,WH-London ,2011-09-22,WH-London,False,False
2011-10-03,20756,64.0,WH-North,2011-09-29,WH-North,False,False
2011-10-03,22087,26.0,Warehouse North,2011-10-02,WH-North,False,False
2011-10-05,84856S,-5.0,WH_London,2011-10-01,WH-London,True,False
2011-10-05,21080,58.0,WH-North,2011-09-29,WH-North,False,False
2011-10-05,20963,37.0,WH-London ,2011-09-30,WH-London,False,False
2011-10-05,20724,37.0,WH-London,2011-10-03,WH-London,False,False
2011-10-05,22185,21.0,WH_London,2011-10-01,WH-London,False,False
2011-10-05,21356,47.0,WH-London,2011-10-01,WH-London,False,False
2011-10-05,37424,48.0,Main,2011-09-26,WH-London,False,False
2011-10-05,85184C,80.0,WH-North,2011-09-29,WH-North,False,False
2011-10-05,21745,-11.0,WH-North,2011-09-29,WH-North,True,False
2011-10-05,20771,9.0,,2011-10-02,UNKNOWN,False,False
2011-10-05,21802,62.0,WH-London ,2011-09-27,WH-London,False,False
2011-10-05,21484,-16.0,,2011-09-22,UNKNOWN,True,False
2011-10-05,22087,27.0,Warehouse North,2011-09-26,WH-North,False,False
2011-10-05,84674,-120.0,Warehouse North,2011-09-21,WH-North,True,False
2011-10-05,21265,40.0,WH-London ,2011-09-28,WH-London,False,False
2011-10-05,23010,70.0,WH-North,2011-09-24,WH-North,False,False
2011-10-05,23093,-1.0,WH-London,2011-09-23,WH-London,True,False
2011-10-05,22156,70.0,WH_London,,WH-London,False,False
2011-10-05,47593B,37.0,WH_London,2011-10-03,WH-London,False,False
2011-10-05,72800F,57.0,WH_London,2011-09-28,WH-London,False,False
2011-10-05,82616B,65.0,WH_London,2011-09-21,WH-London,False,False
2011-10-05,16048,33.0,WH-London ,2011-09-25,WH-London,False,False
2011-10-05,22098,63.0,WH_London,2011-09-29,WH-London,False,False
2011-10-05,85119,15.0,WH-North,2011-10-01,WH-North,False,False
2011-10-05,21336,50.0,Main,2011-09-23,WH-London,False,False
2011-10-05,23068,64.0,WH_London,2011-10-01,WH-London,False,False
2011-10-05,84804A,,WH-North,2011-09-24,WH-North,False,True
2011-10-05,10133,20.0,WH-London ,2011-09-22,WH-London,False,False
2011-10-05,22210,35.0,Main,2011-09-24,WH-London,False,False
2011-10-05,84989A,81.0,,2011-09-23,UNKNOWN,False,False
2011-10-05,90082D,77.0,Warehouse North,2011-10-03,WH-North,False,False
2011-10-05,23272,71.0,WH-North,2011-10-01,WH-North,False,False
2011-10-05,23159,95.0,Main,2011-09-26,WH-London,False,False
2011-10-05,22323,50.0,WH-London ,2011-09-21,WH-London,False,False
2011-10-05,22882,55.0,WH_London,2011-10-04,WH-London,False,False
2011-10-05,84715,-9.0,Warehouse North,2011-09-22,WH-North,True,False
2011-10-05,90025E,22.0,,2011-09-21,UNKNOWN,False,False
2011-10-05,85107,-65.0,WH-London ,2011-10-03,WH-London,True,False
2011-10-05,21159,76.0,WH-London ,2011-09-21,WH-London,False,False
2011-10-05,17109D,11.0,Main,2011-09-22,WH-London,False,False
2011-10-05,90071,47.0,WH-London,,WH-London,False,False
2011-10-05,21216,,,2011-10-03,UNKNOWN,False,True
2011-10-05,22904,47.0,Main,2011-09-30,WH-London,False,False
2011-10-05,23140,-93.0,WH-London ,2011-09-22,WH-London,True,False
2011-10-05,21348,,,2011-10-03,UNKNOWN,False,True
2011-10-05,85230F,66.0,WH_London,2011-09-23,WH-London,False,False
2011-10-05,21368,22.0,WH-London,2011-09-22,WH-London,False,False
2011-10-05,21222,1.0,WH_London,2011-09-28,WH-London,False,False
2011-10-05,84631,-71.0,WH-London ,2011-10-05,WH-London,True,False
2011-10-05,20756,59.0,WH_London,2011-09-30,WH-London,False,False
2011-10-05,23234,51.0,WH-London,2011-10-03,WH-London,False,False
2011-10-05,23483,10.0,,2011-10-03,UNKNOWN,False,False
2011-10-05,21662,39.0,WH-London,,WH-London,False,False
2011-10-05,22228,31.0,,2011-09-23,UNKNOWN,False,False
2011-10-05,21630,34.0,WH-North,2011-10-03,WH-North,False,False
2011-10-05,22084,56.0,Main,2011-10-04,WH-London,False,False
2011-10-05,20966,71.0,WH-London ,2011-10-03,WH-London,False,False
2011-10-05,84675,58.0,Main,2011-09-26,WH-London,False,False
2011-10-05,84638,55.0,WH-London,2011-10-04,WH-London,False,False
2011-10-05,79190B,53.0,WH_London,2011-10-03,WH-London,False,False
2011-10-05,20803,,WH-North,2011-09-25,WH-North,False,True
2011-10-05,84559B,25.0,WH-London ,2011-09-22,WH-London,False,False
2011-10-05,22575,51.0,Main,2011-09-25,WH-London,False,False
2011-10-05,16010,72.0,Main,2011-09-25,WH-London,False,False
2011-10-05,23547,46.0,,2011-09-22,UNKNOWN,False,False
2011-10-05,84805B,22.0,Main,2011-10-04,WH-London,False,False
2011-10-05,84660C,14.0,,2011-09-22,UNKNOWN,False,False
2011-10-05,47591D,21.0,Main,2011-09-30,WH-London,False,False
2011-10-05,23341,15.0,,2011-09-29,UNKNOWN,False,False
2011-10-05,22272,136.0,WH-London,2011-10-04,WH-London,False,False
2011-10-05,78124,,WH_London,2011-09-21,WH-London,False,True
2011-10-05,72802C,48.0,Main,,WH-London,False,False
2011-10-05,72807B,47.0,WH-London ,2011-10-05,WH-London,False,False
2011-10-05,85040A,92.0,WH-London ,2011-09-24,WH-London,False,False
2011-10-05,DCGSSBOY,62.0,WH_London,2011-09-24,WH-London,False,False
2011-10-05,35965,62.0,WH-North,2011-09-30,WH-North,False,False
2011-10-05,90197B,55.0,WH-London ,,WH-London,False,False
2011-10-05,21135,58.0,WH_London,2011-09-24,WH-London,False,False
2011-10-05,79163,59.0,Main,2011-09-22,WH-London,False,False
2011-10-05,82613C,-31.0,Warehouse North,2011-09-21,WH-North,True,False
2011-10-07,85026B,22.0,Warehouse North,2011-09-24,WH-North,False,False
2011-10-07,21222,51.0,WH-London ,2011-09-29,WH-London,False,False
2011-10-07,84674,33.0,WH-London ,2011-10-02,WH-London,False,False
2011-10-07,22904,55.0,Main,2011-09-28,WH-London,False,False
2011-10-07,21147,17.0,Warehouse North,2011-09-27,WH-North,False,False
2011-10-07,22715,5.0,,2011-09-25,UNKNOWN,False,False
2011-10-07,22671,11.0,,2011-09-27,UNKNOWN,False,False
2011-10-07,21670,47.0,WH-North,2011-10-04,WH-North,False,False
2011-10-07,21989,1.0,WH-North,2011-10-01,WH-North,False,False
2011-10-07,23204,108.0,WH_London,,WH-London,False,False
2011-10-07,21683,108.0,,2011-09-28,UNKNOWN,False,False
2011-10-07,47469,76.0,WH_London,2011-10-03,WH-London,False,False
2011-10-07,37467,38.0,,2011-09-24,UNKNOWN,False,False
2011-10-07,22228,35.0,WH-North,2011-09-25,WH-North,False,False
2011-10-07,20803,58.0,WH-North,2011-10-02,WH-North,False,False
2011-10-07,79160,67.0,WH-London,2011-09-29,WH-London,False,False
2011-10-07,23089,58.0,Main,2011-09-26,WH-London,False,False
2011-10-07,85163B,10.0,WH-North,2011-10-03,WH-North,False,False
2011-10-07,22905,44.0,WH-North,2011-09-28,WH-North,False,False
2011-10-07,23342,65.0,WH-North,2011-09-24,WH-North,False,False
2011-10-07,21662,-20.0,WH-North,2011-10-01,WH-North,True,False
2011-10-07,22965,,WH_London,2011-10-02,WH-London,False,True
2011-10-07,85230F,65.0,WH-North,2011-09-24,WH-North,False,False
2011-10-07,22230,40.0,,2011-09-26,UNKNOWN,False,False
2011-10-07,85107,40.0,WH-London ,2011-09-24,WH-London,False,False
2011-10-07,79190B,83.0,WH-London,,WH-London,False,False
2011-10-07,90065B,48.0,Main,2011-10-05,WH-London,False,False
2011-10-07,16010,35.0,WH-London,2011-09-29,WH-London,False,False
2011-10-07,22575,40.0,Warehouse North,2011-10-06,WH-North,False,False
2011-10-07,84856S,41.0,Warehouse North,2011-09-23,WH-North,False,False
2011-10-07,82616C,24.0,,2011-10-04,UNKNOWN,False,False
2011-10-07,90071,-43.0,WH_London,2011-09-24,WH-London,True,False
2011-10-07,21504,15.0,Main,2011-10-06,WH-London,False,False
2011-10-07,21628,40.0,WH-London,2011-09-23,WH-London,False,False
2011-10-07,16011,34.0,Main,2011-10-01,WH-London,False,False
2011-10-07,23272,56.0,WH_London,2011-09-26,WH-London,False,False
2011-10-07,22470,95.0,WH_London,2011-10-05,WH-London,False,False
2011-10-07,22637,57.0,,2011-10-01,UNKNOWN,False,False
2011-10-07,17028J,53.0,Warehouse North,2011-10-03,WH-North,False,False
2011-10-07,23060,57.0,WH-London,2011-09-23,WH-London,False,False
2011-10-07,20731,24.0,Warehouse North,2011-09-25,WH-North,False,False
2011-10-07,20677,71.0,WH_London,,WH-London,False,False
2011-10-07,23140,62.0,WH_London,2011-10-06,WH-London,False,False
2011-10-07,16048,48.0,Warehouse North,2011-10-01,WH-North,False,False
2011-10-07,21865,60.0,WH-London ,2011-10-05,WH-London,False,False
2011-10-07,35819P,59.0,Warehouse North,2011-10-04,WH-North,False,False
2011-10-07,23440,59.0,WH-North,2011-09-29,WH-North,False,False
2011-10-07,15036,79.0,Warehouse North,2011-09-29,WH-North,False,False
2011-10-07,22960,27.0,Main,2011-09-30,WH-London,False,False
2011-10-07,22178,89.0,,2011-09-26,UNKNOWN,False,False
2011-10-07,20974,1.0,WH-London,2011-09-30,WH-London,False,False
2011-10-07,90001C,69.0,Warehouse North,2011-09-27,WH-North,False,False
2011-10-07,22332,-55.0,,2011-10-07,UNKNOWN,True,False
2011-10-07,21159,21.0,Main,2011-10-06,WH-London,False,False
2011-10-07,84686,80.0,,2011-09-23,UNKNOWN,False,False
2011-10-07,90195B,-4.0,WH-North,2011-09-27,WH-North,True,False
2011-10-07,22962,-98.0,WH-London,2011-10-03,WH-London,True,False
2011-10-07,10133,117.0,Main,2011-10-07,WH-London,False,False
2011-10-07,21368,45.0,WH_London,2011-09-23,WH-London,False,False
2011-10-07,90025E,19.0,Main,,WH-London,False,False
2011-10-07,90197B,32.0,WH-London ,2011-09-23,WH-London,False,False
2011-10-07,22084,79.0,Warehouse North,2011-10-05,WH-North,False,False
2011-10-07,84804A,40.0,,2011-09-30,UNKNOWN,False,False
2011-10-07,22923,-38.0,WH_London,2011-10-01,WH-London,True,False
2011-10-07,85184C,61.0,WH-London,2011-09-27,WH-London,False,False
2011-10-07,84732B,,Warehouse North,2011-09-30,WH-North,False,True
2011-10-07,22908,65.0,Main,2011-10-01,WH-London,False,False
2011-10-07,84849B,70.0,WH-London,2011-09-30,WH-London,False,False
2011-10-07,22928,98.0,,2011-09-30,UNKNOWN,False,False
2011-10-07,21348,43.0,WH-London,2011-10-05,WH-London,False,False
2011-10-07,20756,101.0,,2011-10-05,UNKNOWN,False,False
2011-10-07,21830,45.0,WH-North,2011-09-24,WH-North,False,False
2011-10-07,72232,83.0,WH-London ,2011-10-03,WH-London,False,False
2011-10-07,22070,45.0,Warehouse North,2011-09-26,WH-North,False,False
2011-10-07,37444C,111.0,WH_London,2011-09-27,WH-London,False,False
2011-10-07,90067B,-69.0,WH_London,2011-09-30,WH-London,True,False
2011-10-07,21265,47.0,WH-North,2011-09-29,WH-North,False,False
2011-10-07,23010,,WH-London,2011-10-04,WH-London,False,True
2011-10-07,23341,56.0,Main,2011-09-30,WH-London,False,False
2011-10-07,84989A,-25.0,WH-London ,2011-09-24,WH-London,True,False
2011-10-09,21216,63.0,WH-North,2011-10-02,WH-North,False,False
2011-10-09,23458,69.0,,2011-09-26,UNKNOWN,False,False
2011-10-09,23159,81.0,WH_London,2011-10-01,WH-London,False,False
2011-10-09,23341,66.0,WH-North,,WH-North,False,False
2011-10-09,90214N,52.0,Main,2011-10-09,WH-London,False,False
2011-10-09,22070,89.0,WH-North,2011-10-03,WH-North,False,False
2011-10-09,23093,-93.0,WH_London,2011-10-02,WH-London,True,False
2011-10-09,22228,18.0,WH_London,2011-09-29,WH-London,False,False
2011-10-09,20731,102.0,WH-London ,,WH-London,False,False
2011-10-09,23483,86.0,WH-London,2011-09-26,WH-London,False,False
2011-10-09,22030,24.0,WH-London ,2011-10-02,WH-London,False,False
2011-10-09,23085,-6.0,WH-London ,2011-10-01,WH-London,True,False
2011-10-09,90065B,86.0,,2011-09-30,UNKNOWN,False,False
2011-10-09,DCGSSBOY,56.0,WH-London,2011-09-29,WH-London,False,False
2011-10-09,15036,36.0,WH_London,2011-09-26,WH-London,False,False
2011-10-09,20724,59.0,WH-London,2011-10-03,WH-London,False,False
2011-10-09,22470,85.0,,2011-10-07,UNKNOWN,False,False
2011-10-09,47593A,-10.0,Main,2011-10-04,WH-London,True,False
2011-10-09,21009,53.0,Main,2011-09-25,WH-London,False,False
2011-10-09,84856S,51.0,WH-North,2011-10-08,WH-North,False,False
2011-10-09,84849B,94.0,WH-London,2011-10-07,WH-London,False,False
2011-10-09,22114,74.0,WH-London ,2011-09-29,WH-London,False,False
2011-10-09,82616B,,WH_London,2011-10-05,WH-London,False,True
2011-10-09,22962,36.0,Main,2011-10-08,WH-London,False,False
2011-10-09,79190B,70.0,Warehouse North,2011-09-28,WH-North,False,False
2011-10-09,72232,,Main,2011-09-30,WH-London,False,True
2011-10-09,85163B,46.0,Warehouse North,2011-10-05,WH-North,False,False
2011-10-09,21802,67.0,Main,2011-10-06,WH-London,False,False
2011-10-09,35819P,52.0,Warehouse North,2011-10-03,WH-North,False,False
2011-10-09,22084,59.0,Main,2011-09-29,WH-London,False,False
2011-10-09,21195,89.0,WH-London ,2011-10-03,WH-London,False,False
2011-10-09,21830,39.0,Main,2011-10-08,WH-London,False,False
2011-10-09,21745,18.0,WH-London ,,WH-London,False,False
2011-10-09,22323,22.0,Warehouse North,2011-10-03,WH-North,False,False
2011-10-09,37444C,16.0,WH-London,2011-10-03,WH-London,False,False
2011-10-09,22483,,WH_London,,WH-London,False,True
2011-10-09,16010,69.0,WH-London ,,WH-London,False,False
2011-10-09,81950B,82.0,WH_London,2011-09-28,WH-London,False,False
2011-10-09,22289,-76.0,WH-North,2011-09-25,WH-North,True,False
2011-10-09,21368,44.0,Warehouse North,2011-10-01,WH-North,False,False
2011-10-09,35965,98.0,WH-London,2011-09-25,WH-London,False,False
2011-10-09,21865,29.0,Warehouse North,2011-10-04,WH-North,False,False
2011-10-09,90195B,110.0,Main,2011-10-05,WH-London,False,False
2011-10-09,20974,53.0,Warehouse North,2011-09-28,WH-North,False,False
2011-10-09,21080,103.0,WH-London ,,WH-London,False,False
2011-10-09,23234,-18.0,Warehouse North,,WH-North,True,False
2011-10-09,23135,37.0,Main,2011-09-26,WH-London,False,False
2011-10-09,85026B,1.0,WH-London ,2011-10-04,WH-London,False,False
2011-10-09,22216,-81.0,WH-London ,2011-10-02,WH-London,True,False
2011-10-09,21428,-57.0,,2011-09-27,UNKNOWN,True,False
2011-10-09,90011C,110.0,WH-London ,2011-10-01,WH-London,False,False
2011-10-09,22087,35.0,WH_London,2011-10-09,WH-London,False,False
2011-10-09,23189,90.0,WH-North,,WH-North,False,False
2011-10-09,23518,52.0,Warehouse North,2011-09-30,WH-North,False,False
2011-10-09,21265,47.0,WH-North,2011-10-06,WH-North,False,False
2011-10-09,21989,-41.0,Main,2011-09-26,WH-London,True,False
2011-10-09,90143,-24.0,Main,2011-10-04,WH-London,True,False
2011-10-09,90026D,61.0,WH-North,2011-09-28,WH-North,False,False
2011-10-09,90152C,56.0,WH_London,2011-10-02,WH-London,False,False
2011-10-09,23611,2.0,Main,,WH-London,False,False
2011-10-09,22928,25.0,WH_London,2011-10-09,WH-London,False,False
2011-10-09,23547,40.0,Warehouse North,2011-10-04,WH-North,False,False
2011-10-09,21670,84.0,WH-North,2011-09-30,WH-North,False,False
2011-10-09,22230,56.0,WH-London ,2011-10-06,WH-London,False,False
2011-10-09,85186C,10.0,WH-London,2011-10-04,WH-London,False,False
2011-10-09,22066,-3.0,WH-London ,2011-09-27,WH-London,True,False
2011-10-09,23057,84.0,,2011-10-01,UNKNOWN,False,False
2011-10-09,84804A,0.0,Main,2011-10-02,WH-London,False,False
2011-10-09,21135,72.0,WH-North,,WH-North,False,False
2011-10-09,90201C,67.0,WH_London,2011-09-27,WH-London,False,False
2011-10-09,21735,99.0,WH-North,2011-10-05,WH-North,False,False
2011-10-09,90161B,31.0,WH-London,2011-10-05,WH-London,False,False
2011-10-09,23010,78.0,,2011-10-06,UNKNOWN,False,False
2011-10-09,20657,91.0,WH_London,2011-10-02,WH-London,False,False
2011-10-09,46000P,9.0,Main,2011-10-05,WH-London,False,False
2011-10-09,23535,53.0,WH_London,2011-10-03,WH-London,False,False
2011-10-09,21630,48.0,WH_London,2011-10-02,WH-London,False,False
2011-10-09,22415,18.0,Main,2011-09-27,WH-London,False,False
2011-10-09,22671,57.0,WH_London,2011-10-06,WH-London,False,False
2011-10-09,23075,14.0,WH-London ,2011-10-03,WH-London,False,False
2011-10-11,47590B,61.0,Main,2011-10-06,WH-London,False,False
2011-10-11,23075,115.0,,,UNKNOWN,False,False
2011-10-11,22470,43.0,Warehouse North,2011-10-02,WH-North,False,False
2011-10-11,78124,47.0,Warehouse North,2011-10-03,WH-North,False,False
2011-10-11,90197B,92.0,,2011-10-04,UNKNOWN,False,False
2011-10-11,22216,87.0,Warehouse North,2011-09-30,WH-North,False,False
2011-10-11,21368,31.0,WH-North,,WH-North,False,False
2011-10-11,84732B,70.0,,2011-10-03,UNKNOWN,False,False
2011-10-11,84715,-38.0,WH-London,,WH-London,True,False
2011-10-11,84872A,19.0,WH-London ,2011-10-01,WH-London,False,False
2011-10-11,22084,82.0,,2011-10-11,UNKNOWN,False,False
2011-10-11,22099,34.0,,2011-10-01,UNKNOWN,False,False
2011-10-11,82616B,43.0,WH_London,2011-09-27,WH-London,False,False
2011-10-11,90177A,22.0,Warehouse North,2011-10-01,WH-North,False,False
2011-10-11,22210,17.0,WH-London,2011-09-27,WH-London,False,False
2011-10-11,21348,-24.0,Main,2011-10-07,WH-London,True,False
2011-10-11,84596J,,WH-North,2011-10-01,WH-North,False,True
2011-10-11,21504,63.0,WH-North,2011-09-27,WH-North,False,False
2011-10-11,22030,57.0,Warehouse North,2011-09-29,WH-North,False,False
2011-10-11,90026D,25.0,WH-North,,WH-North,False,False
2011-10-11,21791,7.0,WH-London ,2011-09-28,WH-London,False,False
2011-10-11,85230F,38.0,WH-London,2011-09-29,WH-London,False,False
2011-10-11,22483,10.0,Warehouse North,2011-09-29,WH-North,False,False
2011-10-11,22178,26.0,WH_London,2011-10-03,WH-London,False,False
2011-10-11,81950B,53.0,WH_London,2011-10-02,WH-London,False,False
2011-10-11,22098,23.0,WH-London ,,WH-London,False,False
2011-10-11,84660C,88.0,WH-London ,2011-10-02,WH-London,False,False
2011-10-11,22715,18.0,WH-London,2011-10-01,WH-London,False,False
2011-10-11,21484,31.0,WH_London,2011-09-30,WH-London,False,False
2011-10-11,21377,75.0,WH-North,2011-10-10,WH-North,False,False
2011-10-11,23089,,WH_London,2011-09-27,WH-London,False,True
2011-10-11,84789,,WH-London,2011-10-05,WH-London,False,True
2011-10-11,37467,30.0,Main,2011-09-27,WH-London,False,False
2011-10-11,22156,67.0,Main,2011-10-09,WH-London,False,False
2011-10-11,20724,73.0,WH_London,2011-10-05,WH-London,False,False
2011-10-11,20702,63.0,WH-London ,2011-09-27,WH-London,False,False
2011-10-11,21745,-49.0,WH_London,2011-09-27,WH-London,True,False
2011-10-11,84805B,67.0,,2011-10-04,UNKNOWN,False,False
2011-10-11,90025E,-47.0,WH-London,2011-10-10,WH-London,True,False
2011-10-11,72225C,62.0,WH_London,2011-09-27,WH-London,False,False
2011-10-11,23204,52.0,WH_London,2011-10-03,WH-London,False,False
2011-10-11,22415,4.0,WH-London ,2011-09-29,WH-London,False,False
2011-10-11,81952B,32.0,,2011-10-10,UNKNOWN,False,False
2011-10-11,84804A,112.0,Main,,WH-London,False,False
2011-10-11,90195B,-8.0,WH-North,2011-09-27,WH-North,True,False
2011-10-11,20731,96.0,WH-London,2011-09-30,WH-London,False,False
2011-10-11,21989,68.0,WH-North,,WH-North,False,False
2011-10-11,72232,51.0,Main,2011-10-10,WH-London,False,False
2011-10-11,84746,0.0,WH-London,2011-09-27,WH-London,False,False
2011-10-11,23547,49.0,WH-London ,2011-10-07,WH-London,False,False
2011-10-11,44092C,-27.0,WH-London,2011-10-04,WH-London,True,False
2011-10-11,72802C,-85.0,Main,2011-09-29,WH-London,True,False
2011-10-11,22905,29.0,Main,,WH-London,False,False
2011-10-11,22904,41.0,WH-London,2011-09-29,WH-London,False,False
2011-10-11,23060,57.0,WH_London,2011-10-03,WH-London,False,False
2011-10-11,23159,30.0,Main,,WH-London,False,False
2011-10-11,23085,78.0,WH-North,2011-09-27,WH-North,False,False
2011-10-11,82616C,-41.0,Warehouse North,2011-10-02,WH-North,True,False
2011-10-11,DCGSSBOY,-6.0,Main,2011-10-07,WH-London,True,False
2011-10-11,21220,54.0,WH-North,2011-10-01,WH-North,False,False
2011-10-11,21135,74.0,WH-London,2011-09-27,WH-London,False,False
2011-10-11,21216,,WH-London,2011-10-05,WH-London,False,True
2011-10-11,90152C,66.0,Warehouse North,2011-09-30,WH-North,False,False
2011-10-11,84989A,84.0,WH-North,2011-10-05,WH-North,False,False
2011-10-11,22962,64.0,Warehouse North,2011-10-10,WH-North,False,False
2011-10-11,22560,21.0,WH-London ,2011-10-07,WH-London,False,False
2011-10-11,84631,26.0,Warehouse North,2011-10-09,WH-North,False,False
2011-10-11,85107,-18.0,WH-London ,2011-10-10,WH-London,True,False
2011-10-11,79163,,WH-London,2011-09-30,WH-London,False,True
2011-10-11,16010,69.0,WH_London,2011-10-08,WH-London,False,False
2011-10-11,21670,2.0,WH-London ,2011-10-08,WH-London,False,False
2011-10-11,84686,88.0,WH_London,2011-09-27,WH-London,False,False
2011-10-11,90082D,46.0,WH-London ,2011-10-01,WH-London,False,False
2011-10-11,22272,23.0,WH-North,2011-10-10,WH-North,False,False
2011-10-11,21630,2.0,WH-London,2011-10-09,WH-London,False,False
2011-10-11,21080,99.0,WH-North,2011-09-29,WH-North,False,False
2011-10-11,21356,85.0,,2011-10-06,UNKNOWN,False,False
2011-10-11,22248,37.0,WH-North,2011-10-06,WH-North,False,False
2011-10-11,90011C,77.0,WH_London,,WH-London,False,False
2011-10-11,22960,43.0,Warehouse North,2011-10-08,WH-North,False,False
2011-10-13,22470,31.0,WH_London,2011-10-13,WH-London,False,False
2011-10-13,35965,30.0,WH-London,2011-10-04,WH-London,False,False
2011-10-13,21484,43.0,Main,2011-10-06,WH-London,False,False
2011-10-13,22228,-38.0,WH_London,,WH-London,True,False
2011-10-13,90026D,51.0,WH_London,2011-10-07,WH-London,False,False
2011-10-13,21009,98.0,WH-London ,2011-10-10,WH-London,False,False
2011-10-13,23458,118.0,WH-London ,2011-10-12,WH-London,False,False
2011-10-13,23057,-13.0,WH-North,2011-10-03,WH-North,True,False
2011-10-13,23075,63.0,WH-London,2011-10-09,WH-London,False,False
2011-10-13,72802C,56.0,WH-London,2011-10-01,WH-London,False,False
2011-10-13,23135,65.0,Main,2011-10-04,WH-London,False,False
2011-10-13,23334,,Main,,WH-London,False,True
2011-10-13,81952B,66.0,Main,2011-10-06,WH-London,False,False
2011-10-13,23342,8.0,WH-London,,WH-London,False,False
2011-10-13,85026B,151.0,Main,2011-10-06,WH-London,False,False
2011-10-13,21188,58.0,WH-North,2011-10-10,WH-North,False,False
2011-10-13,17109D,71.0,WH-London,2011-10-02,WH-London,False,False
2011-10-13,90143,16.0,WH-North,2011-10-06,WH-North,False,False
2011-10-13,20771,29.0,WH-London ,,WH-London,False,False
2011-10-13,35819P,5.0,,2011-10-08,UNKNOWN,False,False
2011-10-13,20724,93.0,Warehouse North,2011-10-02,WH-North,False,False
2011-10-13,90071,16.0,WH-North,2011-10-05,WH-North,False,False
2011-10-13,90195B,44.0,Main,2011-10-13,WH-London,False,False
2011-10-13,16048,-45.0,Main,2011-09-30,WH-London,True,False
2011-10-13,21504,64.0,Main,2011-10-05,WH-London,False,False
2011-10-13,85230F,11.0,Warehouse North,2011-10-06,WH-North,False,False
2011-10-13,23547,75.0,WH-North,2011-09-30,WH-North,False,False
2011-10-13,85024C,87.0,WH-London ,,WH-London,False,False
2011-10-13,79190B,30.0,WH_London,2011-09-30,WH-London,False,False
2011-10-13,84872A,48.0,WH-London,2011-09-30,WH-London,False,False
2011-10-13,21745,68.0,Main,2011-10-13,WH-London,False,False
2011-10-13,44092C,-57.0,WH-London ,2011-10-11,WH-London,True,False
2011-10-13,46000P,-20.0,WH-London ,,WH-London,True,False
2011-10-13,22560,71.0,WH-North,2011-10-10,WH-North,False,False
2011-10-13,21428,95.0,,2011-10-12,UNKNOWN,False,False
2011-10-13,84789,,Main,2011-10-03,WH-London,False,True
2011-10-13,22066,67.0,Warehouse North,2011-10-01,WH-North,False,False
2011-10-13,23090,,Warehouse North,2011-10-04,WH-North,False,True
2011-10-13,90197B,38.0,Main,2011-10-05,WH-London,False,False
2011-10-13,85040A,-22.0,WH-London,2011-10-11,WH-London,True,False
2011-10-13,90152A,47.0,,2011-10-12,UNKNOWN,False,False
2011-10-13,23518,117.0,WH-London ,2011-10-03,WH-London,False,False
2011-10-13,47593B,34.0,WH-North,2011-10-10,WH-North,False,False
2011-10-13,23440,63.0,WH-London ,2011-10-08,WH-London,False,False
2011-10-13,23619,61.0,WH_London,2011-10-13,WH-London,False,False
2011-10-13,22671,-38.0,WH-North,2011-09-29,WH-North,True,False
2011-10-13,72800F,94.0,WH-London,2011-10-05,WH-London,False,False
2011-10-13,22483,97.0,WH-North,2011-09-29,WH-North,False,False
2011-10-13,21662,130.0,WH-London ,,WH-London,False,False
2011-10-13,21336,26.0,Main,2011-10-01,WH-London,False,False
2011-10-13,23089,62.0,WH-London ,2011-10-12,WH-London,False,False
2011-10-13,90065B,,Main,2011-10-08,WH-London,False,True
2011-10-13,23204,29.0,,2011-10-13,UNKNOWN,False,False
2011-10-13,20677,-30.0,WH-London,,WH-London,True,False
2011-10-13,78124,55.0,WH_London,2011-10-05,WH-London,False,False
2011-10-13,21683,35.0,WH-London,2011-10-12,WH-London,False,False
2011-10-13,84660C,20.0,WH_London,,WH-London,False,False
2011-10-13,22332,53.0,Main,2011-09-30,WH-London,False,False
2011-10-13,21222,16.0,WH-London,2011-09-29,WH-London,False,False
2011-10-13,21368,36.0,WH_London,,WH-London,False,False
2011-10-13,82613C,60.0,Main,,WH-London,False,False
2011-10-13,22779,45.0,WH-London ,2011-10-06,WH-London,False,False
2011-10-13,85136C,42.0,WH-North,2011-10-06,WH-North,False,False
2011-10-13,23272,104.0,WH-North,,WH-North,False,False
2011-10-13,16218,92.0,WH-London,2011-10-02,WH-London,False,False
2011-10-13,84715,52.0,WH-London,2011-10-08,WH-London,False,False
2011-10-13,84638,19.0,WH-North,2011-10-10,WH-North,False,False
2011-10-13,22928,74.0,,2011-09-29,UNKNOWN,False,False
2011-10-13,22095,125.0,Warehouse North,2011-10-10,WH-North,False,False
2011-10-13,82616B,90.0,WH_London,2011-10-06,WH-London,False,False
2011-10-13,23093,10.0,WH-London,2011-10-01,WH-London,False,False
2011-10-13,22965,44.0,,2011-10-09,UNKNOWN,False,False
2011-10-13,22637,,Main,2011-10-04,WH-London,False,True
2011-10-13,22923,22.0,WH-North,2011-10-02,WH-North,False,False
2011-10-13,37471,84.0,Warehouse North,2011-10-09,WH-North,False,False
2011-10-13,20974,83.0,,2011-10-05,UNKNOWN,False,False
2011-10-13,90001C,103.0,WH-London,2011-10-08,WH-London,False,False
2011-10-13,79071B,70.0,Warehouse North,2011-10-06,WH-North,False,False
2011-10-13,84631,48.0,Warehouse North,2011-10-07,WH-North,False,False
2011-10-13,15036,55.0,Warehouse North,,WH-North,False,False
2011-10-15,85135A,22.0,,2011-10-12,UNKNOWN,False,False
2011-10-15,20974,91.0,Main,2011-10-14,WH-London,False,False
2011-10-15,20771,27.0,WH-London,,WH-London,False,False
2011-10-15,23075,37.0,Main,2011-10-08,WH-London,False,False
2011-10-15,23518,40.0,WH-North,2011-10-06,WH-North,False,False
2011-10-15,79071B,-42.0,WH-North,2011-10-06,WH-North,True,False
2011-10-15,78124,76.0,WH-London,2011-10-01,WH-London,False,False
2011-10-15,20803,21.0,WH-London ,2011-10-07,WH-London,False,False
2011-10-15,21670,70.0,WH-London,2011-10-15,WH-London,False,False
2011-10-15,82613C,36.0,,2011-10-06,UNKNOWN,False,False
2011-10-15,44092C,36.0,,2011-10-09,UNKNOWN,False,False
2011-10-15,22904,-16.0,Main,,WH-London,True,False
2011-10-15,23234,,Main,2011-10-02,WH-London,False,True
2011-10-15,21989,98.0,WH-London ,2011-10-07,WH-London,False,False
2011-10-15,22210,79.0,WH-London ,2011-10-07,WH-London,False,False
2011-10-15,22156,57.0,WH-London,2011-10-14,WH-London,False,False
2011-10-15,85163B,54.0,WH_London,2011-10-09,WH-London,False,False
2011-10-15,22323,82.0,WH-London,2011-10-13,WH-London,False,False
2011-10-15,23060,46.0,,2011-10-12,UNKNOWN,False,False
2011-10-15,20963,-89.0,WH_London,2011-10-03,WH-London,True,False
2011-10-15,72232,21.0,WH-London,2011-10-13,WH-London,False,False
2011-10-15,37467,79.0,WH-North,2011-10-11,WH-North,False,False
2011-10-15,23535,88.0,WH_London,2011-10-10,WH-London,False,False
2011-10-15,72800F,-17.0,WH-London ,2011-10-01,WH-London,True,False
2011-10-15,23093,24.0,,2011-10-08,UNKNOWN,False,False
2011-10-15,21377,48.0,Warehouse North,2011-10-12,WH-North,False,False
2011-10-15,22560,62.0,,2011-10-15,UNKNOWN,False,False
2011-10-15,20724,-31.0,WH-North,2011-10-07,WH-North,True,False
2011-10-15,79160,52.0,Main,,WH-London,False,False
2011-10-15,22779,-11.0,Main,2011-10-01,WH-London,True,False
2011-10-15,22030,72.0,Main,2011-10-08,WH-London,False,False
2011-10-15,16011,74.0,Warehouse North,2011-10-06,WH-North,False,False
2011-10-15,22178,95.0,WH_London,2011-10-14,WH-London,False,False
2011-10-15,84849B,67.0,WH-North,2011-10-08,WH-North,False,False
2011-10-15,21428,,WH-London,2011-10-06,WH-London,False,True
2011-10-15,22637,19.0,Main,2011-10-03,WH-London,False,False
2011-10-15,90001C,25.0,WH_London,2011-10-13,WH-London,False,False
2011-10-15,21159,47.0,WH-London,2011-10-14,WH-London,False,False
2011-10-15,22248,24.0,,2011-10-03,UNKNOWN,False,False
2011-10-15,22289,26.0,WH-London ,2011-10-08,WH-London,False,False
2011-10-15,90143,-48.0,WH-North,2011-10-04,WH-North,True,False
2011-10-15,23189,1.0,WH-London,2011-10-09,WH-London,False,False
2011-10-15,22066,20.0,WH-London,2011-10-07,WH-London,False,False
2011-10-15,23334,56.0,Main,2011-10-09,WH-London,False,False
2011-10-15,21830,57.0,,2011-10-14,UNKNOWN,False,False
2011-10-15,81952B,75.0,,,UNKNOWN,False,False
2011-10-15,21265,54.0,WH-North,2011-10-14,WH-North,False,False
2011-10-15,90195B,50.0,WH-North,2011-10-02,WH-North,False,False
2011-10-15,23440,69.0,WH-London,2011-10-12,WH-London,False,False
2011-10-15,21216,55.0,WH_London,2011-10-15,WH-London,False,False
2011-10-15,47593A,20.0,WH_London,2011-10-02,WH-London,False,False
2011-10-15,90067B,26.0,WH-London,,WH-London,False,False
2011-10-15,84804A,100.0,WH_London,2011-10-09,WH-London,False,False
2011-10-15,17109D,146.0,Warehouse North,2011-10-02,WH-North,False,False
2011-10-15,84746,72.0,WH-London,2011-10-03,WH-London,False,False
2011-10-15,23010,19.0,WH-London,2011-10-04,WH-London,False,False
2011-10-15,22882,106.0,Warehouse North,2011-10-11,WH-North,False,False
2011-10-15,22230,,WH-London,2011-10-09,WH-London,False,True
2011-10-15,21220,62.0,WH-North,2011-10-05,WH-North,False,False
2011-10-15,82616B,49.0,Warehouse North,2011-10-06,WH-North,False,False
2011-10-15,47590B,55.0,Main,2011-10-08,WH-London,False,False
2011-10-15,20677,36.0,WH-London,2011-10-15,WH-London,False,False
2011-10-15,22715,88.0,Warehouse North,2011-10-10,WH-North,False,False
2011-10-15,84715,44.0,WH_London,2011-10-14,WH-London,False,False
2011-10-15,47591D,68.0,Warehouse North,2011-10-13,WH-North,False,False
2011-10-15,22671,67.0,WH-London,2011-10-11,WH-London,False,False
2011-10-15,23135,46.0,Warehouse North,2011-10-09,WH-North,False,False
2011-10-15,84559B,4.0,WH_London,2011-10-04,WH-London,False,False
2011-10-15,22962,25.0,,,UNKNOWN,False,False
2011-10-15,23090,71.0,Warehouse North,2011-10-11,WH-North,False,False
2011-10-15,37424,59.0,WH-London,2011-10-14,WH-London,False,False
2011-10-15,84686,25.0,WH-North,2011-10-08,WH-North,False,False
2011-10-15,90177A,51.0,WH-London,2011-10-08,WH-London,False,False
2011-10-15,21683,56.0,Main,2011-10-14,WH-London,False,False
2011-10-15,22960,67.0,WH-London,2011-10-06,WH-London,False,False
2011-10-15,23140,104.0,Warehouse North,2011-10-12,WH-North,False,False
2011-10-15,23619,-18.0,WH-London,2011-10-03,WH-London,True,False
2011-10-15,22575,86.0,Warehouse North,2011-10-13,WH-North,False,False
2011-10-15,23057,,Main,2011-10-03,WH-London,False,True
2011-10-15,21222,19.0,WH_London,,WH-London,False,False
2011-10-17,23334,,Main,2011-10-13,WH-London,False,True
2011-10-17,23692,93.0,WH-North,2011-10-10,WH-North,False,False
2011-10-17,22671,102.0,WH_London,2011-10-08,WH-London,False,False
2011-10-17,84559B,19.0,WH-North,2011-10-10,WH-North,False,False
2011-10-17,22908,24.0,WH-North,,WH-North,False,False
2011-10-17,84746,11.0,WH-London,2011-10-07,WH-London,False,False
2011-10-17,22923,56.0,WH-London ,2011-10-04,WH-London,False,False
2011-10-17,22216,58.0,Main,2011-10-04,WH-London,False,False
2011-10-17,22087,,WH-London ,2011-10-11,WH-London,False,True
2011-10-17,23140,63.0,Warehouse North,2011-10-11,WH-North,False,False
2011-10-17,90152A,76.0,WH_London,2011-10-09,WH-London,False,False
2011-10-17,23272,-8.0,Warehouse North,2011-10-04,WH-North,True,False
2011-10-17,84849B,-102.0,WH-London ,,WH-London,True,False
2011-10-17,23060,88.0,WH-London ,2011-10-11,WH-London,False,False
2011-10-17,84872A,,WH_London,2011-10-08,WH-London,False,True
2011-10-17,22156,26.0,WH-North,,WH-North,False,False
2011-10-17,44092C,72.0,WH-London ,2011-10-17,WH-London,False,False
2011-10-17,22178,,Warehouse North,2011-10-17,WH-North,False,True
2011-10-17,82613C,27.0,WH_London,2011-10-16,WH-London,False,False
2011-10-17,84596J,19.0,Warehouse North,2011-10-17,WH-North,False,False
2011-10-17,17109D,-47.0,WH_London,2011-10-03,WH-London,True,False
2011-10-17,35965,36.0,WH-London ,2011-10-14,WH-London,False,False
2011-10-17,90185B,26.0,WH-London,2011-10-04,WH-London,False,False
2011-10-17,78124,23.0,,2011-10-07,UNKNOWN,False,False
2011-10-17,23010,30.0,,2011-10-17,UNKNOWN,False,False
2011-10-17,22928,14.0,Main,2011-10-15,WH-London,False,False
2011-10-17,23341,66.0,WH_London,2011-10-14,WH-London,False,False
2011-10-17,21683,83.0,,2011-10-14,UNKNOWN,False,False
2011-10-17,16011,62.0,WH-London ,2011-10-13,WH-London,False,False
2011-10-17,22962,91.0,Warehouse North,2011-10-15,WH-North,False,False
2011-10-17,23483,24.0,Warehouse North,2011-10-04,WH-North,False,False
2011-10-17,22114,27.0,WH_London,2011-10-15,WH-London,False,False
2011-10-17,84674,,,2011-10-15,UNKNOWN,False,True
2011-10-17,85024C,67.0,WH_London,2011-10-10,WH-London,False,False
2011-10-17,21628,50.0,WH_London,2011-10-13,WH-London,False,False
2011-10-17,22084,49.0,WH-London,2011-10-14,WH-London,False,False
2011-10-17,21735,-18.0,WH-North,2011-10-06,WH-North,True,False
2011-10-17,85135A,-29.0,Main,,WH-London,True,False
2011-10-17,72802C,66.0,WH-London ,2011-10-03,WH-London,False,False
2011-10-17,21662,79.0,WH-London,2011-10-15,WH-London,False,False
2011-10-17,22882,36.0,WH_London,2011-10-10,WH-London,False,False
2011-10-17,23458,33.0,,2011-10-15,UNKNOWN,False,False
2011-10-17,22289,-30.0,WH-North,2011-10-13,WH-North,True,False
2011-10-17,85231G,,WH-London,2011-10-08,WH-London,False,True
2011-10-17,79071B,80.0,Warehouse North,2011-10-12,WH-North,False,False
2011-10-17,20731,21.0,WH_London,2011-10-05,WH-London,False,False
2011-10-17,22960,69.0,WH_London,2011-10-15,WH-London,False,False
2011-10-17,23057,35.0,,2011-10-14,UNKNOWN,False,False
2011-10-17,85040A,-9.0,WH-London ,2011-10-14,WH-London,True,False
2011-10-17,21484,39.0,WH-North,2011-10-10,WH-North,False,False
2011-10-17,21135,99.0,,2011-10-07,UNKNOWN,False,False
2011-10-17,22070,29.0,Warehouse North,2011-10-16,WH-North,False,False
2011-10-17,22030,42.0,WH-London,2011-10-03,WH-London,False,False
2011-10-17,21368,50.0,WH-London,2011-10-03,WH-London,False,False
2011-10-17,21281,55.0,Warehouse North,2011-10-08,WH-North,False,False
2011-10-17,21222,96.0,Main,2011-10-12,WH-London,False,False
2011-10-17,20756,26.0,Warehouse North,,WH-North,False,False
2011-10-17,20724,50.0,WH-North,2011-10-14,WH-North,False,False
2011-10-17,16218,72.0,WH_London,2011-10-05,WH-London,False,False
2011-10-17,22483,28.0,WH_London,,WH-London,False,False
2011-10-17,37444C,52.0,WH_London,2011-10-05,WH-London,False,False
2011-10-17,DCGSSBOY,-79.0,,2011-10-16,UNKNOWN,True,False
2011-10-17,23135,34.0,Main,2011-10-17,WH-London,False,False
2011-10-17,21009,44.0,WH-London ,2011-10-16,WH-London,False,False
2011-10-17,22560,15.0,Main,2011-10-15,WH-London,False,False
2011-10-17,79160,78.0,Main,2011-10-05,WH-London,False,False
2011-10-17,23089,54.0,Main,2011-10-06,WH-London,False,False
2011-10-17,84989A,37.0,WH-London ,,WH-London,False,False
2011-10-17,37467,40.0,Warehouse North,2011-10-09,WH-North,False,False
2011-10-17,23611,49.0,WH-London ,2011-10-06,WH-London,False,False
2011-10-17,90071,60.0,WH_London,2011-10-09,WH-London,False,False
2011-10-17,21216,30.0,WH-North,2011-10-12,WH-North,False,False
2011-10-17,90001C,32.0,WH-London,2011-10-15,WH-London,False,False
2011-10-17,20966,42.0,WH-North,2011-10-09,WH-North,False,False
2011-10-17,21147,54.0,Main,2011-10-15,WH-London,False,False
2011-10-17,22098,98.0,WH-London ,2011-10-11,WH-London,False,False
2011-10-17,20963,25.0,,2011-10-04,UNKNOWN,False,False
2011-10-17,22965,0.0,,2011-10-04,UNKNOWN,False,False
2011-10-17,21802,91.0,WH-London,2011-10-04,WH-London,False,False
2011-10-17,90011C,23.0,WH-London ,2011-10-06,WH-London,False,False
2011-10-19,21791,94.0,WH-North,2011-10-17,WH-North,False,False
2011-10-19,90152A,87.0,WH-North,2011-10-16,WH-North,False,False
2011-10-19,84638,66.0,WH-London ,2011-10-06,WH-London,False,False
2011-10-19,90195B,,WH_London,2011-10-19,WH-London,False,True
2011-10-19,84631,-4.0,Main,2011-10-12,WH-London,True,False
2011-10-19,16010,9.0,Warehouse North,2011-10-15,WH-North,False,False
2011-10-19,16218,58.0,,,UNKNOWN,False,False
2011-10-19,46000P,38.0,Warehouse North,2011-10-13,WH-North,False,False
2011-10-19,21222,26.0,Main,2011-10-19,WH-London,False,False
2011-10-19,84732B,-74.0,WH_London,2011-10-10,WH-London,True,False
2011-10-19,21484,57.0,,2011-10-17,UNKNOWN,False,False
2011-10-19,15044B,81.0,WH_London,2011-10-16,WH-London,False,False
2011-10-19,90177A,38.0,Main,2011-10-08,WH-London,False,False
2011-10-19,22960,49.0,WH-London,2011-10-13,WH-London,False,False
2011-10-19,22030,96.0,Main,2011-10-07,WH-London,False,False
2011-10-19,35965,11.0,WH-London,2011-10-15,WH-London,False,False
2011-10-19,90011C,47.0,WH_London,2011-10-18,WH-London,False,False
2011-10-19,21216,23.0,Main,2011-10-15,WH-London,False,False
2011-10-19,21735,100.0,WH-London ,2011-10-19,WH-London,False,False
2011-10-19,84746,122.0,WH-London,2011-10-11,WH-London,False,False
2011-10-19,21348,56.0,Main,2011-10-16,WH-London,False,False
2011-10-19,84849B,64.0,WH-London ,2011-10-17,WH-London,False,False
2011-10-19,84660C,46.0,Warehouse North,2011-10-15,WH-North,False,False
2011-10-19,21802,45.0,WH-North,2011-10-06,WH-North,False,False
2011-10-19,23535,-52.0,Main,2011-10-11,WH-London,True,False
2011-10-19,82616B,,WH-North,2011-10-12,WH-North,False,True
2011-10-19,84989A,69.0,,2011-10-16,UNKNOWN,False,False
2011-10-19,23068,20.0,Main,2011-10-14,WH-London,False,False
2011-10-19,90071,39.0,WH_London,2011-10-17,WH-London,False,False
2011-10-19,22156,50.0,WH_London,2011-10-17,WH-London,False,False
2011-10-19,20657,27.0,WH-London,2011-10-09,WH-London,False,False
2011-10-19,10133,67.0,WH-London ,2011-10-14,WH-London,False,False
2011-10-19,23342,35.0,WH_London,2011-10-12,WH-London,False,False
2011-10-19,21147,81.0,Warehouse North,2011-10-09,WH-North,False,False
2011-10-19,90161B,23.0,Warehouse North,2011-10-15,WH-North,False,False
2011-10-19,21265,,WH_London,2011-10-10,WH-London,False,True
2011-10-19,35819P,17.0,WH-North,2011-10-08,WH-North,False,False
2011-10-19,21428,,,2011-10-10,UNKNOWN,False,True
2011-10-19,23518,40.0,WH-North,,WH-North,False,False
2011-10-19,21662,33.0,Warehouse North,2011-10-08,WH-North,False,False
2011-10-19,84686,44.0,WH-North,2011-10-09,WH-North,False,False
2011-10-19,85107,46.0,Warehouse North,2011-10-08,WH-North,False,False
2011-10-19,20756,62.0,WH_London,2011-10-07,WH-London,False,False
2011-10-19,85136C,66.0,,2011-10-14,UNKNOWN,False,False
2011-10-19,23272,45.0,Warehouse North,2011-10-07,WH-North,False,False
2011-10-19,23458,48.0,Warehouse North,2011-10-09,WH-North,False,False
2011-10-19,84715,-43.0,WH-London ,2011-10-17,WH-London,True,False
2011-10-19,22323,36.0,,2011-10-10,UNKNOWN,False,False
2011-10-19,22415,92.0,,2011-10-14,UNKNOWN,False,False
2011-10-19,23159,63.0,Warehouse North,2011-10-15,WH-North,False,False
2011-10-19,47593A,17.0,WH-North,2011-10-19,WH-North,False,False
2011-10-19,84559B,-38.0,,2011-10-16,UNKNOWN,True,False
2011-10-19,85024C,32.0,WH-London ,2011-10-08,WH-London,False,False
2011-10-19,37424,82.0,Warehouse North,2011-10-15,WH-North,False,False
2011-10-19,22228,79.0,WH_London,2011-10-14,WH-London,False,False
2011-10-19,21865,26.0,WH-London ,,WH-London,False,False
2011-10-19,85230F,50.0,WH_London,2011-10-06,WH-London,False,False
2011-10-19,22248,15.0,Warehouse North,2011-10-11,WH-North,False,False
2011-10-19,21188,,Main,,WH-London,False,True
2011-10-19,21670,,WH-London,2011-10-16,WH-London,False,True
2011-10-19,22114,-28.0,Warehouse North,2011-10-19,WH-North,True,False
2011-10-19,22483,60.0,WH-London ,2011-10-06,WH-London,False,False
2011-10-19,22923,90.0,WH-London ,2011-10-15,WH-London,False,False
2011-10-19,90143,-48.0,WH_London,2011-10-19,WH-London,True,False
2011-10-19,22098,18.0,WH-London ,2011-10-11,WH-London,False,False
2011-10-19,78124,56.0,WH-London,2011-10-14,WH-London,False,False
2011-10-19,72225C,56.0,WH-London,2011-10-12,WH-London,False,False
2011-10-19,22560,44.0,,2011-10-17,UNKNOWN,False,False
2011-10-19,21377,105.0,WH-London,2011-10-07,WH-London,False,False
2011-10-19,84674,57.0,Warehouse North,2011-10-17,WH-North,False,False
2011-10-19,90001C,67.0,Main,2011-10-12,WH-London,False,False
2011-10-19,20963,-17.0,WH_London,2011-10-09,WH-London,True,False
2011-10-19,72807B,-21.0,WH_London,2011-10-11,WH-London,True,False
2011-10-19,21504,65.0,Main,2011-10-07,WH-London,False,False
2011-10-19,23619,,WH-North,2011-10-15,WH-North,False,True
2011-10-19,21336,38.0,,2011-10-07,UNKNOWN,False,False
2011-10-19,22637,63.0,WH-London ,2011-10-11,WH-London,False,False
2011-10-19,47590B,77.0,WH-London ,2011-10-06,WH-London,False,False
2011-10-19,79160,35.0,WH-London ,2011-10-09,WH-London,False,False
2011-10-19,22216,,Warehouse North,2011-10-16,WH-North,False,True
2011-10-21,84872A,42.0,WH-London,2011-10-12,WH-London,False,False
2011-10-21,84746,64.0,Main,2011-10-15,WH-London,False,False
2011-10-21,23085,32.0,Main,2011-10-21,WH-London,False,False
2011-10-21,47469,75.0,WH-London ,2011-10-15,WH-London,False,False
2011-10-21,84715,35.0,WH_London,2011-10-20,WH-London,False,False
2011-10-21,90052,33.0,WH_London,2011-10-20,WH-London,False,False
2011-10-21,22905,120.0,,2011-10-13,UNKNOWN,False,False
2011-10-21,85040A,12.0,WH-North,2011-10-15,WH-North,False,False
2011-10-21,23075,73.0,WH-London,2011-10-10,WH-London,False,False
2011-10-21,90082D,-4.0,WH-London,2011-10-10,WH-London,True,False
2011-10-21,20803,69.0,WH-London,2011-10-11,WH-London,False,False
2011-10-21,90071,130.0,WH-London,2011-10-14,WH-London,False,False
2011-10-21,90067B,81.0,WH-London ,2011-10-13,WH-London,False,False
2011-10-21,90065B,90.0,WH_London,2011-10-12,WH-London,False,False
2011-10-21,90026D,47.0,WH_London,2011-10-15,WH-London,False,False
2011-10-21,23093,78.0,Main,2011-10-09,WH-London,False,False
2011-10-21,22965,57.0,,,UNKNOWN,False,False
2011-10-21,22095,110.0,,2011-10-14,UNKNOWN,False,False
2011-10-21,22960,16.0,Warehouse North,2011-10-11,WH-North,False,False
2011-10-21,21628,85.0,,2011-10-11,UNKNOWN,False,False
2011-10-21,90152A,-62.0,Warehouse North,,WH-North,True,False
2011-10-21,23334,22.0,WH_London,2011-10-12,WH-London,False,False
2011-10-21,84675,41.0,WH_London,,WH-London,False,False
2011-10-21,22904,1.0,WH-North,2011-10-21,WH-North,False,False
2011-10-21,21147,-47.0,Main,2011-10-08,WH-London,True,False
2011-10-21,23272,14.0,Main,2011-10-11,WH-London,False,False
2011-10-21,90011C,38.0,WH-North,2011-10-16,WH-North,False,False
2011-10-21,35819P,52.0,WH-North,,WH-North,False,False
2011-10-21,21865,10.0,WH-London,2011-10-17,WH-London,False,False
2011-10-21,22030,40.0,WH_London,2011-10-21,WH-London,False,False
2011-10-21,16048,57.0,,2011-10-09,UNKNOWN,False,False
2011-10-21,10133,32.0,WH-North,,WH-North,False,False
2011-10-21,21670,17.0,WH-London ,2011-10-19,WH-London,False,False
2011-10-21,90025E,28.0,WH_London,2011-10-07,WH-London,False,False
2011-10-21,90177A,90.0,WH-North,2011-10-15,WH-North,False,False
2011-10-21,21348,-1.0,WH-London ,2011-10-08,WH-London,True,False
2011-10-21,22087,84.0,Main,2011-10-10,WH-London,False,False
2011-10-21,23234,90.0,WH-London,2011-10-20,WH-London,False,False
2011-10-21,72232,39.0,WH_London,2011-10-07,WH-London,False,False
2011-10-21,23342,63.0,,2011-10-16,UNKNOWN,False,False
2011-10-21,90214C,26.0,WH-North,2011-10-20,WH-North,False,False
2011-10-21,17109D,58.0,WH-London ,,WH-London,False,False
2011-10-21,22962,116.0,Warehouse North,2011-10-12,WH-North,False,False
2011-10-21,84559B,88.0,Main,2011-10-17,WH-London,False,False
2011-10-21,84789,34.0,,2011-10-13,UNKNOWN,False,False
2011-10-21,21216,10.0,WH-London ,,WH-London,False,False
2011-10-21,85231G,41.0,WH-London,2011-10-21,WH-London,False,False
2011-10-21,20974,58.0,WH_London,2011-10-17,WH-London,False,False
2011-10-21,20702,71.0,WH-North,2011-10-08,WH-North,False,False
2011-10-21,22114,46.0,Main,2011-10-09,WH-London,False,False
2011-10-21,79160,103.0,,2011-10-13,UNKNOWN,False,False
2011-10-21,20756,50.0,Warehouse North,2011-10-07,WH-North,False,False
2011-10-21,22156,35.0,WH-North,2011-10-08,WH-North,False,False
2011-10-21,21830,65.0,WH-London,2011-10-12,WH-London,False,False
2011-10-21,23204,71.0,WH-London,2011-10-07,WH-London,False,False
2011-10-21,20657,27.0,Warehouse North,2011-10-12,WH-North,False,False
2011-10-21,82616B,21.0,WH-London ,2011-10-19,WH-London,False,False
2011-10-21,79071B,0.0,WH-London,2011-10-08,WH-London,False,False
2011-10-21,47593B,,Main,2011-10-09,WH-London,False,True
2011-10-21,23189,-86.0,WH-London ,2011-10-07,WH-London,True,False
2011-10-21,85184C,69.0,Warehouse North,2011-10-11,WH-North,False,False
2011-10-21,84631,83.0,Warehouse North,2011-10-20,WH-North,False,False
2011-10-21,84732B,30.0,WH-North,2011-10-15,WH-North,False,False
2011-10-21,23090,45.0,,,UNKNOWN,False,False
2011-10-21,47591D,-7.0,WH_London,2011-10-07,WH-London,True,False
2011-10-21,22289,80.0,WH-London ,2011-10-07,WH-London,False,False
2011-10-21,20677,90.0,Warehouse North,2011-10-14,WH-North,False,False
2011-10-21,23440,18.0,WH-North,2011-10-07,WH-North,False,False
2011-10-21,21220,98.0,,,UNKNOWN,False,False
2011-10-21,20724,42.0,WH-London,2011-10-13,WH-London,False,False
2011-10-21,22230,17.0,WH_London,2011-10-07,WH-London,False,False
2011-10-21,20966,40.0,WH-North,2011-10-19,WH-North,False,False
2011-10-21,22210,68.0,WH-London,2011-10-11,WH-London,False,False
2011-10-21,21336,48.0,WH-London ,2011-10-17,WH-London,False,False
2011-10-21,16011,32.0,WH-North,2011-10-11,WH-North,False,False
2011-10-21,17028J,67.0,Main,2011-10-13,WH-London,False,False
2011-10-21,85186C,,WH-London,,WH-London,False,True
2011-10-21,22928,-44.0,WH-London,2011-10-09,WH-London,True,False
2011-10-21,37467,39.0,,2011-10-16,UNKNOWN,False,False
2011-10-21,22923,33.0,Warehouse North,2011-10-12,WH-North,False,False
2011-10-23,90177A,64.0,WH_London,2011-10-18,WH-London,False,False
2011-10-23,23341,1.0,WH-North,2011-10-14,WH-North,False,False
2011-10-23,84596J,27.0,WH-London ,2011-10-12,WH-London,False,False
2011-10-23,23089,,Main,2011-10-17,WH-London,False,True
2011-10-23,DCGSSBOY,26.0,,2011-10-18,UNKNOWN,False,False
2011-10-23,23458,57.0,WH-London,2011-10-18,WH-London,False,False
2011-10-23,84559B,-54.0,,,UNKNOWN,True,False
2011-10-23,84804A,124.0,WH-North,2011-10-11,WH-North,False,False
2011-10-23,85231G,27.0,WH-London,2011-10-10,WH-London,False,False
2011-10-23,21281,49.0,Main,2011-10-18,WH-London,False,False
2011-10-23,22671,21.0,WH-London,,WH-London,False,False
2011-10-23,20731,-108.0,Warehouse North,2011-10-15,WH-North,True,False
2011-10-23,90026D,101.0,Main,2011-10-16,WH-London,False,False
2011-10-23,22066,2.0,WH_London,2011-10-22,WH-London,False,False
2011-10-23,84638,45.0,WH-London ,2011-10-13,WH-London,False,False
2011-10-23,21356,51.0,WH-North,2011-10-14,WH-North,False,False
2011-10-23,22030,39.0,WH-London,,WH-London,False,False
2011-10-23,85040A,35.0,WH-North,2011-10-10,WH-North,False,False
2011-10-23,23483,73.0,Main,2011-10-14,WH-London,False,False
2011-10-23,84805B,103.0,WH-London ,2011-10-18,WH-London,False,False
2011-10-23,23334,74.0,WH-North,2011-10-11,WH-North,False,False
2011-10-23,23272,75.0,WH_London,,WH-London,False,False
2011-10-23,79160,39.0,WH-North,2011-10-09,WH-North,False,False
2011-10-23,37444C,80.0,WH-London ,2011-10-12,WH-London,False,False
2011-10-23,72807B,80.0,Warehouse North,2011-10-12,WH-North,False,False
2011-10-23,23057,35.0,WH-London,,WH-London,False,False
2011-10-23,20657,43.0,WH-North,2011-10-19,WH-North,False,False
2011-10-23,21135,2.0,WH-North,,WH-North,False,False
2011-10-23,23010,9.0,WH-London,2011-10-16,WH-London,False,False
2011-10-23,20677,36.0,,2011-10-14,UNKNOWN,False,False
2011-10-23,21195,17.0,WH-London ,2011-10-18,WH-London,False,False
2011-10-23,81950B,74.0,WH-North,2011-10-09,WH-North,False,False
2011-10-23,90065B,45.0,WH-London,2011-10-21,WH-London,False,False
2011-10-23,22099,65.0,WH-London,2011-10-14,WH-London,False,False
2011-10-23,22230,13.0,WH_London,2011-10-13,WH-London,False,False
2011-10-23,72225C,88.0,Warehouse North,2011-10-16,WH-North,False,False
2011-10-23,22098,64.0,Warehouse North,2011-10-09,WH-North,False,False
2011-10-23,21188,-62.0,WH-London ,2011-10-11,WH-London,True,False
2011-10-23,72802C,78.0,WH-North,2011-10-13,WH-North,False,False
2011-10-23,84686,59.0,WH-London ,2011-10-11,WH-London,False,False
2011-10-23,90201C,-19.0,Warehouse North,2011-10-13,WH-North,True,False
2011-10-23,21080,68.0,WH_London,2011-10-16,WH-London,False,False
2011-10-23,22965,26.0,,2011-10-17,UNKNOWN,False,False
2011-10-23,22904,56.0,WH-North,2011-10-16,WH-North,False,False
2011-10-23,90152A,26.0,Main,2011-10-19,WH-London,False,False
2011-10-23,22070,99.0,WH-North,2011-10-19,WH-North,False,False
2011-10-23,47591D,70.0,WH_London,2011-10-20,WH-London,False,False
2011-10-23,79071B,80.0,WH-North,2011-10-12,WH-North,False,False
2011-10-23,84631,27.0,WH-London ,2011-10-21,WH-London,False,False
2011-10-23,21265,58.0,,2011-10-14,UNKNOWN,False,False
2011-10-23,22470,55.0,Warehouse North,,WH-North,False,False
2011-10-23,84674,53.0,,2011-10-16,UNKNOWN,False,False
2011-10-23,90001C,,WH-London ,2011-10-11,WH-London,False,True
2011-10-23,10133,108.0,WH-London,2011-10-22,WH-London,False,False
2011-10-23,22715,48.0,WH-North,2011-10-11,WH-North,False,False
2011-10-23,47590B,65.0,WH-London,2011-10-19,WH-London,False,False
2011-10-23,20702,10.0,,2011-10-16,UNKNOWN,False,False
2011-10-23,79190B,93.0,WH_London,2011-10-21,WH-London,False,False
2011-10-23,21428,91.0,Warehouse North,2011-10-20,WH-North,False,False
2011-10-23,90152C,75.0,Main,2011-10-20,WH-London,False,False
2011-10-23,23189,58.0,Main,2011-10-17,WH-London,False,False
2011-10-23,23204,120.0,Main,2011-10-17,WH-London,False,False
2011-10-23,20966,79.0,WH-London,2011-10-12,WH-London,False,False
2011-10-23,21662,9.0,Main,2011-10-14,WH-London,False,False
2011-10-23,72800F,56.0,WH-London,2011-10-20,WH-London,False,False
2011-10-23,22156,-67.0,Warehouse North,2011-10-11,WH-North,True,False
2011-10-23,23085,53.0,Warehouse North,2011-10-22,WH-North,False,False
2011-10-23,22960,67.0,Warehouse North,2011-10-14,WH-North,False,False
2011-10-23,78124,93.0,WH-London ,2011-10-16,WH-London,False,False
2011-10-23,22084,44.0,Warehouse North,2011-10-21,WH-North,False,False
2011-10-23,21735,38.0,WH-North,2011-10-23,WH-North,False,False
2011-10-23,90197B,17.0,WH-London,2011-10-21,WH-London,False,False
2011-10-23,20724,-5.0,WH-London ,,WH-London,True,False
2011-10-23,22332,40.0,Main,2011-10-13,WH-London,False,False
2011-10-23,90067B,29.0,Warehouse North,2011-10-16,WH-North,False,False
2011-10-23,23090,43.0,Warehouse North,2011-10-19,WH-North,False,False
2011-10-23,23342,32.0,WH-North,2011-10-21,WH-North,False,False
2011-10-23,90143,17.0,,,UNKNOWN,False,False
2011-10-23,23159,33.0,WH-London,2011-10-15,WH-London,False,False
2011-10-23,85230F,65.0,WH-London,2011-10-17,WH-London,False,False
2011-10-25,47591D,-33.0,WH-London ,2011-10-20,WH-London,True,False
2011-10-25,22185,44.0,WH-North,2011-10-22,WH-North,False,False
2011-10-25,21368,112.0,Warehouse North,,WH-North,False,False
2011-10-25,16218,82.0,WH-London ,2011-10-18,WH-London,False,False
2011-10-25,23547,56.0,WH-North,2011-10-14,WH-North,False,False
2011-10-25,82613C,57.0,,2011-10-21,UNKNOWN,False,False
2011-10-25,20803,28.0,WH-London,2011-10-19,WH-London,False,False
2011-10-25,90071,37.0,WH-London,2011-10-16,WH-London,False,False
2011-10-25,35819P,41.0,WH-North,2011-10-24,WH-North,False,False
2011-10-25,23611,53.0,Main,2011-10-16,WH-London,False,False
2011-10-25,84674,48.0,WH_London,2011-10-25,WH-London,False,False
2011-10-25,21865,16.0,Warehouse North,2011-10-12,WH-North,False,False
2011-10-25,21009,67.0,,,UNKNOWN,False,False
2011-10-25,23483,32.0,WH-London ,2011-10-23,WH-London,False,False
2011-10-25,20963,107.0,Warehouse North,2011-10-20,WH-North,False,False
2011-10-25,21662,87.0,WH_London,2011-10-23,WH-London,False,False
2011-10-25,84596J,,WH-London ,2011-10-21,WH-London,False,True
2011-10-25,90195B,42.0,WH-London ,2011-10-25,WH-London,False,False
2011-10-25,90011C,98.0,WH-London ,2011-10-12,WH-London,False,False
2011-10-25,20724,69.0,WH_London,2011-10-17,WH-London,False,False
2011-10-25,22114,52.0,Main,2011-10-13,WH-London,False,False
2011-10-25,21265,19.0,WH-London,,WH-London,False,False
2011-10-25,85184C,43.0,,,UNKNOWN,False,False
2011-10-25,90152A,56.0,WH_London,2011-10-18,WH-London,False,False
2011-10-25,85163B,-11.0,WH_London,2011-10-15,WH-London,True,False
2011-10-25,84872A,68.0,Main,,WH-London,False,False
2011-10-25,16010,28.0,Main,2011-10-11,WH-London,False,False
2011-10-25,23692,-59.0,Warehouse North,2011-10-16,WH-North,True,False
2011-10-25,84660C,53.0,Main,2011-10-24,WH-London,False,False
2011-10-25,21745,42.0,WH-North,2011-10-23,WH-North,False,False
2011-10-25,23068,73.0,WH-London,2011-10-13,WH-London,False,False
2011-10-25,22415,58.0,,2011-10-16,UNKNOWN,False,False
2011-10-25,22210,131.0,Main,2011-10-25,WH-London,False,False
2011-10-25,47590B,103.0,WH-London ,2011-10-20,WH-London,False,False
2011-10-25,85024C,19.0,WH-North,2011-10-19,WH-North,False,False
2011-10-25,72807B,85.0,Main,2011-10-14,WH-London,False,False
2011-10-25,21080,27.0,Warehouse North,2011-10-15,WH-North,False,False
2011-10-25,22087,-14.0,,2011-10-17,UNKNOWN,True,False
2011-10-25,90185B,5.0,WH_London,2011-10-15,WH-London,False,False
2011-10-25,90214C,39.0,WH_London,2011-10-23,WH-London,False,False
2011-10-25,22483,80.0,WH-London,2011-10-12,WH-London,False,False
2011-10-25,90026D,54.0,Warehouse North,2011-10-13,WH-North,False,False
2011-10-25,23135,65.0,WH-London,2011-10-23,WH-London,False,False
2011-10-25,23234,-46.0,Warehouse North,,WH-North,True,False
2011-10-25,15044B,43.0,Warehouse North,2011-10-17,WH-North,False,False
2011-10-25,72802C,18.0,WH-London,2011-10-16,WH-London,False,False
2011-10-25,21188,,WH-London,2011-10-19,WH-London,False,True
2011-10-25,22066,13.0,Main,2011-10-22,WH-London,False,False
2011-10-25,85231G,52.0,,2011-10-21,UNKNOWN,False,False
2011-10-25,37424,,WH-London ,2011-10-16,WH-London,False,True
2011-10-25,17028J,22.0,,,UNKNOWN,False,False
2011-10-25,21791,67.0,Main,2011-10-20,WH-London,False,False
2011-10-25,84686,74.0,WH_London,2011-10-12,WH-London,False,False
2011-10-25,85186C,59.0,WH-London ,2011-10-25,WH-London,False,False
2011-10-25,72232,24.0,Warehouse North,2011-10-13,WH-North,False,False
2011-10-25,23342,,Main,2011-10-25,WH-London,False,True
2011-10-25,22323,59.0,WH_London,2011-10-24,WH-London,False,False
2011-10-25,20657,-28.0,WH-London,2011-10-25,WH-London,True,False
2011-10-25,23057,,Main,2011-10-24,WH-London,False,True
2011-10-25,21135,16.0,Main,2011-10-14,WH-London,False,False
2011-10-25,84631,61.0,,2011-10-11,UNKNOWN,False,False
2011-10-25,78124,77.0,WH-London,2011-10-20,WH-London,False,False
2011-10-25,21989,55.0,Warehouse North,2011-10-14,WH-North,False,False
2011-10-25,84559B,20.0,WH-London,2011-10-12,WH-London,False,False
2011-10-25,23535,1.0,WH_London,2011-10-14,WH-London,False,False
2011-10-25,22905,16.0,WH_London,2011-10-24,WH-London,False,False
2011-10-25,22178,64.0,WH_London,2011-10-14,WH-London,False,False
2011-10-25,72800F,43.0,WH-London,2011-10-18,WH-London,False,False
2011-10-25,22671,31.0,WH-London,2011-10-23,WH-London,False,False
2011-10-25,84849B,61.0,WH-North,2011-10-22,WH-North,False,False
2011-10-25,72225C,-9.0,WH-London ,2011-10-20,WH-London,True,False
2011-10-25,47593A,42.0,Main,2011-10-16,WH-London,False,False
2011-10-25,85136C,16.0,Main,2011-10-16,WH-London,False,False
2011-10-25,79160,9.0,WH-London ,2011-10-20,WH-London,False,False
2011-10-25,23341,34.0,WH-London,2011-10-20,WH-London,False,False
2011-10-25,21336,124.0,WH_London,2011-10-22,WH-London,False,False
2011-10-25,22030,68.0,WH-North,2011-10-14,WH-North,False,False
2011-10-25,79163,16.0,,,UNKNOWN,False,False
2011-10-25,22098,-86.0,Warehouse North,2011-10-15,WH-North,True,False
2011-10-25,23272,10.0,,2011-10-14,UNKNOWN,False,False
2011-10-27,84715,-95.0,WH_London,2011-10-13,WH-London,True,False
2011-10-27,21628,23.0,,2011-10-17,UNKNOWN,False,False
2011-10-27,22960,53.0,,,UNKNOWN,False,False
2011-10-27,21802,112.0,WH-North,,WH-North,False,False
2011-10-27,46000P,39.0,WH-London,,WH-London,False,False
2011-10-27,15044B,105.0,WH-North,2011-10-20,WH-North,False,False
2011-10-27,23189,47.0,WH-North,2011-10-26,WH-North,False,False
2011-10-27,20771,47.0,WH-London,2011-10-23,WH-London,False,False
2011-10-27,22560,23.0,WH-North,,WH-North,False,False
2011-10-27,85186C,92.0,WH-London,,WH-London,False,False
2011-10-27,44092C,35.0,Main,2011-10-17,WH-London,False,False
2011-10-27,84872A,-107.0,WH-London ,2011-10-13,WH-London,True,False
2011-10-27,22289,31.0,WH-North,2011-10-24,WH-North,False,False
2011-10-27,23440,36.0,WH_London,,WH-London,False,False
2011-10-27,84686,80.0,WH_London,2011-10-18,WH-London,False,False
2011-10-27,22962,46.0,WH-London ,2011-10-16,WH-London,False,False
2011-10-27,90152C,58.0,,2011-10-13,UNKNOWN,False,False
2011-10-27,84660C,10.0,WH-London,2011-10-15,WH-London,False,False
2011-10-27,21630,53.0,WH_London,2011-10-17,WH-London,False,False
2011-10-27,20657,61.0,Warehouse North,2011-10-23,WH-North,False,False
2011-10-27,21377,101.0,WH-London,2011-10-27,WH-London,False,False
2011-10-27,21009,35.0,Warehouse North,2011-10-23,WH-North,False,False
2011-10-27,90026D,60.0,Main,2011-10-20,WH-London,False,False
2011-10-27,85026B,86.0,Main,2011-10-18,WH-London,False,False
2011-10-27,23547,51.0,Main,2011-10-13,WH-London,False,False
2011-10-27,22030,82.0,Main,,WH-London,False,False
2011-10-27,90052,124.0,WH_London,2011-10-21,WH-London,False,False
2011-10-27,37471,50.0,,2011-10-23,UNKNOWN,False,False
2011-10-27,85040A,89.0,WH-London,2011-10-26,WH-London,False,False
2011-10-27,72800F,65.0,WH-North,2011-10-25,WH-North,False,False
2011-10-27,22099,75.0,WH-London ,2011-10-18,WH-London,False,False
2011-10-27,90082D,,WH-London ,2011-10-18,WH-London,False,True
2011-10-27,21220,81.0,WH-London,,WH-London,False,False
2011-10-27,90201C,80.0,WH-North,2011-10-19,WH-North,False,False
2011-10-27,79160,47.0,WH-London ,2011-10-23,WH-London,False,False
2011-10-27,23341,33.0,,2011-10-14,UNKNOWN,False,False
2011-10-27,84732B,62.0,WH_London,2011-10-20,WH-London,False,False
2011-10-27,47593B,6.0,WH-North,2011-10-25,WH-North,False,False
2011-10-27,84559B,68.0,WH-North,2011-10-26,WH-North,False,False
2011-10-27,23204,72.0,WH-London,2011-10-15,WH-London,False,False
2011-10-27,23518,44.0,WH_London,2011-10-24,WH-London,False,False
2011-10-27,21216,51.0,WH_London,2011-10-27,WH-London,False,False
2011-10-27,82616B,77.0,WH_London,2011-10-23,WH-London,False,False
2011-10-27,21222,72.0,WH_London,2011-10-25,WH-London,False,False
2011-10-27,22908,77.0,WH-North,2011-10-17,WH-North,False,False
2011-10-27,72232,-73.0,WH-London,2011-10-23,WH-London,True,False
2011-10-27,23535,53.0,WH-North,2011-10-16,WH-North,False,False
2011-10-27,90177A,49.0,WH-London ,2011-10-13,WH-London,False,False
2011-10-27,21662,62.0,WH-London,2011-10-15,WH-London,False,False
2011-10-27,82616C,93.0,,2011-10-15,UNKNOWN,False,False
2011-10-27,84989A,-57.0,WH-London,2011-10-14,WH-London,True,False
2011-10-27,23272,89.0,,2011-10-18,UNKNOWN,False,False
2011-10-27,23068,-10.0,WH-North,2011-10-27,WH-North,True,False
2011-10-27,21188,-59.0,WH_London,2011-10-19,WH-London,True,False
2011-10-27,84856S,52.0,Warehouse North,2011-10-23,WH-North,False,False
2011-10-27,81950B,,WH-London,2011-10-17,WH-London,False,True
2011-10-27,22066,4.0,,2011-10-25,UNKNOWN,False,False
2011-10-27,22637,63.0,WH-North,2011-10-24,WH-North,False,False
2011-10-27,21745,53.0,,2011-10-17,UNKNOWN,False,False
2011-10-27,16218,73.0,WH-London,2011-10-24,WH-London,False,False
2011-10-27,21147,-27.0,WH_London,2011-10-17,WH-London,True,False
2011-10-27,47590B,82.0,WH_London,2011-10-13,WH-London,False,False
2011-10-27,22185,82.0,WH-London ,2011-10-20,WH-London,False,False
2011-10-27,20974,8.0,WH-London ,2011-10-15,WH-London,False,False
2011-10-27,15036,92.0,WH-North,2011-10-15,WH-North,False,False
2011-10-27,17028J,103.0,WH_London,2011-10-21,WH-London,False,False
2011-10-27,90197B,,WH_London,2011-10-22,WH-London,False,True
2011-10-27,22715,53.0,WH-North,2011-10-18,WH-North,False,False
2011-10-27,23085,55.0,Main,2011-10-18,WH-London,False,False
2011-10-27,22210,-3.0,WH_London,2011-10-17,WH-London,True,False
2011-10-27,22923,40.0,WH-North,2011-10-15,WH-North,False,False
2011-10-27,22114,92.0,WH-London ,2011-10-15,WH-London,False,False
2011-10-27,20803,24.0,Main,2011-10-14,WH-London,False,False
2011-10-27,35819P,-104.0,Main,2011-10-24,WH-London,True,False
2011-10-27,22332,61.0,WH-London,2011-10-26,WH-London,False,False
2011-10-27,21195,26.0,WH-London,2011-10-13,WH-London,False,False
2011-10-27,22323,51.0,Warehouse North,2011-10-22,WH-North,False,False
2011-10-27,20731,6.0,WH-North,2011-10-14,WH-North,False,False
2011-10-27,22779,62.0,WH-London ,2011-10-17,WH-London,False,False
2011-10-27,16011,44.0,WH-London ,2011-10-26,WH-London,False,False
2011-10-29,23060,37.0,WH-North,2011-10-27,WH-North,False,False
2011-10-29,21628,6.0,WH-North,2011-10-23,WH-North,False,False
2011-10-29,23189,47.0,WH-London ,2011-10-29,WH-London,False,False
2011-10-29,23611,56.0,Main,,WH-London,False,False
2011-10-29,21281,8.0,Warehouse North,2011-10-15,WH-North,False,False
2011-10-29,20963,82.0,WH-London ,2011-10-19,WH-London,False,False
2011-10-29,22715,58.0,WH-North,2011-10-28,WH-North,False,False
2011-10-29,21428,24.0,WH-North,2011-10-16,WH-North,False,False
2011-10-29,23085,47.0,WH_London,,WH-London,False,False
2011-10-29,84675,75.0,Warehouse North,2011-10-23,WH-North,False,False
2011-10-29,23518,91.0,,2011-10-22,UNKNOWN,False,False
2011-10-29,72225C,97.0,Warehouse North,2011-10-23,WH-North,False,False
2011-10-29,20731,104.0,WH-North,2011-10-26,WH-North,False,False
2011-10-29,84856S,10.0,,2011-10-15,UNKNOWN,False,False
2011-10-29,84631,28.0,Warehouse North,2011-10-16,WH-North,False,False
2011-10-29,79190B,-7.0,WH_London,2011-10-27,WH-London,True,False
2011-10-29,23093,82.0,WH-North,2011-10-15,WH-North,False,False
2011-10-29,23057,44.0,WH-London,2011-10-26,WH-London,False,False
2011-10-29,21080,87.0,Warehouse North,2011-10-24,WH-North,False,False
2011-10-29,22560,7.0,WH_London,,WH-London,False,False
2011-10-29,21745,29.0,Warehouse North,2011-10-19,WH-North,False,False
2011-10-29,22332,26.0,WH-North,2011-10-21,WH-North,False,False
2011-10-29,90001C,87.0,Main,2011-10-21,WH-London,False,False
2011-10-29,22928,71.0,WH-North,2011-10-18,WH-North,False,False
2011-10-29,90052,10.0,WH-London ,,WH-London,False,False
2011-10-29,84789,36.0,,2011-10-16,UNKNOWN,False,False
2011-10-29,22248,-78.0,Main,2011-10-27,WH-London,True,False
2011-10-29,16010,83.0,WH-London ,2011-10-28,WH-London,False,False
2011-10-29,90161B,62.0,WH_London,2011-10-15,WH-London,False,False
2011-10-29,21377,55.0,Main,2011-10-29,WH-London,False,False
2011-10-29,22084,22.0,Warehouse North,2011-10-18,WH-North,False,False
2011-10-29,46000P,82.0,,2011-10-21,UNKNOWN,False,False
2011-10-29,22908,14.0,Main,2011-10-15,WH-London,False,False
2011-10-29,84746,1.0,WH_London,2011-10-21,WH-London,False,False
2011-10-29,23341,56.0,WH-London ,,WH-London,False,False
2011-10-29,22923,36.0,WH-North,2011-10-21,WH-North,False,False
2011-10-29,85135A,71.0,WH_London,2011-10-19,WH-London,False,False
2011-10-29,22066,64.0,,2011-10-21,UNKNOWN,False,False
2011-10-29,21336,101.0,,2011-10-19,UNKNOWN,False,False
2011-10-29,23535,62.0,,2011-10-29,UNKNOWN,False,False
2011-10-29,20803,81.0,,2011-10-18,UNKNOWN,False,False
2011-10-29,16218,24.0,WH-London,2011-10-21,WH-London,False,False
2011-10-29,20996,71.0,Warehouse North,2011-10-19,WH-North,False,False
2011-10-29,84660C,41.0,WH-London ,,WH-London,False,False
2011-10-29,22095,35.0,WH-London ,2011-10-22,WH-London,False,False
2011-10-29,90152A,22.0,Warehouse North,2011-10-17,WH-North,False,False
2011-10-29,22905,96.0,,2011-10-23,UNKNOWN,False,False
2011-10-29,22030,49.0,WH-London,2011-10-18,WH-London,False,False
2011-10-29,84732B,26.0,WH-London,2011-10-22,WH-London,False,False
2011-10-29,22178,70.0,WH-London,2011-10-24,WH-London,False,False
2011-10-29,22962,36.0,WH-North,2011-10-21,WH-North,False,False
2011-10-29,21989,26.0,WH-North,,WH-North,False,False
2011-10-29,21865,137.0,WH_London,2011-10-25,WH-London,False,False
2011-10-29,DCGSSBOY,13.0,Main,2011-10-23,WH-London,False,False
2011-10-29,21222,105.0,WH-London ,2011-10-15,WH-London,False,False
2011-10-29,10133,25.0,Warehouse North,2011-10-29,WH-North,False,False
2011-10-29,90201C,-68.0,Main,2011-10-19,WH-London,True,False
2011-10-29,78124,46.0,,2011-10-25,UNKNOWN,False,False
2011-10-29,35819P,72.0,WH_London,2011-10-26,WH-London,False,False
2011-10-29,22156,-8.0,WH_London,2011-10-20,WH-London,True,False
2011-10-29,81952B,,WH_London,2011-10-27,WH-London,False,True
2011-10-29,72807B,73.0,Warehouse North,2011-10-16,WH-North,False,False
2011-10-29,21265,3.0,WH-North,2011-10-16,WH-North,False,False
2011-10-29,85119,14.0,Main,2011-10-26,WH-London,False,False
2011-10-29,21216,-47.0,Main,2011-10-22,WH-London,True,False
2011-10-29,72800F,-11.0,Main,2011-10-18,WH-London,True,False
2011-10-29,22483,14.0,Warehouse North,2011-10-19,WH-North,False,False
2011-10-29,20657,37.0,Warehouse North,2011-10-21,WH-North,False,False
2011-10-29,23619,-15.0,,2011-10-26,UNKNOWN,True,False
2011-10-29,21356,7.0,Warehouse North,2011-10-16,WH-North,False,False
2011-10-29,90214N,90.0,WH-North,2011-10-19,WH-North,False,False
2011-10-29,22779,78.0,WH-London ,2011-10-28,WH-London,False,False
2011-10-29,20756,117.0,WH-London,2011-10-18,WH-London,False,False
2011-10-29,85184C,67.0,WH-London,2011-10-17,WH-London,False,False
2011-10-29,37467,-89.0,WH-London ,2011-10-23,WH-London,True,False
2011-10-29,23342,-37.0,WH-North,2011-10-27,WH-North,True,False
2011-10-29,90197B,44.0,WH-North,2011-10-27,WH-North,False,False
2011-10-29,81950B,62.0,WH_London,2011-10-27,WH-London,False,False
2011-10-29,85163B,-6.0,,,UNKNOWN,True,False
2011-10-29,84849B,66.0,WH-London,2011-10-27,WH-London,False,False
2011-10-31,21484,31.0,WH-London ,2011-10-19,WH-London,False,False
2011-10-31,85119,-36.0,WH-London ,2011-10-26,WH-London,True,False
2011-10-31,84789,79.0,,2011-10-26,UNKNOWN,False,False
2011-10-31,72802C,3.0,WH_London,2011-10-27,WH-London,False,False
2011-10-31,82613C,51.0,Main,,WH-London,False,False
2011-10-31,82616B,63.0,WH-London ,,WH-London,False,False
2011-10-31,90201C,34.0,WH-North,2011-10-31,WH-North,False,False
2011-10-31,79160,51.0,Main,,WH-London,False,False
2011-10-31,10133,52.0,Main,,WH-London,False,False
2011-10-31,90177A,76.0,WH-North,2011-10-21,WH-North,False,False
2011-10-31,21830,-44.0,WH-London,2011-10-29,WH-London,True,False
2011-10-31,21670,12.0,Warehouse North,2011-10-25,WH-North,False,False
2011-10-31,23057,32.0,Warehouse North,2011-10-28,WH-North,False,False
2011-10-31,22575,39.0,WH-London,2011-10-28,WH-London,False,False
2011-10-31,20657,25.0,,2011-10-23,UNKNOWN,False,False
2011-10-31,85231G,55.0,WH_London,2011-10-23,WH-London,False,False
2011-10-31,20724,54.0,Warehouse North,,WH-North,False,False
2011-10-31,22332,52.0,Warehouse North,2011-10-22,WH-North,False,False
2011-10-31,21188,23.0,WH-London ,2011-10-27,WH-London,False,False
2011-10-31,22908,53.0,WH-London ,2011-10-23,WH-London,False,False
2011-10-31,47590B,88.0,WH-North,2011-10-25,WH-North,False,False
2011-10-31,22066,-58.0,,2011-10-21,UNKNOWN,True,False
2011-10-31,23085,82.0,WH-London ,,WH-London,False,False
2011-10-31,23483,53.0,Main,2011-10-29,WH-London,False,False
2011-10-31,47593B,30.0,WH_London,2011-10-24,WH-London,False,False
2011-10-31,72232,75.0,WH-London,,WH-London,False,False
2011-10-31,23518,7.0,Warehouse North,2011-10-28,WH-North,False,False
2011-10-31,20756,33.0,Main,2011-10-26,WH-London,False,False
2011-10-31,20702,45.0,Main,2011-10-17,WH-London,False,False
2011-10-31,21368,69.0,Main,2011-10-18,WH-London,False,False
2011-10-31,16218,88.0,WH-London,2011-10-22,WH-London,False,False
2011-10-31,22216,75.0,WH-North,2011-10-23,WH-North,False,False
2011-10-31,85135A,72.0,,2011-10-27,UNKNOWN,False,False
2011-10-31,21630,-75.0,Main,2011-10-30,WH-London,True,False
2011-10-31,84804A,80.0,Main,2011-10-26,WH-London,False,False
2011-10-31,22779,15.0,WH_London,2011-10-19,WH-London,False,False
2011-10-31,22965,116.0,,2011-10-24,UNKNOWN,False,False
2011-10-31,20974,83.0,WH-North,2011-10-30,WH-North,False,False
2011-10-31,90025E,44.0,,2011-10-29,UNKNOWN,False,False
2011-10-31,37467,61.0,,2011-10-31,UNKNOWN,False,False
2011-10-31,23272,10.0,Main,2011-10-24,WH-London,False,False
2011-10-31,20963,42.0,Main,2011-10-17,WH-London,False,False
2011-10-31,90143,,WH_London,2011-10-25,WH-London,False,True
2011-10-31,85186C,37.0,,2011-10-31,UNKNOWN,False,False
2011-10-31,20966,74.0,WH-London ,2011-10-20,WH-London,False,False
2011-10-31,22962,53.0,WH-North,2011-10-30,WH-North,False,False
2011-10-31,23692,14.0,Warehouse North,2011-10-29,WH-North,False,False
2011-10-31,84732B,14.0,,2011-10-20,UNKNOWN,False,False
2011-10-31,22185,8.0,WH-London ,2011-10-22,WH-London,False,False
2011-10-31,84674,76.0,,,UNKNOWN,False,False
2011-10-31,21735,43.0,Warehouse North,2011-10-25,WH-North,False,False
2011-10-31,21745,72.0,WH-London ,2011-10-27,WH-London,False,False
2011-10-31,84805B,144.0,WH-London,2011-10-22,WH-London,False,False
2011-10-31,84631,23.0,Warehouse North,2011-10-31,WH-North,False,False
2011-10-31,22715,59.0,WH-London ,2011-10-17,WH-London,False,False
2011-10-31,47593A,93.0,,2011-10-19,UNKNOWN,False,False
2011-10-31,22904,35.0,Warehouse North,2011-10-17,WH-North,False,False
2011-10-31,21348,39.0,WH-North,2011-10-29,WH-North,False,False
2011-10-31,20803,65.0,WH-London,2011-10-25,WH-London,False,False
2011-10-31,21356,126.0,WH_London,2011-10-31,WH-London,False,False
2011-10-31,21428,69.0,Warehouse North,2011-10-27,WH-North,False,False
2011-10-31,23135,24.0,WH-London ,2011-10-29,WH-London,False,False
2011-10-31,90011C,28.0,WH-London,2011-10-17,WH-London,False,False
2011-10-31,82616C,35.0,WH-London ,2011-10-21,WH-London,False,False
2011-10-31,90071,-4.0,WH-London ,2011-10-27,WH-London,True,False
2011-10-31,22923,45.0,WH-London ,2011-10-23,WH-London,False,False
2011-10-31,90067B,50.0,Warehouse North,,WH-North,False,False
2011-10-31,22470,51.0,WH-London,2011-10-30,WH-London,False,False
2011-10-31,79163,6.0,WH-North,2011-10-23,WH-North,False,False
2011-10-31,23010,60.0,Main,2011-10-26,WH-London,False,False
2011-10-31,22248,20.0,,2011-10-19,UNKNOWN,False,False
2011-10-31,46000P,42.0,WH-London ,2011-10-27,WH-London,False,False
2011-10-31,37444C,-27.0,WH-North,2011-10-31,WH-North,True,False
2011-10-31,22098,84.0,WH-North,2011-10-31,WH-North,False,False
2011-10-31,90026D,29.0,WH-London,2011-10-19,WH-London,False,False
2011-10-31,35819P,90.0,WH-London ,2011-10-20,WH-London,False,False
2011-10-31,81952B,54.0,WH_London,,WH-London,False,False
2011-10-31,15044B,62.0,Main,2011-10-27,WH-London,False,False
2011-10-31,22905,-52.0,Main,2011-10-22,WH-London,True,False
2011-10-31,22156,24.0,,2011-10-18,UNKNOWN,False,False
2011-11-02,21504,62.0,WH-North,,WH-North,False,False
2011-11-02,23234,37.0,WH-London,2011-10-20,WH-London,False,False
2011-11-02,85026B,-59.0,Warehouse North,2011-10-19,WH-North,True,False
2011-11-02,20731,68.0,WH-London,2011-10-24,WH-London,False,False
2011-11-02,90067B,,WH_London,2011-10-19,WH-London,False,True
2011-11-02,22248,64.0,WH-London,,WH-London,False,False
2011-11-02,85107,-78.0,,,UNKNOWN,True,False
2011-11-02,21336,69.0,Main,2011-10-19,WH-London,False,False
2011-11-02,90082D,43.0,WH_London,,WH-London,False,False
2011-11-02,23483,70.0,WH-London ,2011-11-01,WH-London,False,False
2011-11-02,90001C,46.0,WH-North,2011-10-23,WH-North,False,False
2011-11-02,21135,37.0,Warehouse North,2011-11-02,WH-North,False,False
2011-11-02,44092C,,Main,2011-10-22,WH-London,False,True
2011-11-02,21216,69.0,Warehouse North,2011-10-29,WH-North,False,False
2011-11-02,84805B,32.0,WH_London,2011-10-23,WH-London,False,False
2011-11-02,22671,68.0,Main,2011-10-27,WH-London,False,False
2011-11-02,23189,50.0,,,UNKNOWN,False,False
2011-11-02,21265,-41.0,WH-London ,2011-10-29,WH-London,True,False
2011-11-02,22637,-24.0,Warehouse North,2011-10-24,WH-North,True,False
2011-11-02,90025E,89.0,Main,2011-10-30,WH-London,False,False
2011-11-02,84856S,-38.0,Main,,WH-London,True,False
2011-11-02,85136C,97.0,Main,2011-10-29,WH-London,False,False
2011-11-02,72225C,25.0,Main,2011-10-23,WH-London,False,False
2011-11-02,22905,-95.0,,2011-10-26,UNKNOWN,True,False
2011-11-02,23342,52.0,Main,2011-10-30,WH-London,False,False
2011-11-02,22323,75.0,WH-London ,2011-10-24,WH-London,False,False
2011-11-02,84849B,10.0,Main,2011-11-02,WH-London,False,False
2011-11-02,90177A,10.0,Warehouse North,,WH-North,False,False
2011-11-02,DCGSSBOY,57.0,WH-London ,2011-10-20,WH-London,False,False
2011-11-02,20963,19.0,Warehouse North,2011-10-21,WH-North,False,False
2011-11-02,85231G,89.0,WH-London,2011-10-26,WH-London,False,False
2011-11-02,23518,60.0,WH-London ,2011-10-25,WH-London,False,False
2011-11-02,22923,30.0,WH-London,2011-10-25,WH-London,False,False
2011-11-02,23093,22.0,WH-London ,2011-10-28,WH-London,False,False
2011-11-02,35819P,-41.0,,2011-10-28,UNKNOWN,True,False
2011-11-02,37467,32.0,WH-London,2011-10-20,WH-London,False,False
2011-11-02,15044B,64.0,Main,2011-10-26,WH-London,False,False
2011-11-02,21348,47.0,WH_London,2011-10-29,WH-London,False,False
2011-11-02,84631,-85.0,WH-North,2011-10-24,WH-North,True,False
2011-11-02,21989,68.0,WH_London,2011-10-26,WH-London,False,False
2011-11-02,90197B,23.0,WH-London,,WH-London,False,False
2011-11-02,84746,37.0,WH_London,2011-10-27,WH-London,False,False
2011-11-02,21368,24.0,WH-London,2011-10-20,WH-London,False,False
2011-11-02,84789,-24.0,,2011-10-28,UNKNOWN,True,False
2011-11-02,15036,-3.0,WH-London,2011-10-20,WH-London,True,False
2011-11-02,23090,-78.0,WH-London ,2011-10-26,WH-London,True,False
2011-11-02,17028J,,WH-London ,2011-10-29,WH-London,False,True
2011-11-02,22470,20.0,WH-London,2011-10-26,WH-London,False,False
2011-11-02,21356,17.0,WH-North,2011-10-31,WH-North,False,False
2011-11-02,22099,66.0,WH-North,2011-10-22,WH-North,False,False
2011-11-02,90161B,25.0,Warehouse North,2011-11-01,WH-North,False,False
2011-11-02,90052,88.0,Warehouse North,2011-10-29,WH-North,False,False
2011-11-02,82616B,28.0,WH-London,,WH-London,False,False
2011-11-02,22095,-14.0,WH-London ,,WH-London,True,False
2011-11-02,21791,46.0,WH-North,2011-10-28,WH-North,False,False
2011-11-02,35965,32.0,Warehouse North,2011-10-21,WH-North,False,False
2011-11-02,22087,,,2011-10-26,UNKNOWN,False,True
2011-11-02,90214C,39.0,WH-London ,2011-10-30,WH-London,False,False
2011-11-02,17109D,67.0,WH-London,2011-10-31,WH-London,False,False
2011-11-02,23692,62.0,WH-London,2011-11-02,WH-London,False,False
2011-11-02,23057,59.0,WH_London,2011-10-28,WH-London,False,False
2011-11-02,85135A,-55.0,Warehouse North,2011-10-21,WH-North,True,False
2011-11-02,85024C,49.0,WH-London,2011-10-30,WH-London,False,False
2011-11-02,47593B,8.0,WH-London,2011-10-24,WH-London,False,False
2011-11-02,84732B,61.0,WH-London,2011-11-02,WH-London,False,False
2011-11-02,22965,,Main,2011-11-01,WH-London,False,True
2011-11-02,84674,60.0,WH-London,2011-10-26,WH-London,False,False
2011-11-02,47591D,43.0,WH_London,2011-10-29,WH-London,False,False
2011-11-02,23060,67.0,WH-North,2011-10-19,WH-North,False,False
2011-11-02,22928,-57.0,WH-London ,,WH-London,True,False
2011-11-02,37444C,71.0,WH_London,2011-10-25,WH-London,False,False
2011-11-02,84675,47.0,WH_London,2011-10-24,WH-London,False,False
2011-11-02,22575,,,2011-10-31,UNKNOWN,False,True
2011-11-02,21281,-44.0,Warehouse North,2011-10-25,WH-North,True,False
2011-11-02,90195B,21.0,WH-London,2011-10-27,WH-London,False,False
2011-11-02,21159,36.0,WH-London ,2011-10-19,WH-London,False,False
2011-11-02,23341,52.0,WH-North,2011-10-28,WH-North,False,False
2011-11-02,22779,79.0,WH-London,2011-10-29,WH-London,False,False
2011-11-02,21220,69.0,,2011-10-23,UNKNOWN,False,False
2011-11-02,22030,56.0,WH_London,2011-10-28,WH-London,False,False
2011-11-04,22066,87.0,WH-London ,2011-10-25,WH-London,False,False
2011-11-04,90067B,51.0,WH_London,2011-11-01,WH-London,False,False
2011-11-04,22323,56.0,,2011-10-22,UNKNOWN,False,False
2011-11-04,22671,38.0,WH-London,2011-10-25,WH-London,False,False
2011-11-04,90201C,17.0,WH-London,2011-11-03,WH-London,False,False
2011-11-04,81950B,66.0,WH-North,2011-10-28,WH-North,False,False
2011-11-04,21628,2.0,WH-London ,2011-10-23,WH-London,False,False
2011-11-04,20677,22.0,Main,,WH-London,False,False
2011-11-04,72807B,-55.0,WH-London,2011-11-01,WH-London,True,False
2011-11-04,21735,24.0,WH-London ,2011-10-31,WH-London,False,False
2011-11-04,84638,50.0,WH-North,2011-10-28,WH-North,False,False
2011-11-04,84559B,54.0,WH-North,2011-10-25,WH-North,False,False
2011-11-04,23204,33.0,,2011-10-29,UNKNOWN,False,False
2011-11-04,21220,51.0,Main,2011-10-24,WH-London,False,False
2011-11-04,90071,51.0,WH-North,2011-10-28,WH-North,False,False
2011-11-04,84715,15.0,WH-London,2011-11-03,WH-London,False,False
2011-11-04,84789,-66.0,WH_London,2011-10-31,WH-London,True,False
2011-11-04,23272,10.0,Main,2011-10-27,WH-London,False,False
2011-11-04,20803,,WH-London ,2011-11-03,WH-London,False,True
2011-11-04,22185,66.0,Warehouse North,2011-10-28,WH-North,False,False
2011-11-04,22962,80.0,WH-London,2011-10-23,WH-London,False,False
2011-11-04,21135,69.0,WH-London ,2011-11-01,WH-London,False,False
2011-11-04,DCGSSBOY,48.0,Warehouse North,2011-11-04,WH-North,False,False
2011-11-04,47469,26.0,Warehouse North,2011-10-21,WH-North,False,False
2011-11-04,21428,49.0,Main,2011-10-29,WH-London,False,False
2011-11-04,20756,75.0,WH-North,2011-10-21,WH-North,False,False
2011-11-04,47593B,25.0,WH-North,2011-11-02,WH-North,False,False
2011-11-04,84732B,54.0,WH-North,2011-10-30,WH-North,False,False
2011-11-04,21630,-4.0,Warehouse North,2011-10-31,WH-North,True,False
2011-11-04,23060,25.0,WH_London,2011-10-31,WH-London,False,False
2011-11-04,85163B,24.0,WH-London,2011-10-22,WH-London,False,False
2011-11-04,21683,100.0,Warehouse North,2011-10-26,WH-North,False,False
2011-11-04,22560,9.0,WH_London,2011-10-27,WH-London,False,False
2011-11-04,78124,61.0,WH-London,2011-10-31,WH-London,False,False
2011-11-04,20996,97.0,WH-North,2011-11-04,WH-North,False,False
2011-11-04,84686,-80.0,Warehouse North,2011-10-21,WH-North,True,False
2011-11-04,23483,95.0,Warehouse North,2011-10-23,WH-North,False,False
2011-11-04,21265,100.0,WH-London,2011-11-01,WH-London,False,False
2011-11-04,20963,51.0,,2011-10-22,UNKNOWN,False,False
2011-11-04,23159,64.0,Warehouse North,2011-10-29,WH-North,False,False
2011-11-04,90152A,55.0,WH-London,2011-10-31,WH-London,False,False
2011-11-04,82613C,64.0,WH-London,2011-10-29,WH-London,False,False
2011-11-04,22637,62.0,WH-London,2011-10-21,WH-London,False,False
2011-11-04,22470,101.0,Warehouse North,2011-10-29,WH-North,False,False
2011-11-04,22099,58.0,WH-London,2011-10-31,WH-London,False,False
2011-11-04,85119,21.0,WH_London,2011-10-22,WH-London,False,False
2011-11-04,23085,67.0,,2011-10-29,UNKNOWN,False,False
2011-11-04,22272,71.0,Warehouse North,2011-10-28,WH-North,False,False
2011-11-04,22779,25.0,WH-London,2011-11-04,WH-London,False,False
2011-11-04,85026B,24.0,WH-North,2011-10-23,WH-North,False,False
2011-11-04,22575,78.0,,2011-10-31,UNKNOWN,False,False
2011-11-04,16011,-34.0,Main,,WH-London,True,False
2011-11-04,84849B,37.0,WH-North,2011-10-22,WH-North,False,False
2011-11-04,23334,36.0,,2011-11-03,UNKNOWN,False,False
2011-11-04,23140,57.0,WH_London,2011-10-23,WH-London,False,False
2011-11-04,47591D,83.0,WH-London ,2011-10-27,WH-London,False,False
2011-11-04,20966,70.0,WH-London ,2011-10-27,WH-London,False,False
2011-11-04,22030,-36.0,Warehouse North,2011-10-21,WH-North,True,False
2011-11-04,84872A,90.0,WH-North,2011-10-30,WH-North,False,False
2011-11-04,21009,76.0,,2011-10-27,UNKNOWN,False,False
2011-11-04,21356,79.0,WH-London ,2011-10-29,WH-London,False,False
2011-11-04,90177A,78.0,WH-London,2011-11-03,WH-London,False,False
2011-11-04,21368,34.0,WH-London,2011-10-22,WH-London,False,False
2011-11-04,22087,22.0,Main,2011-10-31,WH-London,False,False
2011-11-04,22248,39.0,Main,2011-11-03,WH-London,False,False
2011-11-04,21791,,Warehouse North,2011-11-01,WH-North,False,True
2011-11-04,21802,14.0,WH-London ,2011-10-28,WH-London,False,False
2011-11-04,84596J,10.0,WH_London,2011-10-28,WH-London,False,False
2011-11-04,23135,-4.0,WH_London,2011-10-31,WH-London,True,False
2011-11-04,44092C,12.0,Warehouse North,2011-10-27,WH-North,False,False
2011-11-04,15036,,WH-North,2011-10-22,WH-North,False,True
2011-11-04,35965,-53.0,WH-London,2011-11-04,WH-London,True,False
2011-11-04,84660C,15.0,,2011-10-27,UNKNOWN,False,False
2011-11-04,22070,69.0,WH-North,2011-10-23,WH-North,False,False
2011-11-04,22098,51.0,WH-London ,2011-11-01,WH-London,False,False
2011-11-04,84674,-11.0,WH-London,2011-10-22,WH-London,True,False
2011-11-04,23089,49.0,Warehouse North,,WH-North,False,False
2011-11-04,21745,,Warehouse North,2011-10-25,WH-North,False,True
2011-11-04,23535,107.0,Warehouse North,2011-10-31,WH-North,False,False
2011-11-04,22178,57.0,Warehouse North,2011-10-30,WH-North,False,False
2011-11-06,23057,-3.0,WH-North,2011-10-30,WH-North,True,False
2011-11-06,DCGSSBOY,56.0,,2011-10-28,UNKNOWN,False,False
2011-11-06,23093,55.0,,,UNKNOWN,False,False
2011-11-06,21504,68.0,Warehouse North,2011-10-29,WH-North,False,False
2011-11-06,35819P,129.0,WH-North,2011-11-03,WH-North,False,False
2011-11-06,79071B,33.0,WH_London,2011-11-01,WH-London,False,False
2011-11-06,85230F,30.0,WH-North,2011-11-05,WH-North,False,False
2011-11-06,22216,64.0,WH-London ,2011-10-31,WH-London,False,False
2011-11-06,47593B,104.0,WH_London,2011-10-30,WH-London,False,False
2011-11-06,23085,70.0,,2011-11-03,UNKNOWN,False,False
2011-11-06,85026B,39.0,Main,2011-10-31,WH-London,False,False
2011-11-06,90152A,79.0,,2011-11-01,UNKNOWN,False,False
2011-11-06,90152C,103.0,Warehouse North,2011-11-04,WH-North,False,False
2011-11-06,85107,26.0,WH-London ,2011-10-27,WH-London,False,False
2011-11-06,23341,19.0,WH-North,2011-10-31,WH-North,False,False
2011-11-06,85136C,51.0,Main,2011-11-05,WH-London,False,False
2011-11-06,22114,-59.0,,,UNKNOWN,True,False
2011-11-06,84638,91.0,,2011-10-31,UNKNOWN,False,False
2011-11-06,20996,35.0,WH-London,2011-10-25,WH-London,False,False
2011-11-06,21428,62.0,WH-London ,2011-10-24,WH-London,False,False
2011-11-06,21009,96.0,Main,2011-11-06,WH-London,False,False
2011-11-06,22323,56.0,WH-London ,2011-11-04,WH-London,False,False
2011-11-06,21662,38.0,,2011-11-04,UNKNOWN,False,False
2011-11-06,21745,67.0,WH-London,2011-10-26,WH-London,False,False
2011-11-06,90197B,40.0,WH_London,2011-10-23,WH-London,False,False
2011-11-06,21222,60.0,Warehouse North,2011-10-28,WH-North,False,False
2011-11-06,22882,44.0,WH-London,,WH-London,False,False
2011-11-06,85040A,45.0,WH-London,2011-11-01,WH-London,False,False
2011-11-06,23272,37.0,Main,2011-10-28,WH-London,False,False
2011-11-06,22560,32.0,WH-London ,2011-11-03,WH-London,False,False
2011-11-06,23140,79.0,WH-London ,2011-11-01,WH-London,False,False
2011-11-06,82613C,55.0,WH-London,,WH-London,False,False
2011-11-06,22272,88.0,WH-London ,2011-11-05,WH-London,False,False
2011-11-06,84856S,,,2011-10-30,UNKNOWN,False,True
2011-11-06,22099,34.0,WH-London ,2011-10-30,WH-London,False,False
2011-11-06,22965,27.0,WH-London,2011-10-24,WH-London,False,False
2011-11-06,90195B,42.0,WH-London ,2011-11-03,WH-London,False,False
2011-11-06,47469,19.0,Main,,WH-London,False,False
2011-11-06,22923,1.0,WH-London ,2011-10-31,WH-London,False,False
2011-11-06,21147,70.0,WH-London ,2011-10-25,WH-London,False,False
2011-11-06,22156,32.0,WH-London ,2011-10-28,WH-London,False,False
2011-11-06,85184C,66.0,Warehouse North,2011-10-28,WH-North,False,False
2011-11-06,23075,-14.0,WH_London,2011-10-31,WH-London,True,False
2011-11-06,21802,0.0,,2011-11-04,UNKNOWN,False,False
2011-11-06,84789,57.0,WH-London,,WH-London,False,False
2011-11-06,84715,68.0,WH-London,2011-10-24,WH-London,False,False
2011-11-06,21188,31.0,Warehouse North,,WH-North,False,False
2011-11-06,21791,19.0,Main,2011-11-05,WH-London,False,False
2011-11-06,85119,87.0,WH-London ,2011-11-03,WH-London,False,False
2011-11-06,15044B,48.0,WH-North,2011-10-29,WH-North,False,False
2011-11-06,90026D,20.0,WH_London,2011-11-02,WH-London,False,False
2011-11-06,23692,5.0,Warehouse North,2011-11-05,WH-North,False,False
2011-11-06,90052,29.0,WH_London,2011-10-25,WH-London,False,False
2011-11-06,22960,38.0,WH-North,2011-11-01,WH-North,False,False
2011-11-06,22230,-72.0,Warehouse North,2011-11-05,WH-North,True,False
2011-11-06,16048,49.0,,2011-10-30,UNKNOWN,False,False
2011-11-06,22228,45.0,WH-London,2011-10-23,WH-London,False,False
2011-11-06,90161B,22.0,Warehouse North,2011-10-23,WH-North,False,False
2011-11-06,20771,,WH-London,2011-10-24,WH-London,False,True
2011-11-06,84989A,79.0,WH_London,2011-10-24,WH-London,False,False
2011-11-06,72225C,76.0,WH-London ,2011-10-31,WH-London,False,False
2011-11-06,23234,48.0,WH-London,2011-10-29,WH-London,False,False
2011-11-06,21377,-62.0,Main,2011-11-03,WH-London,True,False
2011-11-06,90082D,-27.0,WH-North,2011-11-06,WH-North,True,False
2011-11-06,21670,56.0,WH-London,2011-10-31,WH-London,False,False
2011-11-06,23334,107.0,Main,2011-11-05,WH-London,False,False
2011-11-06,23189,32.0,WH_London,2011-10-26,WH-London,False,False
2011-11-06,22908,-20.0,WH-London,2011-10-31,WH-London,True,False
2011-11-06,23204,-45.0,Warehouse North,2011-10-30,WH-North,True,False
2011-11-06,82616C,24.0,WH-London ,2011-10-24,WH-London,False,False
2011-11-06,22905,-22.0,WH-North,2011-10-30,WH-North,True,False
2011-11-06,20731,57.0,WH_London,2011-10-27,WH-London,False,False
2011-11-06,84631,74.0,WH-North,2011-10-30,WH-North,False,False
2011-11-06,23458,58.0,WH-London ,2011-11-02,WH-London,False,False
2011-11-06,81952B,15.0,WH-North,2011-11-06,WH-North,False,False
2011-11-06,23611,29.0,,2011-11-05,UNKNOWN,False,False
2011-11-06,20963,59.0,WH-North,2011-10-23,WH-North,False,False
2011-11-06,85231G,69.0,Warehouse North,2011-10-25,WH-North,False,False
2011-11-06,21628,43.0,,2011-10-27,UNKNOWN,False,False
2011-11-06,84674,,Warehouse North,2011-11-06,WH-North,False,True
2011-11-08,21662,73.0,WH-North,2011-10-29,WH-North,False,False
2011-11-08,79163,104.0,,2011-11-02,UNKNOWN,False,False
2011-11-08,21745,-83.0,,2011-10-31,UNKNOWN,True,False
2011-11-08,23010,109.0,,2011-10-30,UNKNOWN,False,False
2011-11-08,90065B,31.0,WH-North,2011-10-28,WH-North,False,False
2011-11-08,21683,80.0,Warehouse North,2011-10-28,WH-North,False,False
2011-11-08,21159,88.0,WH-North,2011-10-25,WH-North,False,False
2011-11-08,20974,35.0,WH-North,2011-11-05,WH-North,False,False
2011-11-08,22272,25.0,,2011-11-08,UNKNOWN,False,False
2011-11-08,23471,21.0,WH-London ,,WH-London,False,False
2011-11-08,23535,47.0,WH-North,2011-10-26,WH-North,False,False
2011-11-08,23483,,WH-London ,2011-10-30,WH-London,False,True
2011-11-08,22904,,Warehouse North,2011-10-25,WH-North,False,True
2011-11-08,22084,11.0,Warehouse North,2011-10-30,WH-North,False,False
2011-11-08,85186C,62.0,,2011-11-03,UNKNOWN,False,False
2011-11-08,84989A,-17.0,WH-London,2011-11-05,WH-London,True,False
2011-11-08,22248,111.0,WH-London,2011-10-31,WH-London,False,False
2011-11-08,79160,87.0,WH-North,2011-10-29,WH-North,False,False
2011-11-08,90052,2.0,,2011-11-02,UNKNOWN,False,False
2011-11-08,21802,59.0,Warehouse North,2011-10-25,WH-North,False,False
2011-11-08,79190B,42.0,Main,2011-10-31,WH-London,False,False
2011-11-08,21188,54.0,WH_London,2011-11-02,WH-London,False,False
2011-11-08,22560,-69.0,,2011-11-03,UNKNOWN,True,False
2011-11-08,21147,25.0,,2011-11-07,UNKNOWN,False,False
2011-11-08,21865,48.0,Warehouse North,2011-11-04,WH-North,False,False
2011-11-08,23440,-4.0,,2011-10-29,UNKNOWN,True,False
2011-11-08,21628,-52.0,Warehouse North,2011-11-04,WH-North,True,False
2011-11-08,22905,-11.0,,2011-10-25,UNKNOWN,True,False
2011-11-08,21670,89.0,WH-London ,,WH-London,False,False
2011-11-08,21348,6.0,Main,2011-11-07,WH-London,False,False
2011-11-08,47591D,58.0,Main,,WH-London,False,False
2011-11-08,21428,74.0,WH_London,2011-11-07,WH-London,False,False
2011-11-08,21216,-105.0,Warehouse North,2011-11-08,WH-North,True,False
2011-11-08,22715,103.0,,2011-11-07,UNKNOWN,False,False
2011-11-08,85024C,91.0,,2011-11-08,UNKNOWN,False,False
2011-11-08,37444C,49.0,WH-London,2011-11-08,WH-London,False,False
2011-11-08,90197B,83.0,,2011-11-04,UNKNOWN,False,False
2011-11-08,84805B,58.0,,2011-10-31,UNKNOWN,False,False
2011-11-08,22965,60.0,Main,2011-10-30,WH-London,False,False
2011-11-08,23334,31.0,WH-North,2011-11-07,WH-North,False,False
2011-11-08,16010,102.0,Warehouse North,2011-11-04,WH-North,False,False
2011-11-08,90071,25.0,WH-London ,2011-10-31,WH-London,False,False
2011-11-08,78124,17.0,WH_London,2011-11-03,WH-London,False,False
2011-11-08,90011C,62.0,WH_London,2011-10-27,WH-London,False,False
2011-11-08,84674,-3.0,Warehouse North,2011-10-30,WH-North,True,False
2011-11-08,90026D,53.0,WH_London,2011-11-06,WH-London,False,False
2011-11-08,23060,99.0,WH-North,,WH-North,False,False
2011-11-08,21220,62.0,WH_London,2011-11-01,WH-London,False,False
2011-11-08,20771,50.0,Main,2011-10-27,WH-London,False,False
2011-11-08,82616B,24.0,Main,2011-10-29,WH-London,False,False
2011-11-08,23611,4.0,WH-London,2011-11-03,WH-London,False,False
2011-11-08,21989,75.0,WH_London,2011-11-07,WH-London,False,False
2011-11-08,47469,50.0,WH_London,2011-11-02,WH-London,False,False
2011-11-08,72807B,68.0,WH-London ,2011-10-29,WH-London,False,False
2011-11-08,90201C,,WH-London ,2011-10-26,WH-London,False,True
2011-11-08,90025E,71.0,WH_London,2011-11-06,WH-London,False,False
2011-11-08,22230,109.0,WH_London,2011-11-01,WH-London,False,False
2011-11-08,84804A,90.0,WH-North,2011-11-01,WH-North,False,False
2011-11-08,37424,58.0,WH_London,2011-10-26,WH-London,False,False
2011-11-08,23619,18.0,WH-London ,2011-10-25,WH-London,False,False
2011-11-08,85040A,53.0,Main,2011-11-08,WH-London,False,False
2011-11-08,72802C,54.0,WH_London,2011-11-03,WH-London,False,False
2011-11-08,90067B,35.0,WH-North,2011-11-01,WH-North,False,False
2011-11-08,84872A,37.0,WH_London,2011-11-04,WH-London,False,False
2011-11-08,22289,112.0,,2011-11-07,UNKNOWN,False,False
2011-11-08,20756,21.0,Main,2011-10-26,WH-London,False,False
2011-11-08,21735,37.0,WH_London,2011-10-25,WH-London,False,False
2011-11-08,21356,66.0,Main,,WH-London,False,False
2011-11-08,23518,115.0,WH_London,2011-10-30,WH-London,False,False
2011-11-08,20657,40.0,Warehouse North,2011-10-28,WH-North,False,False
2011-11-08,23189,-3.0,WH-London,2011-11-01,WH-London,True,False
2011-11-08,23692,-14.0,WH_London,2011-10-25,WH-London,True,False
2011-11-08,22066,125.0,Warehouse North,,WH-North,False,False
2011-11-08,47593A,-7.0,Main,2011-10-30,WH-London,True,False
2011-11-08,84675,52.0,WH_London,2011-11-06,WH-London,False,False
2011-11-08,21830,4.0,WH-North,2011-10-31,WH-North,False,False
2011-11-08,85184C,26.0,Main,2011-11-01,WH-London,False,False
2011-11-08,16218,-30.0,Warehouse North,2011-10-26,WH-North,True,False
2011-11-08,20996,-8.0,WH-London ,2011-11-08,WH-London,True,False
2011-11-08,22483,86.0,Warehouse North,2011-11-08,WH-North,False,False
2011-11-10,20677,62.0,WH-North,2011-11-07,WH-North,False,False
2011-11-10,21368,37.0,Warehouse North,,WH-North,False,False
2011-11-10,22908,32.0,WH-North,2011-10-28,WH-North,False,False
2011-11-10,85184C,82.0,,2011-11-03,UNKNOWN,False,False
2011-11-10,20803,52.0,WH-London ,2011-10-31,WH-London,False,False
2011-11-10,22210,112.0,WH-North,2011-11-01,WH-North,False,False
2011-11-10,21791,36.0,WH-North,,WH-North,False,False
2011-11-10,22289,62.0,WH-London,2011-11-08,WH-London,False,False
2011-11-10,37471,13.0,WH-London,2011-11-10,WH-London,False,False
2011-11-10,90214C,37.0,,2011-11-05,UNKNOWN,False,False
2011-11-10,21683,81.0,Main,2011-11-07,WH-London,False,False
2011-11-10,15044B,85.0,WH-London ,2011-11-02,WH-London,False,False
2011-11-10,84660C,105.0,WH-North,,WH-North,False,False
2011-11-10,20731,63.0,Main,2011-11-07,WH-London,False,False
2011-11-10,85136C,87.0,WH-London ,2011-10-30,WH-London,False,False
2011-11-10,84675,68.0,,,UNKNOWN,False,False
2011-11-10,20702,37.0,Main,2011-10-31,WH-London,False,False
2011-11-10,84631,4.0,WH-North,2011-11-07,WH-North,False,False
2011-11-10,72802C,43.0,Warehouse North,2011-11-02,WH-North,False,False
2011-11-10,16010,15.0,WH-London ,2011-11-08,WH-London,False,False
2011-11-10,84856S,,Warehouse North,2011-10-27,WH-North,False,True
2011-11-10,23471,83.0,Warehouse North,2011-11-07,WH-North,False,False
2011-11-10,84746,-19.0,WH-London ,2011-11-02,WH-London,True,False
2011-11-10,22248,83.0,Main,2011-10-31,WH-London,False,False
2011-11-10,21630,14.0,WH-London,2011-10-30,WH-London,False,False
2011-11-10,21670,93.0,Main,2011-10-31,WH-London,False,False
2011-11-10,DCGSSBOY,45.0,WH-London,2011-11-05,WH-London,False,False
2011-11-10,15036,63.0,WH-London ,,WH-London,False,False
2011-11-10,85119,93.0,Main,,WH-London,False,False
2011-11-10,21662,67.0,,2011-10-31,UNKNOWN,False,False
2011-11-10,79071B,45.0,WH-North,2011-11-09,WH-North,False,False
2011-11-10,84989A,76.0,Main,2011-11-01,WH-London,False,False
2011-11-10,81952B,20.0,,2011-10-31,UNKNOWN,False,False
2011-11-10,22965,-7.0,,2011-11-02,UNKNOWN,True,False
2011-11-10,21830,-84.0,WH-London ,2011-11-09,WH-London,True,False
2011-11-10,84872A,10.0,WH-London ,2011-10-30,WH-London,False,False
2011-11-10,21735,77.0,WH-North,2011-11-09,WH-North,False,False
2011-11-10,23093,54.0,WH-London ,,WH-London,False,False
2011-11-10,22323,49.0,WH_London,2011-11-05,WH-London,False,False
2011-11-10,84638,21.0,Main,2011-10-29,WH-London,False,False
2011-11-10,82616B,36.0,WH_London,2011-11-03,WH-London,False,False
2011-11-10,22415,50.0,WH-London,2011-11-05,WH-London,False,False
2011-11-10,20657,55.0,Warehouse North,2011-10-31,WH-North,False,False
2011-11-10,22560,22.0,,,UNKNOWN,False,False
2011-11-10,17109D,72.0,Warehouse North,2011-11-02,WH-North,False,False
2011-11-10,47590B,74.0,,,UNKNOWN,False,False
2011-11-10,23135,64.0,WH_London,2011-11-09,WH-London,False,False
2011-11-10,22923,36.0,,2011-11-04,UNKNOWN,False,False
2011-11-10,22960,75.0,WH-London ,2011-10-31,WH-London,False,False
2011-11-10,17028J,68.0,Warehouse North,2011-11-06,WH-North,False,False
2011-11-10,21356,-8.0,Warehouse North,2011-11-03,WH-North,True,False
2011-11-10,21135,,Warehouse North,2011-10-31,WH-North,False,True
2011-11-10,84849B,107.0,Warehouse North,2011-11-06,WH-North,False,False
2011-11-10,21484,79.0,WH-London,2011-10-30,WH-London,False,False
2011-11-10,22230,84.0,Main,2011-10-31,WH-London,False,False
2011-11-10,23342,28.0,WH-North,2011-11-05,WH-North,False,False
2011-11-10,35965,53.0,WH-London,2011-11-09,WH-London,False,False
2011-11-10,23010,44.0,Main,,WH-London,False,False
2011-11-10,84596J,49.0,Warehouse North,2011-11-08,WH-North,False,False
2011-11-10,84686,34.0,WH_London,2011-11-08,WH-London,False,False
2011-11-10,84804A,12.0,WH-London,2011-11-07,WH-London,False,False
2011-11-10,84559B,51.0,WH-North,2011-11-09,WH-North,False,False
2011-11-10,23057,26.0,,2011-11-03,UNKNOWN,False,False
2011-11-10,90071,67.0,,2011-10-31,UNKNOWN,False,False
2011-11-10,85135A,49.0,WH-North,2011-11-10,WH-North,False,False
2011-11-10,84674,,Warehouse North,2011-11-03,WH-North,False,True
2011-11-10,47593B,91.0,WH_London,2011-11-08,WH-London,False,False
2011-11-10,85024C,63.0,WH-North,,WH-North,False,False
2011-11-10,21989,36.0,WH_London,2011-11-09,WH-London,False,False
2011-11-10,20963,39.0,WH-London,2011-11-09,WH-London,False,False
2011-11-10,37424,13.0,Main,2011-11-04,WH-London,False,False
2011-11-10,21265,48.0,WH-London ,2011-10-27,WH-London,False,False
2011-11-10,20966,70.0,WH-London ,2011-11-04,WH-London,False,False
2011-11-10,23611,102.0,WH-London,2011-11-05,WH-London,False,False
2011-11-10,22084,47.0,Main,2011-11-05,WH-London,False,False
2011-11-10,22070,51.0,WH-North,2011-11-02,WH-North,False,False
2011-11-10,23535,85.0,Main,2011-10-31,WH-London,False,False
2011-11-10,81950B,15.0,Warehouse North,2011-10-29,WH-North,False,False
2011-11-10,90201C,54.0,WH-London,2011-10-28,WH-London,False,False
2011-11-10,23089,27.0,Main,2011-11-04,WH-London,False,False
2011-11-12,85231G,53.0,Main,2011-10-29,WH-London,False,False
2011-11-12,16010,78.0,Main,2011-10-29,WH-London,False,False
2011-11-12,22178,0.0,,2011-11-04,UNKNOWN,False,False
2011-11-12,21356,83.0,WH-London ,2011-11-12,WH-London,False,False
2011-11-12,23483,60.0,WH-London ,2011-11-04,WH-London,False,False
2011-11-12,84596J,54.0,WH-London,2011-11-09,WH-London,False,False
2011-11-12,90214N,90.0,Warehouse North,2011-11-06,WH-North,False,False
2011-11-12,23272,26.0,WH-London ,2011-11-08,WH-London,False,False
2011-11-12,22908,-9.0,WH-London ,2011-11-04,WH-London,True,False
2011-11-12,17109D,19.0,WH-North,2011-11-05,WH-North,False,False
2011-11-12,84638,65.0,Main,2011-11-10,WH-London,False,False
2011-11-12,22923,35.0,Main,,WH-London,False,False
2011-11-12,21630,23.0,,2011-11-07,UNKNOWN,False,False
2011-11-12,84804A,20.0,WH-North,2011-11-09,WH-North,False,False
2011-11-12,90026D,55.0,,,UNKNOWN,False,False
2011-11-12,90161B,49.0,Warehouse North,,WH-North,False,False
2011-11-12,22332,7.0,Warehouse North,2011-11-04,WH-North,False,False
2011-11-12,84631,8.0,WH-London,2011-11-02,WH-London,False,False
2011-11-12,90143,34.0,WH-London ,2011-11-08,WH-London,False,False
2011-11-12,23204,77.0,Warehouse North,2011-11-08,WH-North,False,False
2011-11-12,90214C,37.0,,2011-11-07,UNKNOWN,False,False
2011-11-12,22099,5.0,,2011-11-05,UNKNOWN,False,False
2011-11-12,20657,47.0,Main,2011-10-31,WH-London,False,False
2011-11-12,21195,51.0,,2011-11-02,UNKNOWN,False,False
2011-11-12,23692,5.0,WH-London ,2011-11-11,WH-London,False,False
2011-11-12,22098,13.0,WH-London ,2011-11-03,WH-London,False,False
2011-11-12,15044B,72.0,WH-North,2011-10-31,WH-North,False,False
2011-11-12,22228,13.0,,2011-11-03,UNKNOWN,False,False
2011-11-12,84660C,73.0,,2011-11-06,UNKNOWN,False,False
2011-11-12,21216,3.0,WH-London,2011-11-07,WH-London,False,False
2011-11-12,21368,4.0,WH_London,,WH-London,False,False
2011-11-12,81950B,50.0,WH-London ,2011-11-07,WH-London,False,False
2011-11-12,23089,27.0,WH-North,2011-11-02,WH-North,False,False
2011-11-12,90152A,33.0,WH-London,2011-11-02,WH-London,False,False
2011-11-12,90082D,-54.0,,2011-11-05,UNKNOWN,True,False
2011-11-12,22070,33.0,,2011-11-06,UNKNOWN,False,False
2011-11-12,82616C,-21.0,WH_London,2011-10-30,WH-London,True,False
2011-11-12,85186C,,WH-London,2011-11-06,WH-London,False,True
2011-11-12,37444C,55.0,WH-North,2011-11-05,WH-North,False,False
2011-11-12,22483,51.0,Main,2011-11-03,WH-London,False,False
2011-11-12,81952B,49.0,WH-North,2011-11-01,WH-North,False,False
2011-11-12,21135,25.0,Warehouse North,2011-10-29,WH-North,False,False
2011-11-12,72807B,-19.0,Warehouse North,2011-11-12,WH-North,True,False
2011-11-12,23458,39.0,WH-London,2011-11-11,WH-London,False,False
2011-11-12,85024C,,WH_London,2011-11-10,WH-London,False,True
2011-11-12,21628,49.0,Warehouse North,2011-11-12,WH-North,False,False
2011-11-12,90185B,-38.0,WH-North,2011-11-11,WH-North,True,False
2011-11-12,22248,50.0,WH-London ,,WH-London,False,False
2011-11-12,23093,47.0,WH_London,2011-11-07,WH-London,False,False
2011-11-12,22575,-102.0,,2011-11-04,UNKNOWN,True,False
2011-11-12,20974,8.0,WH-London,2011-10-29,WH-London,False,False
2011-11-12,21220,44.0,WH_London,2011-11-10,WH-London,False,False
2011-11-12,20677,16.0,Main,2011-11-09,WH-London,False,False
2011-11-12,23611,35.0,Main,2011-11-02,WH-London,False,False
2011-11-12,10133,25.0,,2011-10-31,UNKNOWN,False,False
2011-11-12,84989A,-69.0,,2011-11-09,UNKNOWN,True,False
2011-11-12,21336,,Warehouse North,2011-11-09,WH-North,False,True
2011-11-12,84675,73.0,Warehouse North,2011-11-12,WH-North,False,False
2011-11-12,23342,65.0,,2011-11-02,UNKNOWN,False,False
2011-11-12,85230F,111.0,,2011-11-12,UNKNOWN,False,False
2011-11-12,20966,104.0,WH-London,2011-11-12,WH-London,False,False
2011-11-12,23068,26.0,,2011-11-12,UNKNOWN,False,False
2011-11-12,79071B,87.0,Warehouse North,2011-11-06,WH-North,False,False
2011-11-12,90011C,40.0,WH-London ,2011-11-09,WH-London,False,False
2011-11-12,23090,59.0,,2011-11-02,UNKNOWN,False,False
2011-11-12,20702,101.0,WH-London ,2011-10-31,WH-London,False,False
2011-11-12,23535,-27.0,Main,2011-11-12,WH-London,True,False
2011-11-12,22210,51.0,Warehouse North,2011-11-09,WH-North,False,False
2011-11-12,90067B,-8.0,WH_London,,WH-London,True,False
2011-11-12,85163B,-76.0,WH-London ,2011-10-29,WH-London,True,False
2011-11-12,21159,113.0,Main,2011-11-06,WH-London,False,False
2011-11-12,21428,67.0,,2011-11-04,UNKNOWN,False,False
2011-11-12,90197B,91.0,Main,2011-10-29,WH-London,False,False
2011-11-12,84715,84.0,Warehouse North,2011-11-10,WH-North,False,False
2011-11-12,21484,28.0,WH-London,2011-11-02,WH-London,False,False
2011-11-12,84686,59.0,Main,2011-11-10,WH-London,False,False
2011-11-12,84789,64.0,WH-London ,2011-11-03,WH-London,False,False
2011-11-12,78124,15.0,Warehouse North,2011-11-04,WH-North,False,False
2011-11-12,22066,93.0,WH-North,2011-11-12,WH-North,False,False
2011-11-12,22715,-34.0,WH_London,,WH-London,True,False
2011-11-14,85231G,43.0,WH-London,2011-11-08,WH-London,False,False
2011-11-14,21428,-42.0,WH-London ,2011-11-02,WH-London,True,False
2011-11-14,20756,51.0,Warehouse North,2011-11-11,WH-North,False,False
2011-11-14,DCGSSBOY,137.0,WH_London,2011-11-09,WH-London,False,False
2011-11-14,90067B,31.0,Warehouse North,2011-11-14,WH-North,False,False
2011-11-14,84849B,-3.0,Warehouse North,2011-11-11,WH-North,True,False
2011-11-14,22905,54.0,WH_London,2011-11-04,WH-London,False,False
2011-11-14,90011C,24.0,Warehouse North,2011-11-02,WH-North,False,False
2011-11-14,84804A,37.0,WH-London ,2011-11-13,WH-London,False,False
2011-11-14,22560,68.0,WH-London ,2011-11-09,WH-London,False,False
2011-11-14,23204,17.0,WH_London,,WH-London,False,False
2011-11-14,37444C,39.0,WH_London,,WH-London,False,False
2011-11-14,84746,58.0,Warehouse North,2011-11-10,WH-North,False,False
2011-11-14,22272,26.0,WH-London ,2011-11-11,WH-London,False,False
2011-11-14,90026D,48.0,WH-North,2011-11-10,WH-North,False,False
2011-11-14,72800F,58.0,WH-North,2011-11-14,WH-North,False,False
2011-11-14,16010,46.0,WH-North,2011-11-01,WH-North,False,False
2011-11-14,78124,54.0,,2011-11-14,UNKNOWN,False,False
2011-11-14,21745,60.0,WH_London,2011-11-12,WH-London,False,False
2011-11-14,22099,,WH_London,2011-11-08,WH-London,False,True
2011-11-14,46000P,5.0,Main,2011-11-03,WH-London,False,False
2011-11-14,84789,18.0,WH_London,2011-11-08,WH-London,False,False
2011-11-14,85119,14.0,Main,,WH-London,False,False
2011-11-14,90152A,86.0,WH-London,2011-11-14,WH-London,False,False
2011-11-14,90143,-2.0,WH-London,2011-11-06,WH-London,True,False
2011-11-14,21265,68.0,WH-North,2011-11-02,WH-North,False,False
2011-11-14,84805B,29.0,WH-North,2011-11-12,WH-North,False,False
2011-11-14,22960,81.0,WH-North,2011-11-14,WH-North,False,False
2011-11-14,84675,37.0,WH-London ,2011-11-08,WH-London,False,False
2011-11-14,72232,50.0,Warehouse North,2011-11-12,WH-North,False,False
2011-11-14,21336,65.0,Main,2011-11-08,WH-London,False,False
2011-11-14,90052,87.0,WH_London,2011-11-04,WH-London,False,False
2011-11-14,22098,32.0,WH-London ,2011-11-09,WH-London,False,False
2011-11-14,85136C,31.0,WH-London ,2011-11-03,WH-London,False,False
2011-11-14,22087,65.0,WH-North,2011-11-07,WH-North,False,False
2011-11-14,84660C,-2.0,WH-North,2011-10-31,WH-North,True,False
2011-11-14,22156,-1.0,Warehouse North,2011-11-11,WH-North,True,False
2011-11-14,22928,61.0,WH-North,2011-11-10,WH-North,False,False
2011-11-14,81952B,70.0,Warehouse North,2011-11-07,WH-North,False,False
2011-11-14,79071B,60.0,WH-London,2011-11-08,WH-London,False,False
2011-11-14,23089,-47.0,Warehouse North,2011-11-14,WH-North,True,False
2011-11-14,47591D,-33.0,Warehouse North,2011-11-13,WH-North,True,False
2011-11-14,22483,-97.0,WH-North,,WH-North,True,False
2011-11-14,20731,101.0,WH-London ,2011-11-04,WH-London,False,False
2011-11-14,84686,53.0,WH-North,2011-10-31,WH-North,False,False
2011-11-14,44092C,,Main,2011-10-31,WH-London,False,True
2011-11-14,47590B,19.0,WH-North,2011-11-04,WH-North,False,False
2011-11-14,22185,62.0,Main,2011-11-13,WH-London,False,False
2011-11-14,90152C,13.0,,2011-11-12,UNKNOWN,False,False
2011-11-14,22248,13.0,WH-London,2011-11-05,WH-London,False,False
2011-11-14,22671,35.0,WH-London ,2011-11-13,WH-London,False,False
2011-11-14,23483,65.0,Main,2011-11-01,WH-London,False,False
2011-11-14,22637,94.0,Warehouse North,2011-11-06,WH-North,False,False
2011-11-14,37471,57.0,,2011-11-07,UNKNOWN,False,False
2011-11-14,20724,64.0,Warehouse North,2011-11-05,WH-North,False,False
2011-11-14,23535,79.0,Warehouse North,2011-11-06,WH-North,False,False
2011-11-14,23341,76.0,WH-North,2011-11-05,WH-North,False,False
2011-11-14,16218,33.0,Main,2011-11-02,WH-London,False,False
2011-11-14,85163B,76.0,,2011-11-03,UNKNOWN,False,False
2011-11-14,84559B,80.0,,2011-10-31,UNKNOWN,False,False
2011-11-14,81950B,59.0,,2011-11-07,UNKNOWN,False,False
2011-11-14,47469,54.0,,2011-11-02,UNKNOWN,False,False
2011-11-14,85107,67.0,Main,2011-11-06,WH-London,False,False
2011-11-14,21504,64.0,WH_London,2011-11-03,WH-London,False,False
2011-11-14,90177A,-5.0,WH-London,2011-11-08,WH-London,True,False
2011-11-14,20963,62.0,,2011-11-04,UNKNOWN,False,False
2011-11-14,90185B,85.0,,,UNKNOWN,False,False
2011-11-14,22470,79.0,WH_London,2011-11-08,WH-London,False,False
2011-11-14,20966,61.0,WH-London,2011-10-31,WH-London,False,False
2011-11-14,23010,54.0,WH-North,2011-11-13,WH-North,False,False
2011-11-14,23547,38.0,Main,,WH-London,False,False
2011-11-14,21683,46.0,WH-London ,,WH-London,False,False
2011-11-14,85135A,71.0,Main,2011-11-02,WH-London,False,False
2011-11-14,21080,61.0,Main,2011-11-11,WH-London,False,False
2011-11-14,22415,77.0,WH-London ,2011-11-14,WH-London,False,False
2011-11-14,23272,34.0,,2011-11-02,UNKNOWN,False,False
2011-11-14,23135,82.0,WH_London,,WH-London,False,False
2011-11-14,20677,31.0,WH-London,2011-11-10,WH-London,False,False
2011-11-14,90214N,56.0,Main,2011-11-12,WH-London,False,False
2011-11-14,79160,33.0,WH_London,2011-11-12,WH-London,False,False
2011-11-16,22923,47.0,,2011-11-11,UNKNOWN,False,False
2011-11-16,20803,111.0,WH-North,2011-11-12,WH-North,False,False
2011-11-16,22272,65.0,,2011-11-16,UNKNOWN,False,False
2011-11-16,17028J,56.0,WH-North,2011-11-04,WH-North,False,False
2011-11-16,84675,92.0,WH-London ,2011-11-13,WH-London,False,False
2011-11-16,22637,-26.0,,2011-11-09,UNKNOWN,True,False
2011-11-16,90026D,45.0,WH-North,2011-11-15,WH-North,False,False
2011-11-16,22560,35.0,Warehouse North,2011-11-04,WH-North,False,False
2011-11-16,90082D,24.0,WH-London ,2011-11-10,WH-London,False,False
2011-11-16,84596J,4.0,WH-London ,2011-11-13,WH-London,False,False
2011-11-16,85184C,43.0,,2011-11-02,UNKNOWN,False,False
2011-11-16,85119,70.0,,2011-11-11,UNKNOWN,False,False
2011-11-16,79160,45.0,WH-North,2011-11-13,WH-North,False,False
2011-11-16,21080,73.0,,2011-11-16,UNKNOWN,False,False
2011-11-16,84789,52.0,WH-North,2011-11-16,WH-North,False,False
2011-11-16,22070,84.0,WH-London ,2011-11-07,WH-London,False,False
2011-11-16,23057,34.0,WH-North,2011-11-16,WH-North,False,False
2011-11-16,90065B,-6.0,Warehouse North,,WH-North,True,False
2011-11-16,22928,2.0,WH-London,2011-11-04,WH-London,False,False
2011-11-16,23060,-35.0,Warehouse North,2011-11-03,WH-North,True,False
2011-11-16,22210,23.0,WH-London,2011-11-05,WH-London,False,False
2011-11-16,23692,,WH_London,2011-11-08,WH-London,False,True
2011-11-16,72225C,84.0,Warehouse North,2011-11-03,WH-North,False,False
2011-11-16,47591D,4.0,WH_London,2011-11-12,WH-London,False,False
2011-11-16,84872A,95.0,WH-London,2011-11-04,WH-London,False,False
2011-11-16,23334,25.0,WH-London ,2011-11-06,WH-London,False,False
2011-11-16,22965,12.0,,2011-11-14,UNKNOWN,False,False
2011-11-16,90067B,45.0,WH-London ,2011-11-16,WH-London,False,False
2011-11-16,47469,94.0,WH-London,2011-11-07,WH-London,False,False
2011-11-16,21222,28.0,WH_London,2011-11-13,WH-London,False,False
2011-11-16,79071B,31.0,WH-London,,WH-London,False,False
2011-11-16,22470,,WH-North,2011-11-03,WH-North,False,True
2011-11-16,22671,,Main,2011-11-12,WH-London,False,True
2011-11-16,23518,-36.0,Warehouse North,2011-11-15,WH-North,True,False
2011-11-16,85231G,63.0,WH-London,2011-11-04,WH-London,False,False
2011-11-16,85230F,53.0,WH-North,2011-11-15,WH-North,False,False
2011-11-16,84732B,-46.0,WH-London,2011-11-15,WH-London,True,False
2011-11-16,21195,35.0,WH-North,2011-11-06,WH-North,False,False
2011-11-16,20657,109.0,WH-London,2011-11-02,WH-London,False,False
2011-11-16,37424,133.0,WH-North,2011-11-07,WH-North,False,False
2011-11-16,20771,23.0,,2011-11-10,UNKNOWN,False,False
2011-11-16,84715,17.0,Warehouse North,2011-11-06,WH-North,False,False
2011-11-16,21220,51.0,WH-London,2011-11-16,WH-London,False,False
2011-11-16,90052,-18.0,,2011-11-04,UNKNOWN,True,False
2011-11-16,22114,51.0,WH-London ,2011-11-05,WH-London,False,False
2011-11-16,85136C,110.0,WH-London ,2011-11-11,WH-London,False,False
2011-11-16,23140,32.0,Warehouse North,2011-11-11,WH-North,False,False
2011-11-16,22066,82.0,WH_London,,WH-London,False,False
2011-11-16,21791,-94.0,,2011-11-09,UNKNOWN,True,False
2011-11-16,35819P,24.0,Warehouse North,2011-11-04,WH-North,False,False
2011-11-16,20966,55.0,Warehouse North,2011-11-05,WH-North,False,False
2011-11-16,22715,60.0,Main,2011-11-15,WH-London,False,False
2011-11-16,72802C,,,2011-11-08,UNKNOWN,False,True
2011-11-16,90071,74.0,WH-London,2011-11-10,WH-London,False,False
2011-11-16,21188,83.0,WH-North,2011-11-08,WH-North,False,False
2011-11-16,23272,26.0,WH_London,2011-11-08,WH-London,False,False
2011-11-16,23010,55.0,Main,2011-11-10,WH-London,False,False
2011-11-16,72807B,94.0,WH-London,2011-11-15,WH-London,False,False
2011-11-16,23093,97.0,Warehouse North,2011-11-16,WH-North,False,False
2011-11-16,22779,-56.0,Main,2011-11-12,WH-London,True,False
2011-11-16,21147,34.0,WH-North,2011-11-15,WH-North,False,False
2011-11-16,23204,81.0,WH_London,2011-11-16,WH-London,False,False
2011-11-16,79190B,-66.0,WH-North,2011-11-06,WH-North,True,False
2011-11-16,23075,65.0,WH_London,2011-11-08,WH-London,False,False
2011-11-16,84674,73.0,WH_London,2011-11-12,WH-London,False,False
2011-11-16,85107,21.0,,2011-11-08,UNKNOWN,False,False
2011-11-16,22960,75.0,Main,2011-11-10,WH-London,False,False
2011-11-16,21989,-54.0,,2011-11-14,UNKNOWN,True,False
2011-11-16,22156,84.0,WH-North,2011-11-15,WH-North,False,False
2011-11-16,16011,50.0,WH_London,2011-11-04,WH-London,False,False
2011-11-16,90001C,67.0,WH-London ,2011-11-05,WH-London,False,False
2011-11-16,90185B,63.0,WH-London ,2011-11-10,WH-London,False,False
2011-11-16,21630,-33.0,WH-London ,2011-11-02,WH-London,True,False
2011-11-16,90143,22.0,Main,2011-11-05,WH-London,False,False
2011-11-16,22289,-74.0,WH-London ,2011-11-04,WH-London,True,False
2011-11-16,22908,24.0,WH-North,2011-11-05,WH-North,False,False
2011-11-16,21336,39.0,WH-London ,2011-11-12,WH-London,False,False
2011-11-16,90201C,39.0,Main,2011-11-05,WH-London,False,False
2011-11-16,22415,61.0,,2011-11-07,UNKNOWN,False,False
2011-11-16,84631,70.0,WH-London ,2011-11-04,WH-London,False,False
2011-11-18,23342,3.0,WH_London,2011-11-05,WH-London,False,False
2011-11-18,21348,28.0,WH-London,2011-11-15,WH-London,False,False
2011-11-18,23060,26.0,WH-North,2011-11-10,WH-North,False,False
2011-11-18,23611,43.0,WH-London ,2011-11-04,WH-London,False,False
2011-11-18,79190B,-9.0,,2011-11-04,UNKNOWN,True,False
2011-11-18,23692,84.0,WH_London,2011-11-06,WH-London,False,False
2011-11-18,22098,51.0,WH_London,2011-11-11,WH-London,False,False
2011-11-18,21368,45.0,WH_London,2011-11-17,WH-London,False,False
2011-11-18,23135,72.0,WH-London,2011-11-18,WH-London,False,False
2011-11-18,22905,65.0,Main,2011-11-10,WH-London,False,False
2011-11-18,20963,65.0,Main,2011-11-17,WH-London,False,False
2011-11-18,85136C,,WH-London ,2011-11-18,WH-London,False,True
2011-11-18,20771,53.0,Main,2011-11-08,WH-London,False,False
2011-11-18,37471,,Main,2011-11-15,WH-London,False,True
2011-11-18,21628,65.0,Main,2011-11-06,WH-London,False,False
2011-11-18,20996,101.0,Main,2011-11-08,WH-London,False,False
2011-11-18,23093,54.0,,,UNKNOWN,False,False
2011-11-18,46000P,69.0,WH-North,2011-11-15,WH-North,False,False
2011-11-18,21504,46.0,WH-North,2011-11-10,WH-North,False,False
2011-11-18,20677,59.0,WH-London ,2011-11-07,WH-London,False,False
2011-11-18,17028J,61.0,Main,2011-11-12,WH-London,False,False
2011-11-18,90195B,36.0,WH-London,2011-11-06,WH-London,False,False
2011-11-18,84732B,30.0,Main,2011-11-04,WH-London,False,False
2011-11-18,23458,-69.0,WH-London,2011-11-08,WH-London,True,False
2011-11-18,20724,,WH-North,2011-11-11,WH-North,False,True
2011-11-18,85230F,94.0,,2011-11-13,UNKNOWN,False,False
2011-11-18,79163,-50.0,Warehouse North,2011-11-18,WH-North,True,False
2011-11-18,90177A,-20.0,WH-London ,2011-11-05,WH-London,True,False
2011-11-18,23068,,Warehouse North,2011-11-13,WH-North,False,True
2011-11-18,23075,73.0,WH_London,2011-11-08,WH-London,False,False
2011-11-18,21080,-13.0,WH-London ,2011-11-09,WH-London,True,False
2011-11-18,22228,49.0,WH-London,2011-11-08,WH-London,False,False
2011-11-18,22470,,,2011-11-18,UNKNOWN,False,True
2011-11-18,84715,57.0,WH_London,2011-11-12,WH-London,False,False
2011-11-18,22272,39.0,WH-London ,2011-11-06,WH-London,False,False
2011-11-18,21356,13.0,WH-London ,2011-11-07,WH-London,False,False
2011-11-18,21670,49.0,WH_London,2011-11-05,WH-London,False,False
2011-11-18,23090,13.0,WH-London,2011-11-09,WH-London,False,False
2011-11-18,23140,70.0,WH-London,2011-11-16,WH-London,False,False
2011-11-18,20702,51.0,WH_London,2011-11-12,WH-London,False,False
2011-11-18,22289,94.0,WH-London ,2011-11-15,WH-London,False,False
2011-11-18,82616C,-8.0,,2011-11-11,UNKNOWN,True,False
2011-11-18,15044B,39.0,WH_London,2011-11-06,WH-London,False,False
2011-11-18,20657,72.0,,2011-11-14,UNKNOWN,False,False
2011-11-18,17109D,84.0,WH-North,2011-11-17,WH-North,False,False
2011-11-18,21336,73.0,,2011-11-14,UNKNOWN,False,False
2011-11-18,21147,21.0,WH-North,,WH-North,False,False
2011-11-18,21281,35.0,WH_London,2011-11-07,WH-London,False,False
2011-11-18,90143,-17.0,WH-North,2011-11-05,WH-North,True,False
2011-11-18,23189,51.0,WH_London,,WH-London,False,False
2011-11-18,22415,84.0,WH-London ,2011-11-08,WH-London,False,False
2011-11-18,90001C,50.0,WH-London,2011-11-06,WH-London,False,False
2011-11-18,16010,67.0,Main,2011-11-13,WH-London,False,False
2011-11-18,22114,66.0,WH-North,2011-11-06,WH-North,False,False
2011-11-18,21195,40.0,WH_London,2011-11-10,WH-London,False,False
2011-11-18,84675,-22.0,WH_London,2011-11-05,WH-London,True,False
2011-11-18,84849B,90.0,Warehouse North,2011-11-18,WH-North,False,False
2011-11-18,22099,62.0,WH-London,2011-11-16,WH-London,False,False
2011-11-18,90185B,-12.0,Main,,WH-London,True,False
2011-11-18,21865,61.0,WH_London,,WH-London,False,False
2011-11-18,23010,-56.0,,2011-11-12,UNKNOWN,True,False
2011-11-18,22882,89.0,WH-London ,2011-11-08,WH-London,False,False
2011-11-18,85186C,64.0,WH-North,2011-11-11,WH-North,False,False
2011-11-18,21745,,WH_London,2011-11-16,WH-London,False,True
2011-11-18,85184C,-55.0,WH-London ,2011-11-14,WH-London,True,False
2011-11-18,22965,26.0,Warehouse North,2011-11-17,WH-North,False,False
2011-11-18,90011C,70.0,Warehouse North,2011-11-09,WH-North,False,False
2011-11-18,21791,49.0,,2011-11-18,UNKNOWN,False,False
2011-11-18,72802C,21.0,WH-North,,WH-North,False,False
2011-11-18,84989A,30.0,Warehouse North,2011-11-05,WH-North,False,False
2011-11-18,21484,15.0,WH-London,2011-11-10,WH-London,False,False
2011-11-18,84856S,81.0,Warehouse North,,WH-North,False,False
2011-11-18,90067B,109.0,WH-North,2011-11-11,WH-North,False,False
2011-11-18,90026D,84.0,Warehouse North,2011-11-06,WH-North,False,False
2011-11-18,22030,61.0,WH-London,,WH-London,False,False
2011-11-18,23547,,Main,,WH-London,False,True
2011-11-18,47591D,41.0,Warehouse North,2011-11-11,WH-North,False,False
2011-11-18,90065B,20.0,WH-London,2011-11-12,WH-London,False,False
2011-11-18,23272,108.0,WH-London ,2011-11-07,WH-London,False,False
2011-11-18,22908,18.0,WH_London,2011-11-18,WH-London,False,False
2011-11-20,21683,24.0,WH-London ,2011-11-06,WH-London,False,False
2011-11-20,21628,,Main,2011-11-13,WH-London,False,True
2011-11-20,37467,46.0,,2011-11-19,UNKNOWN,False,False
2011-11-20,47593A,-68.0,Main,2011-11-13,WH-London,True,False
2011-11-20,21662,29.0,WH-London ,2011-11-12,WH-London,False,False
2011-11-20,22323,-9.0,WH-London ,2011-11-20,WH-London,True,False
2011-11-20,23547,43.0,Main,,WH-London,False,False
2011-11-20,23204,,Main,2011-11-12,WH-London,False,True
2011-11-20,22715,42.0,Main,2011-11-14,WH-London,False,False
2011-11-20,21159,42.0,WH-London,2011-11-16,WH-London,False,False
2011-11-20,84989A,39.0,WH-London,2011-11-08,WH-London,False,False
2011-11-20,23535,10.0,WH-London ,2011-11-18,WH-London,False,False
2011-11-20,22095,93.0,WH-London,2011-11-12,WH-London,False,False
2011-11-20,21368,92.0,,,UNKNOWN,False,False
2011-11-20,23093,91.0,WH-North,2011-11-13,WH-North,False,False
2011-11-20,23342,,WH-North,2011-11-12,WH-North,False,True
2011-11-20,72800F,62.0,,2011-11-19,UNKNOWN,False,False
2011-11-20,90185B,37.0,Warehouse North,2011-11-10,WH-North,False,False
2011-11-20,90201C,35.0,Warehouse North,2011-11-19,WH-North,False,False
2011-11-20,84732B,22.0,,2011-11-09,UNKNOWN,False,False
2011-11-20,22230,126.0,Main,2011-11-13,WH-London,False,False
2011-11-20,21188,42.0,Main,2011-11-13,WH-London,False,False
2011-11-20,78124,22.0,Main,2011-11-18,WH-London,False,False
2011-11-20,17028J,54.0,WH-London ,2011-11-12,WH-London,False,False
2011-11-20,23272,72.0,WH-London,2011-11-18,WH-London,False,False
2011-11-20,20963,45.0,WH-North,2011-11-16,WH-North,False,False
2011-11-20,21670,57.0,WH_London,2011-11-16,WH-London,False,False
2011-11-20,85040A,-80.0,,2011-11-16,UNKNOWN,True,False
2011-11-20,35965,21.0,WH-London,2011-11-20,WH-London,False,False
2011-11-20,84660C,55.0,WH_London,2011-11-16,WH-London,False,False
2011-11-20,72802C,-30.0,WH_London,2011-11-15,WH-London,True,False
2011-11-20,16011,26.0,,2011-11-20,UNKNOWN,False,False
2011-11-20,85136C,102.0,Warehouse North,2011-11-18,WH-North,False,False
2011-11-20,21428,47.0,WH-London ,2011-11-18,WH-London,False,False
2011-11-20,21802,18.0,Warehouse North,,WH-North,False,False
2011-11-20,90071,46.0,WH-North,2011-11-19,WH-North,False,False
2011-11-20,22483,13.0,Main,2011-11-07,WH-London,False,False
2011-11-20,84746,43.0,Main,2011-11-13,WH-London,False,False
2011-11-20,35819P,29.0,WH-London,2011-11-16,WH-London,False,False
2011-11-20,22560,65.0,WH-London,,WH-London,False,False
2011-11-20,47591D,108.0,Warehouse North,2011-11-06,WH-North,False,False
2011-11-20,23090,44.0,WH-North,2011-11-17,WH-North,False,False
2011-11-20,15044B,30.0,Main,2011-11-11,WH-London,False,False
2011-11-20,20756,52.0,WH-London ,2011-11-06,WH-London,False,False
2011-11-20,23234,-94.0,WH-London,2011-11-07,WH-London,True,False
2011-11-20,23471,65.0,WH-North,2011-11-17,WH-North,False,False
2011-11-20,22248,45.0,Main,2011-11-10,WH-London,False,False
2011-11-20,47469,-11.0,,2011-11-13,UNKNOWN,True,False
2011-11-20,85119,48.0,WH-North,2011-11-15,WH-North,False,False
2011-11-20,23140,73.0,WH_London,2011-11-06,WH-London,False,False
2011-11-20,20724,78.0,Main,2011-11-15,WH-London,False,False
2011-11-20,23075,89.0,WH-London,2011-11-06,WH-London,False,False
2011-11-20,84804A,29.0,WH-North,2011-11-14,WH-North,False,False
2011-11-20,90195B,37.0,,2011-11-18,UNKNOWN,False,False
2011-11-20,21135,,,,UNKNOWN,False,True
2011-11-20,84715,71.0,WH-London,,WH-London,False,False
2011-11-20,23189,42.0,WH-London,2011-11-13,WH-London,False,False
2011-11-20,22098,,,2011-11-12,UNKNOWN,False,True
2011-11-20,82616C,38.0,Warehouse North,2011-11-16,WH-North,False,False
2011-11-20,22928,28.0,WH-London,2011-11-13,WH-London,False,False
2011-11-20,85184C,83.0,Warehouse North,2011-11-11,WH-North,False,False
2011-11-20,22905,59.0,WH-London,2011-11-14,WH-London,False,False
2011-11-20,84596J,72.0,Warehouse North,2011-11-15,WH-North,False,False
2011-11-20,84638,43.0,WH-London,2011-11-13,WH-London,False,False
2011-11-20,21504,74.0,,2011-11-14,UNKNOWN,False,False
2011-11-20,21009,18.0,WH_London,,WH-London,False,False
2011-11-20,84686,22.0,WH-London,2011-11-12,WH-London,False,False
2011-11-20,10133,78.0,,2011-11-08,UNKNOWN,False,False
2011-11-20,23440,47.0,Main,2011-11-16,WH-London,False,False
2011-11-20,20966,42.0,WH_London,,WH-London,False,False
2011-11-20,22070,22.0,WH-North,2011-11-16,WH-North,False,False
2011-11-20,23341,74.0,Warehouse North,2011-11-09,WH-North,False,False
2011-11-20,21484,105.0,Warehouse North,2011-11-18,WH-North,False,False
2011-11-20,22156,68.0,Warehouse North,2011-11-17,WH-North,False,False
2011-11-20,22779,36.0,WH-London ,2011-11-16,WH-London,False,False
2011-11-20,81952B,91.0,WH-North,2011-11-06,WH-North,False,False
2011-11-20,21220,60.0,Warehouse North,2011-11-19,WH-North,False,False
2011-11-20,84872A,37.0,WH-London,2011-11-14,WH-London,False,False
2011-11-20,20771,88.0,WH-North,2011-11-14,WH-North,False,False
2011-11-20,22087,44.0,Warehouse North,,WH-North,False,False
2011-11-22,23140,6.0,WH_London,2011-11-10,WH-London,False,False
2011-11-22,23619,40.0,,2011-11-12,UNKNOWN,False,False
2011-11-22,21281,65.0,WH_London,2011-11-12,WH-London,False,False
2011-11-22,16218,28.0,Warehouse North,2011-11-14,WH-North,False,False
2011-11-22,22415,-6.0,WH-North,2011-11-22,WH-North,True,False
2011-11-22,21377,94.0,WH-London,2011-11-13,WH-London,False,False
2011-11-22,21504,139.0,WH_London,2011-11-21,WH-London,False,False
2011-11-22,22470,35.0,Main,2011-11-10,WH-London,False,False
2011-11-22,21628,31.0,WH_London,2011-11-21,WH-London,False,False
2011-11-22,16048,,WH-London ,2011-11-20,WH-London,False,True
2011-11-22,90067B,25.0,Warehouse North,2011-11-13,WH-North,False,False
2011-11-22,23090,4.0,Main,2011-11-15,WH-London,False,False
2011-11-22,23471,10.0,WH-North,2011-11-17,WH-North,False,False
2011-11-22,21368,50.0,Main,2011-11-13,WH-London,False,False
2011-11-22,22216,,,2011-11-11,UNKNOWN,False,True
2011-11-22,44092C,5.0,Warehouse North,2011-11-15,WH-North,False,False
2011-11-22,90201C,,Main,2011-11-15,WH-London,False,True
2011-11-22,85026B,31.0,WH-London,2011-11-09,WH-London,False,False
2011-11-22,20756,60.0,WH_London,,WH-London,False,False
2011-11-22,22323,39.0,Warehouse North,2011-11-21,WH-North,False,False
2011-11-22,90001C,44.0,WH_London,2011-11-17,WH-London,False,False
2011-11-22,84715,73.0,WH-London ,2011-11-16,WH-London,False,False
2011-11-22,82613C,33.0,WH-London,2011-11-21,WH-London,False,False
2011-11-22,22560,71.0,WH-North,2011-11-12,WH-North,False,False
2011-11-22,21147,37.0,WH_London,2011-11-12,WH-London,False,False
2011-11-22,23341,25.0,WH-London,2011-11-21,WH-London,False,False
2011-11-22,17028J,17.0,WH-North,2011-11-10,WH-North,False,False
2011-11-22,21989,0.0,WH-North,2011-11-08,WH-North,False,False
2011-11-22,20702,12.0,,2011-11-20,UNKNOWN,False,False
2011-11-22,21336,-3.0,WH-North,2011-11-21,WH-North,True,False
2011-11-22,21791,,Warehouse North,2011-11-22,WH-North,False,True
2011-11-22,23135,74.0,WH-London ,2011-11-15,WH-London,False,False
2011-11-22,72807B,-49.0,,2011-11-19,UNKNOWN,True,False
2011-11-22,23234,38.0,WH-North,2011-11-11,WH-North,False,False
2011-11-22,23189,29.0,WH-London,2011-11-12,WH-London,False,False
2011-11-22,23159,47.0,Warehouse North,2011-11-20,WH-North,False,False
2011-11-22,15036,50.0,WH-North,,WH-North,False,False
2011-11-22,21188,16.0,WH-London,2011-11-10,WH-London,False,False
2011-11-22,79190B,63.0,WH-London,2011-11-17,WH-London,False,False
2011-11-22,85135A,40.0,WH_London,,WH-London,False,False
2011-11-22,90195B,58.0,WH-London,2011-11-12,WH-London,False,False
2011-11-22,72232,49.0,Warehouse North,2011-11-08,WH-North,False,False
2011-11-22,22332,,,2011-11-15,UNKNOWN,False,True
2011-11-22,20724,89.0,Main,2011-11-10,WH-London,False,False
2011-11-22,84856S,49.0,Main,2011-11-18,WH-London,False,False
2011-11-22,84674,38.0,WH-London ,2011-11-17,WH-London,False,False
2011-11-22,20963,67.0,WH_London,2011-11-14,WH-London,False,False
2011-11-22,72800F,15.0,Warehouse North,2011-11-22,WH-North,False,False
2011-11-22,22289,2.0,,2011-11-16,UNKNOWN,False,False
2011-11-22,20996,66.0,WH-London,2011-11-15,WH-London,False,False
2011-11-22,84746,84.0,WH-North,2011-11-16,WH-North,False,False
2011-11-22,16011,58.0,Warehouse North,2011-11-09,WH-North,False,False
2011-11-22,20677,74.0,,2011-11-09,UNKNOWN,False,False
2011-11-22,21222,12.0,WH_London,2011-11-19,WH-London,False,False
2011-11-22,23068,39.0,WH-London ,2011-11-20,WH-London,False,False
2011-11-22,90214C,30.0,Warehouse North,2011-11-15,WH-North,False,False
2011-11-22,23010,80.0,WH-London,2011-11-13,WH-London,False,False
2011-11-22,85231G,64.0,Warehouse North,2011-11-13,WH-North,False,False
2011-11-22,78124,80.0,Warehouse North,2011-11-09,WH-North,False,False
2011-11-22,22185,31.0,WH-North,2011-11-14,WH-North,False,False
2011-11-22,90071,16.0,WH-London ,2011-11-20,WH-London,False,False
2011-11-22,84989A,89.0,WH_London,2011-11-14,WH-London,False,False
2011-11-22,21662,50.0,WH-London ,2011-11-16,WH-London,False,False
2011-11-22,21802,81.0,Main,2011-11-14,WH-London,False,False
2011-11-22,22095,48.0,WH-North,2011-11-18,WH-North,False,False
2011-11-22,23440,116.0,WH-London,2011-11-13,WH-London,False,False
2011-11-22,23075,85.0,,2011-11-22,UNKNOWN,False,False
2011-11-22,20966,-45.0,WH-North,2011-11-13,WH-North,True,False
2011-11-22,90026D,50.0,Main,2011-11-16,WH-London,False,False
2011-11-22,22715,50.0,WH-London ,2011-11-08,WH-London,False,False
2011-11-22,21484,,WH_London,,WH-London,False,True
2011-11-22,79163,35.0,Warehouse North,2011-11-15,WH-North,False,False
2011-11-22,21220,33.0,WH-North,2011-11-19,WH-North,False,False
2011-11-22,84789,56.0,WH_London,,WH-London,False,False
2011-11-22,47593A,25.0,WH-North,,WH-North,False,False
2011-11-22,79071B,45.0,WH_London,2011-11-18,WH-London,False,False
2011-11-22,DCGSSBOY,39.0,WH_London,2011-11-15,WH-London,False,False
2011-11-22,21080,52.0,Main,2011-11-22,WH-London,False,False
2011-11-22,90185B,94.0,WH-North,2011-11-18,WH-North,False,False
2011-11-22,23204,-82.0,WH-North,2011-11-08,WH-North,True,False
2011-11-24,79163,10.0,Warehouse North,2011-11-16,WH-North,False,False
2011-11-24,90026D,48.0,WH-North,2011-11-14,WH-North,False,False
2011-11-24,37471,40.0,WH-North,2011-11-10,WH-North,False,False
2011-11-24,84746,30.0,WH-London ,2011-11-10,WH-London,False,False
2011-11-24,16048,114.0,WH-North,2011-11-13,WH-North,False,False
2011-11-24,22210,34.0,WH_London,2011-11-22,WH-London,False,False
2011-11-24,84804A,-36.0,WH_London,2011-11-24,WH-London,True,False
2011-11-24,23458,102.0,WH-London,2011-11-11,WH-London,False,False
2011-11-24,84989A,79.0,,,UNKNOWN,False,False
2011-11-24,37424,36.0,Main,2011-11-13,WH-London,False,False
2011-11-24,22228,72.0,WH-London ,2011-11-21,WH-London,False,False
2011-11-24,90052,42.0,WH_London,2011-11-21,WH-London,False,False
2011-11-24,22965,44.0,,2011-11-13,UNKNOWN,False,False
2011-11-24,21989,25.0,,2011-11-24,UNKNOWN,False,False
2011-11-24,21356,-22.0,Warehouse North,2011-11-10,WH-North,True,False
2011-11-24,20756,7.0,,2011-11-23,UNKNOWN,False,False
2011-11-24,21220,16.0,WH-London,2011-11-10,WH-London,False,False
2011-11-24,85024C,62.0,Main,,WH-London,False,False
2011-11-24,21377,54.0,WH-North,2011-11-12,WH-North,False,False
2011-11-24,44092C,82.0,WH-London,2011-11-10,WH-London,False,False
2011-11-24,22779,13.0,WH-London,2011-11-11,WH-London,False,False
2011-11-24,21683,103.0,WH-London,2011-11-16,WH-London,False,False
2011-11-24,23692,100.0,WH-North,2011-11-22,WH-North,False,False
2011-11-24,16011,-51.0,WH_London,2011-11-23,WH-London,True,False
2011-11-24,22415,29.0,WH-London,2011-11-18,WH-London,False,False
2011-11-24,23010,30.0,,,UNKNOWN,False,False
2011-11-24,22671,,WH-North,2011-11-17,WH-North,False,True
2011-11-24,22098,106.0,Warehouse North,2011-11-23,WH-North,False,False
2011-11-24,21630,-47.0,WH-London ,,WH-London,True,False
2011-11-24,22908,2.0,WH-London ,2011-11-20,WH-London,False,False
2011-11-24,21135,106.0,,2011-11-22,UNKNOWN,False,False
2011-11-24,21188,37.0,,2011-11-18,UNKNOWN,False,False
2011-11-24,85163B,93.0,Warehouse North,2011-11-22,WH-North,False,False
2011-11-24,47593B,68.0,,2011-11-17,UNKNOWN,False,False
2011-11-24,22070,45.0,,2011-11-23,UNKNOWN,False,False
2011-11-24,90214C,78.0,WH-London ,2011-11-10,WH-London,False,False
2011-11-24,82616B,27.0,,2011-11-24,UNKNOWN,False,False
2011-11-24,84856S,41.0,,2011-11-24,UNKNOWN,False,False
2011-11-24,72232,34.0,Main,2011-11-24,WH-London,False,False
2011-11-24,72800F,43.0,WH_London,2011-11-14,WH-London,False,False
2011-11-24,21348,66.0,WH_London,2011-11-13,WH-London,False,False
2011-11-24,47593A,66.0,Warehouse North,2011-11-17,WH-North,False,False
2011-11-24,16010,3.0,Warehouse North,2011-11-13,WH-North,False,False
2011-11-24,22960,33.0,Main,2011-11-15,WH-London,False,False
2011-11-24,23140,39.0,,2011-11-13,UNKNOWN,False,False
2011-11-24,35965,67.0,WH-London,2011-11-21,WH-London,False,False
2011-11-24,47469,-7.0,Main,2011-11-24,WH-London,True,False
2011-11-24,20803,71.0,WH_London,2011-11-21,WH-London,False,False
2011-11-24,90143,-16.0,,2011-11-12,UNKNOWN,True,False
2011-11-24,20677,57.0,WH_London,2011-11-18,WH-London,False,False
2011-11-24,20996,83.0,Main,2011-11-24,WH-London,False,False
2011-11-24,90195B,13.0,WH-North,,WH-North,False,False
2011-11-24,22066,57.0,WH_London,,WH-London,False,False
2011-11-24,15036,44.0,WH_London,2011-11-11,WH-London,False,False
2011-11-24,15044B,20.0,WH-London,2011-11-15,WH-London,False,False
2011-11-24,23060,13.0,WH-London,,WH-London,False,False
2011-11-24,47590B,28.0,Main,2011-11-14,WH-London,False,False
2011-11-24,84732B,25.0,Main,2011-11-19,WH-London,False,False
2011-11-24,23090,43.0,Warehouse North,2011-11-14,WH-North,False,False
2011-11-24,84872A,37.0,,2011-11-11,UNKNOWN,False,False
2011-11-24,21009,62.0,Warehouse North,2011-11-14,WH-North,False,False
2011-11-24,90065B,,WH-London,,WH-London,False,True
2011-11-24,21265,-4.0,Warehouse North,2011-11-10,WH-North,True,False
2011-11-24,23057,42.0,WH-North,,WH-North,False,False
2011-11-24,85184C,21.0,Main,2011-11-10,WH-London,False,False
2011-11-24,84686,17.0,WH-London ,2011-11-22,WH-London,False,False
2011-11-24,20702,2.0,Warehouse North,2011-11-11,WH-North,False,False
2011-11-24,85119,0.0,WH-London ,2011-11-18,WH-London,False,False
2011-11-24,22272,34.0,Warehouse North,2011-11-15,WH-North,False,False
2011-11-24,84638,61.0,Main,2011-11-15,WH-London,False,False
2011-11-24,23483,61.0,Main,2011-11-22,WH-London,False,False
2011-11-24,23440,18.0,WH-London ,2011-11-19,WH-London,False,False
2011-11-24,90161B,15.0,Warehouse North,,WH-North,False,False
2011-11-24,20771,57.0,WH_London,2011-11-19,WH-London,False,False
2011-11-24,22923,37.0,WH-London,,WH-London,False,False
2011-11-24,79071B,76.0,Warehouse North,2011-11-22,WH-North,False,False
2011-11-24,23547,16.0,WH-London ,2011-11-15,WH-London,False,False
2011-11-24,22962,-5.0,Main,,WH-London,True,False
2011-11-24,23619,-68.0,Main,2011-11-22,WH-London,True,False
2011-11-24,22928,-6.0,Main,2011-11-24,WH-London,True,False
2011-11-26,84675,6.0,WH-North,2011-11-23,WH-North,False,False
2011-11-26,90001C,,WH-North,2011-11-24,WH-North,False,True
2011-11-26,23204,,Main,2011-11-25,WH-London,False,True
2011-11-26,22030,68.0,Main,2011-11-14,WH-London,False,False
2011-11-26,23692,19.0,WH-North,2011-11-14,WH-North,False,False
2011-11-26,85231G,89.0,Warehouse North,2011-11-13,WH-North,False,False
2011-11-26,23057,4.0,Main,2011-11-25,WH-London,False,False
2011-11-26,21265,38.0,WH-London,2011-11-22,WH-London,False,False
2011-11-26,23135,74.0,WH-London ,,WH-London,False,False
2011-11-26,90067B,76.0,Warehouse North,2011-11-23,WH-North,False,False
2011-11-26,20657,-38.0,,2011-11-18,UNKNOWN,True,False
2011-11-26,84631,131.0,,2011-11-12,UNKNOWN,False,False
2011-11-26,17028J,-40.0,WH_London,2011-11-21,WH-London,True,False
2011-11-26,84989A,58.0,WH_London,2011-11-19,WH-London,False,False
2011-11-26,22230,39.0,,2011-11-21,UNKNOWN,False,False
2011-11-26,23085,,,2011-11-14,UNKNOWN,False,True
2011-11-26,22070,88.0,WH-London,2011-11-13,WH-London,False,False
2011-11-26,22904,113.0,Warehouse North,2011-11-17,WH-North,False,False
2011-11-26,20771,64.0,WH-London,2011-11-12,WH-London,False,False
2011-11-26,23619,77.0,Warehouse North,2011-11-26,WH-North,False,False
2011-11-26,90201C,18.0,WH-London,2011-11-16,WH-London,False,False
2011-11-26,21683,42.0,WH-London ,2011-11-16,WH-London,False,False
2011-11-26,22671,77.0,WH_London,2011-11-15,WH-London,False,False
2011-11-26,72802C,59.0,WH_London,2011-11-20,WH-London,False,False
2011-11-26,23471,53.0,WH-London,2011-11-20,WH-London,False,False
2011-11-26,84660C,26.0,WH-London,2011-11-25,WH-London,False,False
2011-11-26,20756,84.0,WH-North,2011-11-21,WH-North,False,False
2011-11-26,22248,84.0,WH-London ,2011-11-23,WH-London,False,False
2011-11-26,23234,81.0,WH-London ,2011-11-18,WH-London,False,False
2011-11-26,22882,58.0,Warehouse North,2011-11-15,WH-North,False,False
2011-11-26,90052,50.0,WH-North,2011-11-26,WH-North,False,False
2011-11-26,22960,83.0,WH-North,2011-11-26,WH-North,False,False
2011-11-26,21662,78.0,,,UNKNOWN,False,False
2011-11-26,21745,23.0,WH-London,2011-11-18,WH-London,False,False
2011-11-26,23140,59.0,Main,2011-11-23,WH-London,False,False
2011-11-26,23060,69.0,,2011-11-21,UNKNOWN,False,False
2011-11-26,21791,29.0,WH_London,2011-11-23,WH-London,False,False
2011-11-26,23535,77.0,,2011-11-18,UNKNOWN,False,False
2011-11-26,22323,71.0,WH_London,2011-11-22,WH-London,False,False
2011-11-26,85163B,37.0,,,UNKNOWN,False,False
2011-11-26,44092C,9.0,,2011-11-26,UNKNOWN,False,False
2011-11-26,23089,-67.0,WH_London,2011-11-12,WH-London,True,False
2011-11-26,22637,108.0,WH_London,2011-11-19,WH-London,False,False
2011-11-26,15044B,57.0,Main,2011-11-22,WH-London,False,False
2011-11-26,37424,69.0,Warehouse North,2011-11-17,WH-North,False,False
2011-11-26,21216,15.0,WH-North,2011-11-14,WH-North,False,False
2011-11-26,84674,48.0,WH-North,2011-11-26,WH-North,False,False
2011-11-26,37444C,46.0,Warehouse North,2011-11-17,WH-North,False,False
2011-11-26,21336,23.0,WH_London,2011-11-20,WH-London,False,False
2011-11-26,21222,63.0,WH-London ,2011-11-17,WH-London,False,False
2011-11-26,21504,62.0,WH-North,2011-11-18,WH-North,False,False
2011-11-26,84559B,41.0,WH-London ,2011-11-21,WH-London,False,False
2011-11-26,21368,49.0,Warehouse North,2011-11-15,WH-North,False,False
2011-11-26,90026D,111.0,,2011-11-13,UNKNOWN,False,False
2011-11-26,90152A,31.0,Main,2011-11-23,WH-London,False,False
2011-11-26,22923,16.0,WH-North,2011-11-26,WH-North,False,False
2011-11-26,90025E,15.0,Warehouse North,2011-11-20,WH-North,False,False
2011-11-26,23341,,,2011-11-13,UNKNOWN,False,True
2011-11-26,15036,26.0,WH-London,2011-11-23,WH-London,False,False
2011-11-26,84596J,34.0,Warehouse North,2011-11-16,WH-North,False,False
2011-11-26,23334,20.0,WH-London ,2011-11-19,WH-London,False,False
2011-11-26,21830,48.0,WH-North,2011-11-26,WH-North,False,False
2011-11-26,82616C,48.0,WH_London,2011-11-24,WH-London,False,False
2011-11-26,21989,-60.0,Main,2011-11-20,WH-London,True,False
2011-11-26,22099,68.0,WH-North,2011-11-21,WH-North,False,False
2011-11-26,85107,84.0,WH-London ,,WH-London,False,False
2011-11-26,21670,39.0,WH-London ,2011-11-22,WH-London,False,False
2011-11-26,84849B,30.0,WH_London,2011-11-23,WH-London,False,False
2011-11-26,22087,75.0,WH-London,2011-11-16,WH-London,False,False
2011-11-26,22928,,WH-North,2011-11-12,WH-North,False,True
2011-11-26,23093,72.0,Main,2011-11-21,WH-London,False,False
2011-11-26,22905,54.0,WH-London ,2011-11-22,WH-London,False,False
2011-11-26,23611,-63.0,Main,2011-11-13,WH-London,True,False
2011-11-26,23458,60.0,,2011-11-17,UNKNOWN,False,False
2011-11-26,85024C,54.0,WH-London,2011-11-12,WH-London,False,False
2011-11-26,22216,55.0,WH_London,2011-11-24,WH-London,False,False
2011-11-26,23272,16.0,WH-London,2011-11-25,WH-London,False,False
2011-11-26,16011,30.0,WH-London ,2011-11-13,WH-London,False,False
2011-11-26,85135A,-103.0,WH-London ,2011-11-17,WH-London,True,False
2011-11-26,37467,70.0,Warehouse North,2011-11-18,WH-North,False,False
2011-11-28,22216,,Main,2011-11-24,WH-London,False,True
2011-11-28,90052,39.0,,2011-11-16,UNKNOWN,False,False
2011-11-28,20974,52.0,Warehouse North,2011-11-26,WH-North,False,False
2011-11-28,22289,65.0,WH_London,2011-11-27,WH-London,False,False
2011-11-28,22483,86.0,WH-London,2011-11-27,WH-London,False,False
2011-11-28,23440,45.0,WH-London,2011-11-25,WH-London,False,False
2011-11-28,23547,64.0,,2011-11-16,UNKNOWN,False,False
2011-11-28,84989A,71.0,WH_London,2011-11-23,WH-London,False,False
2011-11-28,23341,78.0,WH_London,2011-11-27,WH-London,False,False
2011-11-28,37444C,43.0,WH-London ,2011-11-20,WH-London,False,False
2011-11-28,72232,88.0,WH_London,,WH-London,False,False
2011-11-28,47593B,7.0,,2011-11-26,UNKNOWN,False,False
2011-11-28,85026B,16.0,WH-London,2011-11-28,WH-London,False,False
2011-11-28,90214C,,WH-London,2011-11-19,WH-London,False,True
2011-11-28,22415,,WH_London,2011-11-17,WH-London,False,True
2011-11-28,22575,42.0,Warehouse North,2011-11-23,WH-North,False,False
2011-11-28,15036,36.0,WH-London,2011-11-20,WH-London,False,False
2011-11-28,90011C,37.0,Warehouse North,2011-11-14,WH-North,False,False
2011-11-28,90067B,23.0,Warehouse North,2011-11-22,WH-North,False,False
2011-11-28,21484,48.0,WH_London,2011-11-23,WH-London,False,False
2011-11-28,22923,3.0,Warehouse North,2011-11-26,WH-North,False,False
2011-11-28,84732B,83.0,WH-North,2011-11-23,WH-North,False,False
2011-11-28,81950B,61.0,WH-London,2011-11-27,WH-London,False,False
2011-11-28,37467,88.0,WH-London,2011-11-22,WH-London,False,False
2011-11-28,82616C,54.0,Warehouse North,2011-11-14,WH-North,False,False
2011-11-28,22248,48.0,WH-North,2011-11-26,WH-North,False,False
2011-11-28,22560,53.0,WH-London ,2011-11-23,WH-London,False,False
2011-11-28,23234,29.0,Main,2011-11-15,WH-London,False,False
2011-11-28,21683,12.0,,2011-11-25,UNKNOWN,False,False
2011-11-28,21791,20.0,Warehouse North,2011-11-27,WH-North,False,False
2011-11-28,23342,37.0,WH-London ,2011-11-26,WH-London,False,False
2011-11-28,72807B,23.0,Main,2011-11-26,WH-London,False,False
2011-11-28,35965,90.0,WH-London,2011-11-18,WH-London,False,False
2011-11-28,16218,28.0,,2011-11-15,UNKNOWN,False,False
2011-11-28,22228,61.0,WH-London ,2011-11-21,WH-London,False,False
2011-11-28,22066,67.0,WH-London,2011-11-16,WH-London,False,False
2011-11-28,21670,87.0,,2011-11-15,UNKNOWN,False,False
2011-11-28,85040A,-70.0,WH-London ,2011-11-19,WH-London,True,False
2011-11-28,82613C,44.0,Warehouse North,2011-11-20,WH-North,False,False
2011-11-28,22210,101.0,WH-London,2011-11-24,WH-London,False,False
2011-11-28,47591D,12.0,WH-London ,2011-11-27,WH-London,False,False
2011-11-28,84856S,21.0,Warehouse North,2011-11-22,WH-North,False,False
2011-11-28,23093,56.0,WH-North,2011-11-22,WH-North,False,False
2011-11-28,90177A,52.0,WH-London ,2011-11-28,WH-London,False,False
2011-11-28,85135A,74.0,WH_London,2011-11-28,WH-London,False,False
2011-11-28,72800F,54.0,WH-London,2011-11-23,WH-London,False,False
2011-11-28,85230F,-61.0,,2011-11-23,UNKNOWN,True,False
2011-11-28,90201C,79.0,WH_London,2011-11-20,WH-London,False,False
2011-11-28,22095,54.0,WH-London ,2011-11-17,WH-London,False,False
2011-11-28,47590B,70.0,,2011-11-21,UNKNOWN,False,False
2011-11-28,21989,27.0,WH_London,2011-11-26,WH-London,False,False
2011-11-28,22332,29.0,Main,2011-11-15,WH-London,False,False
2011-11-28,22965,76.0,WH-North,2011-11-21,WH-North,False,False
2011-11-28,DCGSSBOY,53.0,Main,2011-11-17,WH-London,False,False
2011-11-28,23334,55.0,Warehouse North,2011-11-24,WH-North,False,False
2011-11-28,16048,29.0,WH-London,2011-11-14,WH-London,False,False
2011-11-28,21802,37.0,,2011-11-28,UNKNOWN,False,False
2011-11-28,23010,58.0,WH-London ,2011-11-20,WH-London,False,False
2011-11-28,21865,40.0,Main,2011-11-28,WH-London,False,False
2011-11-28,20803,24.0,WH-London,2011-11-17,WH-London,False,False
2011-11-28,85107,24.0,WH-London ,2011-11-18,WH-London,False,False
2011-11-28,23189,30.0,WH-London ,,WH-London,False,False
2011-11-28,21147,39.0,,2011-11-27,UNKNOWN,False,False
2011-11-28,22230,41.0,Main,2011-11-17,WH-London,False,False
2011-11-28,21265,97.0,WH-London,2011-11-28,WH-London,False,False
2011-11-28,22928,77.0,Main,2011-11-28,WH-London,False,False
2011-11-28,23090,58.0,WH-London,2011-11-21,WH-London,False,False
2011-11-28,85024C,105.0,WH-London ,2011-11-24,WH-London,False,False
2011-11-28,21195,46.0,,2011-11-28,UNKNOWN,False,False
2011-11-28,84715,64.0,Warehouse North,2011-11-17,WH-North,False,False
2011-11-28,85136C,59.0,Main,2011-11-27,WH-London,False,False
2011-11-28,20724,64.0,,2011-11-26,UNKNOWN,False,False
2011-11-28,21504,27.0,Main,2011-11-20,WH-London,False,False
2011-11-28,21009,40.0,,2011-11-15,UNKNOWN,False,False
2011-11-28,23611,25.0,WH_London,2011-11-16,WH-London,False,False
2011-11-28,23204,62.0,WH_London,2011-11-28,WH-London,False,False
2011-11-28,21377,50.0,WH_London,2011-11-28,WH-London,False,False
2011-11-28,21662,-6.0,WH_London,2011-11-21,WH-London,True,False
2011-11-28,90214N,65.0,Main,,WH-London,False,False
2011-11-28,90152A,56.0,Warehouse North,2011-11-19,WH-North,False,False
2011-11-30,35819P,101.0,Warehouse North,2011-11-21,WH-North,False,False
2011-11-30,21220,,Main,2011-11-21,WH-London,False,True
2011-11-30,84805B,-83.0,WH-North,2011-11-22,WH-North,True,False
2011-11-30,23140,16.0,WH-London,2011-11-21,WH-London,False,False
2011-11-30,23090,-83.0,Warehouse North,2011-11-17,WH-North,True,False
2011-11-30,47591D,44.0,WH-North,2011-11-23,WH-North,False,False
2011-11-30,20731,29.0,Warehouse North,,WH-North,False,False
2011-11-30,22114,-20.0,WH_London,2011-11-17,WH-London,True,False
2011-11-30,90152C,89.0,WH-London ,2011-11-28,WH-London,False,False
2011-11-30,90052,41.0,,2011-11-26,UNKNOWN,False,False
2011-11-30,84675,46.0,WH-North,2011-11-16,WH-North,False,False
2011-11-30,85231G,59.0,WH-London ,2011-11-23,WH-London,False,False
2011-11-30,21080,105.0,WH-London ,,WH-London,False,False
2011-11-30,21336,43.0,WH_London,2011-11-22,WH-London,False,False
2011-11-30,20963,49.0,WH-London ,2011-11-27,WH-London,False,False
2011-11-30,22228,,Main,2011-11-22,WH-London,False,True
2011-11-30,21281,41.0,,2011-11-28,UNKNOWN,False,False
2011-11-30,21216,25.0,WH-London ,2011-11-24,WH-London,False,False
2011-11-30,20677,-15.0,WH_London,2011-11-29,WH-London,True,False
2011-11-30,21368,90.0,Warehouse North,2011-11-23,WH-North,False,False
2011-11-30,22289,57.0,WH_London,2011-11-27,WH-London,False,False
2011-11-30,21628,66.0,Main,2011-11-20,WH-London,False,False
2011-11-30,20803,35.0,,2011-11-21,UNKNOWN,False,False
2011-11-30,90201C,-70.0,WH-London ,2011-11-27,WH-London,True,False
2011-11-30,22928,32.0,Main,2011-11-22,WH-London,False,False
2011-11-30,21356,54.0,Main,2011-11-23,WH-London,False,False
2011-11-30,22882,53.0,,2011-11-21,UNKNOWN,False,False
2011-11-30,23619,83.0,Warehouse North,2011-11-30,WH-North,False,False
2011-11-30,23093,-69.0,Warehouse North,2011-11-18,WH-North,True,False
2011-11-30,84789,31.0,Warehouse North,2011-11-17,WH-North,False,False
2011-11-30,23692,68.0,,2011-11-25,UNKNOWN,False,False
2011-11-30,21504,38.0,Main,2011-11-27,WH-London,False,False
2011-11-30,37467,25.0,,2011-11-16,UNKNOWN,False,False
2011-11-30,81952B,66.0,,2011-11-28,UNKNOWN,False,False
2011-11-30,85230F,55.0,WH-London,2011-11-22,WH-London,False,False
2011-11-30,22908,14.0,WH-North,2011-11-16,WH-North,False,False
2011-11-30,23471,34.0,WH_London,2011-11-20,WH-London,False,False
2011-11-30,21428,72.0,WH-London ,2011-11-20,WH-London,False,False
2011-11-30,22575,61.0,Main,2011-11-17,WH-London,False,False
2011-11-30,DCGSSBOY,62.0,Main,,WH-London,False,False
2011-11-30,22210,105.0,Main,2011-11-23,WH-London,False,False
2011-11-30,23518,79.0,WH-London ,2011-11-24,WH-London,False,False
2011-11-30,82616C,46.0,WH-London,2011-11-20,WH-London,False,False
2011-11-30,20974,-37.0,WH-London,2011-11-27,WH-London,True,False
2011-11-30,21135,,Main,2011-11-18,WH-London,False,True
2011-11-30,22483,36.0,Warehouse North,2011-11-24,WH-North,False,False
2011-11-30,21662,-2.0,,2011-11-26,UNKNOWN,True,False
2011-11-30,21147,-13.0,Warehouse North,,WH-North,True,False
2011-11-30,20756,69.0,WH-London,,WH-London,False,False
2011-11-30,85163B,96.0,Warehouse North,2011-11-20,WH-North,False,False
2011-11-30,23057,51.0,WH-London ,2011-11-25,WH-London,False,False
2011-11-30,21791,-28.0,Warehouse North,2011-11-29,WH-North,True,False
2011-11-30,21188,-52.0,,2011-11-19,UNKNOWN,True,False
2011-11-30,23342,101.0,,2011-11-27,UNKNOWN,False,False
2011-11-30,90011C,-9.0,Main,2011-11-23,WH-London,True,False
2011-11-30,22779,-5.0,WH-North,2011-11-23,WH-North,True,False
2011-11-30,47593B,41.0,WH-London,2011-11-17,WH-London,False,False
2011-11-30,90026D,48.0,WH_London,2011-11-17,WH-London,False,False
2011-11-30,79190B,50.0,Warehouse North,2011-11-16,WH-North,False,False
2011-11-30,20702,24.0,Main,,WH-London,False,False
2011-11-30,84596J,62.0,Main,2011-11-21,WH-London,False,False
2011-11-30,72802C,34.0,Warehouse North,,WH-North,False,False
2011-11-30,22087,35.0,WH-North,2011-11-20,WH-North,False,False
2011-11-30,20724,41.0,WH-London,,WH-London,False,False
2011-11-30,23159,29.0,WH-North,2011-11-30,WH-North,False,False
2011-11-30,23204,12.0,WH_London,2011-11-21,WH-London,False,False
2011-11-30,21377,14.0,WH_London,2011-11-28,WH-London,False,False
2011-11-30,21989,16.0,WH-North,2011-11-29,WH-North,False,False
2011-11-30,85026B,63.0,Warehouse North,2011-11-18,WH-North,False,False
2011-11-30,23341,61.0,WH-London ,2011-11-20,WH-London,False,False
2011-11-30,21670,41.0,,2011-11-27,UNKNOWN,False,False
2011-11-30,21630,43.0,WH-North,2011-11-22,WH-North,False,False
2011-11-30,22470,-85.0,WH-North,2011-11-20,WH-North,True,False
2011-11-30,90001C,65.0,WH-London,2011-11-18,WH-London,False,False
2011-11-30,84872A,96.0,WH-North,2011-11-27,WH-North,False,False
2011-11-30,21009,-32.0,,2011-11-28,UNKNOWN,True,False
2011-11-30,85186C,15.0,Main,2011-11-20,WH-London,False,False
2011-11-30,47593A,79.0,WH-London,2011-11-29,WH-London,False,False
2011-11-30,22965,49.0,,2011-11-22,UNKNOWN,False,False
2011-11-30,22099,25.0,WH-London,2011-11-26,WH-London,False,False
2011-12-02,72800F,64.0,WH-London,2011-11-25,WH-London,False,False
2011-12-02,22965,28.0,WH-London,2011-11-19,WH-London,False,False
2011-12-02,85184C,-70.0,WH_London,,WH-London,True,False
2011-12-02,84631,64.0,WH-London ,2011-11-18,WH-London,False,False
2011-12-02,21159,43.0,Warehouse North,2011-11-22,WH-North,False,False
2011-12-02,23518,0.0,Warehouse North,2011-11-20,WH-North,False,False
2011-12-02,20803,22.0,Warehouse North,2011-11-28,WH-North,False,False
2011-12-02,21336,95.0,WH-North,2011-11-27,WH-North,False,False
2011-12-02,23471,-102.0,,,UNKNOWN,True,False
2011-12-02,22960,127.0,WH_London,2011-11-29,WH-London,False,False
2011-12-02,20996,,WH-London ,2011-11-21,WH-London,False,True
2011-12-02,37467,17.0,WH-London,2011-11-29,WH-London,False,False
2011-12-02,21195,,WH-London,2011-11-20,WH-London,False,True
2011-12-02,90011C,42.0,WH_London,2011-11-28,WH-London,False,False
2011-12-02,21745,29.0,,2011-11-18,UNKNOWN,False,False
2011-12-02,21281,60.0,Main,2011-12-01,WH-London,False,False
2011-12-02,35965,106.0,WH-London,,WH-London,False,False
2011-12-02,21802,46.0,,2011-11-23,UNKNOWN,False,False
2011-12-02,23060,,Warehouse North,2011-11-23,WH-North,False,True
2011-12-02,16048,4.0,WH_London,2011-12-01,WH-London,False,False
2011-12-02,84789,53.0,WH-London,2011-12-01,WH-London,False,False
2011-12-02,22928,69.0,,2011-11-20,UNKNOWN,False,False
2011-12-02,47590B,,WH-North,2011-11-20,WH-North,False,True
2011-12-02,72225C,49.0,WH_London,2011-12-02,WH-London,False,False
2011-12-02,22470,56.0,,2011-11-30,UNKNOWN,False,False
2011-12-02,79071B,18.0,WH-North,2011-11-23,WH-North,False,False
2011-12-02,22637,-18.0,Warehouse North,2011-11-23,WH-North,True,False
2011-12-02,23611,,Warehouse North,2011-11-28,WH-North,False,True
2011-12-02,23547,43.0,,2011-12-02,UNKNOWN,False,False
2011-12-02,79160,67.0,WH-London ,2011-11-27,WH-London,False,False
2011-12-02,23334,-121.0,WH-London ,2011-11-27,WH-London,True,False
2011-12-02,21484,88.0,Main,2011-11-26,WH-London,False,False
2011-12-02,20966,-11.0,WH_London,2011-11-28,WH-London,True,False
2011-12-02,23341,125.0,Main,2011-11-18,WH-London,False,False
2011-12-02,81950B,69.0,,2011-11-24,UNKNOWN,False,False
2011-12-02,84856S,42.0,WH-London ,2011-11-22,WH-London,False,False
2011-12-02,23342,94.0,WH-London ,2011-11-24,WH-London,False,False
2011-12-02,16010,-26.0,WH-London,2011-11-30,WH-London,True,False
2011-12-02,23068,33.0,WH-North,2011-11-21,WH-North,False,False
2011-12-02,84674,55.0,,2011-11-24,UNKNOWN,False,False
2011-12-02,90161B,52.0,WH-London,2011-11-22,WH-London,False,False
2011-12-02,22084,95.0,WH-North,2011-11-21,WH-North,False,False
2011-12-02,20702,85.0,,,UNKNOWN,False,False
2011-12-02,15036,70.0,WH_London,2011-11-29,WH-London,False,False
2011-12-02,21356,41.0,WH_London,2011-12-02,WH-London,False,False
2011-12-02,85136C,78.0,,2011-11-20,UNKNOWN,False,False
2011-12-02,22248,32.0,,2011-11-24,UNKNOWN,False,False
2011-12-02,22483,73.0,Main,2011-12-01,WH-London,False,False
2011-12-02,22882,-28.0,WH-North,2011-11-28,WH-North,True,False
2011-12-02,84715,-58.0,WH-North,2011-11-19,WH-North,True,False
2011-12-02,22070,6.0,WH-London,,WH-London,False,False
2011-12-02,84989A,81.0,WH-London ,,WH-London,False,False
2011-12-02,90195B,-36.0,WH-North,2011-11-24,WH-North,True,False
2011-12-02,85163B,8.0,Main,2011-12-02,WH-London,False,False
2011-12-02,90152A,21.0,WH_London,2011-12-02,WH-London,False,False
2011-12-02,72807B,40.0,WH-North,2011-12-02,WH-North,False,False
2011-12-02,21216,22.0,WH-London ,2011-11-24,WH-London,False,False
2011-12-02,90214C,71.0,,2011-11-26,UNKNOWN,False,False
2011-12-02,72232,41.0,WH-North,2011-11-19,WH-North,False,False
2011-12-02,79190B,78.0,WH-North,2011-11-19,WH-North,False,False
2011-12-02,85024C,41.0,WH-North,2011-11-28,WH-North,False,False
2011-12-02,23140,71.0,Main,,WH-London,False,False
2011-12-02,22905,50.0,WH-London ,2011-12-01,WH-London,False,False
2011-12-02,90201C,42.0,Warehouse North,2011-11-20,WH-North,False,False
2011-12-02,22575,,WH_London,2011-11-24,WH-London,False,True
2011-12-02,23057,52.0,WH-North,2011-11-25,WH-North,False,False
2011-12-02,21009,72.0,Main,2011-11-19,WH-London,False,False
2011-12-02,84638,29.0,WH-North,2011-11-21,WH-North,False,False
2011-12-02,20677,49.0,WH-London,2011-11-24,WH-London,False,False
2011-12-02,90001C,33.0,WH-North,2011-11-20,WH-North,False,False
2011-12-02,85186C,108.0,Warehouse North,2011-11-21,WH-North,False,False
2011-12-02,23090,59.0,WH_London,2011-12-01,WH-London,False,False
2011-12-02,90026D,52.0,Warehouse North,2011-11-26,WH-North,False,False
2011-12-02,37471,35.0,WH-London ,2011-11-23,WH-London,False,False
2011-12-02,22098,76.0,Main,2011-11-27,WH-London,False,False
2011-12-02,47593B,49.0,WH_London,2011-11-27,WH-London,False,False
2011-12-02,20756,48.0,WH-London,2011-12-02,WH-London,False,False
2011-12-02,72802C,47.0,WH_London,2011-12-01,WH-London,False,False
2011-12-02,44092C,16.0,WH-London ,2011-11-22,WH-London,False,False
2011-12-02,23204,94.0,WH-London ,,WH-London,False,False
2011-12-04,22230,77.0,WH-North,2011-12-01,WH-North,False,False
2011-12-04,82616C,,,2011-11-28,UNKNOWN,False,True
2011-12-04,22779,46.0,WH-North,2011-12-03,WH-North,False,False
2011-12-04,46000P,23.0,WH-London,2011-11-27,WH-London,False,False
2011-12-04,23619,-5.0,WH-London ,2011-11-22,WH-London,True,False
2011-12-04,84804A,23.0,WH-London,2011-11-20,WH-London,False,False
2011-12-04,20731,84.0,,,UNKNOWN,False,False
2011-12-04,21336,38.0,,2011-11-27,UNKNOWN,False,False
2011-12-04,22210,82.0,WH_London,2011-11-24,WH-London,False,False
2011-12-04,21216,,WH_London,2011-11-22,WH-London,False,True
2011-12-04,20963,23.0,WH_London,,WH-London,False,False
2011-12-04,22156,,WH-London,2011-12-03,WH-London,False,True
2011-12-04,22965,57.0,WH-London,2011-12-02,WH-London,False,False
2011-12-04,22575,-1.0,WH-North,2011-11-22,WH-North,True,False
2011-12-04,85040A,26.0,Warehouse North,2011-11-23,WH-North,False,False
2011-12-04,47591D,,WH-London,2011-12-02,WH-London,False,True
2011-12-04,84849B,74.0,,2011-11-28,UNKNOWN,False,False
2011-12-04,20771,58.0,Warehouse North,2011-12-04,WH-North,False,False
2011-12-04,84872A,55.0,WH-London,2011-11-25,WH-London,False,False
2011-12-04,23518,63.0,,2011-11-25,UNKNOWN,False,False
2011-12-04,79071B,,WH-London,2011-11-25,WH-London,False,True
2011-12-04,22114,51.0,WH-London ,,WH-London,False,False
2011-12-04,20702,18.0,,2011-11-29,UNKNOWN,False,False
2011-12-04,23547,55.0,Warehouse North,2011-11-20,WH-North,False,False
2011-12-04,84805B,24.0,Main,2011-11-21,WH-London,False,False
2011-12-04,22178,-12.0,WH_London,2011-11-22,WH-London,True,False
2011-12-04,23535,55.0,,2011-11-20,UNKNOWN,False,False
2011-12-04,72800F,65.0,,2011-11-25,UNKNOWN,False,False
2011-12-04,23341,60.0,WH-North,2011-11-24,WH-North,False,False
2011-12-04,23611,65.0,,,UNKNOWN,False,False
2011-12-04,84746,83.0,,2011-11-23,UNKNOWN,False,False
2011-12-04,16218,20.0,Warehouse North,2011-12-02,WH-North,False,False
2011-12-04,82613C,38.0,WH-North,2011-12-03,WH-North,False,False
2011-12-04,90195B,11.0,WH-London,2011-11-29,WH-London,False,False
2011-12-04,21683,63.0,,2011-11-21,UNKNOWN,False,False
2011-12-04,16048,,,,UNKNOWN,False,True
2011-12-04,22185,33.0,,2011-11-29,UNKNOWN,False,False
2011-12-04,81952B,71.0,,2011-11-24,UNKNOWN,False,False
2011-12-04,23234,26.0,WH-London,2011-11-26,WH-London,False,False
2011-12-04,85026B,69.0,WH_London,2011-12-03,WH-London,False,False
2011-12-04,21662,-17.0,WH-London,2011-11-25,WH-London,True,False
2011-12-04,21989,95.0,Main,2011-12-02,WH-London,False,False
2011-12-04,22923,17.0,Main,2011-11-29,WH-London,False,False
2011-12-04,90152C,,WH_London,2011-11-21,WH-London,False,True
2011-12-04,15044B,92.0,Main,2011-11-20,WH-London,False,False
2011-12-04,20803,14.0,WH_London,,WH-London,False,False
2011-12-04,85024C,102.0,WH-North,2011-11-25,WH-North,False,False
2011-12-04,22671,113.0,WH-London ,2011-11-24,WH-London,False,False
2011-12-04,84789,70.0,Main,2011-11-24,WH-London,False,False
2011-12-04,90071,50.0,WH-London,2011-11-25,WH-London,False,False
2011-12-04,22289,44.0,Warehouse North,2011-11-21,WH-North,False,False
2011-12-04,90214C,67.0,WH-North,2011-11-26,WH-North,False,False
2011-12-04,23334,72.0,WH-London ,2011-11-25,WH-London,False,False
2011-12-04,23458,-10.0,WH-London ,2011-12-01,WH-London,True,False
2011-12-04,37471,41.0,WH_London,2011-11-29,WH-London,False,False
2011-12-04,84686,32.0,,2011-11-27,UNKNOWN,False,False
2011-12-04,47593A,28.0,WH_London,2011-11-26,WH-London,False,False
2011-12-04,72232,28.0,,2011-12-04,UNKNOWN,False,False
2011-12-04,22084,11.0,Main,2011-11-23,WH-London,False,False
2011-12-04,21745,96.0,Warehouse North,2011-11-30,WH-North,False,False
2011-12-04,23085,32.0,WH-London ,2011-11-26,WH-London,False,False
2011-12-04,22560,45.0,WH_London,2011-11-26,WH-London,False,False
2011-12-04,84732B,40.0,WH-London,2011-11-26,WH-London,False,False
2011-12-04,90052,,WH_London,2011-12-01,WH-London,False,True
2011-12-04,21802,62.0,Main,2011-11-21,WH-London,False,False
2011-12-04,21504,40.0,,2011-11-23,UNKNOWN,False,False
2011-12-04,23135,68.0,WH-North,2011-12-01,WH-North,False,False
2011-12-04,23440,97.0,Warehouse North,2011-11-29,WH-North,False,False
2011-12-04,21368,16.0,,2011-11-26,UNKNOWN,False,False
2011-12-04,22095,-59.0,WH_London,2011-11-27,WH-London,True,False
2011-12-04,72225C,58.0,WH-London ,2011-11-20,WH-London,False,False
2011-12-04,21377,14.0,WH-London,2011-11-23,WH-London,False,False
2011-12-04,22087,69.0,WH-London,2011-11-30,WH-London,False,False
2011-12-04,21220,42.0,WH-North,2011-11-23,WH-North,False,False
2011-12-04,22228,97.0,,,UNKNOWN,False,False
2011-12-04,22962,,WH-London,2011-11-24,WH-London,False,True
2011-12-04,85136C,49.0,WH_London,2011-11-27,WH-London,False,False
2011-12-04,90201C,43.0,WH-London ,2011-11-25,WH-London,False,False
2011-12-04,22483,101.0,Warehouse North,2011-11-23,WH-North,False,False
2011-12-04,72802C,32.0,WH-London ,2011-11-22,WH-London,False,False
2011-12-06,90052,57.0,WH_London,2011-12-03,WH-London,False,False
2011-12-06,90025E,48.0,WH-London ,2011-12-06,WH-London,False,False
2011-12-06,90143,85.0,WH-London ,2011-11-23,WH-London,False,False
2011-12-06,23458,,WH-London,2011-12-03,WH-London,False,True
2011-12-06,84660C,66.0,WH_London,2011-12-03,WH-London,False,False
2011-12-06,90152A,34.0,WH-London ,2011-11-27,WH-London,False,False
2011-12-06,22415,45.0,Warehouse North,2011-11-27,WH-North,False,False
2011-12-06,23090,13.0,,2011-11-26,UNKNOWN,False,False
2011-12-06,22779,57.0,WH_London,,WH-London,False,False
2011-12-06,23334,25.0,WH-North,2011-11-22,WH-North,False,False
2011-12-06,90011C,117.0,WH-North,2011-12-06,WH-North,False,False
2011-12-06,23619,33.0,Warehouse North,2011-12-05,WH-North,False,False
2011-12-06,85184C,80.0,Main,2011-12-04,WH-London,False,False
2011-12-06,21745,95.0,WH-North,2011-11-23,WH-North,False,False
2011-12-06,20731,74.0,,2011-12-01,UNKNOWN,False,False
2011-12-06,20756,34.0,WH-London ,2011-11-30,WH-London,False,False
2011-12-06,22099,32.0,Main,2011-11-23,WH-London,False,False
2011-12-06,84638,138.0,Warehouse North,2011-11-30,WH-North,False,False
2011-12-06,35965,109.0,WH-London ,2011-11-22,WH-London,False,False
2011-12-06,15036,59.0,WH-London,2011-11-26,WH-London,False,False
2011-12-06,22905,39.0,WH-London ,2011-11-22,WH-London,False,False
2011-12-06,90195B,23.0,WH-North,2011-12-01,WH-North,False,False
2011-12-06,72800F,31.0,Warehouse North,2011-11-23,WH-North,False,False
2011-12-06,23089,-71.0,WH-London ,2011-11-22,WH-London,True,False
2011-12-06,90071,119.0,WH-London ,2011-11-29,WH-London,False,False
2011-12-06,81950B,46.0,WH-North,2011-12-02,WH-North,False,False
2011-12-06,20702,85.0,WH_London,2011-12-01,WH-London,False,False
2011-12-06,16010,76.0,WH_London,2011-11-27,WH-London,False,False
2011-12-06,DCGSSBOY,41.0,WH_London,2011-12-04,WH-London,False,False
2011-12-06,16011,79.0,WH-North,2011-11-24,WH-North,False,False
2011-12-06,21336,80.0,WH_London,2011-11-22,WH-London,False,False
2011-12-06,23547,77.0,Main,2011-11-25,WH-London,False,False
2011-12-06,15044B,37.0,Warehouse North,2011-11-23,WH-North,False,False
2011-12-06,84872A,71.0,WH-London ,2011-11-26,WH-London,False,False
2011-12-06,22185,85.0,WH-North,2011-11-26,WH-North,False,False
2011-12-06,22230,78.0,WH-London,2011-11-29,WH-London,False,False
2011-12-06,21135,82.0,WH_London,2011-12-06,WH-London,False,False
2011-12-06,47469,43.0,Warehouse North,2011-11-23,WH-North,False,False
2011-12-06,22084,82.0,Main,2011-12-03,WH-London,False,False
2011-12-06,22248,88.0,WH-London,2011-11-27,WH-London,False,False
2011-12-06,22904,36.0,WH-London,,WH-London,False,False
2011-12-06,21428,8.0,Warehouse North,2011-12-06,WH-North,False,False
2011-12-06,21628,99.0,Warehouse North,2011-11-25,WH-North,False,False
2011-12-06,21220,36.0,,2011-12-01,UNKNOWN,False,False
2011-12-06,46000P,27.0,WH-London,2011-11-23,WH-London,False,False
2011-12-06,22575,56.0,Main,2011-11-29,WH-London,False,False
2011-12-06,23093,41.0,Warehouse North,2011-12-02,WH-North,False,False
2011-12-06,85163B,-7.0,WH-London ,2011-11-28,WH-London,True,False
2011-12-06,84674,76.0,WH-London,2011-12-05,WH-London,False,False
2011-12-06,21735,-76.0,WH-North,2011-12-02,WH-North,True,False
2011-12-06,23135,19.0,WH-London,2011-11-28,WH-London,False,False
2011-12-06,79160,49.0,,,UNKNOWN,False,False
2011-12-06,23140,19.0,Main,2011-11-23,WH-London,False,False
2011-12-06,23440,24.0,WH-London,,WH-London,False,False
2011-12-06,90214N,31.0,Warehouse North,2011-11-23,WH-North,False,False
2011-12-06,21683,65.0,WH-London,2011-11-24,WH-London,False,False
2011-12-06,21802,-110.0,WH-North,2011-12-01,WH-North,True,False
2011-12-06,85107,37.0,,2011-11-23,UNKNOWN,False,False
2011-12-06,17028J,75.0,WH-London ,2011-11-28,WH-London,False,False
2011-12-06,84686,73.0,WH-London,2011-12-02,WH-London,False,False
2011-12-06,84732B,-13.0,Warehouse North,2011-12-02,WH-North,True,False
2011-12-06,22908,8.0,WH-North,2011-12-05,WH-North,False,False
2011-12-06,79071B,111.0,WH-North,2011-11-26,WH-North,False,False
2011-12-06,17109D,34.0,WH-London ,2011-12-02,WH-London,False,False
2011-12-06,23342,63.0,Main,2011-12-03,WH-London,False,False
2011-12-06,21356,60.0,WH_London,,WH-London,False,False
2011-12-06,85136C,-13.0,WH-London,2011-11-25,WH-London,True,False
2011-12-06,21662,29.0,Warehouse North,2011-11-25,WH-North,False,False
2011-12-06,23518,71.0,WH-North,2011-11-22,WH-North,False,False
2011-12-06,47590B,21.0,Main,2011-11-30,WH-London,False,False
2011-12-06,21348,38.0,Main,,WH-London,False,False
2011-12-06,22114,13.0,WH-North,2011-12-02,WH-North,False,False
2011-12-06,22030,24.0,Main,2011-11-28,WH-London,False,False
2011-12-06,23204,34.0,WH-North,2011-11-24,WH-North,False,False
2011-12-06,47591D,-5.0,WH_London,2011-11-23,WH-London,True,False
2011-12-06,22178,85.0,WH-North,2011-11-23,WH-North,False,False
2011-12-06,90065B,8.0,,2011-12-05,UNKNOWN,False,False
2011-12-06,20974,44.0,Main,2011-11-22,WH-London,False,False
2011-12-06,72232,27.0,Main,2011-11-30,WH-London,False,False
2011-12-06,21195,82.0,WH_London,2011-11-29,WH-London,False,False
2011-12-08,90065B,13.0,Warehouse North,2011-12-01,WH-North,False,False
2011-12-08,85231G,,WH-London,2011-11-26,WH-London,False,True
2011-12-08,37444C,9.0,WH_London,2011-12-07,WH-London,False,False
2011-12-08,22905,-22.0,WH-London,2011-11-29,WH-London,True,False
2011-12-08,22965,,WH-London,2011-12-08,WH-London,False,True
2011-12-08,90201C,50.0,Warehouse North,2011-12-04,WH-North,False,False
2011-12-08,47593B,-56.0,WH-North,2011-11-25,WH-North,True,False
2011-12-08,85040A,74.0,WH-London,2011-12-06,WH-London,False,False
2011-12-08,79071B,53.0,WH_London,2011-11-24,WH-London,False,False
2011-12-08,84559B,36.0,WH_London,2011-11-25,WH-London,False,False
2011-12-08,84732B,57.0,,2011-12-07,UNKNOWN,False,False
2011-12-08,22216,34.0,Main,,WH-London,False,False
2011-12-08,20677,83.0,,2011-12-01,UNKNOWN,False,False
2011-12-08,21222,39.0,WH-London ,2011-11-30,WH-London,False,False
2011-12-08,85107,46.0,WH-London,2011-12-07,WH-London,False,False
2011-12-08,23189,69.0,WH_London,2011-11-27,WH-London,False,False
2011-12-08,47593A,120.0,Main,2011-11-28,WH-London,False,False
2011-12-08,90071,19.0,WH-North,,WH-North,False,False
2011-12-08,84596J,13.0,WH-North,2011-12-05,WH-North,False,False
2011-12-08,16010,-42.0,WH-London,2011-12-02,WH-London,True,False
2011-12-08,90152C,27.0,WH-North,2011-11-30,WH-North,False,False
2011-12-08,23085,70.0,Main,2011-12-06,WH-London,False,False
2011-12-08,21188,55.0,WH_London,2011-11-30,WH-London,False,False
2011-12-08,21159,16.0,,2011-11-26,UNKNOWN,False,False
2011-12-08,21377,72.0,Main,2011-11-28,WH-London,False,False
2011-12-08,10133,105.0,WH-London ,2011-12-07,WH-London,False,False
2011-12-08,84805B,26.0,Main,2011-12-06,WH-London,False,False
2011-12-08,22560,,WH-London ,2011-11-24,WH-London,False,True
2011-12-08,90185B,-15.0,,2011-11-30,UNKNOWN,True,False
2011-12-08,35965,38.0,WH-London ,2011-12-07,WH-London,False,False
2011-12-08,23159,59.0,Main,2011-11-25,WH-London,False,False
2011-12-08,22030,45.0,Warehouse North,,WH-North,False,False
2011-12-08,85024C,53.0,WH-London ,2011-11-28,WH-London,False,False
2011-12-08,21009,26.0,Warehouse North,2011-12-08,WH-North,False,False
2011-12-08,47590B,87.0,WH-North,2011-12-02,WH-North,False,False
2011-12-08,90177A,37.0,WH_London,2011-12-02,WH-London,False,False
2011-12-08,23547,13.0,WH-London,2011-11-25,WH-London,False,False
2011-12-08,90001C,48.0,WH-North,2011-11-26,WH-North,False,False
2011-12-08,23272,77.0,Warehouse North,2011-11-24,WH-North,False,False
2011-12-08,22962,66.0,WH-North,2011-12-02,WH-North,False,False
2011-12-08,21135,34.0,WH-North,,WH-North,False,False
2011-12-08,21504,103.0,Main,2011-11-26,WH-London,False,False
2011-12-08,21865,47.0,,,UNKNOWN,False,False
2011-12-08,90082D,-1.0,Warehouse North,2011-11-26,WH-North,True,False
2011-12-08,22070,,WH-North,2011-11-27,WH-North,False,True
2011-12-08,21484,45.0,WH_London,2011-11-28,WH-London,False,False
2011-12-08,15036,47.0,WH-London,2011-12-04,WH-London,False,False
2011-12-08,22882,,Warehouse North,2011-11-30,WH-North,False,True
2011-12-08,37467,42.0,WH-London,2011-12-05,WH-London,False,False
2011-12-08,23440,41.0,Warehouse North,2011-12-08,WH-North,False,False
2011-12-08,37424,12.0,WH-London,2011-11-29,WH-London,False,False
2011-12-08,23518,-34.0,Warehouse North,2011-12-04,WH-North,True,False
2011-12-08,23090,57.0,WH-London ,2011-12-06,WH-London,False,False
2011-12-08,22289,-32.0,WH_London,2011-12-08,WH-London,True,False
2011-12-08,22272,0.0,WH_London,2011-12-07,WH-London,False,False
2011-12-08,21147,69.0,WH-North,2011-11-29,WH-North,False,False
2011-12-08,79163,70.0,WH-London,2011-11-30,WH-London,False,False
2011-12-08,23471,71.0,Warehouse North,2011-12-05,WH-North,False,False
2011-12-08,23135,22.0,WH-London,2011-12-06,WH-London,False,False
2011-12-08,21630,49.0,Main,2011-11-28,WH-London,False,False
2011-12-08,20657,57.0,WH-London ,2011-11-29,WH-London,False,False
2011-12-08,84804A,67.0,Warehouse North,2011-12-02,WH-North,False,False
2011-12-08,82616C,68.0,WH-London,2011-12-01,WH-London,False,False
2011-12-08,84849B,7.0,Main,2011-11-28,WH-London,False,False
2011-12-08,22332,101.0,Warehouse North,2011-12-02,WH-North,False,False
2011-12-08,72802C,13.0,,2011-12-04,UNKNOWN,False,False
2011-12-08,21216,1.0,Main,2011-12-05,WH-London,False,False
2011-12-08,22084,,Warehouse North,2011-11-27,WH-North,False,True
2011-12-08,22185,-70.0,WH-London,2011-12-06,WH-London,True,False
2011-12-08,23341,93.0,WH_London,,WH-London,False,False
2011-12-08,22415,,WH-London,2011-11-25,WH-London,False,True
2011-12-08,20771,-3.0,WH_London,2011-11-28,WH-London,True,False
2011-12-08,21220,76.0,Main,2011-11-28,WH-London,False,False
2011-12-08,21791,11.0,WH-London ,2011-12-06,WH-London,False,False
2011-12-08,81952B,68.0,WH-North,2011-11-27,WH-North,False,False
2011-12-08,78124,22.0,Warehouse North,2011-12-04,WH-North,False,False
2011-12-08,85136C,36.0,WH-North,2011-12-07,WH-North,False,False
2011-12-08,20731,59.0,WH-London,2011-11-29,WH-London,False,False
2011-12-08,23089,59.0,,2011-11-27,UNKNOWN,False,False
2011-12-08,72225C,53.0,Warehouse North,2011-11-30,WH-North,False,False
