StockCode,Description,UnitPrice_median,TotalQty,Supplier,CostPrice,LeadTimeDays,Category,SupplierClean,CategoryClean
10002,INFLATABLE POLITICAL GLOBE,0.85,1037,GlobalTrade Co,0.4364879897620766,44.0,Unknown,GlobalTrade Co,Other
10080,GROOVY CACTUS INFLATABLE,0.39,495,Unknown Vendor,0.2483400318095625,44.0,Kitchen,UNKNOWN,Kitchen
10120,DOGGY RUBBER,0.21,193,EuroParts GmbH,0.1276767743071819,12.0,Lighting,EuroParts GmbH,Lighting
10123C,HEARTS WRAPPING TAPE,0.65,-13,Pacific Importers,0.3972166523279705,8.0,Unknown,Pacific Importers,Other
10123G,UNKNOWN,0.0,-38,ACME SUPPLIES,0.0,7.0,Lighting,Acme Supplies Ltd,Lighting
10124A,SPOTS ON RED BOOKCOVER TAPE,0.42,16,ACME SUPPLIES,0.2525777984499774,8.0,Gifts,Acme Supplies Ltd,Gifts
10124G,ARMY CAMO BOOKCOVER TAPE,0.42,17,Acme Supplies Ltd,0.2310721682874918,27.0,Stationery,Acme Supplies Ltd,Stationery
10125,MINI FUNKY DESIGN TAPES,0.85,1296,,0.4220870015782127,6.0,Home Decor,UNKNOWN,Home Decor
10133,COLOURING PENCILS BROWN TUBE,0.79,2775,PACIFIC IMPORTERS LLC,0.5285127379975003,42.0,Stationery,Pacific Importers,Stationery
10134,UNKNOWN,0.0,-19,EuroParts GmbH,0.0,34.0,Unknown,EuroParts GmbH,Other
10135,COLOURING PENCILS BROWN TUBE,1.25,2230,Acme Supplies Ltd,0.8029050089425562,37.0,Unknown,Acme Supplies Ltd,Other
11001,ASSTD DESIGN RACING CAR PEN,1.69,1430,Unknown Vendor,0.8140163645970767,12.0,LIGHTING,UNKNOWN,Lighting
15030,FAN BLACK FRAME,0.29,293,Euro Parts,0.179471012250377,36.0,Stationery,EuroParts GmbH,Stationery
15034,PAPER POCKET TRAVELING FAN,0.14,5206,ACME SUPPLIES,0.0926068350893224,38.0,Stationery,Acme Supplies Ltd,Stationery
15036,ASSORTED COLOURS SILK FAN,0.83,22552,ACME SUPPLIES,0.3955363847273496,8.0,Gifts,Acme Supplies Ltd,Gifts
15039,SANDALWOOD FAN,0.85,2065,ACME SUPPLIES,0.3578331320062392,18.0,home decor,Acme Supplies Ltd,Home Decor
15044A,PINK PAPER PARASOL,2.95,463,GlobalTrade Co,1.315230389641485,21.0,Lighting,GlobalTrade Co,Lighting
15044B,BLUE PAPER PARASOL,2.95,293,Pacific Importers,1.805691868707334,36.0,LIGHTING,Pacific Importers,Lighting
15044C,PURPLE PAPER PARASOL,2.95,311,Global Trade Co.,2.057053414428072,27.0,Home Decor,GlobalTrade Co,Home Decor
15044D,RED PAPER PARASOL,2.95,643,GlobalTrade Co,1.2264592179255758,33.0,LIGHTING,GlobalTrade Co,Lighting
15056BL,EDWARDIAN PARASOL BLACK,5.95,2714,PACIFIC IMPORTERS LLC,3.9088699969542287,43.0,home decor,Pacific Importers,Home Decor
15056N,EDWARDIAN PARASOL NATURAL,5.95,3897,Acme Supplies Ltd,3.090796080190984,19.0,Stationery,Acme Supplies Ltd,Stationery
15056P,EDWARDIAN PARASOL PINK,5.95,768,GlobalTrade Co,3.376535330357406,32.0,Home Decor,GlobalTrade Co,Home Decor
15056BL,EDWARDIAN PARASOL BLACK,12.46,87,GlobalTrade Co,9.034756496876511,41.0,Stationery,GlobalTrade Co,Stationery
15056N,EDWARDIAN PARASOL NATURAL,12.46,127,Global Trade Co.,6.431727732153022,33.0,LIGHTING,GlobalTrade Co,Lighting
15056P,EDWARDIAN PARASOL PINK,12.46,33,Euro Parts,7.013334368910099,21.0,Lighting,EuroParts GmbH,Lighting
15058A,BLUE POLKADOT GARDEN PARASOL,7.95,185,ACME SUPPLIES,3.2180713190715955,37.0,Home Decor,Acme Supplies Ltd,Home Decor
15058B,PINK POLKADOT GARDEN PARASOL,10.79,162,Pacific Importers,4.624157566098272,23.0,home decor,Pacific Importers,Home Decor
15058C,ICE CREAM DESIGN GARDEN PARASOL,10.79,210,Pacific Importers,5.292571143920512,3.0,Kitchen,Pacific Importers,Kitchen
15060B,FAIRY CAKE DESIGN UMBRELLA,3.75,407,Acme Supplies Ltd,1.5365560660776605,6.0,Lighting,Acme Supplies Ltd,Lighting
15060B,FAIRY CAKE DESIGN UMBRELLA,8.29,3,PACIFIC IMPORTERS LLC,5.147935508529,30.0,home decor,Pacific Importers,Home Decor
16008,SMALL FOLDING SCISSOR(POINTED EDGE),0.12,1382,ACME SUPPLIES,0.0659087309856681,20.0,Home Decor,Acme Supplies Ltd,Home Decor
16010,FOLDING CAMPING SCISSOR W/KNIF & S,0.12,23,Acme Supplies Ltd,0.0710220985145769,28.0,Stationery,Acme Supplies Ltd,Stationery
16011,ANIMAL STICKERS,0.21,1773,,0.0968365681633802,42.0,home decor,UNKNOWN,Home Decor
16012,FOOD/DRINK SPONGE STICKERS,0.21,1244,Unknown Vendor,0.1057510041635912,21.0,Stationery,UNKNOWN,Stationery
16014,SMALL CHINESE STYLE SCISSOR,0.42,13328,Euro Parts,0.2655821978033506,8.0,Lighting,EuroParts GmbH,Lighting
16015,MEDIUM CHINESE STYLE SCISSOR,0.5,373,GlobalTrade Co,0.3689279766353199,3.0,Lighting,GlobalTrade Co,Lighting
16016,LARGE CHINESE STYLE SCISSOR,0.85,1273,Acme Supplies Ltd,0.3549989901466572,10.0,home decor,Acme Supplies Ltd,Home Decor
16020C,CLEAR STATIONERY BOX SET,0.83,77,EuroParts GmbH,0.5906566452084548,35.0,Stationery,EuroParts GmbH,Stationery
16033,MINI HIGHLIGHTER PENS,0.12,960,Global Trade Co.,0.0722290104550707,23.0,Home Decor,GlobalTrade Co,Home Decor
16043,POP ART PUSH DOWN RUBBER,0.12,53,Acme Supplies Ltd,0.0716846218037361,26.0,home decor,Acme Supplies Ltd,Home Decor
16045,POPART WOODEN PENCILS ASST,0.04,4333,Pacific Importers,0.0230038994929086,27.0,Kitchen,Pacific Importers,Kitchen
16046,TEATIME PEN CASE & PENS,0.85,89,Acme Supplies Ltd,0.3606447405564945,21.0,LIGHTING,Acme Supplies Ltd,Lighting
16048,TEATIME ROUND PENCIL SHARPENER,0.12,1461,,0.0517748277729187,31.0,Gifts,UNKNOWN,Gifts
16049,TEATIME GEL PENS ASST,0.12,547,acme-supplies,0.0732383042376816,12.0,Lighting,Acme Supplies Ltd,Lighting
16052,TEATIME PUSH DOWN RUBBER,0.625,463,PACIFIC IMPORTERS LLC,0.3245846875015284,14.0,Stationery,Pacific Importers,Stationery
16053,UNKNOWN,0.0,-102,GlobalTrade Co,0.0,35.0,Home Decor,GlobalTrade Co,Home Decor
16054,POPART RECT PENCIL SHARPENER ASST,0.12,1058,Pacific Importers,0.0650768025690978,9.0,Lighting,Pacific Importers,Lighting
16151A,FLOWERS HANDBAG BLUE AND ORANGE,1.25,47,Pacific Importers,0.5626856381824055,19.0,Home Decor,Pacific Importers,Home Decor
16156L,"WRAP, CAROUSEL",0.42,475,ACME SUPPLIES,2.7123974570882683,12.0,Lighting,Acme Supplies Ltd,Lighting
16156S,WRAP PINK FAIRY CAKES,0.42,5690,Unknown Vendor,0.2111229529518284,33.0,Stationery,UNKNOWN,Stationery
16161G,WRAP BAD HAIR DAY,0.1,700,Euro Parts,0.0583914607574562,8.0,Home Decor,EuroParts GmbH,Home Decor
16161M,WRAP  PINK FLOCK,0.42,25,,0.2705814194692599,19.0,Stationery,UNKNOWN,Stationery
16161P,WRAP ENGLISH ROSE,0.42,7201,,0.3003388243467044,39.0,Home Decor,UNKNOWN,Home Decor
16161U,WRAP SUKI AND FRIENDS,0.42,4050,Pacific Importers,0.2844521056358464,20.0,Lighting,Pacific Importers,Lighting
16162L,THE KING GIFT BAG,0.65,-4,,0.4138721429410447,28.0,Gifts,UNKNOWN,Gifts
16162M,ALAN HODGE CANT MAMAGE THIS SECTION,0.42,-26,Acme Supplies Ltd,0.2679060778120861,18.0,LIGHTING,Acme Supplies Ltd,Lighting
16168M,FUNKY MONKEY GIFT BAG MEDIUM,0.625,415,ACME SUPPLIES,0.4569210158820189,10.0,LIGHTING,Acme Supplies Ltd,Lighting
16169E,WRAP 50'S  CHRISTMAS,0.42,4125,Acme Supplies Ltd,0.2114861423319907,26.0,Gifts,Acme Supplies Ltd,Gifts
16169K,WRAP FOLK ART,0.42,175,GlobalTrade Co,0.1681634778468395,15.0,LIGHTING,GlobalTrade Co,Lighting
16169M,WRAP DAISY CARPET,0.42,660,GlobalTrade Co,0.2079773202315352,31.0,home decor,GlobalTrade Co,Home Decor
16169N,WRAP BLUE RUSSIAN FOLKART,0.42,25,acme-supplies,0.2000300328051313,34.0,Kitchen,Acme Supplies Ltd,Kitchen
16169P,WRAP GREEN RUSSIAN FOLKART,0.42,-25,Euro Parts,0.2652896840117577,26.0,Kitchen,EuroParts GmbH,Kitchen
16202A,PASTEL PINK PHOTO ALBUM,0.5,7,GlobalTrade Co,0.3108995299589676,18.0,home decor,GlobalTrade Co,Home Decor
16202B,PASTEL BLUE PHOTO ALBUM,0.5,20,GlobalTrade Co,0.3038557419733266,13.0,home decor,GlobalTrade Co,Home Decor
16202E,BLACK PHOTO ALBUM,0.5,14,Pacific Importers,0.2028426025616544,34.0,Unknown,Pacific Importers,Other
16206B,RED PURSE WITH PINK HEART,1.25,7,Acme Supplies Ltd,0.8188403988221582,8.0,Stationery,Acme Supplies Ltd,Stationery
16207A,PINK STRAWBERRY HANDBAG,2.46,63,Euro Parts,1.2625596851500085,37.0,Home Decor,EuroParts GmbH,Home Decor
16207B,PINK HEART RED HANDBAG,2.46,29,Acme Supplies Ltd,1.5566132065347094,35.0,Kitchen,Acme Supplies Ltd,Kitchen
16216,LETTER SHAPE PENCIL SHARPENER,0.06,3333,Unknown Vendor,0.0356881469985452,20.0,Lighting,UNKNOWN,Lighting
16218,CARTOON  PENCIL SHARPENERS,0.06,3821,Euro Parts,0.031197349433986,39.0,home decor,EuroParts GmbH,Home Decor
16219,HOUSE SHAPE PENCIL SHARPENER,0.83,3000,ACME SUPPLIES,0.3710944055937433,15.0,LIGHTING,Acme Supplies Ltd,Lighting
16225,RATTLE SNAKE EGGS,1.25,815,Acme Supplies Ltd,0.5413082677264605,12.0,Gifts,Acme Supplies Ltd,Gifts
16235,RECYCLED PENCIL WITH RABBIT ERASER,0.315,3103,Euro Parts,0.2176748962256226,39.0,Home Decor,EuroParts GmbH,Home Decor
16236,KITTY PENCIL ERASERS,0.21,1438,EuroParts GmbH,0.1515022193429945,28.0,Unknown,EuroParts GmbH,Other
16237,SLEEPING CAT ERASERS,0.21,4934,EuroParts GmbH,0.131759421437176,19.0,Gifts,EuroParts GmbH,Gifts
16238,PARTY TIME PENCIL ERASERS,0.21,1398,Euro Parts,0.0916024074422455,3.0,LIGHTING,EuroParts GmbH,Lighting
16244B,MAXWELL 2 TONE BLUE 60 PAGE PHOTO A,0.5,2,Acme Supplies Ltd,0.2703547629554421,27.0,home decor,Acme Supplies Ltd,Home Decor
16248B,BLUE HOLE PUNCH,1.25,15,GlobalTrade Co,0.8189109000460062,36.0,Home Decor,GlobalTrade Co,Home Decor
16254,TRANSPARENT ACRYLIC TAPE DISPENSER,1.63,35,Acme Supplies Ltd,1.0968878143277436,41.0,home decor,Acme Supplies Ltd,Home Decor
16258A,SWIRLY CIRCULAR RUBBERS IN BAG,0.42,471,,0.18537813747679,12.0,Kitchen,UNKNOWN,Kitchen
16259,PIECE OF CAMO STATIONERY SET,0.08,105,PACIFIC IMPORTERS LLC,0.0320008601276707,22.0,Kitchen,Pacific Importers,Kitchen
17001,HEAVENS SCENT FRAGRANCE OILS ASSTD,0.29,72,GlobalTrade Co,0.1882819101568814,9.0,Stationery,GlobalTrade Co,Stationery
17003,BROCADE RING PURSE,0.29,23053,Acme Supplies Ltd,0.1521945118625998,18.0,LIGHTING,Acme Supplies Ltd,Lighting
17007B,S/3 POT POURI CUSHIONS BLUE COLOURS,2.1,20,GlobalTrade Co,1.027043778739421,39.0,Unknown,GlobalTrade Co,Other
17011A,UNKNOWN,0.0,-61,GlobalTrade Co,0.0,31.0,Home Decor,GlobalTrade Co,Home Decor
17011F,ORIGAMI SANDLEWOOD INCENSE+FLOWER,0.65,63,EuroParts GmbH,0.3829181150382412,14.0,Unknown,EuroParts GmbH,Other
17012A,ORIGAMI VANILLA INCENSE/CANDLE SET,2.46,237,PACIFIC IMPORTERS LLC,1.7168407832017705,19.0,Lighting,Pacific Importers,Lighting
17012B,ORIGAMI JASMINE INCENSE/CANDLE SET,2.46,453,,1.8085208474406984,23.0,Unknown,UNKNOWN,Other
17012C,ORIGAMI LAVENDER INCENSE/CANDL SET,2.46,399,Global Trade Co.,1.471106402478042,28.0,home decor,GlobalTrade Co,Home Decor
17012D,ORIGAMI ROSE INCENSE/CANDLE SET,2.46,463,Acme Supplies Ltd,1.426951203184049,21.0,home decor,Acme Supplies Ltd,Home Decor
17012E,ORIGAMI OPIUM INCENSE/CANDLE SET,2.51,68,EuroParts GmbH,1.078722034652298,14.0,Kitchen,EuroParts GmbH,Kitchen
17012F,ORIGAMI SANDLEWOOD INCENSE/CAND SET,2.46,462,EuroParts GmbH,1.4565794821281786,23.0,Stationery,EuroParts GmbH,Stationery
17013D,ORIGAMI ROSE INCENSE IN TUBE,0.42,506,Pacific Importers,0.223856924607913,44.0,LIGHTING,Pacific Importers,Lighting
17014A,ORIGAMI VANILLA INCENSE CONES,0.42,166,Euro Parts,0.2572488862898858,36.0,home decor,EuroParts GmbH,Home Decor
17021,NAMASTE SWAGAT INCENSE,0.3,2427,Pacific Importers,0.1608162665270374,9.0,Kitchen,Pacific Importers,Kitchen
17028J,INCENSE BAZAAR PEACH,0.42,6,Pacific Importers,0.2033239711472039,37.0,Gifts,Pacific Importers,Gifts
17038,PORCELAIN BUDAH INCENSE HOLDER,0.1,1525,Global Trade Co.,0.0433237846329931,17.0,Kitchen,GlobalTrade Co,Kitchen
17084A,TRANQUILITY MASALA INCENSE,0.21,200,Acme Supplies Ltd,0.1071465056772838,3.0,Home Decor,Acme Supplies Ltd,Home Decor
17084J,LOVE POTION MASALA INCENSE,0.21,225,Acme Supplies Ltd,0.0911033953201497,28.0,LIGHTING,Acme Supplies Ltd,Lighting
17084N,FAIRY DREAMS INCENSE,0.42,1264,Acme Supplies Ltd,0.1940038517711256,37.0,Stationery,Acme Supplies Ltd,Stationery
17084P,DRAGONS BLOOD INCENSE,0.42,423,PACIFIC IMPORTERS LLC,0.3131384153111932,27.0,home decor,Pacific Importers,Home Decor
17084R,ASSORTED INCENSE PACK,0.21,4032,GlobalTrade Co,0.6331345714216281,44.0,Home Decor,GlobalTrade Co,Home Decor
17090A,LAVENDER INCENSE 40 CONES IN TIN,1.25,109,Pacific Importers,0.7326938978459447,17.0,Lighting,Pacific Importers,Lighting
17090D,VANILLA INCENSE 40 CONES IN TIN,1.25,19,,0.8822081063225318,24.0,Lighting,UNKNOWN,Lighting
17091A,LAVENDER INCENSE IN TIN,0.38,340,acme-supplies,0.2844106637652615,8.0,Kitchen,Acme Supplies Ltd,Kitchen
17091J,VANILLA INCENSE IN TIN,0.38,2084,Global Trade Co.,0.2295010217628426,17.0,Stationery,GlobalTrade Co,Stationery
17096,ASSORTED LAQUERED INCENSE HOLDERS,0.21,2497,EuroParts GmbH,0.1437168258467466,26.0,Unknown,EuroParts GmbH,Other
17107D,"FLOWER FAIRY,5 SUMMER B'DRAW LINERS",2.55,171,ACME SUPPLIES,1.3117948642204826,23.0,Stationery,Acme Supplies Ltd,Stationery
17109D,FLOWER FAIRY INCENSE BOUQUET,0.38,75,Acme Supplies Ltd,0.1926639463404897,9.0,Stationery,Acme Supplies Ltd,Stationery
17129F,BLUE GLASS GEMS IN BAG,1.63,586,GlobalTrade Co,0.8817424728273965,31.0,Stationery,GlobalTrade Co,Stationery
17136A,BLUE STONES ON WIRE FOR CANDLE,0.08,407,ACME SUPPLIES,0.0508302033548621,34.0,Kitchen,Acme Supplies Ltd,Kitchen
17164B,ASS COL SMALL SAND GECKO P'WEIGHT,0.42,29,,0.2682821783204995,34.0,Home Decor,UNKNOWN,Home Decor
17165D,ASS COL LARGE SAND FROG P'WEIGHT,1.05,26,Euro Parts,0.5358504922336732,7.0,Kitchen,EuroParts GmbH,Kitchen
17174,ASSTD RASTA KEY-CHAINS,0.42,9,PACIFIC IMPORTERS LLC,0.1875818588480844,6.0,Unknown,Pacific Importers,Other
17191A,ROSE FLOWER CANDLE+INCENSE 16X16CM,3.75,4,,2.3300200866109804,24.0,Home Decor,UNKNOWN,Home Decor
18007,ESSENTIAL BALM 3.5G TIN IN ENVELOPE,0.18,3050,Euro Parts,0.0800845293178921,20.0,Unknown,EuroParts GmbH,Other
18094C,WHITE AND BLUE CERAMIC OIL BURNER,2.46,125,ACME SUPPLIES,1.4820820495854532,37.0,Gifts,Acme Supplies Ltd,Gifts
18097A,PINK TALL PORCELAIN T-LIGHT HOLDER,2.55,-18,,1.6388792492902555,19.0,Gifts,UNKNOWN,Gifts
18097C,WHITE TALL PORCELAIN T-LIGHT HOLDER,2.55,407,Pacific Importers,1.6452957605320482,26.0,LIGHTING,Pacific Importers,Lighting
18098C,PORCELAIN BUTTERFLY OIL BURNER,2.95,91,Euro Parts,1.957959954256034,4.0,home decor,EuroParts GmbH,Home Decor
18098C,PORCELAIN BUTTERFLY OIL BURNER,5.06,52,,3.569834035592792,15.0,home decor,UNKNOWN,Home Decor
20615,BLUE POLKADOT PASSPORT COVER,2.1,313,GlobalTrade Co,1.2074698590941195,17.0,Home Decor,GlobalTrade Co,Home Decor
20616,CHERRY BLOSSOM PASSPORT COVER,1.63,194,Acme Supplies Ltd,1.0686071626266205,7.0,Kitchen,Acme Supplies Ltd,Kitchen
20617,FIRST CLASS PASSPORT COVER,2.1,93,ACME SUPPLIES,1.29509196049389,5.0,Unknown,Acme Supplies Ltd,Other
20618,QUEEN OF THE SKIES PASSPORT COVER,1.66,148,Global Trade Co.,0.7724378050224535,39.0,Unknown,GlobalTrade Co,Other
20619,TROPICAL PASSPORT COVER,1.63,262,Euro Parts,0.6666559423979974,39.0,home decor,EuroParts GmbH,Home Decor
20622,VIPPASSPORT COVER,2.1,186,,1.0491379184725464,39.0,home decor,UNKNOWN,Home Decor
20652,BLUE POLKADOT LUGGAGE TAG,1.25,235,Acme Supplies Ltd,0.6938272465227086,5.0,Lighting,Acme Supplies Ltd,Lighting
20653,CHERRY BLOSSOM LUGGAGE TAG,0.85,73,Pacific Importers,0.5235890184675253,37.0,Unknown,Pacific Importers,Other
20654,FIRST CLASS LUGGAGE TAG,1.25,152,Global Trade Co.,0.8718572070951524,25.0,Kitchen,GlobalTrade Co,Kitchen
20655,QUEEN OF SKIES LUGGAGE TAG,1.25,197,ACME SUPPLIES,0.5858575010589475,30.0,Lighting,Acme Supplies Ltd,Lighting
20657,TROPICAL LUGGAGE TAG,1.25,73,Acme Supplies Ltd,0.5549280330805838,32.0,Kitchen,Acme Supplies Ltd,Kitchen
20658,RED RETROSPOT LUGGAGE TAG,1.25,344,GlobalTrade Co,0.9215224770200184,20.0,Stationery,GlobalTrade Co,Stationery
20659,ECONOMY LUGGAGE TAG,1.25,159,,0.5472694947271781,38.0,Unknown,UNKNOWN,Other
20661,BLUE POLKADOT PURSE,2.46,44,GlobalTrade Co,1.39598081136229,35.0,Stationery,GlobalTrade Co,Stationery
20662,FIRST CLASS HOLIDAY PURSE,2.485,31,Pacific Importers,1.5032940531179744,28.0,Gifts,Pacific Importers,Gifts
20663,QUEEN OF THE SKIES HOLIDAY PURSE,2.485,25,EuroParts GmbH,1.4648604025842444,42.0,Gifts,EuroParts GmbH,Gifts
20664,TROPICAL HOLIDAY PURSE,2.46,41,GlobalTrade Co,1.0580736872053642,19.0,Home Decor,GlobalTrade Co,Home Decor
20665,RED RETROSPOT PURSE,2.95,418,Unknown Vendor,1.2388802887087371,42.0,Unknown,UNKNOWN,Other
20666,ECONOMY HOLIDAY PURSE,0.83,25,Unknown Vendor,0.3626429356774308,9.0,home decor,UNKNOWN,Home Decor
20667,CHERRY BLOSSOM PURSE,2.46,20,acme-supplies,1.4881909958143196,10.0,Lighting,Acme Supplies Ltd,Lighting
20668,DISCO BALL CHRISTMAS DECORATION,0.12,12979,Pacific Importers,0.0708624852806414,33.0,Stationery,Pacific Importers,Stationery
20669,RED HEART LUGGAGE TAG,1.25,279,GlobalTrade Co,0.6022615965160756,14.0,Kitchen,GlobalTrade Co,Kitchen
20670,VIP HOLIDAY PURSE,2.95,14,GlobalTrade Co,1.8385018014555736,33.0,Unknown,GlobalTrade Co,Other
20671,BLUE TEATIME PRINT BOWL,1.25,-12,Acme Supplies Ltd,0.8587795321493465,21.0,Home Decor,Acme Supplies Ltd,Home Decor
20674,GREEN POLKADOT BOWL,1.25,1570,PACIFIC IMPORTERS LLC,0.5181907949328848,12.0,Kitchen,Pacific Importers,Kitchen
20675,BLUE POLKADOT BOWL,1.25,3109,Pacific Importers,0.7179318503022686,41.0,Stationery,Pacific Importers,Stationery
20676,RED RETROSPOT BOWL,1.25,5054,Acme Supplies Ltd,0.801573305294927,23.0,Unknown,Acme Supplies Ltd,Other
20677,PINK POLKADOT BOWL,1.25,3671,acme-supplies,0.6103864680929881,22.0,home decor,Acme Supplies Ltd,Home Decor
20678,LARGE BLACK DIAMANTE HAIRSLIDE,1.65,4,,0.8377376978067936,39.0,Stationery,UNKNOWN,Stationery
20679,EDWARDIAN PARASOL RED,5.95,1701,acme-supplies,3.657900932975392,43.0,Unknown,Acme Supplies Ltd,Other
20681,PINK POLKADOT CHILDRENS UMBRELLA,3.25,-17,Acme Supplies Ltd,2.321401396292251,9.0,Unknown,Acme Supplies Ltd,Other
20682,RED RETROSPOT CHILDRENS UMBRELLA,3.25,1225,Pacific Importers,2.221289028094548,16.0,Stationery,Pacific Importers,Stationery
20684,STRAWBERRY DREAM CHILDS UMBRELLA,3.25,36,Unknown Vendor,1.9633106242257763,13.0,Stationery,UNKNOWN,Stationery
20685,DOORMAT RED RETROSPOT,7.95,4027,acme-supplies,5.2118419296595455,9.0,Kitchen,Acme Supplies Ltd,Kitchen
20686,DOLLY MIXTURE CHILDREN'S UMBRELLA,3.25,175,EuroParts GmbH,1.714985559861371,31.0,Home Decor,EuroParts GmbH,Home Decor
20689,UNKNOWN,0.0,-5,EuroParts GmbH,0.0,12.0,Stationery,EuroParts GmbH,Stationery
20694,FLORAL PINK MONSTER,3.75,-67,acme-supplies,2.1118633383549184,31.0,Gifts,Acme Supplies Ltd,Gifts
20695,FLORAL BLUE MONSTER,4.25,5,EuroParts GmbH,1.9825300029806217,11.0,LIGHTING,EuroParts GmbH,Lighting
20696,FLORAL SOFT CAR TOY,3.75,54,GlobalTrade Co,2.4210314844639,38.0,Home Decor,GlobalTrade Co,Home Decor
20697,LITTLE GREEN MONSTER SOFT TOY,2.55,21,PACIFIC IMPORTERS LLC,1.5166446888338236,12.0,Gifts,Pacific Importers,Gifts
20698,LITTLE PINK MONSTER SOFT TOY,2.55,17,PACIFIC IMPORTERS LLC,1.3400697618935802,21.0,Kitchen,Pacific Importers,Kitchen
20699,MOUSEY LONG LEGS SOFT TOY,2.51,81,Pacific Importers,1.8046114784840768,33.0,Stationery,Pacific Importers,Stationery
20700,GREEN CAT FLORAL CUSHION COVER,4.13,-48,Acme Supplies Ltd,1.682260267318543,19.0,Home Decor,Acme Supplies Ltd,Home Decor
20701,PINK CAT FLORAL CUSHION COVER,4.13,-5,Euro Parts,2.1084500901311465,23.0,home decor,EuroParts GmbH,Home Decor
20702,PINK PADDED MOBILE,4.25,146,GlobalTrade Co,1.784611079194249,35.0,Stationery,GlobalTrade Co,Stationery
20703,BLUE PADDED SOFT MOBILE,4.25,-6,ACME SUPPLIES,2.840209382879671,36.0,Unknown,Acme Supplies Ltd,Other
20704,MR ROBOT SOFT TOY,6.95,212,Acme Supplies Ltd,4.487876382131801,26.0,Stationery,Acme Supplies Ltd,Stationery
20705,MRS ROBOT SOFT TOY,6.95,142,Pacific Importers,3.5860142720760915,11.0,home decor,Pacific Importers,Home Decor
20707,CRAZY DAISY HEART DECORATION,0.83,463,EuroParts GmbH,0.5282800730911547,9.0,Home Decor,EuroParts GmbH,Home Decor
20711,JUMBO BAG TOYS,4.13,4668,Acme Supplies Ltd,2.2243272604662456,18.0,Stationery,Acme Supplies Ltd,Stationery
20712,JUMBO BAG WOODLAND ANIMALS,2.08,9533,Pacific Importers,1.3825527601555323,21.0,Stationery,Pacific Importers,Stationery
20713,JUMBO BAG OWLS,2.08,9159,ACME SUPPLIES,1.162645706472322,41.0,Lighting,Acme Supplies Ltd,Lighting
20716,PARTY FOOD SHOPPER BAG,1.25,322,PACIFIC IMPORTERS LLC,0.6803723809263538,8.0,Lighting,Pacific Importers,Lighting
20717,STRAWBERRY SHOPPER BAG,1.25,2835,ACME SUPPLIES,0.9089443380261316,13.0,Home Decor,Acme Supplies Ltd,Home Decor
20718,RED RETROSPOT SHOPPER BAG,1.25,4741,EuroParts GmbH,0.6097596062021814,14.0,Home Decor,EuroParts GmbH,Home Decor
20719,WOODLAND CHARLOTTE BAG,0.85,13198,GlobalTrade Co,0.3758330836489782,44.0,Unknown,GlobalTrade Co,Other
20723,STRAWBERRY CHARLOTTE BAG,0.85,9723,,0.5139015761946888,15.0,Unknown,UNKNOWN,Other
20724,RED RETROSPOT CHARLOTTE BAG,0.85,17548,Acme Supplies Ltd,0.6283732391545432,14.0,LIGHTING,Acme Supplies Ltd,Lighting
20725,LUNCH BAG RED RETROSPOT,1.65,18979,GlobalTrade Co,0.8782021459274503,23.0,Stationery,GlobalTrade Co,Stationery
20726,LUNCH BAG WOODLAND,1.65,9852,Acme Supplies Ltd,0.6958262309956214,12.0,Gifts,Acme Supplies Ltd,Gifts
20727,LUNCH BAG  BLACK SKULL.,1.65,12112,,0.8559487918712751,22.0,Home Decor,UNKNOWN,Home Decor
20728,LUNCH BAG CARS BLUE,1.65,11603,,0.9521755303695448,38.0,home decor,UNKNOWN,Home Decor
20731,POSY CANDY BAG,1.25,87,acme-supplies,0.5708413154015936,30.0,Stationery,Acme Supplies Ltd,Stationery
20733,GOLD MINI TAPE MEASURE,0.83,936,PACIFIC IMPORTERS LLC,0.5231786943454109,26.0,Gifts,Pacific Importers,Gifts
20734,SILVER MINI TAPE MEASURE,1.63,149,Euro Parts,1.2212160264303191,7.0,Lighting,EuroParts GmbH,Lighting
20735,BLACK MINI TAPE MEASURE,0.85,152,Pacific Importers,0.4743924941044795,39.0,Unknown,Pacific Importers,Other
20738,UNKNOWN,0.0,-36,Pacific Importers,0.0,23.0,home decor,Pacific Importers,Home Decor
20748,KENSINGTON COFFEE SET,12.75,109,acme-supplies,6.888142344498808,37.0,Home Decor,Acme Supplies Ltd,Home Decor
20749,ASSORTED COLOUR MINI CASES,7.95,1762,Acme Supplies Ltd,3.5003942413846474,42.0,Stationery,Acme Supplies Ltd,Stationery
20750,RED RETROSPOT MINI CASES,7.95,1742,,5.637708795968468,4.0,Lighting,UNKNOWN,Lighting
20751,FUNKY WASHING UP GLOVES ASSORTED,2.1,967,,1.144896856808194,43.0,LIGHTING,UNKNOWN,Lighting
20752,BLUE POLKADOT WASHING UP GLOVES,2.1,362,PACIFIC IMPORTERS LLC,1.1246466923972585,41.0,Kitchen,Pacific Importers,Kitchen
20754,RETROSPOT RED WASHING UP GLOVES,2.1,1514,GlobalTrade Co,1.3248723506038986,44.0,Lighting,GlobalTrade Co,Lighting
20755,BLUE PAISLEY POCKET BOOK,0.85,307,GlobalTrade Co,0.4715049427270092,11.0,Stationery,GlobalTrade Co,Stationery
20756,GREEN FERN POCKET BOOK,0.85,-7,EuroParts GmbH,0.5328494569703341,24.0,LIGHTING,EuroParts GmbH,Lighting
20757,RED DAISY POCKET BOOK,0.85,167,,0.3582802713139093,7.0,Unknown,UNKNOWN,Other
20758,ABSTRACT CIRCLES POCKET BOOK,0.85,108,,0.5820826947573626,14.0,Gifts,UNKNOWN,Gifts
20759,CHRYSANTHEMUM POCKET BOOK,0.85,12,Euro Parts,0.6197999259816223,3.0,home decor,EuroParts GmbH,Home Decor
20760,GARDEN PATH POCKET BOOK,0.85,100,PACIFIC IMPORTERS LLC,0.5330077023824173,24.0,home decor,Pacific Importers,Home Decor
20761,BLUE PAISLEY SKETCHBOOK,3.75,123,Acme Supplies Ltd,2.7528677816271894,40.0,Kitchen,Acme Supplies Ltd,Kitchen
20762,GREEN FERN SKETCHBOOK,3.75,106,ACME SUPPLIES,1.698754912610577,21.0,home decor,Acme Supplies Ltd,Home Decor
20763,DAISY SKETCHBOOK,3.75,73,,2.126608748692964,18.0,Kitchen,UNKNOWN,Kitchen
20764,ABSTRACT CIRCLES SKETCHBOOK,3.75,144,PACIFIC IMPORTERS LLC,2.2898713383034,33.0,LIGHTING,Pacific Importers,Lighting
20765,CHRYSANTHEMUM SKETCHBOOK,3.75,104,Acme Supplies Ltd,2.263529349740308,5.0,Unknown,Acme Supplies Ltd,Other
20766,GARDEN PATH SKETCHBOOK,3.75,124,Acme Supplies Ltd,2.026918585054369,25.0,Kitchen,Acme Supplies Ltd,Kitchen
20767,BLUE PAISLEY JOURNAL,2.55,253,PACIFIC IMPORTERS LLC,1.3217403353593882,44.0,Home Decor,Pacific Importers,Home Decor
20768,GREEN FERN JOURNAL,2.55,177,Acme Supplies Ltd,1.1331904401262487,20.0,Stationery,Acme Supplies Ltd,Stationery
20769,DAISY JOURNAL,2.55,80,ACME SUPPLIES,1.3696301371268331,28.0,LIGHTING,Acme Supplies Ltd,Lighting
20770,ABSTRACT CIRCLE JOURNAL,2.51,185,Pacific Importers,1.1468975260701688,15.0,home decor,Pacific Importers,Home Decor
20771,CHRYSANTHEMUM  JOURNAL,2.55,103,EuroParts GmbH,1.675421366269305,20.0,Kitchen,EuroParts GmbH,Kitchen
20772,GARDEN PATH JOURNAL,2.55,246,PACIFIC IMPORTERS LLC,1.2063816099289215,5.0,Lighting,Pacific Importers,Lighting
20773,BLUE PAISLEY NOTEBOOK,1.65,43,ACME SUPPLIES,0.6938214638018183,25.0,Gifts,Acme Supplies Ltd,Gifts
20774,GREEN FERN NOTEBOOK,1.63,69,EuroParts GmbH,0.967124881624732,5.0,Stationery,EuroParts GmbH,Stationery
20775,DAISY NOTEBOOK,1.63,71,acme-supplies,0.9915785625164186,27.0,Unknown,Acme Supplies Ltd,Other
20777,CHRYSANTHEMUM NOTEBOOK,1.63,169,GlobalTrade Co,1.1494264014605284,29.0,home decor,GlobalTrade Co,Home Decor
20778,GARDEN PATH NOTEBOOK,1.65,11,EuroParts GmbH,0.9932068811712113,29.0,Lighting,EuroParts GmbH,Lighting
20780,BLACK EAR MUFF HEADPHONES,5.49,48,PACIFIC IMPORTERS LLC,2.8598414604296014,41.0,Home Decor,Pacific Importers,Home Decor
20781,GOLD EAR MUFF HEADPHONES,5.49,37,Euro Parts,3.738987330352826,27.0,Kitchen,EuroParts GmbH,Kitchen
20782,CAMOUFLAGE EAR MUFF HEADPHONES,5.49,54,PACIFIC IMPORTERS LLC,3.2341458932596296,26.0,Lighting,Pacific Importers,Lighting
20785,FUSCHIA RETRO BAR STOOL,39.95,12,Pacific Importers,17.088536579855642,10.0,Stationery,Pacific Importers,Stationery
20793,BLUE TILED TRAY,6.75,-2,Acme Supplies Ltd,4.036821948740045,11.0,home decor,Acme Supplies Ltd,Home Decor
20794,BLUE  TILE HOOK,2.55,90,GlobalTrade Co,1.8304065517888335,39.0,Lighting,GlobalTrade Co,Lighting
20795,LARGE BLUE PROVENCAL CERAMIC BALL,2.1,43,acme-supplies,1.131289779741192,32.0,Home Decor,Acme Supplies Ltd,Home Decor
20796,SMALL BLUE PROVENCAL CERAMIC BALL,1.65,62,acme-supplies,0.8311281505971345,21.0,Gifts,Acme Supplies Ltd,Gifts
20798,CLEAR MILKSHAKE GLASS,2.1,37,Unknown Vendor,0.9454500509082449,18.0,LIGHTING,UNKNOWN,Lighting
20801,LARGE PINK GLASS SUNDAE DISH,0.79,987,GlobalTrade Co,0.3578746868151263,26.0,Kitchen,GlobalTrade Co,Kitchen
20802,SMALL GLASS SUNDAE DISH CLEAR,1.65,700,,0.9099255322074004,23.0,Stationery,UNKNOWN,Stationery
20803,SMALL PINK GLASS SUNDAE DISH,0.405,837,PACIFIC IMPORTERS LLC,0.2464376150748968,38.0,home decor,Pacific Importers,Home Decor
20816,GOLD FLOWER CUSHION COVER,1.95,-3,Euro Parts,0.8350200140282532,42.0,LIGHTING,EuroParts GmbH,Lighting
20818,GOLD TEDDY BEAR,7.46,15,Pacific Importers,5.437213585944708,41.0,Kitchen,Pacific Importers,Kitchen
20819,SILVER TEDDY BEAR,3.75,64,Pacific Importers,2.4911128728968195,8.0,Kitchen,Pacific Importers,Kitchen
20820,SILVER LOOKING MIRROR,4.95,2,Pacific Importers,2.9963259384264456,7.0,Unknown,Pacific Importers,Other
20821,GOLDIE LOOKING MIRROR,4.95,14,ACME SUPPLIES,3.415269997401801,16.0,Kitchen,Acme Supplies Ltd,Kitchen
20823,GOLD WINE GOBLET,0.79,66,EuroParts GmbH,0.3381716382585493,44.0,Lighting,EuroParts GmbH,Lighting
20825,UNKNOWN,0.0,-5,GlobalTrade Co,0.0,6.0,Lighting,GlobalTrade Co,Lighting
20826,SILVER APERITIF GLASS,0.39,107,Acme Supplies Ltd,0.2420077118166171,10.0,LIGHTING,Acme Supplies Ltd,Lighting
20827,GOLD APERITIF GLASS,0.39,20,PACIFIC IMPORTERS LLC,0.2691111216851465,26.0,Gifts,Pacific Importers,Gifts
20828,GLITTER BUTTERFLY CLIPS,2.55,1130,ACME SUPPLIES,1.719246582343971,13.0,Home Decor,Acme Supplies Ltd,Home Decor
20829,GLITTER HANGING BUTTERFLY STRING,2.1,1195,,1.0436458985393489,19.0,home decor,UNKNOWN,Home Decor
20830,SILVER PHOTO FRAME,2.1,135,Unknown Vendor,1.5315469246260152,23.0,LIGHTING,UNKNOWN,Lighting
20831,GOLD PHOTO FRAME,2.1,216,,0.9313941934516898,28.0,home decor,UNKNOWN,Home Decor
20832,RED FLOCK LOVE HEART PHOTO FRAME,0.79,1200,GlobalTrade Co,0.5579744455487486,29.0,LIGHTING,GlobalTrade Co,Lighting
20835,FRENCH LATTICE CUSHION COVER,0.83,67,Acme Supplies Ltd,0.6140581425101417,18.0,Stationery,Acme Supplies Ltd,Stationery
20836,FRENCH PAISLEY CUSHION COVER,0.83,158,,0.3834630984961727,28.0,Lighting,UNKNOWN,Lighting
20837,FRENCH FLORAL CUSHION COVER,0.83,141,Global Trade Co.,0.5417601916511996,35.0,Kitchen,GlobalTrade Co,Kitchen
20838,FRENCH LATTICE CUSHION COVER,0.85,373,Unknown Vendor,0.3519849418364545,33.0,Home Decor,UNKNOWN,Home Decor
20839,FRENCH PAISLEY CUSHION COVER,3.29,495,Unknown Vendor,1.782844383147737,8.0,LIGHTING,UNKNOWN,Lighting
20840,FRENCH FLORAL CUSHION COVER,0.85,491,,0.4935942815113081,10.0,Stationery,UNKNOWN,Stationery
20845,ZINC HEART LATTICE 2 WALL PLANTER,6.35,19,GlobalTrade Co,3.8304840145841617,9.0,home decor,GlobalTrade Co,Home Decor
20846,ZINC HEART LATTICE T-LIGHT HOLDER,1.25,717,GlobalTrade Co,0.9094725461087448,36.0,Stationery,GlobalTrade Co,Stationery
20847,ZINC HEART LATTICE CHARGER LARGE,3.75,52,,2.3823290270736304,16.0,Stationery,UNKNOWN,Stationery
20848,ZINC HEART LATTICE CHARGER SMALL,2.95,21,GlobalTrade Co,1.6769194846338624,18.0,home decor,GlobalTrade Co,Home Decor
20849,UNKNOWN,0.0,1,ACME SUPPLIES,0.0,11.0,Stationery,Acme Supplies Ltd,Stationery
20850,UNKNOWN,0.0,-3,Pacific Importers,0.0,12.0,Gifts,Pacific Importers,Gifts
20851,ZINC HEART LATTICE TRAY OVAL,5.95,10,,2.425952754630871,19.0,Stationery,UNKNOWN,Stationery
20854,BLUE PATCH PURSE PINK HEART,1.65,148,EuroParts GmbH,1.2274060347278624,14.0,Home Decor,EuroParts GmbH,Home Decor
20856,DENIM PATCH PURSE PINK BUTTERFLY,1.65,66,Pacific Importers,0.7097413103092753,8.0,LIGHTING,Pacific Importers,Lighting
20857,BLUE ROSE PATCH PURSE PINK BUTTERFL,1.65,-17,Acme Supplies Ltd,1.1303083650277097,21.0,Lighting,Acme Supplies Ltd,Lighting
20860,GOLD COSMETICS BAG WITH BUTTERFLY,1.05,-6,PACIFIC IMPORTERS LLC,0.5230230215626441,43.0,Home Decor,Pacific Importers,Home Decor
20861,GOLD COSMETIC BAG PINK STAR,2.1,2,Unknown Vendor,0.9371520484490958,31.0,Kitchen,UNKNOWN,Kitchen
20863,UNKNOWN,0.0,-6,Acme Supplies Ltd,0.0,8.0,Unknown,Acme Supplies Ltd,Other
20864,UNKNOWN,0.0,-1,Pacific Importers,0.0,27.0,Gifts,Pacific Importers,Gifts
20866,BLUE ROSE FABRIC MIRROR,1.25,248,,0.6666664321977702,26.0,Gifts,UNKNOWN,Gifts
20867,PINK ROSE FABRIC MIRROR,1.25,60,EuroParts GmbH,0.5238723661236808,27.0,Kitchen,EuroParts GmbH,Kitchen
20868,SILVER FABRIC MIRROR,0.39,458,EuroParts GmbH,0.2378264455634148,18.0,home decor,EuroParts GmbH,Home Decor
20869,GOLD FABRIC MIRROR,0.39,180,EuroParts GmbH,0.2791780471891071,18.0,Home Decor,EuroParts GmbH,Home Decor
20871,OPULENT VELVET SET/3 CANDLES,4.21,2,GlobalTrade Co,2.2486678417232757,8.0,Home Decor,GlobalTrade Co,Home Decor
20878,SET/9 CHRISTMAS T-LIGHTS SCENTED,1.25,27,GlobalTrade Co,0.5946455902134868,23.0,Kitchen,GlobalTrade Co,Kitchen
20886,BOX OF 9 PEBBLE CANDLES,1.95,425,Euro Parts,1.0820590385991464,23.0,home decor,EuroParts GmbH,Home Decor
20892,SET/3 TALL GLASS CANDLE HOLDER PINK,6.375,-30,Euro Parts,2.6579092990275925,6.0,Unknown,EuroParts GmbH,Other
20893,HANGING BAUBLE T-LIGHT HOLDER SMALL,2.55,-19,,1.7522851691486452,36.0,Stationery,UNKNOWN,Stationery
20894,HANGING BAUBLE T-LIGHT HOLDER LARGE,2.95,33,,2.033196887306068,30.0,home decor,UNKNOWN,Home Decor
20896,UNKNOWN,0.0,-5,Pacific Importers,0.0,40.0,LIGHTING,Pacific Importers,Lighting
20897,VINTAGE NOTEBOOK PARIS DAYS,2.75,95,Pacific Importers,1.4398615306031997,43.0,Stationery,Pacific Importers,Stationery
20898,VINTAGE NOTEBOOK TRAVELOGUE,2.46,22,Euro Parts,1.6726134767878196,30.0,LIGHTING,EuroParts GmbH,Lighting
20901,VINTAGE KEEPSAKE BOX PINK FLOWER,4.13,18,PACIFIC IMPORTERS LLC,2.4538000943315845,23.0,Lighting,Pacific Importers,Lighting
20902,VINTAGE KEEPSAKE BOX PARIS DAYS,4.13,109,EuroParts GmbH,2.8458851520090485,16.0,Home Decor,EuroParts GmbH,Home Decor
20903,VINTAGE KEEPSAKE BOX TRAVELOGUE,4.13,49,Euro Parts,2.564773684678756,9.0,Home Decor,EuroParts GmbH,Home Decor
20906,VINTAGE NOTEBOOK BEAUTY GIRL,2.95,-18,,1.9898986510922132,24.0,Kitchen,UNKNOWN,Kitchen
20910,VINTAGE PHOTO ALBUM PARIS DAYS,6.35,7,GlobalTrade Co,3.870306252426472,3.0,Kitchen,GlobalTrade Co,Kitchen
20914,SET/5 RED RETROSPOT LID GLASS BOWLS,2.95,6265,GlobalTrade Co,1.6076006529326754,31.0,Stationery,GlobalTrade Co,Stationery
20931,BLUE POT PLANT CANDLE,3.75,284,Acme Supplies Ltd,2.7573039411530558,33.0,home decor,Acme Supplies Ltd,Home Decor
20932,PINK POT PLANT CANDLE,3.75,194,Pacific Importers,2.2102118951534835,32.0,Home Decor,Pacific Importers,Home Decor
20933,YELLOW POT PLANT CANDLE,2.95,20,Acme Supplies Ltd,1.804754927893106,17.0,Home Decor,Acme Supplies Ltd,Home Decor
20934,SET/3 POT PLANT CANDLES,5.45,39,Global Trade Co.,2.6005801721836344,20.0,Gifts,GlobalTrade Co,Gifts
20935,ROUND CACTUS CANDLE,2.95,6,Pacific Importers,1.8259844400836631,37.0,LIGHTING,Pacific Importers,Lighting
20936,FORKED CACTUS CANDLE,2.95,99,GlobalTrade Co,1.7701848980911394,32.0,Lighting,GlobalTrade Co,Lighting
20941,FROG CANDLE,1.25,58,Pacific Importers,0.5808667991018234,36.0,Lighting,Pacific Importers,Lighting
20950,UNKNOWN,0.0,1,Acme Supplies Ltd,0.0,44.0,LIGHTING,Acme Supplies Ltd,Lighting
20954,*USB OFFICE MIRROR BALL,8.47,0,Acme Supplies Ltd,5.179623203294439,13.0,Stationery,Acme Supplies Ltd,Stationery
20956,PORCELAIN T-LIGHT HOLDERS ASSORTED,1.25,232,Euro Parts,0.8341153678407652,29.0,Unknown,EuroParts GmbH,Other
20957,PORCELAIN HANGING BELL SMALL,1.45,-1,GlobalTrade Co,0.8456261957429192,23.0,home decor,GlobalTrade Co,Home Decor
20960,WATERMELON BATH SPONGE,2.51,29,Acme Supplies Ltd,1.2032197513433087,37.0,Home Decor,Acme Supplies Ltd,Home Decor
20961,STRAWBERRY BATH SPONGE,1.25,1185,Pacific Importers,0.7916033648032028,41.0,Gifts,Pacific Importers,Gifts
20963,APPLE BATH SPONGE,1.25,1338,EuroParts GmbH,0.535046255391701,10.0,home decor,EuroParts GmbH,Home Decor
20964,POLYESTER FILLER PAD 60X40CM,1.275,4,ACME SUPPLIES,0.7071682907678722,20.0,Home Decor,Acme Supplies Ltd,Home Decor
20966,SANDWICH BATH SPONGE,2.46,526,PACIFIC IMPORTERS LLC,1.1246587789810398,15.0,Kitchen,Pacific Importers,Kitchen
20967,GREY FLORAL FELTCRAFT SHOULDER BAG,3.75,190,Acme Supplies Ltd,1.742102504516097,26.0,home decor,Acme Supplies Ltd,Home Decor
20969,RED FLORAL FELTCRAFT SHOULDER BAG,3.75,1673,Acme Supplies Ltd,1.7655108082701425,25.0,Stationery,Acme Supplies Ltd,Stationery
20970,PINK FLORAL FELTCRAFT SHOULDER BAG,3.75,1114,Pacific Importers,2.007553012370221,14.0,home decor,Pacific Importers,Home Decor
20971,PINK BLUE FELT CRAFT TRINKET BOX,1.25,8384,Pacific Importers,0.522378214958924,32.0,Unknown,Pacific Importers,Other
20972,PINK CREAM FELT CRAFT TRINKET BOX,1.25,7338,PACIFIC IMPORTERS LLC,0.6740346304064805,33.0,home decor,Pacific Importers,Home Decor
20973,12 PENCIL SMALL TUBE WOODLAND,0.65,4518,EuroParts GmbH,0.3764134442185944,30.0,home decor,EuroParts GmbH,Home Decor
20974,12 PENCILS SMALL TUBE SKULL,0.65,6417,Unknown Vendor,0.369949449829839,24.0,home decor,UNKNOWN,Home Decor
20975,12 PENCILS SMALL TUBE RED RETROSPOT,0.65,6316,Pacific Importers,0.3470833828416917,30.0,Lighting,Pacific Importers,Lighting
20977,36 PENCILS TUBE WOODLAND,1.25,1462,GlobalTrade Co,0.8671266410309542,15.0,Home Decor,GlobalTrade Co,Home Decor
20978,36 PENCILS TUBE SKULLS,1.25,1783,Euro Parts,0.5635804279339706,27.0,Unknown,EuroParts GmbH,Other
20979,36 PENCILS TUBE RED RETROSPOT,1.25,3579,acme-supplies,0.7212423254043511,9.0,LIGHTING,Acme Supplies Ltd,Lighting
20980,36 PENCILS TUBE POSY,1.25,63,Global Trade Co.,0.5271431199184926,8.0,Stationery,GlobalTrade Co,Stationery
20981,12 PENCILS TALL TUBE WOODLAND,0.85,1957,Acme Supplies Ltd,0.3611688144661781,26.0,LIGHTING,Acme Supplies Ltd,Lighting
20982,12 PENCILS TALL TUBE SKULLS,0.85,2152,Acme Supplies Ltd,0.5107250902789362,21.0,Lighting,Acme Supplies Ltd,Lighting
20983,12 PENCILS TALL TUBE RED RETROSPOT,0.85,2739,Unknown Vendor,0.5083904814041268,21.0,Home Decor,UNKNOWN,Home Decor
20984,12 PENCILS TALL TUBE POSY,0.29,3920,Euro Parts,0.2051204015537124,38.0,Gifts,EuroParts GmbH,Gifts
20985,HEART CALCULATOR,1.25,1167,EuroParts GmbH,0.744069733101282,11.0,Stationery,EuroParts GmbH,Stationery
20986,BLUE CALCULATOR RULER,1.25,657,Global Trade Co.,0.919908571427122,38.0,Home Decor,GlobalTrade Co,Home Decor
20992,JAZZ HEARTS PURSE NOTEBOOK,0.39,4451,ACME SUPPLIES,0.1626468468065904,40.0,Lighting,Acme Supplies Ltd,Lighting
20996,JAZZ HEARTS ADDRESS BOOK,0.19,3194,ACME SUPPLIES,0.0825175110379193,42.0,Lighting,Acme Supplies Ltd,Lighting
20997,ROSE DU SUD CUSHION COVER,4.13,59,acme-supplies,1.7156972028999862,31.0,Gifts,Acme Supplies Ltd,Gifts
20998,ROSE DU SUD OVEN GLOVE,2.95,174,Pacific Importers,1.3712983479693803,26.0,Stationery,Pacific Importers,Stationery
21000,ROSE DU SUD COSMETICS BAG,3.36,56,EuroParts GmbH,1.9805336504674131,7.0,Stationery,EuroParts GmbH,Stationery
21001,ROSE DU SUD WASHBAG,4.13,74,PACIFIC IMPORTERS LLC,2.5851745882533472,44.0,Unknown,Pacific Importers,Other
21002,ROSE DU SUD DRAWSTRING BAG,3.29,125,acme-supplies,1.3684913093778923,28.0,Home Decor,Acme Supplies Ltd,Home Decor
21003,ROSE DU SUD CUSHION COVER,5.79,78,Unknown Vendor,4.233010008272107,16.0,Unknown,UNKNOWN,Other
21009,ETCHED GLASS STAR TREE DECORATION,0.625,2,EuroParts GmbH,0.4342236761422708,41.0,Lighting,EuroParts GmbH,Lighting
21011,GLITTER SNOW PEAR TREE DECORATION,1.45,0,Pacific Importers,0.7305308346947248,31.0,LIGHTING,Pacific Importers,Lighting
21012,ANTIQUE ALL GLASS CANDLESTICK,2.46,1168,PACIFIC IMPORTERS LLC,1.050458463524989,8.0,Lighting,Pacific Importers,Lighting
21014,SWISS CHALET TREE DECORATION,0.83,1295,Global Trade Co.,0.3813521947701361,9.0,home decor,GlobalTrade Co,Home Decor
21015,DARK BIRD HOUSE TREE DECORATION,0.83,1481,acme-supplies,0.3688773521958195,39.0,Gifts,Acme Supplies Ltd,Gifts
21018,BIRD BOX CHRISTMAS TREE DECORATION,0.85,-39,GlobalTrade Co,0.3766769243414367,20.0,Gifts,GlobalTrade Co,Gifts
21025,SPACE FROG,1.25,174,EuroParts GmbH,0.7268707387912586,25.0,LIGHTING,EuroParts GmbH,Lighting
21026,SPACE OWL,1.25,258,Acme Supplies Ltd,0.6075582560908627,40.0,LIGHTING,Acme Supplies Ltd,Lighting
21027,NINJA RABBIT PINK,1.06,153,Acme Supplies Ltd,0.5568698348323127,3.0,Stationery,Acme Supplies Ltd,Stationery
21028,NINJA RABBIT BLACK,1.25,187,Acme Supplies Ltd,0.9329085833556412,6.0,LIGHTING,Acme Supplies Ltd,Lighting
21030,SPACE CADET RED,1.25,141,Acme Supplies Ltd,0.7993874839048383,37.0,Unknown,Acme Supplies Ltd,Other
21031,SPACE CADET BLACK,1.25,53,,0.9151790418330632,25.0,Lighting,UNKNOWN,Lighting
21032,SPACE CADET WHITE,1.25,98,EuroParts GmbH,0.5623684928269881,29.0,home decor,EuroParts GmbH,Home Decor
21033,JUMBO BAG CHARLIE AND LOLA TOYS,2.73,1515,Global Trade Co.,1.45713426820252,23.0,Home Decor,GlobalTrade Co,Home Decor
21034,REX CASH+CARRY JUMBO SHOPPER,0.95,1918,Acme Supplies Ltd,0.5644483245913828,10.0,home decor,Acme Supplies Ltd,Home Decor
21035,SET/2 RED RETROSPOT TEA TOWELS,3.25,2403,Pacific Importers,1.3873122953984396,18.0,Kitchen,Pacific Importers,Kitchen
21038,SET/4 MODERN VINTAGE COTTON NAPKINS,0.79,69,Global Trade Co.,0.3171578281631304,43.0,Home Decor,GlobalTrade Co,Home Decor
21039,RED RETROSPOT SHOPPING BAG,2.55,511,ACME SUPPLIES,1.6183626429137488,5.0,Gifts,Acme Supplies Ltd,Gifts
21040,MODERN VINTAGE COTTON SHOPPING BAG,0.79,-3,Global Trade Co.,0.4934630963955969,34.0,Home Decor,GlobalTrade Co,Home Decor
21041,RED RETROSPOT OVEN GLOVE DOUBLE,2.95,918,GlobalTrade Co,1.6041394463245997,7.0,LIGHTING,GlobalTrade Co,Lighting
21042,RED RETROSPOT APRON,5.95,329,PACIFIC IMPORTERS LLC,3.399683788336708,22.0,Lighting,Pacific Importers,Lighting
21043,APRON MODERN VINTAGE COTTON,1.95,444,PACIFIC IMPORTERS LLC,1.0635398479041012,16.0,Unknown,Pacific Importers,Other
21051,RIBBONS PURSE,1.88,405,Acme Supplies Ltd,0.7677953195079369,34.0,LIGHTING,Acme Supplies Ltd,Lighting
21054,NURSE'S BAG SOFT TOY,8.95,41,GlobalTrade Co,4.630551556476201,28.0,LIGHTING,GlobalTrade Co,Lighting
21055,TOOL BOX SOFT TOY,8.95,174,PACIFIC IMPORTERS LLC,4.13471016503201,8.0,home decor,Pacific Importers,Home Decor
21056,DOCTOR'S BAG SOFT TOY,8.95,182,Pacific Importers,3.888313772360037,38.0,Stationery,Pacific Importers,Stationery
21058,PARTY INVITES WOODLAND,0.85,1145,,0.6246243290820817,42.0,Unknown,UNKNOWN,Other
21059,PARTY INVITES DINOSAURS,0.85,599,PACIFIC IMPORTERS LLC,0.5183095182000442,7.0,Kitchen,Pacific Importers,Kitchen
21060,PARTY INVITES BALLOON GIRL,0.85,405,ACME SUPPLIES,0.5567752445603892,15.0,Stationery,Acme Supplies Ltd,Stationery
21061,PARTY INVITES FOOTBALL,0.85,488,Acme Supplies Ltd,0.4338207136216699,34.0,Kitchen,Acme Supplies Ltd,Kitchen
21062,PARTY INVITES SPACEMAN,0.85,539,PACIFIC IMPORTERS LLC,0.4569612710244695,18.0,Kitchen,Pacific Importers,Kitchen
21063,PARTY INVITES JAZZ HEARTS,0.85,528,Acme Supplies Ltd,0.4104848881842752,3.0,Lighting,Acme Supplies Ltd,Lighting
21064,BOOM BOX SPEAKER BOYS,4.13,301,Pacific Importers,1.7921638773805215,15.0,Lighting,Pacific Importers,Lighting
21065,BOOM BOX SPEAKER GIRLS,4.13,564,,1.9107902319218093,13.0,LIGHTING,UNKNOWN,Lighting
21066,VINTAGE RED MUG,1.25,691,Pacific Importers,0.8489123948172126,10.0,Gifts,Pacific Importers,Gifts
21067,VINTAGE RED TEATIME MUG,1.25,258,GlobalTrade Co,0.796426289767902,27.0,Gifts,GlobalTrade Co,Gifts
21068,VINTAGE BILLBOARD LOVE/HATE MUG,1.25,1596,PACIFIC IMPORTERS LLC,0.7392813832436462,42.0,Kitchen,Pacific Importers,Kitchen
21069,VINTAGE BILLBOARD TEA MUG,1.25,1255,Global Trade Co.,0.707851819379211,34.0,Unknown,GlobalTrade Co,Other
21070,VINTAGE BILLBOARD MUG,1.25,1107,Pacific Importers,0.9035649990995543,26.0,Gifts,Pacific Importers,Gifts
21071,VINTAGE BILLBOARD DRINK ME MUG,1.25,908,,0.5318215396531675,30.0,Lighting,UNKNOWN,Lighting
21078,SET/20 STRAWBERRY PAPER NAPKINS,0.85,2573,GlobalTrade Co,0.42347874193828,16.0,Gifts,GlobalTrade Co,Gifts
21080,SET/20 RED RETROSPOT PAPER NAPKINS,0.85,13195,Unknown Vendor,0.4441065114372874,5.0,Kitchen,UNKNOWN,Kitchen
21082,SET/20 FRUIT SALAD PAPER NAPKINS,1.63,91,,1.606955817524383,38.0,home decor,UNKNOWN,Home Decor
21084,SET/6 COLLAGE PAPER CUPS,0.19,2586,ACME SUPPLIES,0.1420022222407711,29.0,Stationery,Acme Supplies Ltd,Stationery
21086,SET/6 RED SPOTTY PAPER CUPS,0.65,7137,Acme Supplies Ltd,0.3147525421072523,22.0,Unknown,Acme Supplies Ltd,Other
21087,SET/6 POSIES PAPER CUPS,0.65,128,Acme Supplies Ltd,0.4589049185161858,17.0,Unknown,Acme Supplies Ltd,Other
21088,SET/6 FRUIT SALAD PAPER CUPS,0.19,1666,Acme Supplies Ltd,0.1312364135687141,29.0,Home Decor,Acme Supplies Ltd,Home Decor
21089,SET/6 GREEN SPRING PAPER CUPS,0.19,226,Acme Supplies Ltd,0.0909397169431774,43.0,LIGHTING,Acme Supplies Ltd,Lighting
21090,SET/6 COLLAGE PAPER PLATES,0.83,2193,EuroParts GmbH,0.4480061145478741,30.0,Gifts,EuroParts GmbH,Gifts
21094,SET/6 RED SPOTTY PAPER PLATES,0.85,8758,Acme Supplies Ltd,0.4618776786145244,27.0,LIGHTING,Acme Supplies Ltd,Lighting
21095,SET/6 POSIES PAPER PLATES,0.85,180,GlobalTrade Co,0.631020648886651,44.0,LIGHTING,GlobalTrade Co,Lighting
21096,SET/6 FRUIT SALAD  PAPER PLATES,0.39,1259,Euro Parts,0.1806917445382196,35.0,Unknown,EuroParts GmbH,Other
21098,CHRISTMAS TOILET ROLL,1.25,3459,Acme Supplies Ltd,0.8496316123583423,16.0,home decor,Acme Supplies Ltd,Home Decor
21100,CHARLIE AND LOLA CHARLOTTE BAG,4.13,59,Euro Parts,2.1350755683372307,10.0,home decor,EuroParts GmbH,Home Decor
21106,CREAM SLICE FLANNEL CHOCOLATE SPOT,2.95,237,GlobalTrade Co,1.9346236320138857,16.0,Lighting,GlobalTrade Co,Lighting
21107,CREAM SLICE FLANNEL PINK SPOT,2.95,904,Acme Supplies Ltd,1.6136613619352722,3.0,Stationery,Acme Supplies Ltd,Stationery
21108,FAIRY CAKE FLANNEL ASSORTED COLOUR,2.1,7103,EuroParts GmbH,1.2650944258906571,18.0,Lighting,EuroParts GmbH,Lighting
21109,"LARGE CAKE TOWEL, CHOCOLATE SPOTS",4.21,889,PACIFIC IMPORTERS LLC,2.910853447996054,20.0,Gifts,Pacific Importers,Gifts
21110,LARGE CAKE TOWEL PINK SPOTS,6.75,953,,4.599841147274426,9.0,Kitchen,UNKNOWN,Kitchen
21111,"SWISS ROLL TOWEL, CHOCOLATE  SPOTS",2.53,901,EuroParts GmbH,1.7792177290244044,17.0,home decor,EuroParts GmbH,Home Decor
21112,"SWISS ROLL TOWEL, PINK  SPOTS",2.95,1359,Euro Parts,1.2415548884183607,26.0,home decor,EuroParts GmbH,Home Decor
21114,LAVENDER SCENTED FABRIC HEART,1.25,1356,GlobalTrade Co,0.8027721169548884,15.0,Home Decor,GlobalTrade Co,Home Decor
21115,ROSE CARAVAN DOORSTOP,6.75,566,ACME SUPPLIES,3.030720177505165,11.0,Home Decor,Acme Supplies Ltd,Home Decor
21116,OWL DOORSTOP,8.29,674,EuroParts GmbH,4.522497575105419,17.0,home decor,EuroParts GmbH,Home Decor
21117,BLOND DOLL DOORSTOP,1.25,115,Euro Parts,0.7400074315864262,23.0,Stationery,EuroParts GmbH,Stationery
21120,*BOOMBOX IPOD CLASSIC,8.49,-5,Unknown Vendor,4.592740378925208,26.0,Unknown,UNKNOWN,Other
21121,SET/10 RED POLKADOT PARTY CANDLES,1.25,6538,Global Trade Co.,0.7273301081638157,35.0,Unknown,GlobalTrade Co,Other
21122,SET/10 PINK POLKADOT PARTY CANDLES,1.25,5282,GlobalTrade Co,0.9359802600993958,18.0,home decor,GlobalTrade Co,Home Decor
21123,SET/10 IVORY POLKADOT PARTY CANDLES,1.25,1121,Euro Parts,0.559157574749374,23.0,Unknown,EuroParts GmbH,Other
21124,SET/10 BLUE POLKADOT PARTY CANDLES,1.25,3966,GlobalTrade Co,0.7955120198346861,31.0,Home Decor,GlobalTrade Co,Home Decor
21125,SET 6 FOOTBALL CELEBRATION CANDLES,1.25,658,,0.6732504227937066,25.0,Kitchen,UNKNOWN,Kitchen
21126,SET OF 6 GIRLS CELEBRATION CANDLES,1.25,593,,0.5581917870219564,33.0,Unknown,UNKNOWN,Other
21128,GOLD FISHING GNOME,12.46,68,Global Trade Co.,5.676251025075364,42.0,LIGHTING,GlobalTrade Co,Lighting
21129,SILVER FISHING GNOME,6.95,50,EuroParts GmbH,5.089106830942463,16.0,Lighting,EuroParts GmbH,Lighting
21131,GOLD STANDING GNOME,4.25,106,EuroParts GmbH,3.008407226358746,32.0,home decor,EuroParts GmbH,Home Decor
21132,SILVER STANDING GNOME,4.25,44,Acme Supplies Ltd,3.049224916117345,41.0,Unknown,Acme Supplies Ltd,Other
21134,UNKNOWN,0.0,1,,0.0,29.0,LIGHTING,UNKNOWN,Lighting
21135,VICTORIAN  METAL POSTCARD SPRING,1.69,1118,Pacific Importers,0.7992185531900383,18.0,Kitchen,Pacific Importers,Kitchen
21136,PAINTED METAL PEARS ASSORTED,1.69,4428,Euro Parts,0.8862423680508426,8.0,home decor,EuroParts GmbH,Home Decor
21137,BLACK RECORD COVER FRAME,3.75,11616,GlobalTrade Co,2.378349976776388,35.0,LIGHTING,GlobalTrade Co,Lighting
21143,ANTIQUE GLASS HEART DECORATION,1.95,309,,1.1101952334548917,20.0,Stationery,UNKNOWN,Stationery
21144,PINK POODLE HANGING DECORATION,1.87,-70,GlobalTrade Co,1.0218359495961191,18.0,Stationery,GlobalTrade Co,Stationery
21145,ANTIQUE GLASS PLACE SETTING,1.25,165,Acme Supplies Ltd,0.656542421584322,14.0,LIGHTING,Acme Supplies Ltd,Lighting
21147,JINGLE BELLS TREE DECORATION,2.1,175,,1.2764287644784371,22.0,Home Decor,UNKNOWN,Home Decor
21154,RED RETROSPOT OVEN GLOVE,1.25,3823,Acme Supplies Ltd,0.7518221250300359,42.0,Kitchen,Acme Supplies Ltd,Kitchen
21155,RED RETROSPOT PEG BAG,2.55,2919,GlobalTrade Co,1.164101116902334,31.0,LIGHTING,GlobalTrade Co,Lighting
21156,RETROSPOT CHILDRENS APRON,1.95,3132,Unknown Vendor,1.1019624391063343,32.0,Lighting,UNKNOWN,Lighting
21157,RED RETROSPOT WASHBAG,4.13,79,Unknown Vendor,2.4520434525113384,28.0,Kitchen,UNKNOWN,Kitchen
21158,MOODY GIRL DOOR HANGER,0.39,1450,Pacific Importers,0.2338441671368347,24.0,Lighting,Pacific Importers,Lighting
21159,MOODY BOY  DOOR HANGER,0.39,1087,PACIFIC IMPORTERS LLC,0.184679631832536,35.0,Lighting,Pacific Importers,Lighting
21160,KEEP OUT GIRLS DOOR HANGER,1.68,-6,Global Trade Co.,1.1084555786443446,41.0,Kitchen,GlobalTrade Co,Kitchen
21161,KEEP OUT BOYS DOOR HANGER,1.45,-24,GlobalTrade Co,0.5927885406216928,31.0,home decor,GlobalTrade Co,Home Decor
21162,TOXIC AREA  DOOR HANGER,0.39,1465,GlobalTrade Co,0.2044345482816417,24.0,Gifts,GlobalTrade Co,Gifts
21163,DO NOT TOUCH MY STUFF DOOR HANGER,0.39,1130,EuroParts GmbH,0.262499026525114,15.0,Kitchen,EuroParts GmbH,Kitchen
21164,HOME SWEET HOME METAL SIGN,2.95,1762,EuroParts GmbH,1.762219440989703,11.0,LIGHTING,EuroParts GmbH,Lighting
21165,BEWARE OF THE CAT METAL SIGN,1.69,4070,Euro Parts,0.8304775788301739,26.0,home decor,EuroParts GmbH,Home Decor
21166,COOK WITH WINE METAL SIGN,2.08,10153,Euro Parts,1.3379258708817388,17.0,Lighting,EuroParts GmbH,Lighting
21167,WHITE SAGE INCENSE,0.42,1382,Acme Supplies Ltd,0.2514064687909428,38.0,home decor,Acme Supplies Ltd,Home Decor
21169,YOU'RE CONFUSING ME METAL SIGN,1.69,4336,Pacific Importers,1.1469780949934532,15.0,home decor,Pacific Importers,Home Decor
21171,BATHROOM METAL SIGN,1.45,408,Acme Supplies Ltd,0.9530252819913354,29.0,Unknown,Acme Supplies Ltd,Other
21172,PARTY METAL SIGN,1.45,3388,Pacific Importers,0.8896297704333891,39.0,LIGHTING,Pacific Importers,Lighting
21174,POTTERING IN THE SHED METAL SIGN,2.08,4175,Global Trade Co.,1.1873933476262728,9.0,Stationery,GlobalTrade Co,Stationery
21175,GIN + TONIC DIET METAL SIGN,2.55,10177,,1.1388650471582646,10.0,Stationery,UNKNOWN,Stationery
21179,NO JUNK MAIL METAL SIGN,1.25,1856,GlobalTrade Co,0.6143331953248554,39.0,LIGHTING,GlobalTrade Co,Lighting
21181,PLEASE ONE PERSON METAL SIGN,2.1,12576,Acme Supplies Ltd,1.1480381125940575,43.0,LIGHTING,Acme Supplies Ltd,Lighting
21186,WHITE DOVE HONEYCOMB PAPER GARLAND,1.68,4,Acme Supplies Ltd,1.0243879807597565,23.0,Home Decor,Acme Supplies Ltd,Home Decor
21187,WHITE BELL HONEYCOMB PAPER GARLAND,1.65,274,EuroParts GmbH,0.9566662863868384,14.0,Stationery,EuroParts GmbH,Stationery
21188,3D HEARTS  HONEYCOMB PAPER GARLAND,2.95,326,PACIFIC IMPORTERS LLC,1.4775505230532144,38.0,Gifts,Pacific Importers,Gifts
21189,WHITE HONEYCOMB PAPER GARLAND,3.29,355,Acme Supplies Ltd,1.3234437079948518,42.0,Lighting,Acme Supplies Ltd,Lighting
21190,PINK HEARTS PAPER GARLAND,1.5499999999999998,86,Acme Supplies Ltd,0.8892097778811914,19.0,Kitchen,Acme Supplies Ltd,Kitchen
21191,LARGE WHITE HONEYCOMB PAPER BELL,2.1,562,EuroParts GmbH,1.0499351015932488,42.0,Kitchen,EuroParts GmbH,Kitchen
21192,WHITE BELL HONEYCOMB PAPER,1.65,977,Acme Supplies Ltd,1.084236293660334,31.0,Gifts,Acme Supplies Ltd,Gifts
21194,PINK  HONEYCOMB PAPER FAN,0.65,489,Euro Parts,0.265447775349035,29.0,Stationery,EuroParts GmbH,Stationery
21195,PINK  HONEYCOMB PAPER BALL,2.1,662,EuroParts GmbH,1.2698484413097564,3.0,Lighting,EuroParts GmbH,Lighting
21196,ROUND WHITE CONFETTI IN TUBE,1.65,108,Acme Supplies Ltd,1.203701372159753,36.0,Stationery,Acme Supplies Ltd,Stationery
21197,MULTICOLOUR  CONFETTI IN TUBE,1.65,263,Acme Supplies Ltd,0.760721351756891,6.0,home decor,Acme Supplies Ltd,Home Decor
21198,WHITE HEART CONFETTI IN TUBE,1.65,957,Unknown Vendor,0.9323775809084688,26.0,Home Decor,UNKNOWN,Home Decor
21199,PINK  HEART CONFETTI IN TUBE,1.65,918,GlobalTrade Co,0.7127962002743973,23.0,Stationery,GlobalTrade Co,Stationery
21200,MULTICOLOUR HONEYCOMB PAPER GARLAND,1.65,1119,GlobalTrade Co,1.0213313043309311,35.0,Home Decor,GlobalTrade Co,Home Decor
21201,TROPICAL  HONEYCOMB PAPER GARLAND,2.55,849,Euro Parts,1.5113495249321311,9.0,LIGHTING,EuroParts GmbH,Lighting
21202,DOLLY HONEYCOMB GARLAND,1.65,475,,0.8952535902329106,3.0,LIGHTING,UNKNOWN,Lighting
21204,DAISIES  HONEYCOMB GARLAND,1.65,499,Unknown Vendor,0.9610952299010856,43.0,Kitchen,UNKNOWN,Kitchen
21205,MULTICOLOUR 3D BALLS GARLAND,2.55,233,EuroParts GmbH,1.820192882683592,5.0,Lighting,EuroParts GmbH,Lighting
21206,STRAWBERRY HONEYCOMB  GARLAND,1.65,1288,GlobalTrade Co,0.7733599595846412,17.0,Unknown,GlobalTrade Co,Other
21207,SKULL AND CROSSBONES  GARLAND,1.65,1068,Acme Supplies Ltd,0.6730310055098381,33.0,home decor,Acme Supplies Ltd,Home Decor
21208,PASTEL COLOUR HONEYCOMB FAN,0.39,904,Euro Parts,0.2736172567614273,18.0,Home Decor,EuroParts GmbH,Home Decor
21209,MULTICOLOUR HONEYCOMB FAN,0.65,1205,Pacific Importers,0.3912941362432487,12.0,Stationery,Pacific Importers,Stationery
21210,SET OF 72 RETROSPOT PAPER  DOILIES,1.45,5502,Global Trade Co.,1.032009166146885,31.0,LIGHTING,GlobalTrade Co,Lighting
21211,SET OF 72 SKULL PAPER  DOILIES,1.45,884,,0.882949700882185,8.0,home decor,UNKNOWN,Home Decor
21212,PACK OF 72 RETROSPOT CAKE CASES,0.55,36039,Acme Supplies Ltd,0.3759560098172427,31.0,Stationery,Acme Supplies Ltd,Stationery
21213,PACK OF 72 SKULL CAKE CASES,0.55,15128,Pacific Importers,0.302712122445866,19.0,home decor,Pacific Importers,Home Decor
21215,IVORY PAPER CUP CAKE CASES,0.55,1089,Acme Supplies Ltd,0.3643480367729917,24.0,Kitchen,Acme Supplies Ltd,Kitchen
21216,"SET 3 RETROSPOT TEA,COFFEE,SUGAR",4.95,2117,Global Trade Co.,3.561844341386676,26.0,Gifts,GlobalTrade Co,Gifts
21217,RED RETROSPOT ROUND CAKE TINS,9.95,1080,Acme Supplies Ltd,5.972418221162583,19.0,home decor,Acme Supplies Ltd,Home Decor
21218,RED SPOTTY BISCUIT TIN,3.75,2384,Acme Supplies Ltd,1.7372805101131232,23.0,LIGHTING,Acme Supplies Ltd,Lighting
21219,SET/4 BADGES BALLOON GIRL,1.25,448,Acme Supplies Ltd,0.6175989565757117,13.0,Unknown,Acme Supplies Ltd,Other
21220,SET/4 BADGES DOGS,1.25,348,PACIFIC IMPORTERS LLC,0.5869070023926151,9.0,Gifts,Pacific Importers,Gifts
21221,SET/4 BADGES CUTE CREATURES,1.25,261,EuroParts GmbH,0.6079999495731332,44.0,LIGHTING,EuroParts GmbH,Lighting
21222,SET/4 BADGES BEETLES,1.25,269,Pacific Importers,0.6340567590910784,41.0,Stationery,Pacific Importers,Stationery
21224,SET/4 SKULL BADGES,1.25,902,Unknown Vendor,0.74287103170452,7.0,LIGHTING,UNKNOWN,Lighting
21226,POCKET MIRROR WOODLAND,0.83,94,GlobalTrade Co,0.5028115683592433,23.0,Gifts,GlobalTrade Co,Gifts
21228,"POCKET MIRROR ""GLAMOROUS""",1.25,-2,GlobalTrade Co,0.6865936394183142,20.0,home decor,GlobalTrade Co,Home Decor
21231,SWEETHEART CERAMIC TRINKET BOX,1.25,5906,,0.7692465911716155,37.0,Unknown,UNKNOWN,Other
21232,STRAWBERRY CERAMIC TRINKET BOX,1.25,11470,ACME SUPPLIES,0.5356890299549726,22.0,Unknown,Acme Supplies Ltd,Other
21238,RED RETROSPOT CUP,0.85,3918,Unknown Vendor,0.3661170005248026,17.0,Lighting,UNKNOWN,Lighting
21239,PINK  POLKADOT CUP,0.85,2997,Acme Supplies Ltd,0.3911192644564034,7.0,LIGHTING,Acme Supplies Ltd,Lighting
21240,BLUE POLKADOT CUP,0.85,3537,Unknown Vendor,0.4941280556670026,15.0,Gifts,UNKNOWN,Gifts
21242,RED RETROSPOT PLATE,1.69,3341,Acme Supplies Ltd,0.8025778524500525,14.0,Lighting,Acme Supplies Ltd,Lighting
21243,PINK  POLKADOT PLATE,1.69,2277,,0.8435627246658595,23.0,Stationery,UNKNOWN,Stationery
21244,BLUE POLKADOT PLATE,1.69,2234,Pacific Importers,0.912785042596326,39.0,Stationery,Pacific Importers,Stationery
21245,GREEN POLKADOT PLATE,1.69,1078,Unknown Vendor,1.1562188123521395,8.0,Stationery,UNKNOWN,Stationery
21246,RED RETROSPOT BIG BOWL,4.13,190,Acme Supplies Ltd,1.672037717462039,9.0,Kitchen,Acme Supplies Ltd,Kitchen
21248,DOOR HANGER  MUM + DADS ROOM,1.45,186,Pacific Importers,0.9095597512700858,28.0,Gifts,Pacific Importers,Gifts
21249,WOODLAND  HEIGHT CHART STICKERS,2.95,724,Unknown Vendor,1.870615018299508,44.0,Home Decor,UNKNOWN,Home Decor
21250,SET OF SKULL WALL STICKERS,2.95,95,Pacific Importers,2.004612093218228,10.0,Unknown,Pacific Importers,Other
21251,DINOSAUR HEIGHT CHART STICKER SET,2.95,182,PACIFIC IMPORTERS LLC,2.143067409579773,11.0,Home Decor,Pacific Importers,Home Decor
21253,SET OF PICTURE FRAME  STICKERS,5.79,135,EuroParts GmbH,2.356809350895736,29.0,Stationery,EuroParts GmbH,Stationery
21257,VICTORIAN SEWING BOX MEDIUM,7.95,590,Global Trade Co.,3.607903160590524,6.0,home decor,GlobalTrade Co,Home Decor
21258,VICTORIAN SEWING BOX LARGE,12.75,452,PACIFIC IMPORTERS LLC,9.054539399724868,23.0,LIGHTING,Pacific Importers,Lighting
21259,VICTORIAN SEWING BOX SMALL,5.95,1117,Pacific Importers,3.33486490575446,33.0,home decor,Pacific Importers,Home Decor
21260,FIRST AID TIN,3.25,1118,,1.9422218517868144,23.0,Gifts,UNKNOWN,Gifts
21261,GREEN GOOSE FEATHER CHRISTMAS TREE,2.95,187,Acme Supplies Ltd,1.86457558784415,23.0,home decor,Acme Supplies Ltd,Home Decor
21262,WHITE GOOSE FEATHER CHRISTMAS TREE,2.95,330,GlobalTrade Co,1.8811362691417457,27.0,Lighting,GlobalTrade Co,Lighting
21263,GREEN GOOSE FEATHER TREE 60CM,1.95,169,Unknown Vendor,1.4159128252635167,41.0,LIGHTING,UNKNOWN,Lighting
21264,WHITE GOOSE FEATHER TREE 60CM,1.95,277,,1.4604179773834645,17.0,LIGHTING,UNKNOWN,Lighting
21265,PINK GOOSE FEATHER TREE 60CM,1.95,131,Global Trade Co.,1.2715074670853663,37.0,Home Decor,GlobalTrade Co,Home Decor
21268,VINTAGE BLUE TINSEL REEL,0.42,2,PACIFIC IMPORTERS LLC,0.2102215177531571,43.0,home decor,Pacific Importers,Home Decor
21269,ANTIQUE CREAM CUTLERY SHELF,8.5,42,acme-supplies,6.017263396825673,39.0,Stationery,Acme Supplies Ltd,Stationery
21270,ANTIQUE CREAM CUTLERY CUPBOARD,8.47,50,ACME SUPPLIES,3.5339154011560883,44.0,Home Decor,Acme Supplies Ltd,Home Decor
21272,SALLE DE BAIN HOOK,1.25,357,Global Trade Co.,0.6010978731325921,30.0,Home Decor,GlobalTrade Co,Home Decor
21274,UNKNOWN,0.0,-3,GlobalTrade Co,0.0,16.0,Unknown,GlobalTrade Co,Other
21275,?,16.95,-24,Pacific Importers,8.299856159411473,6.0,Home Decor,Pacific Importers,Home Decor
21277,FRENCH STYLE EMBOSSED HEART CABINET,21.95,24,Acme Supplies Ltd,10.475151765544082,22.0,Stationery,Acme Supplies Ltd,Stationery
21278,VINTAGE KITCHEN PRINT PUDDINGS,2.55,59,Unknown Vendor,1.1432768241276705,36.0,Unknown,UNKNOWN,Other
21279,VINTAGE KITCHEN PRINT FRUITS,4.96,96,Unknown Vendor,3.475418011275047,14.0,LIGHTING,UNKNOWN,Lighting
21280,VINTAGE KITCHEN PRINT VEGETABLES,2.55,65,EuroParts GmbH,1.4663019963280448,35.0,Stationery,EuroParts GmbH,Stationery
21281,VINTAGE KITCHEN PRINT SEAFOOD,4.96,12,Pacific Importers,3.1556146005020125,26.0,Kitchen,Pacific Importers,Kitchen
21282,UNKNOWN,0.0,-1,GlobalTrade Co,0.0,22.0,LIGHTING,GlobalTrade Co,Lighting
21283,UNKNOWN,0.0,-15,Euro Parts,0.0,7.0,LIGHTING,EuroParts GmbH,Lighting
21284,RETROSPOT CANDLE  SMALL,1.69,368,EuroParts GmbH,1.1255432798450813,40.0,home decor,EuroParts GmbH,Home Decor
21285,RETROSPOT CANDLE  MEDIUM,2.1,341,ACME SUPPLIES,1.0697595483076006,32.0,Kitchen,Acme Supplies Ltd,Kitchen
21286,RETROSPOT CANDLE  LARGE,2.55,273,,1.3865342499616775,26.0,home decor,UNKNOWN,Home Decor
21287,SCENTED VELVET LOUNGE CANDLE,0.38,1790,Euro Parts,0.1798888068982167,42.0,Kitchen,EuroParts GmbH,Kitchen
21288,STRIPEY CHOCOLATE NESTING BOXES,3.29,312,,2.440510018356324,9.0,Home Decor,UNKNOWN,Home Decor
21289,LARGE STRIPES CHOCOLATE GIFT BAG,1.25,547,EuroParts GmbH,0.7824511274630551,38.0,Gifts,EuroParts GmbH,Gifts
21291,SMALL POLKADOT CHOCOLATE GIFT BAG,0.85,943,PACIFIC IMPORTERS LLC,0.6180268045128658,40.0,Stationery,Pacific Importers,Stationery
21292,SMALL STRIPES CHOCOLATE GIFT BAG,0.85,867,Global Trade Co.,0.4302571992296671,18.0,Kitchen,GlobalTrade Co,Kitchen
21293,MIRRORED DOVE WALL DECORATION,2.1,116,,1.414689821052714,17.0,LIGHTING,UNKNOWN,Lighting
21294,ETCHED GLASS COASTER,0.39,1483,,0.2605397048902673,25.0,LIGHTING,UNKNOWN,Lighting
21306,SET/4 DAISY MIRROR MAGNETS,0.29,476,Acme Supplies Ltd,0.1862030486644539,14.0,Gifts,Acme Supplies Ltd,Gifts
21307,SET/4 BUTTERFLY MIRROR MAGNETS,2.1,79,Acme Supplies Ltd,1.5497446468210985,31.0,Kitchen,Acme Supplies Ltd,Kitchen
21310,CAPIZ CHANDELIER,29.95,1,GlobalTrade Co,16.105443810734453,17.0,LIGHTING,GlobalTrade Co,Lighting
21311,SET/4 BIRD MIRROR MAGNETS,0.29,437,Euro Parts,0.1292678083443603,31.0,home decor,EuroParts GmbH,Home Decor
21313,GLASS HEART T-LIGHT HOLDER,0.85,3305,Unknown Vendor,0.5398333856251081,23.0,Kitchen,UNKNOWN,Kitchen
21314,SMALL GLASS HEART TRINKET POT,2.1,4113,ACME SUPPLIES,1.3760427033507463,17.0,Gifts,Acme Supplies Ltd,Gifts
21316,SMALL CHUNKY GLASS ROMAN  BOWL,2.95,154,Pacific Importers,1.7737500420962262,16.0,Kitchen,Pacific Importers,Kitchen
21317,GLASS SPHERE CANDLE STAND MEDIUM,5.45,111,GlobalTrade Co,2.5745051311519536,44.0,Home Decor,GlobalTrade Co,Home Decor
21318,GLASS CHALICE BLUE SMALL,0.39,617,Unknown Vendor,0.224858236037867,18.0,Home Decor,UNKNOWN,Home Decor
21319,GLASS CHALICE GREEN  SMALL,1.65,163,Euro Parts,0.8402895728686722,17.0,Unknown,EuroParts GmbH,Other
21320,GLASS CHALICE GREEN  LARGE,2.55,104,Euro Parts,1.4015138763887698,44.0,Home Decor,EuroParts GmbH,Home Decor
21324,HANGING MEDINA LANTERN SMALL,2.95,70,Global Trade Co.,1.846188179559616,6.0,Lighting,GlobalTrade Co,Lighting
21326,AGED GLASS SILVER T-LIGHT HOLDER,0.65,10562,Global Trade Co.,0.4295363539621648,29.0,Unknown,GlobalTrade Co,Other
21327,SKULLS WRITING SET,1.65,864,acme-supplies,0.7941097589955256,25.0,Kitchen,Acme Supplies Ltd,Kitchen
21328,BALLOONS  WRITING SET,1.65,1342,Acme Supplies Ltd,0.8940753957736154,31.0,Lighting,Acme Supplies Ltd,Lighting
21329,DINOSAURS  WRITING SET,1.65,944,,0.8154408072476659,43.0,Stationery,UNKNOWN,Stationery
21330,UNKNOWN,0.0,-4,Euro Parts,0.0,11.0,Gifts,EuroParts GmbH,Gifts
21331,MOROCCAN BEATEN METAL DISH LARGE,12.75,12,Unknown Vendor,8.59586546923143,9.0,Stationery,UNKNOWN,Stationery
21332,MOROCCAN BEATEN METAL MIRROR,12.75,-6,Unknown Vendor,9.15754014892508,44.0,Lighting,UNKNOWN,Lighting
21333,CLASSIC WHITE FRAME,2.95,56,Pacific Importers,1.5622647317193257,6.0,LIGHTING,Pacific Importers,Lighting
21336,GOLD WASHBAG,1.63,27,EuroParts GmbH,1.080604626355234,7.0,Home Decor,EuroParts GmbH,Home Decor
21337,UNKNOWN,0.0,-21,,0.0,7.0,home decor,UNKNOWN,Home Decor
21340,CLASSIC METAL BIRDCAGE PLANT HOLDER,12.75,950,Euro Parts,8.875829289491158,13.0,Kitchen,EuroParts GmbH,Kitchen
21344,MOROCCAN BEATEN METAL DISH,9.95,12,acme-supplies,4.616647625587854,43.0,Unknown,Acme Supplies Ltd,Other
21348,PINK SPOTS CHOCOLATE NESTING BOXES,2.95,148,Global Trade Co.,2.167371367662546,30.0,LIGHTING,GlobalTrade Co,Lighting
21349,IVY HEART WREATH,6.75,-24,Acme Supplies Ltd,3.589898090514605,18.0,home decor,Acme Supplies Ltd,Home Decor
21351,CINAMMON & ORANGE WREATH,6.75,-123,Unknown Vendor,3.5014560620231885,43.0,LIGHTING,UNKNOWN,Lighting
21352,EUCALYPTUS & PINECONE  WREATH,5.79,346,PACIFIC IMPORTERS LLC,2.442517084728422,32.0,home decor,Pacific Importers,Home Decor
21354,TOAST ITS - BEST MUM,1.25,801,ACME SUPPLIES,0.7127009736708863,6.0,Kitchen,Acme Supplies Ltd,Kitchen
21355,TOAST ITS - I LOVE YOU,1.25,667,EuroParts GmbH,0.5476934568429064,4.0,Home Decor,EuroParts GmbH,Home Decor
21356,TOAST ITS - FAIRY FLOWER,0.83,643,PACIFIC IMPORTERS LLC,0.4042008179794172,5.0,Kitchen,Pacific Importers,Kitchen
21357,TOAST ITS - DINOSAUR,1.25,66,GlobalTrade Co,0.6386623970231855,23.0,Gifts,GlobalTrade Co,Gifts
21358,TOAST ITS - HAPPY BIRTHDAY,1.25,412,Acme Supplies Ltd,0.8538615165276118,8.0,home decor,Acme Supplies Ltd,Home Decor
21359,RELAX LARGE WOOD LETTERS,3.95,99,EuroParts GmbH,2.790363059172327,20.0,Gifts,EuroParts GmbH,Gifts
21360,JOY LARGE WOOD LETTERS,9.95,35,Pacific Importers,5.0333389505595685,7.0,LIGHTING,Pacific Importers,Lighting
21361,LOVE LARGE WOOD LETTERS,12.75,85,Euro Parts,8.93194036605391,11.0,Gifts,EuroParts GmbH,Gifts
21363,HOME SMALL WOOD LETTERS,4.95,212,Pacific Importers,3.465152598993163,22.0,Stationery,Pacific Importers,Stationery
21364,PEACE SMALL WOOD LETTERS,6.75,29,,4.506487870284263,30.0,LIGHTING,UNKNOWN,Lighting
21365,MIRRORED WALL ART STARS,0.75,363,Pacific Importers,0.3385074674289852,28.0,Home Decor,Pacific Importers,Home Decor
21366,MIRRORED WALL ART PHOTO FRAMES,4.25,89,Pacific Importers,2.7268552347648343,20.0,Gifts,Pacific Importers,Gifts
21367,MIRRORED WALL ART GENTS,0.75,171,,0.5480688169523993,21.0,Lighting,UNKNOWN,Lighting
21368,MIRRORED WALL ART LADIES,0.75,164,Global Trade Co.,0.4791668756763787,5.0,Gifts,GlobalTrade Co,Gifts
21369,MIRRORED WALL ART SPLODGES,1.25,101,Acme Supplies Ltd,0.6450823714846774,11.0,Unknown,Acme Supplies Ltd,Other
21370,MIRRORED WALL ART FOXY,1.65,16,Acme Supplies Ltd,0.949084555816305,38.0,Stationery,Acme Supplies Ltd,Stationery
21371,MIRRORED WALL ART POPPIES,0.75,287,EuroParts GmbH,0.4695028238796515,33.0,Lighting,EuroParts GmbH,Lighting
21372,MIRRORED WALL ART TABLE LAMP,0.75,75,PACIFIC IMPORTERS LLC,0.4340247322912322,19.0,home decor,Pacific Importers,Home Decor
21373,MIRRORED WALL ART SNOWFLAKES,0.75,500,EuroParts GmbH,0.3314876472043796,25.0,Home Decor,EuroParts GmbH,Home Decor
21374,MIRRORED WALL ART SKULLS,1.25,304,ACME SUPPLIES,0.6365280195352591,36.0,Home Decor,Acme Supplies Ltd,Home Decor
21375,LARGE CAMPHOR WOOD FIELD MUSHROOM,10.79,43,Acme Supplies Ltd,7.346248609385793,43.0,Unknown,Acme Supplies Ltd,Other
21376,LARGE  TALL CAMPHOR WOOD TOADSTOOL,5.45,37,Acme Supplies Ltd,3.8231549229272,43.0,home decor,Acme Supplies Ltd,Home Decor
21377,SMALL CAMPHOR WOOD FIELD  MUSHROOM,3.29,121,GlobalTrade Co,1.474100987671979,7.0,Gifts,GlobalTrade Co,Gifts
21378,SMALL TALL CAMPHOR WOOD TOADSTOOL,1.65,142,Pacific Importers,1.2100033495102631,17.0,Lighting,Pacific Importers,Lighting
21379,CAMPHOR WOOD PORTOBELLO MUSHROOM,2.46,184,GlobalTrade Co,1.2671162739676525,5.0,Unknown,GlobalTrade Co,Other
21380,WOODEN HAPPY BIRTHDAY GARLAND,2.95,2167,Global Trade Co.,1.8638389352394684,21.0,Lighting,GlobalTrade Co,Lighting
21381,MINI WOODEN HAPPY BIRTHDAY GARLAND,1.69,1790,,1.120704573833377,30.0,Gifts,UNKNOWN,Gifts
21382,SET/4 SPRING FLOWER DECORATION,1.63,1140,GlobalTrade Co,1.1152153268609124,5.0,home decor,GlobalTrade Co,Home Decor
21383,PACK OF 12 STICKY BUNNIES,0.83,996,Pacific Importers,0.6067402884966326,40.0,Gifts,Pacific Importers,Gifts
21385,IVORY HANGING DECORATION  HEART,0.85,3887,Euro Parts,0.4330935655385747,6.0,Kitchen,EuroParts GmbH,Kitchen
21386,IVORY HANGING DECORATION  EGG,0.19,733,GlobalTrade Co,0.1330906792276784,26.0,Kitchen,GlobalTrade Co,Kitchen
21389,IVORY HANGING DECORATION  BIRD,0.85,1115,PACIFIC IMPORTERS LLC,0.3791768537722716,33.0,Gifts,Pacific Importers,Gifts
21390,FILIGRIS HEART WITH BUTTERFLY,1.25,3903,,0.8084553965296969,13.0,Stationery,UNKNOWN,Stationery
21391,FRENCH LAVENDER SCENT HEART,0.75,708,,0.4947691539974213,39.0,Unknown,UNKNOWN,Other
21392,RED POLKADOT PUDDING BOWL,2.1,5,Acme Supplies Ltd,1.3381265822829709,3.0,Kitchen,Acme Supplies Ltd,Kitchen
21393,BLUE POLKADOT PUDDING BOWL,2.1,32,,1.0254513310593376,11.0,LIGHTING,UNKNOWN,Lighting
21394,RED POLKADOT BEAKER,0.39,3851,Pacific Importers,0.2751703895675753,19.0,Gifts,Pacific Importers,Gifts
21395,BLUE POLKADOT BEAKER,0.39,2796,acme-supplies,0.1790491802500589,3.0,LIGHTING,Acme Supplies Ltd,Lighting
21397,BLUE POLKADOT EGG CUP,0.39,1018,Global Trade Co.,0.1633211490425934,5.0,LIGHTING,GlobalTrade Co,Lighting
21398,RED POLKADOT COFFEE  MUG,0.39,1523,Unknown Vendor,0.253933971218526,28.0,Lighting,UNKNOWN,Lighting
21399,BLUE POLKADOT COFFEE MUG,0.39,1839,Pacific Importers,0.2209024351292681,33.0,Unknown,Pacific Importers,Other
21400,RED PUDDING SPOON,0.12,881,GlobalTrade Co,0.0836621168382643,28.0,home decor,GlobalTrade Co,Home Decor
21401,BLUE PUDDING SPOON,0.12,1052,PACIFIC IMPORTERS LLC,0.0641026799244468,25.0,Kitchen,Pacific Importers,Kitchen
21402,RED  EGG  SPOON,0.12,1222,acme-supplies,0.0550677007173239,32.0,home decor,Acme Supplies Ltd,Home Decor
21403,BLUE EGG  SPOON,0.12,1857,Acme Supplies Ltd,0.0831305720837345,12.0,Stationery,Acme Supplies Ltd,Stationery
21407,BROWN CHECK CAT DOORSTOP,4.25,270,Acme Supplies Ltd,2.516503077064607,10.0,Unknown,Acme Supplies Ltd,Other
21408,SPOTTY PINK DUCK DOORSTOP,4.25,287,Acme Supplies Ltd,1.981428741180653,27.0,Unknown,Acme Supplies Ltd,Other
21410,COUNTRY COTTAGE  DOORSTOP GREEN,4.235,-3,ACME SUPPLIES,2.761789181904759,24.0,Home Decor,Acme Supplies Ltd,Home Decor
21411,GINGHAM HEART  DOORSTOP RED,4.25,787,Acme Supplies Ltd,2.460281537253132,17.0,Lighting,Acme Supplies Ltd,Lighting
21412,VINTAGE GOLD TINSEL REEL,0.21,-12,PACIFIC IMPORTERS LLC,0.1284170041946635,43.0,Stationery,Pacific Importers,Stationery
21413,PERIWINKLE T-LIGHT HOLDER,1.25,48,ACME SUPPLIES,0.7016430229653796,12.0,LIGHTING,Acme Supplies Ltd,Lighting
21414,SCALLOP SHELL SOAP DISH,0.0,-24,GlobalTrade Co,0.0,22.0,Stationery,GlobalTrade Co,Stationery
21415,CLAM SHELL SMALL,2.1,223,,1.4497285960270418,43.0,home decor,UNKNOWN,Home Decor
21416,CLAM SHELL LARGE,3.75,-9,Global Trade Co.,2.431072828644507,25.0,Stationery,GlobalTrade Co,Stationery
21417,COCKLE SHELL DISH,4.13,339,PACIFIC IMPORTERS LLC,1.8043576910265864,3.0,Lighting,Pacific Importers,Lighting
21418,STARFISH SOAP DISH,3.755,74,ACME SUPPLIES,2.6044636880074226,4.0,Stationery,Acme Supplies Ltd,Stationery
21420,OYSTER TRINKET BOX,3.25,54,ACME SUPPLIES,2.063277265356185,21.0,Home Decor,Acme Supplies Ltd,Home Decor
21421,PORCELAIN ROSE LARGE,1.25,430,Acme Supplies Ltd,0.8049480726268811,16.0,Kitchen,Acme Supplies Ltd,Kitchen
21422,PORCELAIN ROSE SMALL,0.85,1548,ACME SUPPLIES,0.4479873950201518,10.0,Lighting,Acme Supplies Ltd,Lighting
21424,WOODLAND STORAGE BOX LARGE,6.63,301,acme-supplies,4.692368210062334,40.0,Stationery,Acme Supplies Ltd,Stationery
21425,SKULLS STORAGE BOX LARGE,2.95,87,ACME SUPPLIES,1.9289461772424903,14.0,Gifts,Acme Supplies Ltd,Gifts
21426,WOODLAND STORAGE BOX SMALL,4.96,252,Acme Supplies Ltd,2.179457049894682,28.0,Kitchen,Acme Supplies Ltd,Kitchen
21427,SKULLS STORAGE BOX SMALL,2.1,93,Acme Supplies Ltd,1.1397168552885295,29.0,home decor,Acme Supplies Ltd,Home Decor
21428,SET3 BOOK BOX GREEN GINGHAM FLOWER,4.25,1173,Global Trade Co.,3.0184907884157104,23.0,LIGHTING,GlobalTrade Co,Lighting
21429,RED GINGHAM ROSE JEWELLERY BOX,1.95,1619,ACME SUPPLIES,0.8122117489084613,17.0,Unknown,Acme Supplies Ltd,Other
21430,SET/3 RED GINGHAM ROSE STORAGE BOX,3.75,2999,GlobalTrade Co,2.76185931328019,3.0,Lighting,GlobalTrade Co,Lighting
21431,UNKNOWN,0.0,-21,Pacific Importers,0.0,30.0,Gifts,Pacific Importers,Gifts
21432,UNKNOWN,0.0,-2,EuroParts GmbH,0.0,5.0,Unknown,EuroParts GmbH,Other
21439,BASKET OF TOADSTOOLS,1.25,1022,Acme Supplies Ltd,0.6183696747134962,20.0,Gifts,Acme Supplies Ltd,Gifts
21441,BLUE BIRDHOUSE DECORATION,0.85,421,Euro Parts,0.4140155571499052,36.0,Stationery,EuroParts GmbH,Stationery
21442,GREEN BIRDHOUSE DECORATION,0.85,440,PACIFIC IMPORTERS LLC,0.6202623202978571,34.0,LIGHTING,Pacific Importers,Lighting
21445,12 PINK ROSE PEG PLACE SETTINGS,1.25,213,Acme Supplies Ltd,0.6304941987274287,31.0,Lighting,Acme Supplies Ltd,Lighting
21446,12 RED ROSE PEG PLACE SETTINGS,1.25,407,,0.8392835673145622,27.0,LIGHTING,UNKNOWN,Lighting
21447,12 IVORY ROSE PEG PLACE SETTINGS,1.25,850,,0.6719907867155972,28.0,LIGHTING,UNKNOWN,Lighting
21448,12 DAISY PEGS IN WOOD BOX,1.65,309,Acme Supplies Ltd,0.7404192258781664,41.0,home decor,Acme Supplies Ltd,Home Decor
21452,TOADSTOOL MONEY BOX,2.95,789,acme-supplies,1.191063544870458,10.0,Stationery,Acme Supplies Ltd,Stationery
21454,PAINTED PINK RABBIT,0.83,573,Euro Parts,0.4901067564029303,21.0,Unknown,EuroParts GmbH,Other
21455,PAINTED YELLOW WOODEN DAISY,0.83,599,EuroParts GmbH,0.6154637467884649,44.0,home decor,EuroParts GmbH,Home Decor
21456,2 PICTURE BOOK EGGS EASTER CHICKS,1.25,170,ACME SUPPLIES,0.6614970847915269,24.0,LIGHTING,Acme Supplies Ltd,Lighting
21457,2 PICTURE BOOK EGGS EASTER DUCKS,1.25,124,ACME SUPPLIES,0.6562716461219571,31.0,Home Decor,Acme Supplies Ltd,Home Decor
21458,2 PICTURE BOOK EGGS EASTER BUNNY,1.25,182,GlobalTrade Co,0.650540082809131,35.0,Gifts,GlobalTrade Co,Gifts
21459,YELLOW EASTER EGG HUNT START POST,1.95,68,Pacific Importers,1.135271168960566,40.0,Home Decor,Pacific Importers,Home Decor
21460,GREEN EASTER EGG HUNT START POST,1.95,28,PACIFIC IMPORTERS LLC,1.0807537829370804,37.0,Unknown,Pacific Importers,Other
21461,BLUE EASTER EGG HUNT START POST,1.95,9,GlobalTrade Co,1.3805417327411873,5.0,Stationery,GlobalTrade Co,Stationery
21462,"NURSERY A,B,C PAINTED LETTERS",6.75,198,Global Trade Co.,3.894292870446746,21.0,home decor,GlobalTrade Co,Home Decor
21463,MIRRORED DISCO BALL,5.95,609,EuroParts GmbH,3.437405698027695,12.0,home decor,EuroParts GmbH,Home Decor
21464,DISCO BALL ROTATOR BATTERY OPERATED,4.25,240,Acme Supplies Ltd,1.905827747146828,29.0,home decor,Acme Supplies Ltd,Home Decor
21465,PINK FLOWER CROCHET FOOD COVER,3.75,237,acme-supplies,2.789845647444882,17.0,Kitchen,Acme Supplies Ltd,Kitchen
21466,RED FLOWER CROCHET FOOD COVER,3.75,304,EuroParts GmbH,1.8280894192653392,13.0,Gifts,EuroParts GmbH,Gifts
21467,CHERRY CROCHET FOOD COVER,3.75,262,,1.5962903385407283,28.0,Kitchen,UNKNOWN,Kitchen
21468,BUTTERFLY CROCHET FOOD COVER,3.75,148,Pacific Importers,2.3703794517799617,26.0,Lighting,Pacific Importers,Lighting
21469,POLKA DOT RAFFIA FOOD COVER,3.75,288,Pacific Importers,2.2814183608308958,15.0,Gifts,Pacific Importers,Gifts
21470,FLOWER VINE RAFFIA FOOD COVER,3.75,378,Acme Supplies Ltd,2.0448786708654785,34.0,Home Decor,Acme Supplies Ltd,Home Decor
21471,STRAWBERRY RAFFIA FOOD COVER,3.75,637,Global Trade Co.,2.05412730696839,39.0,Kitchen,GlobalTrade Co,Kitchen
21472,LADYBIRD + BEE RAFFIA FOOD COVER,3.75,-17,Pacific Importers,2.530396396373441,6.0,Unknown,Pacific Importers,Other
21473,SWEETHEART CREAM STEEL TABLE RECT,19.95,27,acme-supplies,9.3465635094958,15.0,Lighting,Acme Supplies Ltd,Lighting
21474,UNKNOWN,0.0,-8,acme-supplies,0.0,11.0,Gifts,Acme Supplies Ltd,Gifts
21476,STEEL SWEETHEART ROUND TABLE CREAM,14.95,41,GlobalTrade Co,9.374569273455682,36.0,home decor,GlobalTrade Co,Home Decor
21479,WHITE SKULL HOT WATER BOTTLE,4.25,4486,Acme Supplies Ltd,2.3232175384970426,39.0,Unknown,Acme Supplies Ltd,Other
21481,FAWN BLUE HOT WATER BOTTLE,3.75,3226,GlobalTrade Co,2.1011625592663274,9.0,LIGHTING,GlobalTrade Co,Lighting
21484,CHICK GREY HOT WATER BOTTLE,4.25,2053,ACME SUPPLIES,2.081762720689317,3.0,Lighting,Acme Supplies Ltd,Lighting
21485,RETROSPOT HEART HOT WATER BOTTLE,4.95,3513,GlobalTrade Co,3.2830380813975086,14.0,Home Decor,GlobalTrade Co,Home Decor
21486,PINK HEART DOTS HOT WATER BOTTLE,4.21,-41,Acme Supplies Ltd,2.439720932786812,23.0,home decor,Acme Supplies Ltd,Home Decor
21488,RED WHITE SCARF  HOT WATER BOTTLE,8.47,27,,4.339173291981912,13.0,Unknown,UNKNOWN,Other
21491,SET OF THREE VINTAGE GIFT WRAPS,0.975,2,Pacific Importers,0.5934021020034242,16.0,Gifts,Pacific Importers,Gifts
21494,ROTATING LEAVES T-LIGHT HOLDER,1.66,1932,EuroParts GmbH,1.2425217166418188,36.0,Lighting,EuroParts GmbH,Lighting
21495,SKULLS AND CROSSBONES WRAP,0.42,5775,Euro Parts,0.2319835551095134,36.0,Stationery,EuroParts GmbH,Stationery
21497,FANCY FONTS BIRTHDAY WRAP,0.42,8600,Pacific Importers,0.303341635914457,27.0,LIGHTING,Pacific Importers,Lighting
21498,RED RETROSPOT WRAP,0.42,10501,Acme Supplies Ltd,0.2187174754689112,23.0,Gifts,Acme Supplies Ltd,Gifts
21499,BLUE POLKADOT WRAP,0.42,6727,Pacific Importers,0.1760457079179729,28.0,Gifts,Pacific Importers,Gifts
21500,PINK POLKADOT WRAP,0.42,6350,Pacific Importers,0.198023589636159,18.0,home decor,Pacific Importers,Home Decor
21503,TOYBOX  WRAP,0.42,501,EuroParts GmbH,0.2295481860691696,12.0,Gifts,EuroParts GmbH,Gifts
21504,SKULLS GREETING CARD,0.42,1835,Global Trade Co.,0.2002863345034016,4.0,home decor,GlobalTrade Co,Home Decor
21506,"FANCY FONT BIRTHDAY CARD,",0.42,4946,Acme Supplies Ltd,0.1680333746180835,37.0,Gifts,Acme Supplies Ltd,Gifts
21507,"ELEPHANT, BIRTHDAY CARD,",0.42,3308,GlobalTrade Co,0.3025052260488865,21.0,Stationery,GlobalTrade Co,Stationery
21508,VINTAGE KID DOLLY CARD,0.42,2478,GlobalTrade Co,0.2920502734509465,8.0,Unknown,GlobalTrade Co,Other
21509,COWBOYS AND INDIANS BIRTHDAY CARD,0.42,3741,PACIFIC IMPORTERS LLC,0.2771169580285812,21.0,Unknown,Pacific Importers,Other
21511,UNKNOWN,0.0,-9,Pacific Importers,0.0,10.0,Unknown,Pacific Importers,Other
21518,BANK ACCOUNT  GREETING  CARD,0.42,287,GlobalTrade Co,0.1856934457028679,16.0,Home Decor,GlobalTrade Co,Home Decor
21519,GIN & TONIC DIET GREETING CARD,0.42,3183,Unknown Vendor,0.1779378981724403,12.0,Stationery,UNKNOWN,Stationery
21520,BOOZE & WOMEN GREETING CARD,0.42,502,PACIFIC IMPORTERS LLC,0.2744322907496194,5.0,Stationery,Pacific Importers,Stationery
21523,DOORMAT FANCY FONT HOME SWEET HOME,7.95,3241,acme-supplies,5.764408150614041,40.0,LIGHTING,Acme Supplies Ltd,Lighting
21524,DOORMAT SPOTTY HOME SWEET HOME,7.95,1751,Acme Supplies Ltd,4.377965921690526,31.0,Lighting,Acme Supplies Ltd,Lighting
21527,RED RETROSPOT TRADITIONAL TEAPOT,7.95,399,ACME SUPPLIES,3.511508919829004,17.0,Kitchen,Acme Supplies Ltd,Kitchen
21528,DAIRY MAID TRADITIONAL TEAPOT,6.95,204,acme-supplies,4.02639553643085,25.0,Unknown,Acme Supplies Ltd,Other
21530,DAIRY MAID TOASTRACK,0.79,716,ACME SUPPLIES,0.4124520224123112,25.0,Kitchen,Acme Supplies Ltd,Kitchen
21531,RED RETROSPOT SUGAR JAM BOWL,2.55,1507,ACME SUPPLIES,1.354531244982373,20.0,Lighting,Acme Supplies Ltd,Lighting
21533,RETROSPOT LARGE MILK JUG,4.95,1329,GlobalTrade Co,3.056455306349763,21.0,Stationery,GlobalTrade Co,Stationery
21534,DAIRY MAID LARGE MILK JUG,4.95,363,ACME SUPPLIES,3.2251791312267657,30.0,Lighting,Acme Supplies Ltd,Lighting
21535,RED RETROSPOT SMALL MILK JUG,2.55,2453,,1.118713711994296,28.0,Gifts,UNKNOWN,Gifts
21537,RED RETROSPOT PUDDING BOWL,4.25,198,Acme Supplies Ltd,1.7529404683246337,12.0,Lighting,Acme Supplies Ltd,Lighting
21538,DAIRY MAID  PUDDING BOWL,3.75,3,Pacific Importers,2.805058522275001,6.0,Lighting,Pacific Importers,Lighting
21539,RED RETROSPOT BUTTER DISH,4.95,845,Global Trade Co.,2.383201864496194,4.0,home decor,GlobalTrade Co,Home Decor
21544,SKULLS  WATER TRANSFER TATTOOS,0.85,1975,Unknown Vendor,0.3560145811602666,5.0,Gifts,UNKNOWN,Gifts
21547,CERAMIC BIRDHOUSE CRESTED TIT SMALL,2.95,67,Acme Supplies Ltd,1.3760462772915376,9.0,home decor,Acme Supplies Ltd,Home Decor
21555,CERAMIC STRAWBERRY TRINKET TRAY,2.46,369,GlobalTrade Co,1.0175427057060278,18.0,Kitchen,GlobalTrade Co,Kitchen
21556,CERAMIC STRAWBERRY MONEY BOX,2.55,980,Unknown Vendor,1.3696912234458258,33.0,LIGHTING,UNKNOWN,Lighting
21557,SET OF 6 FUNKY BEAKERS,2.95,551,,2.0084798424459924,12.0,Gifts,UNKNOWN,Gifts
21558,SKULL LUNCH BOX WITH CUTLERY,2.55,2134,Euro Parts,1.3245606714087654,21.0,LIGHTING,EuroParts GmbH,Lighting
21559,STRAWBERRY LUNCH BOX WITH CUTLERY,2.55,3926,acme-supplies,1.416433690638942,30.0,Home Decor,Acme Supplies Ltd,Home Decor
21561,DINOSAUR LUNCH BOX WITH CUTLERY,2.55,1280,ACME SUPPLIES,1.6229611954089391,23.0,Lighting,Acme Supplies Ltd,Lighting
21562,HAWAIIAN GRASS SKIRT,1.25,324,PACIFIC IMPORTERS LLC,3.924000692665566,30.0,LIGHTING,Pacific Importers,Lighting
21563,RED HEART SHAPE LOVE BUCKET,2.95,1395,,2.069442670817017,21.0,Lighting,UNKNOWN,Lighting
21564,PINK  HEART SHAPE LOVE BUCKET,2.95,1039,Pacific Importers,2.074181834484744,39.0,home decor,Pacific Importers,Home Decor
21576,LETS GO SHOPPING COTTON TOTE BAG,2.25,252,Pacific Importers,0.9078046726992836,25.0,Kitchen,Pacific Importers,Kitchen
21577,SAVE THE PLANET COTTON TOTE BAG,2.25,713,acme-supplies,1.5127114663555197,22.0,home decor,Acme Supplies Ltd,Home Decor
21578,WOODLAND DESIGN  COTTON TOTE BAG,2.25,681,EuroParts GmbH,1.2628277101903185,15.0,Stationery,EuroParts GmbH,Stationery
21579,LOLITA  DESIGN  COTTON TOTE BAG,2.25,168,ACME SUPPLIES,1.6787119262766346,15.0,Gifts,Acme Supplies Ltd,Gifts
21580,RABBIT  DESIGN  COTTON TOTE BAG,2.25,181,GlobalTrade Co,1.2805452597519054,13.0,Stationery,GlobalTrade Co,Stationery
21581,SKULLS  DESIGN  COTTON TOTE BAG,2.25,240,Global Trade Co.,1.6771805569932845,17.0,Home Decor,GlobalTrade Co,Home Decor
21584,RETROSPOT SMALL TUBE MATCHES,1.65,1065,Pacific Importers,1.0957638060963129,19.0,Gifts,Pacific Importers,Gifts
21586,KINGS CHOICE GIANT TUBE MATCHES,2.55,679,acme-supplies,1.241879859517376,30.0,Home Decor,Acme Supplies Ltd,Home Decor
21587,COSY HOUR GIANT TUBE MATCHES,2.55,192,Acme Supplies Ltd,1.5005175190136095,21.0,Home Decor,Acme Supplies Ltd,Home Decor
21588,RETROSPOT GIANT TUBE MATCHES,2.55,1496,PACIFIC IMPORTERS LLC,1.9054810582346349,6.0,Home Decor,Pacific Importers,Home Decor
21589,UNKNOWN,0.0,-14,GlobalTrade Co,0.0,24.0,Unknown,GlobalTrade Co,Other
21591,COSY HOUR CIGAR BOX MATCHES,1.25,1057,Pacific Importers,0.5425980160336592,24.0,Gifts,Pacific Importers,Gifts
21592,RETROSPOT CIGAR BOX MATCHES,1.25,2162,ACME SUPPLIES,0.8090377486043733,39.0,LIGHTING,Acme Supplies Ltd,Lighting
21594,DR. JAM'S AROUZER STRESS BALL,4.13,1,Pacific Importers,2.1515352913762604,41.0,Gifts,Pacific Importers,Gifts
21595,DAD'S CAB ELECTRONIC METER,8.47,3,Pacific Importers,3.4086989153442926,36.0,Unknown,Pacific Importers,Other
21609,SET 12 LAVENDER  BOTANICAL T-LIGHTS,2.95,756,Acme Supplies Ltd,1.5965941005203772,35.0,Kitchen,Acme Supplies Ltd,Kitchen
21610,UNKNOWN,0.0,-14,GlobalTrade Co,0.0,44.0,LIGHTING,GlobalTrade Co,Lighting
21613,S/12 VANILLA  BOTANICAL T-LIGHTS,2.95,180,Acme Supplies Ltd,2.025482521812387,42.0,Unknown,Acme Supplies Ltd,Other
21614,SET OF 12 ROSE BOTANICAL T-LIGHTS,2.95,102,Acme Supplies Ltd,1.5282938536332529,35.0,LIGHTING,Acme Supplies Ltd,Lighting
21615,4 LAVENDER BOTANICAL DINNER CANDLES,1.25,866,Unknown Vendor,0.862041616104795,14.0,Lighting,UNKNOWN,Lighting
21616,4 PEAR BOTANICAL DINNER CANDLES,1.25,822,GlobalTrade Co,0.500261598240223,4.0,Stationery,GlobalTrade Co,Stationery
21617,4 LILY  BOTANICAL DINNER CANDLES,2.46,528,Euro Parts,1.249032288172489,30.0,Stationery,EuroParts GmbH,Stationery
21618,4 WILDFLOWER BOTANICAL CANDLES,2.46,350,acme-supplies,1.191643249518983,12.0,Home Decor,Acme Supplies Ltd,Home Decor
21619,4 VANILLA BOTANICAL CANDLES,1.25,884,EuroParts GmbH,0.6021857204675173,24.0,Gifts,EuroParts GmbH,Gifts
21620,SET OF 4 ROSE BOTANICAL CANDLES,1.25,-596,EuroParts GmbH,0.52983164614739,19.0,Gifts,EuroParts GmbH,Gifts
21621,VINTAGE UNION JACK BUNTING,8.5,2331,Pacific Importers,3.956694704471243,28.0,Home Decor,Pacific Importers,Home Decor
21622,VINTAGE UNION JACK CUSHION COVER,4.95,-427,Global Trade Co.,2.9424896298268366,5.0,Lighting,GlobalTrade Co,Lighting
21623,VINTAGE UNION JACK MEMOBOARD,9.95,3268,Global Trade Co.,4.994664936157445,9.0,Stationery,GlobalTrade Co,Stationery
21624,VINTAGE UNION JACK DOORSTOP,5.95,212,GlobalTrade Co,3.2492246342004507,10.0,Unknown,GlobalTrade Co,Other
21625,VINTAGE UNION JACK APRON,6.95,411,,3.696728686444536,22.0,Kitchen,UNKNOWN,Kitchen
21626,VINTAGE UNION JACK PENNANT,1.95,773,Euro Parts,1.377805111312428,14.0,LIGHTING,EuroParts GmbH,Lighting
21627,ELEPHANT CARNIVAL POUFFE,14.95,31,Unknown Vendor,10.716977012322522,37.0,LIGHTING,UNKNOWN,Lighting
21628,TRIANGULAR POUFFE VINTAGE,14.95,62,Acme Supplies Ltd,8.559397354189286,19.0,LIGHTING,Acme Supplies Ltd,Lighting
21629,SQUARE FLOOR CUSHION VINTAGE RED,7.95,73,EuroParts GmbH,4.098658931753169,30.0,LIGHTING,EuroParts GmbH,Lighting
21630,FLOOR CUSHION ELEPHANT CARNIVAL,8.95,68,,3.914553205287404,43.0,home decor,UNKNOWN,Home Decor
21631,HIPPY CHIC DECORATIVE PARASOL,8.29,169,ACME SUPPLIES,6.082298454527148,12.0,Lighting,Acme Supplies Ltd,Lighting
21632,VINTAGE PINK DECORATIVE PARASOL,8.47,55,Acme Supplies Ltd,3.5665427781569323,24.0,LIGHTING,Acme Supplies Ltd,Lighting
21633,SUNFLOWER DECORATIVE PARASOL,8.47,124,EuroParts GmbH,4.270384247851168,40.0,Gifts,EuroParts GmbH,Gifts
21634,ASSORTED MINI MADRAS NOTEBOOK,0.39,807,Pacific Importers,0.1966860364597056,35.0,home decor,Pacific Importers,Home Decor
21635,MADRAS NOTEBOOK LARGE,1.25,264,Euro Parts,0.6401755626863441,24.0,Home Decor,EuroParts GmbH,Home Decor
21636,MADRAS NOTEBOOK MEDIUM,0.75,897,Acme Supplies Ltd,0.3431252963590074,39.0,Stationery,Acme Supplies Ltd,Stationery
21637,ASSORTED SANSKRIT MINI NOTEBOOK,1.25,-30,Euro Parts,0.8426331260291176,15.0,home decor,EuroParts GmbH,Home Decor
21638,ASSORTED TUTTI FRUTTI NOTEBOOK,2.1,216,ACME SUPPLIES,0.9300359285450022,29.0,Home Decor,Acme Supplies Ltd,Home Decor
21640,ASSORTED TUTTI FRUTTI  FOB NOTEBOOK,0.85,662,ACME SUPPLIES,0.5288847310980659,17.0,Gifts,Acme Supplies Ltd,Gifts
21641,ASSORTED TUTTI FRUTTI KEYRING BALL,1.63,1104,ACME SUPPLIES,0.7226541582356688,24.0,LIGHTING,Acme Supplies Ltd,Lighting
21642,ASSORTED TUTTI FRUTTI PEN,0.29,2216,Euro Parts,0.123159367215685,32.0,Home Decor,EuroParts GmbH,Home Decor
21643,ASSORTED TUTTI FRUTTI MIRROR,1.25,529,PACIFIC IMPORTERS LLC,0.897875407862571,42.0,Unknown,Pacific Importers,Other
21644,ASSORTED TUTTI FRUTTI HEART BOX,1.25,361,Pacific Importers,0.5831813352644337,39.0,home decor,Pacific Importers,Home Decor
21645,ASSORTED TUTTI FRUTTI ROUND BOX,0.825,-25,GlobalTrade Co,0.5671359821291146,36.0,home decor,GlobalTrade Co,Home Decor
21647,ASSORTED TUTTI FRUTTI LARGE PURSE,2.1,117,,1.240303690263745,36.0,LIGHTING,UNKNOWN,Lighting
21648,ASSORTED TUTTI FRUTTI SMALL PURSE,1.25,606,GlobalTrade Co,0.5340622273288367,37.0,Stationery,GlobalTrade Co,Stationery
21650,ASSORTED TUTTI FRUTTI BRACELET,0.425,2526,Euro Parts,0.3121229184764125,44.0,Home Decor,EuroParts GmbH,Home Decor
21651,HANGING GLASS ETCHED TEALIGHT,1.65,197,Global Trade Co.,0.802620073937818,21.0,Stationery,GlobalTrade Co,Stationery
21653,UNKNOWN,0.0,-6,GlobalTrade Co,0.0,10.0,home decor,GlobalTrade Co,Home Decor
21654,RIDGED GLASS FINGER BOWL,0.39,983,Global Trade Co.,0.179042565789593,41.0,Home Decor,GlobalTrade Co,Home Decor
21655,HANGING RIDGE GLASS T-LIGHT HOLDER,1.69,19,GlobalTrade Co,1.2263895782095615,35.0,Home Decor,GlobalTrade Co,Home Decor
21656,RIDGED GLASS POSY VASE,1.63,200,EuroParts GmbH,0.6595470377624701,30.0,Stationery,EuroParts GmbH,Stationery
21657,MILK BOTTLE WITH GLASS STOPPER,6.95,30,Pacific Importers,4.024905960605262,39.0,Unknown,Pacific Importers,Other
21658,GLASS  BEURRE DISH,3.95,851,acme-supplies,2.6437543660503025,27.0,Home Decor,Acme Supplies Ltd,Home Decor
21661,VINTAGE GLASS TEA CADDY,2.975,6,,2.1633558325893607,38.0,Unknown,UNKNOWN,Other
21662,VINTAGE GLASS COFFEE CADDY,5.95,70,GlobalTrade Co,4.273413448650009,19.0,Lighting,GlobalTrade Co,Lighting
21664,RIDGED GLASS STORAGE JAR CREAM LID,3.75,119,Pacific Importers,2.575757641281284,26.0,Kitchen,Pacific Importers,Kitchen
21666,RIDGED GLASS T-LIGHT HOLDER,0.65,412,,0.4620635320479467,23.0,Lighting,UNKNOWN,Lighting
21667,GLASS CAKE COVER AND PLATE,0.0,1,PACIFIC IMPORTERS LLC,0.0,4.0,Kitchen,Pacific Importers,Kitchen
21668,RED STRIPE CERAMIC DRAWER KNOB,1.25,5444,Acme Supplies Ltd,0.6243306293738814,33.0,Lighting,Acme Supplies Ltd,Lighting
21669,BLUE STRIPE CERAMIC DRAWER KNOB,1.25,5205,,0.6264237296529631,35.0,Kitchen,UNKNOWN,Kitchen
21670,BLUE SPOT CERAMIC DRAWER KNOB,1.25,4188,PACIFIC IMPORTERS LLC,0.6649610948132433,32.0,Home Decor,Pacific Importers,Home Decor
21671,RED SPOT CERAMIC DRAWER KNOB,1.25,4269,GlobalTrade Co,0.6720777932935201,14.0,Stationery,GlobalTrade Co,Stationery
21672,WHITE SPOT RED CERAMIC DRAWER KNOB,1.25,4963,Acme Supplies Ltd,0.7382429545364205,14.0,Stationery,Acme Supplies Ltd,Stationery
21673,WHITE SPOT BLUE CERAMIC DRAWER KNOB,1.25,4279,Euro Parts,0.5699473964728181,26.0,LIGHTING,EuroParts GmbH,Lighting
21675,BUTTERFLIES STICKERS,0.85,622,PACIFIC IMPORTERS LLC,0.5456458824763318,26.0,Gifts,Pacific Importers,Gifts
21676,FLOWERS  STICKERS,0.85,257,Pacific Importers,0.3898510454430907,13.0,LIGHTING,Pacific Importers,Lighting
21677,HEARTS  STICKERS,0.85,823,,0.4323167734261028,15.0,Kitchen,UNKNOWN,Kitchen
21678,PAISLEY PATTERN  STICKERS,0.85,125,Euro Parts,0.4897451763553308,29.0,Gifts,EuroParts GmbH,Gifts
21679,SKULLS  STICKERS,0.85,1140,ACME SUPPLIES,0.5769410670532346,10.0,Unknown,Acme Supplies Ltd,Other
21680,WOODLAND  STICKERS,0.85,868,GlobalTrade Co,0.5599920968885214,12.0,Unknown,GlobalTrade Co,Other
21681,GIANT MEDINA STAMPED METAL BOWL,9.95,0,acme-supplies,6.228073396199644,10.0,Gifts,Acme Supplies Ltd,Gifts
21682,LARGE MEDINA STAMPED METAL BOWL,4.95,167,EuroParts GmbH,2.249877173955145,22.0,Kitchen,EuroParts GmbH,Kitchen
21683,MEDIUM MEDINA STAMPED METAL BOWL,2.95,272,Acme Supplies Ltd,1.744824319348084,10.0,Stationery,Acme Supplies Ltd,Stationery
21684,SMALL MEDINA STAMPED METAL BOWL,0.85,721,Pacific Importers,0.3660153342854659,11.0,Kitchen,Pacific Importers,Kitchen
21686,MEDINA STAMPED METAL STOOL,39.95,36,EuroParts GmbH,21.25648061955917,9.0,Unknown,EuroParts GmbH,Other
21688,SILVER PLATE CANDLE BOWL SMALL,2.95,11,,1.606955817524383,16.0,Home Decor,UNKNOWN,Home Decor
21689,SILVER VANILLA  FLOWER CANDLE POT,3.75,-228,GlobalTrade Co,1.552252514272552,30.0,Gifts,GlobalTrade Co,Gifts
21690,SILVER  CANDLEPOT JARDIN,3.75,62,Euro Parts,1.859609380554338,4.0,Gifts,EuroParts GmbH,Gifts
21692,SILVER LATTICE VANILLA CANDLE POT,3.75,-59,Acme Supplies Ltd,2.7542899257872677,10.0,Unknown,Acme Supplies Ltd,Other
21693,SMALL HAMMERED SILVER CANDLEPOT,2.95,286,Euro Parts,2.164625667584154,15.0,Kitchen,EuroParts GmbH,Kitchen
21694,SMALL REGAL  SILVER CANDLEPOT,2.95,307,Acme Supplies Ltd,1.5437776835157468,23.0,Gifts,Acme Supplies Ltd,Gifts
21695,SMALL SILVER FLOWER CANDLE POT,2.95,290,GlobalTrade Co,1.2245008624891447,30.0,Stationery,GlobalTrade Co,Stationery
21696,SMALL SILVER TRELLIS CANDLEPOT,2.95,-102,Euro Parts,1.3649155248563476,37.0,Gifts,EuroParts GmbH,Gifts
21698,MOCK LOBSTER FRIDGE MAGNET,0.85,296,Acme Supplies Ltd,0.4566847935464782,25.0,Kitchen,Acme Supplies Ltd,Kitchen
21700,BIG DOUGHNUT FRIDGE MAGNETS,1.38,400,ACME SUPPLIES,1.0097775941191378,17.0,Unknown,Acme Supplies Ltd,Other
21703,BAG 125G SWIRLY MARBLES,0.42,9303,EuroParts GmbH,0.1887562623399661,4.0,Stationery,EuroParts GmbH,Stationery
21704,BAG 250G SWIRLY MARBLES,0.85,5139,EuroParts GmbH,0.5671459634912931,14.0,Stationery,EuroParts GmbH,Stationery
21705,BAG 500G SWIRLY MARBLES,1.65,1439,PACIFIC IMPORTERS LLC,0.7227641664888848,38.0,Gifts,Pacific Importers,Gifts
21706,FOLDING UMBRELLA RED/WHITE POLKADOT,4.95,347,EuroParts GmbH,3.680028752830387,5.0,Kitchen,EuroParts GmbH,Kitchen
21707,FOLDING UMBRELLA BLACKBLUE POLKADOT,4.95,160,Pacific Importers,2.641150584706576,7.0,Gifts,Pacific Importers,Gifts
21708,FOLDING UMBRELLA CREAM POLKADOT,4.95,190,acme-supplies,3.323093838642615,5.0,home decor,Acme Supplies Ltd,Home Decor
21709,FOLDING UMBRELLA CHOCOLATE POLKADOT,4.95,133,GlobalTrade Co,2.5735390509702856,21.0,Home Decor,GlobalTrade Co,Home Decor
21710,FOLDING UMBRELLA PINKWHITE POLKADOT,4.95,107,ACME SUPPLIES,3.067436329677636,4.0,LIGHTING,Acme Supplies Ltd,Lighting
21711,FOLDING UMBRELLA WHITE/RED POLKADOT,4.95,104,,2.312667866812114,39.0,Unknown,UNKNOWN,Other
21713,CITRONELLA CANDLE FLOWERPOT,2.1,779,Pacific Importers,0.9473254491832676,19.0,home decor,Pacific Importers,Home Decor
21714,CITRONELLA CANDLE GARDEN POT,1.25,1637,Global Trade Co.,0.9104030610610576,16.0,LIGHTING,GlobalTrade Co,Lighting
21715,GIRLS VINTAGE TIN SEASIDE BUCKET,2.55,1330,Global Trade Co.,1.8390001955297064,30.0,Home Decor,GlobalTrade Co,Home Decor
21716,BOYS VINTAGE TIN SEASIDE BUCKET,2.55,1433,,1.8120660291399973,29.0,Stationery,UNKNOWN,Stationery
21717,EASTER TIN BUCKET,2.55,371,ACME SUPPLIES,1.5781993542736847,12.0,Gifts,Acme Supplies Ltd,Gifts
21718,RED METAL BEACH SPADE,1.25,1493,Pacific Importers,0.8536173424071216,5.0,Home Decor,Pacific Importers,Home Decor
21719,LOVELY BONBON STICKER SHEET,0.85,345,Pacific Importers,0.360538488731134,38.0,Lighting,Pacific Importers,Lighting
21720,CAKE SHOP  STICKER SHEET,0.85,57,PACIFIC IMPORTERS LLC,0.439599739962477,40.0,Home Decor,Pacific Importers,Home Decor
21721,CANDY SHOP  STICKER SHEET,0.85,195,Acme Supplies Ltd,0.4333266796152539,27.0,Gifts,Acme Supplies Ltd,Gifts
21722,SWEET PUDDING STICKER SHEET,0.85,97,,0.5291044832809024,24.0,LIGHTING,UNKNOWN,Lighting
21723,ALPHABET HEARTS STICKER SHEET,0.85,401,,0.4458974376075155,41.0,Gifts,UNKNOWN,Gifts
21724,PANDA AND BUNNIES STICKER SHEET,0.85,408,Pacific Importers,0.384180767538995,32.0,Unknown,Pacific Importers,Other
21725,SWEETIES  STICKERS,0.85,301,EuroParts GmbH,0.5174489549355292,23.0,Home Decor,EuroParts GmbH,Home Decor
21726,MULTI HEARTS  STICKERS,0.85,237,,0.5822792163990517,32.0,Gifts,UNKNOWN,Gifts
21730,GLASS STAR FROSTED T-LIGHT HOLDER,4.95,504,EuroParts GmbH,2.642028954151904,30.0,Gifts,EuroParts GmbH,Gifts
21731,RED TOADSTOOL LED NIGHT LIGHT,1.65,13823,ACME SUPPLIES,0.7363851829693732,33.0,home decor,Acme Supplies Ltd,Home Decor
21733,RED HANGING HEART T-LIGHT HOLDER,2.95,7825,Pacific Importers,1.38308056372549,23.0,Unknown,Pacific Importers,Other
21735,TWO DOOR CURIO CABINET,12.75,120,PACIFIC IMPORTERS LLC,6.159769249318376,24.0,home decor,Pacific Importers,Home Decor
21736,GOLD SCROLL GLASS T-LIGHT HOLDER,2.1,116,Global Trade Co.,1.0604247308509842,23.0,Unknown,GlobalTrade Co,Other
21738,COSY SLIPPER SHOES SMALL  RED,2.95,45,EuroParts GmbH,1.8436859102977643,3.0,Unknown,EuroParts GmbH,Other
21739,COSY SLIPPER SHOES SMALL GREEN,2.46,256,,1.501414062186976,39.0,LIGHTING,UNKNOWN,Lighting
21741,COSY SLIPPER SHOES LARGE GREEN,2.95,147,,1.8987024570679685,15.0,home decor,UNKNOWN,Home Decor
21742,LARGE ROUND WICKER PLATTER,5.95,195,Global Trade Co.,3.134910382786876,23.0,Unknown,GlobalTrade Co,Other
21743,STAR PORTABLE TABLE LIGHT,2.95,211,Acme Supplies Ltd,2.030777575566077,11.0,Lighting,Acme Supplies Ltd,Lighting
21744,SNOWFLAKE PORTABLE TABLE LIGHT,2.95,510,Unknown Vendor,1.3907205101433229,23.0,LIGHTING,UNKNOWN,Lighting
21745,GAOLERS KEYS DECORATIVE GARDEN,3.75,934,Euro Parts,2.115615981117577,23.0,Stationery,EuroParts GmbH,Stationery
21746,SMALL RED RETROSPOT WINDMILL,1.25,3060,Acme Supplies Ltd,0.8504106906743758,33.0,Gifts,Acme Supplies Ltd,Gifts
21747,SMALL SKULL WINDMILL,1.25,473,,0.5788194083830209,41.0,Kitchen,UNKNOWN,Kitchen
21749,LARGE RED RETROSPOT WINDMILL,2.1,1955,,0.9207493885994756,24.0,Unknown,UNKNOWN,Other
21750,LARGE SKULL WINDMILL,2.1,91,Pacific Importers,1.4895077162506725,14.0,Stationery,Pacific Importers,Stationery
21754,HOME BUILDING BLOCK WORD,5.95,2760,Pacific Importers,3.0941510226960256,8.0,Unknown,Pacific Importers,Other
21755,LOVE BUILDING BLOCK WORD,5.95,2030,GlobalTrade Co,3.804159535123059,18.0,LIGHTING,GlobalTrade Co,Lighting
21756,BATH BUILDING BLOCK WORD,5.95,821,Acme Supplies Ltd,2.4327884683796523,28.0,LIGHTING,Acme Supplies Ltd,Lighting
21757,LIGHTHOUSE PRINTED METAL SIGN,4.95,6,GlobalTrade Co,3.1755062341693714,7.0,Stationery,GlobalTrade Co,Stationery
21758,VINTAGE SHELLS PRINT,12.46,41,Euro Parts,6.362517819656339,11.0,Kitchen,EuroParts GmbH,Kitchen
21761,WOOD AND GLASS MEDICINE CABINET,29.95,8,Acme Supplies Ltd,12.564303497730355,42.0,LIGHTING,Acme Supplies Ltd,Lighting
21763,VINTAGE WOODEN BAR STOOL,20.0,0,GlobalTrade Co,12.26868933083682,16.0,Home Decor,GlobalTrade Co,Home Decor
21765,UNKNOWN,0.0,-2,GlobalTrade Co,0.0,44.0,Lighting,GlobalTrade Co,Lighting
21769,VINTAGE POST OFFICE CABINET,52.77,6,Pacific Importers,28.2521363570772,32.0,Gifts,Pacific Importers,Gifts
21770,OPEN CLOSED METAL SIGN,4.95,1635,,2.1196062572863847,28.0,Home Decor,UNKNOWN,Home Decor
21773,DECORATIVE ROSE BATHROOM BOTTLE,1.28,1170,GlobalTrade Co,0.5779291364905356,31.0,home decor,GlobalTrade Co,Home Decor
21774,DECORATIVE CATS BATHROOM BOTTLE,2.46,1094,GlobalTrade Co,1.2405583997619216,21.0,Kitchen,GlobalTrade Co,Kitchen
21775,DECORATIVE FLORE BATHROOM BOTTLE,2.46,512,EuroParts GmbH,1.0612829299822957,10.0,Lighting,EuroParts GmbH,Lighting
21777,RECIPE BOX WITH METAL HEART,7.95,2,Global Trade Co.,5.714374081489672,25.0,Lighting,GlobalTrade Co,Lighting
21781,MA CAMPAGNE CUTLERY BOX,14.95,107,ACME SUPPLIES,6.011641153460167,44.0,Lighting,Acme Supplies Ltd,Lighting
21784,SHOE SHINE BOX,9.95,51,Global Trade Co.,5.665043212194964,37.0,Kitchen,GlobalTrade Co,Kitchen
21785,RAIN PONCHO,0.85,265,Acme Supplies Ltd,0.376666118794434,33.0,Unknown,Acme Supplies Ltd,Other
21786,POLKADOT RAIN HAT,0.79,1853,ACME SUPPLIES,0.4010732682406528,37.0,Unknown,Acme Supplies Ltd,Other
21787,RAIN PONCHO RETROSPOT,0.85,8350,Pacific Importers,0.615502719045934,34.0,LIGHTING,Pacific Importers,Lighting
21788,KIDS RAIN MAC BLUE,0.85,1275,Global Trade Co.,0.3881041295990111,7.0,home decor,GlobalTrade Co,Home Decor
21789,KIDS RAIN MAC PINK,0.85,908,,0.627335115116204,18.0,Unknown,UNKNOWN,Other
21790,VINTAGE SNAP CARDS,0.85,14443,GlobalTrade Co,0.4012238271543529,19.0,LIGHTING,GlobalTrade Co,Lighting
21791,VINTAGE HEADS AND TAILS CARD GAME,1.25,7854,Pacific Importers,0.8244351724542378,34.0,Home Decor,Pacific Importers,Home Decor
21792,CLASSIC FRENCH STYLE BASKET GREEN,3.95,327,PACIFIC IMPORTERS LLC,2.335781318720534,40.0,LIGHTING,Pacific Importers,Lighting
21793,CLASSIC FRENCH STYLE BASKET BROWN,3.95,264,Acme Supplies Ltd,2.80279184090252,34.0,Gifts,Acme Supplies Ltd,Gifts
21794,CLASSIC FRENCH STYLE BASKET NATURAL,3.95,529,PACIFIC IMPORTERS LLC,2.345895675733079,23.0,LIGHTING,Pacific Importers,Lighting
21801,CHRISTMAS TREE DECORATION WITH BELL,0.42,1182,ACME SUPPLIES,0.2465802052159774,4.0,Lighting,Acme Supplies Ltd,Lighting
21802,CHRISTMAS TREE HEART DECORATION,0.42,2124,Unknown Vendor,0.1967323260541547,22.0,home decor,UNKNOWN,Home Decor
21803,CHRISTMAS TREE STAR DECORATION,0.42,2372,Acme Supplies Ltd,0.1924357162215938,20.0,home decor,Acme Supplies Ltd,Home Decor
21804,WHITE CHRISTMAS GARLAND STARS TREES,3.75,235,Global Trade Co.,2.702892010839112,3.0,Lighting,GlobalTrade Co,Lighting
21805,UNKNOWN,0.0,-1,Acme Supplies Ltd,0.0,31.0,Home Decor,Acme Supplies Ltd,Home Decor
21806,UNKNOWN,0.0,-3,Unknown Vendor,0.0,31.0,LIGHTING,UNKNOWN,Lighting
21807,WHITE CHRISTMAS STAR DECORATION,0.42,374,Pacific Importers,0.279694077788973,21.0,Unknown,Pacific Importers,Other
21808,"CHRISTMAS GARLAND STARS,TREES",3.29,186,Pacific Importers,1.7061552400098627,42.0,LIGHTING,Pacific Importers,Lighting
21809,CHRISTMAS HANGING TREE WITH BELL,0.39,1898,Acme Supplies Ltd,0.2859565239662239,8.0,Lighting,Acme Supplies Ltd,Lighting
21810,CHRISTMAS HANGING STAR WITH BELL,0.39,5751,EuroParts GmbH,0.2567271404683363,41.0,Lighting,EuroParts GmbH,Lighting
21811,CHRISTMAS HANGING HEART WITH BELL,0.83,4593,ACME SUPPLIES,0.5055531949675784,10.0,Kitchen,Acme Supplies Ltd,Kitchen
21812,GARLAND WITH HEARTS AND BELLS,4.95,380,,3.506150865643784,26.0,Stationery,UNKNOWN,Stationery
21813,GARLAND WITH STARS AND BELLS,3.29,542,ACME SUPPLIES,1.3731212034644296,22.0,home decor,Acme Supplies Ltd,Home Decor
21814,HEART T-LIGHT HOLDER,1.45,48,ACME SUPPLIES,0.7104593162860234,16.0,Home Decor,Acme Supplies Ltd,Home Decor
21815,STAR  T-LIGHT HOLDER,1.45,-141,Acme Supplies Ltd,0.8160059396171118,7.0,LIGHTING,Acme Supplies Ltd,Lighting
21816,CHRISTMAS TREE T-LIGHT HOLDER,1.45,34,Global Trade Co.,0.695191608781797,43.0,Home Decor,GlobalTrade Co,Home Decor
21817,GLITTER CHRISTMAS TREE,0.39,824,Pacific Importers,0.2575430580667437,42.0,Unknown,Pacific Importers,Other
21818,GLITTER CHRISTMAS HEART,0.39,2610,Acme Supplies Ltd,0.2814718962388335,36.0,Home Decor,Acme Supplies Ltd,Home Decor
21819,GLITTER CHRISTMAS STAR,0.39,2459,Euro Parts,0.213844621370571,18.0,Unknown,EuroParts GmbH,Other
21820,GLITTER HEART GARLAND WITH BELLS,3.75,92,Global Trade Co.,1.949049037646862,23.0,LIGHTING,GlobalTrade Co,Lighting
21821,GLITTER STAR GARLAND WITH BELLS,3.75,239,Pacific Importers,2.7620353359305554,18.0,Kitchen,Pacific Importers,Kitchen
21822,GLITTER CHRISTMAS TREE WITH BELLS,0.79,737,Global Trade Co.,0.4390016976768151,9.0,LIGHTING,GlobalTrade Co,Lighting
21823,PAINTED METAL HEART WITH HOLLY BELL,0.61,1283,Global Trade Co.,0.348411833495922,29.0,Kitchen,GlobalTrade Co,Kitchen
21824,PAINTED METAL STAR WITH HOLLY BELLS,0.39,1790,Pacific Importers,0.20400020757467,16.0,Gifts,Pacific Importers,Gifts
21825,UNKNOWN,0.0,-14,ACME SUPPLIES,0.0,16.0,Unknown,Acme Supplies Ltd,Other
21826,EIGHT PIECE DINOSAUR SET,1.25,124,ACME SUPPLIES,0.7489180239358096,35.0,home decor,Acme Supplies Ltd,Home Decor
21827,EIGHT PIECE CREEPY CRAWLIE SET,1.25,-36,,0.8334513818919695,35.0,Kitchen,UNKNOWN,Kitchen
21828,EIGHT PIECE SNAKE  SET,1.25,333,,0.8551654392785126,22.0,LIGHTING,UNKNOWN,Lighting
21829,DINOSAUR KEYRINGS ASSORTED,0.21,4448,GlobalTrade Co,0.1091259045809184,38.0,Unknown,GlobalTrade Co,Other
21830,ASSORTED CREEPY CRAWLIES,0.42,1212,acme-supplies,0.2317530667040958,9.0,home decor,Acme Supplies Ltd,Home Decor
21832,CHOCOLATE CALCULATOR,1.65,935,PACIFIC IMPORTERS LLC,1.1499924497196177,34.0,LIGHTING,Pacific Importers,Lighting
21833,CAMOUFLAGE LED TORCH,1.69,2586,Global Trade Co.,0.8908655405162417,5.0,home decor,GlobalTrade Co,Home Decor
21836,GINGHAM OVEN GLOVE RED HEART,3.75,-11,Acme Supplies Ltd,2.5420398626555545,41.0,LIGHTING,Acme Supplies Ltd,Lighting
21839,MUMMY MOUSE RED GINGHAM RIBBON,2.725,-35,ACME SUPPLIES,1.987471427655369,31.0,Home Decor,Acme Supplies Ltd,Home Decor
21841,BABY MOUSE RED GINGHAM DRESS,4.25,154,EuroParts GmbH,2.6270254299386604,26.0,Gifts,EuroParts GmbH,Gifts
21843,RED RETROSPOT CAKE STAND,10.95,1628,PACIFIC IMPORTERS LLC,7.222286579159364,24.0,Stationery,Pacific Importers,Stationery
21844,RED RETROSPOT MUG,2.95,1828,Acme Supplies Ltd,2.011262974682472,8.0,Lighting,Acme Supplies Ltd,Lighting
21845,DAIRY MAID STRIPE MUG,0.79,1855,ACME SUPPLIES,0.5496534629199217,26.0,Lighting,Acme Supplies Ltd,Lighting
21846,PINK DIAMANTE PEN IN GIFT BOX,4.13,412,acme-supplies,2.223049599871999,42.0,Gifts,Acme Supplies Ltd,Gifts
21847,GREEN  DIAMANTE PEN IN GIFT BOX,1.66,76,EuroParts GmbH,0.693784069781255,25.0,Unknown,EuroParts GmbH,Other
21849,SILVER DIAMANTE PEN IN GIFT BOX,4.21,175,Acme Supplies Ltd,2.276164685667336,40.0,Unknown,Acme Supplies Ltd,Other
21850,BLUE  DIAMANTE PEN IN GIFT BOX,4.6,94,Acme Supplies Ltd,2.9247475299523846,12.0,Unknown,Acme Supplies Ltd,Other
21851,LILAC DIAMANTE PEN IN GIFT BOX,4.21,141,Euro Parts,2.3475912934479983,18.0,Stationery,EuroParts GmbH,Stationery
21854,UNKNOWN,0.0,-2,ACME SUPPLIES,0.0,13.0,home decor,Acme Supplies Ltd,Home Decor
21858,UNKNOWN,0.0,-12,PACIFIC IMPORTERS LLC,0.0,34.0,Lighting,Pacific Importers,Lighting
21864,UNION JACK FLAG PASSPORT COVER,2.1,809,acme-supplies,1.3065369437114618,8.0,Gifts,Acme Supplies Ltd,Gifts
21865,PINK UNION JACK  PASSPORT COVER,2.1,234,Acme Supplies Ltd,0.9770185565676714,26.0,Unknown,Acme Supplies Ltd,Other
21866,UNION JACK FLAG LUGGAGE TAG,1.25,750,acme-supplies,0.8278491285321687,35.0,Kitchen,Acme Supplies Ltd,Kitchen
21867,PINK UNION JACK  LUGGAGE TAG,1.25,353,EuroParts GmbH,0.7387419863556988,14.0,Home Decor,EuroParts GmbH,Home Decor
21868,POTTING SHED TEA MUG,1.25,2418,,0.5892781699891378,29.0,Stationery,UNKNOWN,Stationery
21870,I CAN ONLY PLEASE ONE PERSON MUG,1.25,1363,Euro Parts,0.6277111384052907,40.0,LIGHTING,EuroParts GmbH,Lighting
21871,SAVE THE PLANET MUG,1.25,4769,GlobalTrade Co,0.8275163100045517,20.0,Unknown,GlobalTrade Co,Other
21872,GLAMOROUS  MUG,1.25,1280,PACIFIC IMPORTERS LLC,0.7111380406019153,41.0,Lighting,Pacific Importers,Lighting
21873,IF YOU CAN'T STAND THE HEAT MUG,1.25,1530,ACME SUPPLIES,0.5945137551719691,15.0,Home Decor,Acme Supplies Ltd,Home Decor
21874,GIN AND TONIC MUG,1.45,2959,GlobalTrade Co,1.070890129112926,42.0,Gifts,GlobalTrade Co,Gifts
21875,KINGS CHOICE MUG,1.25,2027,,0.8128671961698886,32.0,Unknown,UNKNOWN,Other
21876,POTTERING MUG,1.65,3754,Acme Supplies Ltd,1.2127453657917322,43.0,Lighting,Acme Supplies Ltd,Lighting
21877,HOME SWEET HOME MUG,1.25,4366,Acme Supplies Ltd,0.6868584573451502,23.0,Home Decor,Acme Supplies Ltd,Home Decor
21878,PACK OF 6 SANDCASTLE FLAGS ASSORTED,0.85,2511,ACME SUPPLIES,0.4813423513557868,36.0,Kitchen,Acme Supplies Ltd,Kitchen
21879,HEARTS GIFT TAPE,0.43,1178,Acme Supplies Ltd,0.3071422600358453,38.0,Stationery,Acme Supplies Ltd,Stationery
21880,RED RETROSPOT TAPE,0.42,1891,ACME SUPPLIES,0.2451822530160715,32.0,Gifts,Acme Supplies Ltd,Gifts
21881,CUTE CATS TAPE,0.65,1102,Pacific Importers,0.4209059524585393,27.0,LIGHTING,Pacific Importers,Lighting
21882,SKULLS TAPE,0.65,706,Global Trade Co.,0.317369329630233,4.0,Lighting,GlobalTrade Co,Lighting
21883,STARS GIFT TAPE,0.65,1652,,0.3616302716298508,38.0,home decor,UNKNOWN,Home Decor
21884,CAKES AND BOWS GIFT  TAPE,0.65,1166,Euro Parts,0.2880848444718558,20.0,Kitchen,EuroParts GmbH,Kitchen
21888,BINGO SET,3.75,1622,GlobalTrade Co,1.770348797088512,7.0,Stationery,GlobalTrade Co,Stationery
21889,WOODEN BOX OF DOMINOES,1.25,6377,acme-supplies,0.5004127441795887,21.0,Stationery,Acme Supplies Ltd,Stationery
21890,S/6 WOODEN SKITTLES IN COTTON BAG,3.25,1006,GlobalTrade Co,1.344663996250351,44.0,home decor,GlobalTrade Co,Home Decor
21891,TRADITIONAL WOODEN SKIPPING ROPE,1.45,8079,Pacific Importers,1.0759715402622916,20.0,LIGHTING,Pacific Importers,Lighting
21892,TRADITIONAL WOODEN CATCH CUP GAME,1.25,3183,acme-supplies,0.6060297416223336,34.0,Kitchen,Acme Supplies Ltd,Kitchen
21894,POTTING SHED SEED ENVELOPES,1.25,557,PACIFIC IMPORTERS LLC,0.7901984354080007,23.0,Lighting,Pacific Importers,Lighting
21895,POTTING SHED SOW 'N' GROW SET,4.25,-3,Global Trade Co.,2.948160801964422,12.0,Stationery,GlobalTrade Co,Stationery
21896,POTTING SHED TWINE,2.1,940,Pacific Importers,1.2447354375388748,39.0,Gifts,Pacific Importers,Gifts
21897,POTTING SHED CANDLE CITRONELLA,2.55,443,Global Trade Co.,1.1566814663249307,24.0,Home Decor,GlobalTrade Co,Home Decor
21898,POTTING SHED ROSE CANDLE,2.46,476,GlobalTrade Co,1.6109082525464395,15.0,Gifts,GlobalTrade Co,Gifts
21899,"KEY FOB , GARAGE DESIGN",0.65,2643,,0.3965571957976552,19.0,LIGHTING,UNKNOWN,Lighting
21900,"KEY FOB , SHED",0.65,3230,EuroParts GmbH,0.4263595090765278,11.0,Unknown,EuroParts GmbH,Other
21901,"KEY FOB , BACK DOOR",0.65,1824,Acme Supplies Ltd,0.4351173566999873,26.0,LIGHTING,Acme Supplies Ltd,Lighting
21902,"KEY FOB , FRONT  DOOR",0.65,1966,,0.4819058586482795,16.0,Stationery,UNKNOWN,Stationery
21903,MAN FLU METAL SIGN,2.1,1149,Pacific Importers,1.2615690108196318,10.0,Home Decor,Pacific Importers,Home Decor
21904,HOUSE WRECKING METAL SIGN,2.1,54,,1.0911062178275923,39.0,Kitchen,UNKNOWN,Kitchen
21905,MORE BUTTER METAL SIGN,1.63,761,Euro Parts,1.0219490297115852,21.0,Home Decor,EuroParts GmbH,Home Decor
21906,PHARMACIE FIRST AID TIN,6.75,564,Global Trade Co.,2.8616911755857046,30.0,LIGHTING,GlobalTrade Co,Lighting
21907,I'M ON HOLIDAY METAL SIGN,2.1,2283,Acme Supplies Ltd,1.499587028966366,43.0,Home Decor,Acme Supplies Ltd,Home Decor
21908,CHOCOLATE THIS WAY METAL SIGN,2.1,3747,acme-supplies,0.9277450433335748,32.0,home decor,Acme Supplies Ltd,Home Decor
21910,WAY OUT METAL SIGN,1.65,35,Pacific Importers,0.8493292388790601,9.0,Home Decor,Pacific Importers,Home Decor
21911,GARDEN METAL SIGN,1.65,77,PACIFIC IMPORTERS LLC,1.1310929573115849,28.0,Stationery,Pacific Importers,Stationery
21912,VINTAGE SNAKES & LADDERS,3.75,1792,acme-supplies,2.2839724965590595,42.0,home decor,Acme Supplies Ltd,Home Decor
21913,VINTAGE SEASIDE JIGSAW PUZZLES,3.75,395,Acme Supplies Ltd,2.0166466203641424,13.0,LIGHTING,Acme Supplies Ltd,Lighting
21914,BLUE HARMONICA IN BOX,1.25,7843,Euro Parts,0.7071281009765719,16.0,LIGHTING,EuroParts GmbH,Lighting
21915,RED  HARMONICA IN BOX,1.25,22066,Unknown Vendor,0.8738644845259538,23.0,LIGHTING,UNKNOWN,Lighting
21916,SET 12 RETRO WHITE CHALK STICKS,0.42,4576,Pacific Importers,0.2179806447508041,10.0,home decor,Pacific Importers,Home Decor
21917,SET 12 KIDS  WHITE CHALK STICKS,0.42,4143,ACME SUPPLIES,0.2958385036673892,5.0,Unknown,Acme Supplies Ltd,Other
21918,SET 12 KIDS COLOUR  CHALK STICKS,0.42,6851,acme-supplies,0.5414965220482558,30.0,Unknown,Acme Supplies Ltd,Other
21922,UNION STRIPE WITH FRINGE  HAMMOCK,7.95,900,Acme Supplies Ltd,5.341441651533016,31.0,home decor,Acme Supplies Ltd,Home Decor
21923,UNKNOWN,0.0,-5,,0.0,25.0,home decor,UNKNOWN,Home Decor
21925,UNION STRIPE CUSHION COVER,1.25,397,Acme Supplies Ltd,0.5795452231163357,20.0,LIGHTING,Acme Supplies Ltd,Lighting
21926,RED/CREAM STRIPE CUSHION COVER,1.25,400,Pacific Importers,0.6882766079128377,37.0,LIGHTING,Pacific Importers,Lighting
21927,BLUE/CREAM STRIPE CUSHION COVER,1.25,592,acme-supplies,0.5724061514153493,15.0,LIGHTING,Acme Supplies Ltd,Lighting
21928,JUMBO BAG SCANDINAVIAN PAISLEY,2.08,10205,Pacific Importers,1.3464078059077906,14.0,Lighting,Pacific Importers,Lighting
21929,JUMBO BAG PINK VINTAGE PAISLEY,2.08,10785,PACIFIC IMPORTERS LLC,1.2217331751488862,7.0,Unknown,Pacific Importers,Other
21930,JUMBO STORAGE BAG SKULLS,2.08,6447,Euro Parts,1.2945153964036575,41.0,Stationery,EuroParts GmbH,Stationery
21931,JUMBO STORAGE BAG SUKI,2.08,13320,ACME SUPPLIES,0.9750425119441218,13.0,Lighting,Acme Supplies Ltd,Lighting
21932,SCANDINAVIAN PAISLEY PICNIC BAG,1.65,2691,Acme Supplies Ltd,0.7822832353352722,13.0,Kitchen,Acme Supplies Ltd,Kitchen
21933,PINK VINTAGE PAISLEY PICNIC BAG,1.65,2663,Acme Supplies Ltd,0.683964705481971,44.0,Kitchen,Acme Supplies Ltd,Kitchen
21934,SKULL SHOULDER BAG,1.65,2411,,0.845994001575534,33.0,Kitchen,UNKNOWN,Kitchen
21935,SUKI  SHOULDER BAG,1.65,3392,,0.9832525419201972,33.0,Kitchen,UNKNOWN,Kitchen
21936,RED RETROSPOT PICNIC BAG,2.95,3931,Pacific Importers,2.065817798702242,15.0,Kitchen,Pacific Importers,Kitchen
21937,STRAWBERRY   PICNIC BAG,2.95,1593,PACIFIC IMPORTERS LLC,1.868602589501088,16.0,Gifts,Pacific Importers,Gifts
21942,SKULLS DESIGN FLANNEL,1.63,275,PACIFIC IMPORTERS LLC,0.9003936024995581,44.0,home decor,Pacific Importers,Home Decor
21943,CAKES AND RABBITS DESIGN FLANNEL,1.63,119,ACME SUPPLIES,1.1957550252618556,27.0,Stationery,Acme Supplies Ltd,Stationery
21944,KITTENS DESIGN FLANNEL,0.85,337,,0.5539754471713099,35.0,Lighting,UNKNOWN,Lighting
21945,STRAWBERRIES  DESIGN FLANNEL,1.63,358,Global Trade Co.,1.1826592482330849,35.0,Kitchen,GlobalTrade Co,Kitchen
21946,PARTY TIME DESIGN FLANNEL,0.85,86,GlobalTrade Co,0.4969574220484692,17.0,Gifts,GlobalTrade Co,Gifts
21947,SET OF 6 HEART CHOPSTICKS,1.25,813,Pacific Importers,0.6132706202219986,18.0,LIGHTING,Pacific Importers,Lighting
21948,SET OF 6 CAKE CHOPSTICKS,2.46,641,Acme Supplies Ltd,1.0294837769600256,40.0,LIGHTING,Acme Supplies Ltd,Lighting
21949,SET OF 6 STRAWBERRY CHOPSTICKS,1.28,801,ACME SUPPLIES,0.8372860134647649,8.0,Unknown,Acme Supplies Ltd,Other
21955,DOORMAT UNION JACK GUNS AND ROSES,7.95,1230,EuroParts GmbH,3.517525591950399,27.0,Gifts,EuroParts GmbH,Gifts
21967,PACK OF 12 SKULL TISSUES,0.29,5275,Acme Supplies Ltd,0.1467316755196046,17.0,Gifts,Acme Supplies Ltd,Gifts
21972,SET OF 36 DINOSAUR PAPER DOILIES,1.45,333,PACIFIC IMPORTERS LLC,0.850228985751078,6.0,Stationery,Pacific Importers,Stationery
21973,SET OF 36 MUSHROOM PAPER DOILIES,1.45,298,acme-supplies,0.866441418298222,6.0,Kitchen,Acme Supplies Ltd,Kitchen
21974,SET OF 36 PAISLEY FLOWER DOILIES,1.45,2113,GlobalTrade Co,0.8847959724709715,32.0,Gifts,GlobalTrade Co,Gifts
21975,PACK OF 60 DINOSAUR CAKE CASES,0.55,12269,GlobalTrade Co,0.2520041510923174,36.0,home decor,GlobalTrade Co,Home Decor
21976,PACK OF 60 MUSHROOM CAKE CASES,0.55,5201,GlobalTrade Co,0.2930994504281674,29.0,Gifts,GlobalTrade Co,Gifts
21977,PACK OF 60 PINK PAISLEY CAKE CASES,0.55,24753,EuroParts GmbH,0.3388098887200161,33.0,Kitchen,EuroParts GmbH,Kitchen
21980,PACK OF 12 RED RETROSPOT TISSUES,0.29,6555,GlobalTrade Co,0.2144366147603291,34.0,Stationery,GlobalTrade Co,Stationery
21981,PACK OF 12 WOODLAND TISSUES,0.39,5475,Pacific Importers,0.2553216502960075,41.0,Gifts,Pacific Importers,Gifts
21982,PACK OF 12 SUKI TISSUES,0.39,7611,Global Trade Co.,0.2819354128433252,11.0,Lighting,GlobalTrade Co,Lighting
21983,PACK OF 12 BLUE PAISLEY TISSUES,0.29,2277,PACIFIC IMPORTERS LLC,0.1933645239188889,43.0,Home Decor,Pacific Importers,Home Decor
21984,PACK OF 12 PINK PAISLEY TISSUES,0.39,3413,,0.2367693662538126,10.0,LIGHTING,UNKNOWN,Lighting
21985,PACK OF 12 HEARTS DESIGN TISSUES,0.29,8803,EuroParts GmbH,0.1354903719673389,16.0,Unknown,EuroParts GmbH,Other
21986,PACK OF 12 PINK POLKADOT TISSUES,0.29,4067,ACME SUPPLIES,0.18366859366709,35.0,Home Decor,Acme Supplies Ltd,Home Decor
21987,PACK OF 6 SKULL PAPER CUPS,0.65,2100,Acme Supplies Ltd,0.4018188512558788,25.0,Home Decor,Acme Supplies Ltd,Home Decor
21988,PACK OF 6 SKULL PAPER PLATES,0.85,2321,acme-supplies,0.5192345782110368,23.0,Stationery,Acme Supplies Ltd,Stationery
21989,PACK OF 20 SKULL PAPER NAPKINS,0.85,2412,Pacific Importers,0.4857112957265016,14.0,LIGHTING,Pacific Importers,Lighting
21990,MODERN FLORAL STATIONERY SET,2.46,1667,Acme Supplies Ltd,1.4391733360347665,4.0,Gifts,Acme Supplies Ltd,Gifts
21991,BOHEMIAN COLLAGE STATIONERY SET,2.46,623,Pacific Importers,1.2719550158486876,15.0,Home Decor,Pacific Importers,Home Decor
21992,VINTAGE PAISLEY STATIONERY SET,2.46,1926,Pacific Importers,1.431128228365023,6.0,Home Decor,Pacific Importers,Home Decor
21993,FLORAL FOLK STATIONERY SET,2.46,1931,GlobalTrade Co,1.1540956347891698,22.0,LIGHTING,GlobalTrade Co,Lighting
22016,DOTCOMGIFTSHOP GIFT VOUCHER £100.00,83.33,1,Euro Parts,56.815313886214064,16.0,Unknown,EuroParts GmbH,Other
22021,BLUE FELT EASTER EGG BASKET,1.65,345,Acme Supplies Ltd,0.7672861913385037,32.0,Kitchen,Acme Supplies Ltd,Kitchen
22023,EMPIRE BIRTHDAY CARD,0.42,1206,Acme Supplies Ltd,0.1804900446137515,31.0,home decor,Acme Supplies Ltd,Home Decor
22024,RAINY LADIES BIRTHDAY CARD,0.42,2368,EuroParts GmbH,0.2321281658745021,10.0,home decor,EuroParts GmbH,Home Decor
22025,RING OF ROSES BIRTHDAY CARD,0.42,1805,Pacific Importers,0.2647711936073911,14.0,LIGHTING,Pacific Importers,Lighting
22026,BANQUET BIRTHDAY  CARD,0.42,1644,EuroParts GmbH,0.2323443732652305,43.0,Gifts,EuroParts GmbH,Gifts
22027,TEA PARTY BIRTHDAY CARD,0.42,4224,Global Trade Co.,0.2086828573968423,40.0,Gifts,GlobalTrade Co,Gifts
22028,PENNY FARTHING BIRTHDAY CARD,0.42,2992,acme-supplies,0.2500511640318947,28.0,Unknown,Acme Supplies Ltd,Other
22029,SPACEBOY BIRTHDAY CARD,0.42,8173,Euro Parts,0.2190093433055934,4.0,Kitchen,EuroParts GmbH,Kitchen
22030,SWALLOWS GREETING CARD,0.42,4916,Euro Parts,0.305131550448615,42.0,LIGHTING,EuroParts GmbH,Lighting
22031,BOTANICAL LAVENDER BIRTHDAY CARD,0.42,492,EuroParts GmbH,0.3036288355217251,16.0,Gifts,EuroParts GmbH,Gifts
22032,BOTANICAL LILY GREETING CARD,0.42,427,acme-supplies,0.241848657535898,8.0,home decor,Acme Supplies Ltd,Home Decor
22033,BOTANICAL ROSE GREETING CARD,0.42,287,Pacific Importers,0.216198947120684,44.0,home decor,Pacific Importers,Home Decor
22034,ROBIN CHRISTMAS CARD,0.42,-236,GlobalTrade Co,0.2763584648516259,42.0,Lighting,GlobalTrade Co,Lighting
22035,VINTAGE CARAVAN GREETING CARD,0.42,1360,Acme Supplies Ltd,0.1733968026920108,33.0,Unknown,Acme Supplies Ltd,Other
22036,UNKNOWN,0.0,-45,,0.0,19.0,Stationery,UNKNOWN,Stationery
22037,ROBOT BIRTHDAY CARD,0.42,3977,Acme Supplies Ltd,0.217439538957739,27.0,Kitchen,Acme Supplies Ltd,Kitchen
22038,BOTANICAL LAVENDER GIFT WRAP,0.42,475,Unknown Vendor,0.3033187751100755,34.0,Unknown,UNKNOWN,Other
22039,BOTANICAL LILY GIFT WRAP,0.42,225,Global Trade Co.,0.1697644450090843,14.0,Home Decor,GlobalTrade Co,Home Decor
22040,BOTANICAL ROSE GIFT WRAP,0.42,725,ACME SUPPLIES,0.2492637867305973,15.0,LIGHTING,Acme Supplies Ltd,Lighting
22041,"RECORD FRAME 7"" SINGLE SIZE",2.55,4336,Pacific Importers,1.6810422461019634,21.0,Gifts,Pacific Importers,Gifts
22042,CHRISTMAS CARD SINGING ANGEL,0.42,202,,0.239297644166034,27.0,Lighting,UNKNOWN,Lighting
22043,CHRISTMAS CARD SCREEN PRINT,0.19,1189,EuroParts GmbH,0.0816793015058209,33.0,home decor,EuroParts GmbH,Home Decor
22044,CHRISTMAS CARD STACK OF PRESENTS,0.19,576,Euro Parts,0.1406686824368555,39.0,Lighting,EuroParts GmbH,Lighting
22045,SPACEBOY GIFT WRAP,0.42,6477,PACIFIC IMPORTERS LLC,0.2441475334122864,27.0,Stationery,Pacific Importers,Stationery
22046,TEA PARTY  WRAPPING PAPER,0.42,2216,EuroParts GmbH,0.2582853779148947,18.0,LIGHTING,EuroParts GmbH,Lighting
22047,EMPIRE GIFT WRAP,0.42,3400,Euro Parts,0.2027816380580036,40.0,Unknown,EuroParts GmbH,Other
22048,BIRTHDAY BANQUET GIFT WRAP,0.42,950,acme-supplies,0.2390742185107001,25.0,Lighting,Acme Supplies Ltd,Lighting
22049,WRAP CHRISTMAS SCREEN PRINT,0.19,950,Pacific Importers,0.1045384412152284,16.0,Unknown,Pacific Importers,Other
22050,PINK PAISLEY ROSE GIFT WRAP,0.42,1125,ACME SUPPLIES,0.1790096887742916,8.0,LIGHTING,Acme Supplies Ltd,Lighting
22051,BLUE SCANDINAVIAN PAISLEY WRAP,0.42,700,Unknown Vendor,0.1836055719714777,27.0,Gifts,UNKNOWN,Gifts
22052,VINTAGE CARAVAN GIFT WRAP,0.42,500,,0.2911084603839599,25.0,Gifts,UNKNOWN,Gifts
22053,EMPIRE DESIGN ROSETTE,1.25,4243,Acme Supplies Ltd,0.6049212290903833,23.0,home decor,Acme Supplies Ltd,Home Decor
22055,MINI CAKE STAND  HANGING STRAWBERY,1.65,1359,EuroParts GmbH,0.7725884017904592,15.0,Lighting,EuroParts GmbH,Lighting
22057,CERAMIC PLATE STRAWBERRY DESIGN,1.49,536,,0.8593113218269476,38.0,Gifts,UNKNOWN,Gifts
22059,CERAMIC STRAWBERRY DESIGN MUG,1.49,1766,ACME SUPPLIES,0.9969016290055503,41.0,LIGHTING,Acme Supplies Ltd,Lighting
22060,LARGE CAKE STAND HANGING HEARTS,3.95,200,Pacific Importers,1.665641061935451,36.0,Unknown,Pacific Importers,Other
22061,LARGE CAKE STAND  HANGING STRAWBERY,9.95,567,,5.9887335801402255,8.0,home decor,UNKNOWN,Home Decor
22062,CERAMIC BOWL WITH LOVE HEART DESIGN,0.83,655,Acme Supplies Ltd,0.3666306336451865,40.0,Gifts,Acme Supplies Ltd,Gifts
22063,CERAMIC BOWL WITH STRAWBERRY DESIGN,2.95,584,EuroParts GmbH,1.2176460349774512,42.0,LIGHTING,EuroParts GmbH,Lighting
22064,PINK DOUGHNUT TRINKET POT,1.65,1699,GlobalTrade Co,0.6904596323736805,10.0,LIGHTING,GlobalTrade Co,Lighting
22065,CHRISTMAS PUDDING TRINKET POT,0.39,6741,,0.2698634007704523,10.0,home decor,UNKNOWN,Home Decor
22066,LOVE HEART TRINKET POT,0.39,2250,Unknown Vendor,0.1721032440152304,42.0,Home Decor,UNKNOWN,Home Decor
22067,CHOC TRUFFLE GOLD TRINKET POT,1.65,406,,0.6860749129480985,35.0,Unknown,UNKNOWN,Other
22068,BLACK PIRATE TREASURE CHEST,1.65,518,Global Trade Co.,0.9128871848250316,36.0,LIGHTING,GlobalTrade Co,Lighting
22069,BROWN  PIRATE TREASURE CHEST,3.36,416,,2.3365363230038207,17.0,home decor,UNKNOWN,Home Decor
22070,SMALL RED RETROSPOT MUG IN BOX,3.75,653,Euro Parts,1.8444109941422089,38.0,Kitchen,EuroParts GmbH,Kitchen
22071,SMALL WHITE RETROSPOT MUG IN BOX,3.75,444,GlobalTrade Co,2.053497810502765,37.0,LIGHTING,GlobalTrade Co,Lighting
22072,RED RETROSPOT TEA CUP AND SAUCER,3.75,836,Euro Parts,1.5523983239899235,24.0,Gifts,EuroParts GmbH,Gifts
22073,RED RETROSPOT STORAGE JAR,3.75,268,Acme Supplies Ltd,2.0894155498020246,25.0,Gifts,Acme Supplies Ltd,Gifts
22074,6 RIBBONS SHIMMERING PINKS,1.25,1391,Pacific Importers,0.7527057227787459,42.0,Unknown,Pacific Importers,Other
22075,6 RIBBONS ELEGANT CHRISTMAS,1.65,1788,acme-supplies,0.9896988235418636,24.0,LIGHTING,Acme Supplies Ltd,Lighting
22076,6 RIBBONS EMPIRE,1.65,1260,Acme Supplies Ltd,0.8519764147306959,7.0,Stationery,Acme Supplies Ltd,Stationery
22077,6 RIBBONS RUSTIC CHARM,1.95,9149,Acme Supplies Ltd,0.99535139580259,33.0,Kitchen,Acme Supplies Ltd,Kitchen
22078,RIBBON REEL LACE DESIGN,2.1,1184,EuroParts GmbH,0.9183683599183996,15.0,home decor,EuroParts GmbH,Home Decor
22079,RIBBON REEL HEARTS DESIGN,1.65,1881,GlobalTrade Co,0.87182603017322,30.0,Kitchen,GlobalTrade Co,Kitchen
22080,RIBBON REEL POLKADOTS,1.65,934,EuroParts GmbH,0.717458171274137,22.0,home decor,EuroParts GmbH,Home Decor
22081,RIBBON REEL FLORA + FAUNA,1.65,644,Acme Supplies Ltd,1.1027091580712098,35.0,LIGHTING,Acme Supplies Ltd,Lighting
22082,RIBBON REEL STRIPES DESIGN,1.65,2693,GlobalTrade Co,1.2180234069495772,18.0,Kitchen,GlobalTrade Co,Kitchen
22083,PAPER CHAIN KIT RETROSPOT,2.95,4602,Pacific Importers,2.181601876508375,31.0,Lighting,Pacific Importers,Lighting
22084,PAPER CHAIN KIT EMPIRE,2.95,5019,Euro Parts,2.073185910105094,25.0,Home Decor,EuroParts GmbH,Home Decor
22085,PAPER CHAIN KIT SKULLS,2.95,548,GlobalTrade Co,1.8003178941931568,26.0,Home Decor,GlobalTrade Co,Home Decor
22086,PAPER CHAIN KIT 50'S CHRISTMAS,2.95,18902,PACIFIC IMPORTERS LLC,1.903643832404306,36.0,Stationery,Pacific Importers,Stationery
22087,PAPER BUNTING WHITE LACE,2.95,3972,,1.4744749912675277,9.0,Kitchen,UNKNOWN,Kitchen
22088,PAPER BUNTING COLOURED LACE,2.95,1799,PACIFIC IMPORTERS LLC,1.8312704588282311,40.0,Kitchen,Pacific Importers,Kitchen
22089,PAPER BUNTING VINTAGE PAISLEY,2.95,1448,acme-supplies,1.650458159796674,39.0,Gifts,Acme Supplies Ltd,Gifts
22090,PAPER BUNTING RETROSPOT,2.95,7516,Acme Supplies Ltd,1.6776829033196827,6.0,home decor,Acme Supplies Ltd,Home Decor
22091,EMPIRE TISSUE BOX,0.39,1984,,0.2594365004912091,36.0,Unknown,UNKNOWN,Other
22092,BLUE PAISLEY TISSUE BOX,0.39,672,Acme Supplies Ltd,0.1944818555390248,44.0,Lighting,Acme Supplies Ltd,Lighting
22093,MOTORING TISSUE BOX,0.39,1823,,0.1994124069963019,24.0,Lighting,UNKNOWN,Lighting
22094,RED RETROSPOT TISSUE BOX,0.39,2107,Pacific Importers,0.2822136044890589,7.0,LIGHTING,Pacific Importers,Lighting
22095,LADS ONLY TISSUE BOX,0.42,1641,,0.1762649713430929,44.0,Stationery,UNKNOWN,Stationery
22096,PINK PAISLEY SQUARE TISSUE BOX,0.39,1367,Euro Parts,0.2222890817334209,25.0,Home Decor,EuroParts GmbH,Home Decor
22097,SWALLOW SQUARE TISSUE BOX,0.39,1600,Unknown Vendor,0.2805973092556731,17.0,LIGHTING,UNKNOWN,Lighting
22098,BOUDOIR SQUARE TISSUE BOX,0.39,1919,GlobalTrade Co,0.2393145505671784,33.0,Kitchen,GlobalTrade Co,Kitchen
22099,CARAVAN SQUARE TISSUE BOX,0.39,1437,EuroParts GmbH,0.230584565629956,11.0,Unknown,EuroParts GmbH,Other
22100,SKULLS SQUARE TISSUE BOX,0.39,757,Global Trade Co.,0.190090080464807,27.0,Stationery,GlobalTrade Co,Stationery
22101,MIRROR MOSAIC VOTIVE HOLDER,2.46,1114,Global Trade Co.,1.27956019608449,27.0,home decor,GlobalTrade Co,Home Decor
22102,MIRROR MOSAIC T-LIGHT HOLDER,1.65,902,PACIFIC IMPORTERS LLC,1.15205796012721,23.0,Lighting,Pacific Importers,Lighting
22103,MIRROR MOSAIC T-LIGHT HOLDER ROUND,1.65,778,,0.9829484710962846,11.0,Lighting,UNKNOWN,Lighting
22104,MIRROR MOSAIC CANDLE PLATE,1.63,288,Unknown Vendor,0.9456604215382428,23.0,Lighting,UNKNOWN,Lighting
22105,MIRROR MOSAIC GOBLET CANDLE HOLDER,4.13,334,EuroParts GmbH,1.795942475922112,24.0,Kitchen,EuroParts GmbH,Kitchen
22106,MIRROR MOSAIC HURRICANE LAMP,4.96,228,Global Trade Co.,2.011824879606094,25.0,Kitchen,GlobalTrade Co,Kitchen
22107,PIZZA PLATE IN BOX,3.52,573,Global Trade Co.,2.595260152462445,6.0,Kitchen,GlobalTrade Co,Kitchen
22108,PING! MICROWAVE PLATE,3.29,152,EuroParts GmbH,1.7500995716307983,31.0,Gifts,EuroParts GmbH,Gifts
22109,FULL ENGLISH BREAKFAST PLATE,3.75,1610,acme-supplies,2.2917171440055992,17.0,Home Decor,Acme Supplies Ltd,Home Decor
22110,BIRD HOUSE HOT WATER BOTTLE,2.55,1171,Acme Supplies Ltd,1.0911457028196518,3.0,home decor,Acme Supplies Ltd,Home Decor
22111,SCOTTIE DOG HOT WATER BOTTLE,4.95,4537,GlobalTrade Co,3.1634955000151783,23.0,Lighting,GlobalTrade Co,Lighting
22112,CHOCOLATE HOT WATER BOTTLE,4.95,5898,GlobalTrade Co,3.595671822833077,31.0,Lighting,GlobalTrade Co,Lighting
22113,GREY HEART HOT WATER BOTTLE,4.25,3204,GlobalTrade Co,2.556302063833662,22.0,LIGHTING,GlobalTrade Co,Lighting
22114,HOT WATER BOTTLE TEA AND SYMPATHY,4.25,5591,acme-supplies,1.887596542033423,35.0,Gifts,Acme Supplies Ltd,Gifts
22115,METAL SIGN EMPIRE TEA,0.79,1549,Acme Supplies Ltd,0.4768460023464164,43.0,Lighting,Acme Supplies Ltd,Lighting
22116,METAL SIGN HIS DINNER IS SERVED,1.63,563,Acme Supplies Ltd,1.0892010850762042,38.0,home decor,Acme Supplies Ltd,Home Decor
22117,METAL SIGN HER DINNER IS SERVED,2.95,1504,Unknown Vendor,1.5996250740126745,24.0,Lighting,UNKNOWN,Lighting
22118,JOY WOODEN BLOCK LETTERS,4.95,232,Global Trade Co.,3.504318898308593,15.0,Kitchen,GlobalTrade Co,Kitchen
22119,PEACE WOODEN BLOCK LETTERS,6.95,350,GlobalTrade Co,4.3579212840417885,9.0,Kitchen,GlobalTrade Co,Kitchen
22120,WELCOME  WOODEN BLOCK LETTERS,9.95,514,EuroParts GmbH,7.111634357942147,10.0,Home Decor,EuroParts GmbH,Home Decor
22121,NOEL WOODEN BLOCK LETTERS,5.95,305,ACME SUPPLIES,3.67844981067258,30.0,home decor,Acme Supplies Ltd,Home Decor
22123,PING MICROWAVE APRON,1.95,509,,0.8696040408932926,11.0,home decor,UNKNOWN,Home Decor
22124,SET OF 2 TEA TOWELS PING MICROWAVE,2.46,150,Euro Parts,1.250644563261568,27.0,Lighting,EuroParts GmbH,Lighting
22125,UNION JACK HOT WATER BOTTLE,9.205,14,Acme Supplies Ltd,4.332132874532354,18.0,Stationery,Acme Supplies Ltd,Stationery
22127,PARTY CONES CARNIVAL ASSORTED,1.25,-346,Global Trade Co.,0.8976115927511272,12.0,Lighting,GlobalTrade Co,Lighting
22128,PARTY CONES CANDY ASSORTED,1.25,1682,,0.8326750294382737,13.0,Lighting,UNKNOWN,Lighting
22129,PARTY CONES CANDY TREE DECORATION,2.46,1194,,1.5663789956315153,33.0,Home Decor,UNKNOWN,Home Decor
22130,PARTY CONE CHRISTMAS DECORATION,0.85,1742,Global Trade Co.,0.4295374800904075,14.0,Stationery,GlobalTrade Co,Stationery
22131,FOOD CONTAINER SET 3 LOVE HEART,1.95,2038,PACIFIC IMPORTERS LLC,0.9056105569242708,33.0,LIGHTING,Pacific Importers,Lighting
22132,RED LOVE HEART SHAPE CUP,0.85,1026,ACME SUPPLIES,0.5650441986767013,16.0,Lighting,Acme Supplies Ltd,Lighting
22133,PINK LOVE HEART SHAPE CUP,1.63,816,Unknown Vendor,0.9225071081240148,34.0,Unknown,UNKNOWN,Other
22134,LADLE LOVE HEART RED,0.83,890,acme-supplies,0.3975918648997577,19.0,Unknown,Acme Supplies Ltd,Other
22135,LADLE LOVE HEART PINK,0.83,568,,0.5111286846570123,37.0,home decor,UNKNOWN,Home Decor
22136,LOVE HEART SOCK HANGER,1.65,355,PACIFIC IMPORTERS LLC,0.683292799609956,3.0,home decor,Pacific Importers,Home Decor
22137,BATHROOM SET LOVE HEART DESIGN,2.95,82,PACIFIC IMPORTERS LLC,1.516770787387422,31.0,Stationery,Pacific Importers,Stationery
22138,BAKING SET 9 PIECE RETROSPOT,4.95,4880,Pacific Importers,2.791774993129141,6.0,Unknown,Pacific Importers,Other
22139,RETROSPOT TEA SET CERAMIC 11 PC,4.95,4559,acme-supplies,2.2363378138445458,25.0,Kitchen,Acme Supplies Ltd,Kitchen
22141,CHRISTMAS CRAFT TREE TOP ANGEL,2.1,2780,ACME SUPPLIES,1.5637210410292672,30.0,Kitchen,Acme Supplies Ltd,Kitchen
22142,CHRISTMAS CRAFT WHITE FAIRY,1.45,3183,ACME SUPPLIES,0.6861169125292292,18.0,Stationery,Acme Supplies Ltd,Stationery
22143,UNKNOWN,0.0,-1,ACME SUPPLIES,0.0,14.0,LIGHTING,Acme Supplies Ltd,Lighting
22144,CHRISTMAS CRAFT LITTLE FRIENDS,2.1,4038,Euro Parts,0.9895981323068688,23.0,Lighting,EuroParts GmbH,Lighting
22145,CHRISTMAS CRAFT HEART STOCKING,0.0,61,GlobalTrade Co,0.0,19.0,home decor,GlobalTrade Co,Home Decor
22146,EASTER CRAFT IVY WREATH WITH CHICK,0.975,-3,Acme Supplies Ltd,0.5352038062265164,42.0,Stationery,Acme Supplies Ltd,Stationery
22147,FELTCRAFT BUTTERFLY HEARTS,1.45,5273,Unknown Vendor,0.866948589424413,15.0,Unknown,UNKNOWN,Other
22148,EASTER CRAFT 4 CHICKS,1.95,1924,,0.7943387496431912,34.0,Stationery,UNKNOWN,Stationery
22149,FELTCRAFT 6 FLOWER FRIENDS,2.1,5449,,0.8653070118013862,39.0,Unknown,UNKNOWN,Other
22150,3 STRIPEY MICE FELTCRAFT,1.95,3019,Unknown Vendor,1.0842759377569384,17.0,home decor,UNKNOWN,Home Decor
22151,PLACE SETTING WHITE HEART,0.42,14260,ACME SUPPLIES,0.2880483207506386,14.0,Kitchen,Acme Supplies Ltd,Kitchen
22152,PLACE SETTING WHITE STAR,0.42,2225,GlobalTrade Co,0.2981301151700121,17.0,Stationery,GlobalTrade Co,Stationery
22153,ANGEL DECORATION STARS ON DRESS,0.42,2583,EuroParts GmbH,0.1807458654365591,36.0,home decor,EuroParts GmbH,Home Decor
22154,ANGEL DECORATION 3 BUTTONS,0.42,3742,EuroParts GmbH,0.2471393760088503,8.0,home decor,EuroParts GmbH,Home Decor
22155,STAR DECORATION RUSTIC,0.42,2336,ACME SUPPLIES,0.3022447638830527,19.0,Gifts,Acme Supplies Ltd,Gifts
22156,HEART DECORATION WITH PEARLS,0.85,2093,Euro Parts,0.4554218944333711,22.0,LIGHTING,EuroParts GmbH,Lighting
22157,ANGEL DECORATION WITH LACE PADDED,0.85,243,ACME SUPPLIES,0.5867958348499396,11.0,Unknown,Acme Supplies Ltd,Other
22158,3 HEARTS HANGING DECORATION RUSTIC,2.95,3318,ACME SUPPLIES,1.318040763167418,7.0,Gifts,Acme Supplies Ltd,Gifts
22161,HEART DECORATION RUSTIC HANGING,0.79,5064,Pacific Importers,0.5746365763931464,25.0,Kitchen,Pacific Importers,Kitchen
22162,HEART GARLAND RUSTIC PADDED,3.29,151,Pacific Importers,2.181263950137295,35.0,home decor,Pacific Importers,Home Decor
22163,HEART STRING MEMO HOLDER HANGING,1.63,760,Pacific Importers,1.1890312710849271,40.0,home decor,Pacific Importers,Home Decor
22164,STRING OF STARS CARD HOLDER,2.95,-2,Acme Supplies Ltd,1.8786072936429632,16.0,Lighting,Acme Supplies Ltd,Lighting
22165,"DIAMANTE HEART SHAPED WALL MIRROR,",10.79,414,,5.688394949195836,19.0,Unknown,UNKNOWN,Other
22166,WALL MIRROR RECTANGLE DIAMANTE PINK,15.79,204,acme-supplies,11.50085824995788,21.0,LIGHTING,Acme Supplies Ltd,Lighting
22167,OVAL WALL MIRROR DIAMANTE,9.95,233,Acme Supplies Ltd,4.939661298496714,35.0,LIGHTING,Acme Supplies Ltd,Lighting
22168,ORGANISER WOOD ANTIQUE WHITE,8.5,117,,4.388213253133654,3.0,Lighting,UNKNOWN,Lighting
22169,FAMILY ALBUM WHITE PICTURE FRAME,8.5,1166,Unknown Vendor,5.484905043555178,15.0,Kitchen,UNKNOWN,Kitchen
22170,PICTURE FRAME WOOD TRIPLE PORTRAIT,6.75,1049,,4.5080597576287245,29.0,Lighting,UNKNOWN,Lighting
22171,3 HOOK PHOTO SHELF ANTIQUE WHITE,8.5,1858,Euro Parts,6.164975364451233,8.0,home decor,EuroParts GmbH,Home Decor
22173,METAL 4 HOOK HANGER FRENCH CHATEAU,2.95,2320,PACIFIC IMPORTERS LLC,1.3914584873505365,8.0,Unknown,Pacific Importers,Other
22174,PHOTO CUBE,1.65,3239,Pacific Importers,1.1208438653391015,35.0,Home Decor,Pacific Importers,Home Decor
22175,PINK OWL SOFT TOY,2.95,877,Acme Supplies Ltd,1.9425488001323648,32.0,Unknown,Acme Supplies Ltd,Other
22176,BLUE OWL SOFT TOY,2.95,484,Global Trade Co.,1.2458678793318398,37.0,Unknown,GlobalTrade Co,Other
22178,VICTORIAN GLASS HANGING T-LIGHT,1.25,23854,GlobalTrade Co,0.6694101242794657,25.0,Gifts,GlobalTrade Co,Gifts
22179,SET 10 LIGHTS NIGHT OWL,6.75,938,acme-supplies,3.368033392304483,12.0,Home Decor,Acme Supplies Ltd,Home Decor
22180,RETROSPOT LAMP,9.95,300,EuroParts GmbH,5.040387902812911,21.0,Home Decor,EuroParts GmbH,Home Decor
22181,SNOWSTORM PHOTO FRAME FRIDGE MAGNET,0.85,472,Pacific Importers,0.6324266966675234,30.0,Home Decor,Pacific Importers,Home Decor
22182,CAKE STAND VICTORIAN FILIGREE SMALL,4.13,371,Acme Supplies Ltd,2.581134751185236,25.0,Unknown,Acme Supplies Ltd,Other
22183,CAKE STAND VICTORIAN FILIGREE MED,5.79,320,ACME SUPPLIES,3.770370733768527,6.0,Kitchen,Acme Supplies Ltd,Kitchen
22184,CAKE STAND VICTORIAN FILIGREE LARGE,8.47,41,EuroParts GmbH,6.283182985820345,22.0,Home Decor,EuroParts GmbH,Home Decor
22185,SLATE TILE NATURAL HANGING,1.65,1510,Acme Supplies Ltd,0.8778340293692863,21.0,Stationery,Acme Supplies Ltd,Stationery
22186,RED STAR CARD HOLDER,1.95,795,,1.3272559149690402,44.0,Lighting,UNKNOWN,Lighting
22187,GREEN CHRISTMAS TREE CARD HOLDER,1.95,1262,Pacific Importers,1.076567382455318,29.0,Kitchen,Pacific Importers,Kitchen
22188,BLACK HEART CARD HOLDER,3.95,4870,Pacific Importers,2.7821303012842096,36.0,Stationery,Pacific Importers,Stationery
22189,CREAM HEART CARD HOLDER,3.95,8283,Pacific Importers,1.8297590508628767,6.0,Unknown,Pacific Importers,Other
22190,LOCAL CAFE MUG,2.46,676,Euro Parts,1.7999577984523445,40.0,Unknown,EuroParts GmbH,Other
22191,IVORY DINER WALL CLOCK,8.5,1108,GlobalTrade Co,4.050845832522367,9.0,Stationery,GlobalTrade Co,Stationery
22192,BLUE DINER WALL CLOCK,8.5,924,EuroParts GmbH,4.370506008268271,9.0,Gifts,EuroParts GmbH,Gifts
22193,RED DINER WALL CLOCK,8.5,1379,Pacific Importers,5.649671896467671,28.0,Gifts,Pacific Importers,Gifts
22194,BLACK DINER WALL CLOCK,8.5,53,acme-supplies,4.571421546157086,28.0,Stationery,Acme Supplies Ltd,Stationery
22195,LARGE HEART MEASURING SPOONS,1.65,1978,,1.011242070082623,21.0,LIGHTING,UNKNOWN,Lighting
22196,SMALL HEART MEASURING SPOONS,0.85,2824,Euro Parts,0.472260616568155,11.0,Gifts,EuroParts GmbH,Gifts
22197,SMALL POPCORN HOLDER,0.85,56450,PACIFIC IMPORTERS LLC,0.5608550562842101,22.0,Lighting,Pacific Importers,Lighting
22198,LARGE POPCORN HOLDER,1.65,873,,0.7918612982428728,44.0,Lighting,UNKNOWN,Lighting
22199,FRYING PAN RED RETROSPOT,4.25,460,,1.7869562560148546,18.0,LIGHTING,UNKNOWN,Lighting
22200,FRYING PAN PINK POLKADOT,4.25,394,EuroParts GmbH,2.1461449787411864,19.0,Unknown,EuroParts GmbH,Other
22201,FRYING PAN BLUE POLKADOT,4.25,192,Euro Parts,2.40553413899179,24.0,Gifts,EuroParts GmbH,Gifts
22202,MILK PAN PINK POLKADOT,3.75,-49,EuroParts GmbH,1.7205263185028907,15.0,LIGHTING,EuroParts GmbH,Lighting
22203,MILK PAN RED RETROSPOT,3.75,402,EuroParts GmbH,1.9656714426740105,14.0,Home Decor,EuroParts GmbH,Home Decor
22204,MILK PAN BLUE POLKADOT,3.36,192,PACIFIC IMPORTERS LLC,1.8143800295132368,12.0,LIGHTING,Pacific Importers,Lighting
22206,"MUG , DOTCOMGIFTSHOP.COM",0.83,5,EuroParts GmbH,0.3486723305914435,3.0,Stationery,EuroParts GmbH,Stationery
22207,FRYING PAN UNION FLAG,4.25,1259,ACME SUPPLIES,2.5676695316740044,34.0,Lighting,Acme Supplies Ltd,Lighting
22208,WOOD STAMP SET THANK YOU,0.83,1502,,0.588901765825659,32.0,LIGHTING,UNKNOWN,Lighting
22209,WOOD STAMP SET HAPPY BIRTHDAY,0.83,938,,0.3760813162128617,10.0,home decor,UNKNOWN,Home Decor
22210,WOOD STAMP SET BEST WISHES,0.83,1019,Acme Supplies Ltd,0.5056632278931399,23.0,Gifts,Acme Supplies Ltd,Gifts
22211,WOOD STAMP SET FLOWERS,0.83,961,Euro Parts,0.5251067390266009,24.0,home decor,EuroParts GmbH,Home Decor
22212,FOUR HOOK  WHITE LOVEBIRDS,2.1,1591,Acme Supplies Ltd,1.148210990108177,20.0,Gifts,Acme Supplies Ltd,Gifts
22214,CANDLE PLATE LACE WHITE,2.55,193,GlobalTrade Co,1.6457295967226109,4.0,LIGHTING,GlobalTrade Co,Lighting
22215,CAKE STAND WHITE TWO TIER LACE,8.5,341,EuroParts GmbH,4.621926341885761,11.0,LIGHTING,EuroParts GmbH,Lighting
22216,T-LIGHT HOLDER WHITE LACE,0.85,588,ACME SUPPLIES,0.4901295931732868,5.0,Lighting,Acme Supplies Ltd,Lighting
22217,T-LIGHT HOLDER HANGING LACE,1.25,645,Euro Parts,0.5032169569925617,28.0,Lighting,EuroParts GmbH,Lighting
22218,CAKE STAND LACE WHITE,2.125,3,Euro Parts,1.3644668348876747,23.0,LIGHTING,EuroParts GmbH,Lighting
22219,LOVEBIRD HANGING DECORATION WHITE,0.85,3562,Pacific Importers,0.5367494469860555,32.0,Home Decor,Pacific Importers,Home Decor
22220,CAKE STAND LOVEBIRD 2 TIER WHITE,9.95,210,Acme Supplies Ltd,4.113731055288995,30.0,Gifts,Acme Supplies Ltd,Gifts
22221,CAKE STAND LOVEBIRD 2 TIER PINK,9.95,129,GlobalTrade Co,5.262430999003551,38.0,LIGHTING,GlobalTrade Co,Lighting
22222,CAKE PLATE LOVEBIRD WHITE,4.95,1057,PACIFIC IMPORTERS LLC,3.676172664171564,28.0,Gifts,Pacific Importers,Gifts
22223,CAKE PLATE LOVEBIRD PINK,4.95,441,Unknown Vendor,2.708926094650129,36.0,Kitchen,UNKNOWN,Kitchen
22224,WHITE LOVEBIRD LANTERN,2.95,831,PACIFIC IMPORTERS LLC,1.698258630798627,10.0,Unknown,Pacific Importers,Other
22227,HANGING HEART MIRROR DECORATION,0.65,2339,acme-supplies,0.4670091109813359,23.0,Home Decor,Acme Supplies Ltd,Home Decor
22228,BUNNY WOODEN PAINTED WITH BIRD,0.85,999,PACIFIC IMPORTERS LLC,0.5533854080700625,16.0,Lighting,Pacific Importers,Lighting
22229,BUNNY WOODEN PAINTED WITH FLOWER,0.85,566,Pacific Importers,0.5131658640094565,42.0,home decor,Pacific Importers,Home Decor
22230,JIGSAW TREE WITH WATERING CAN,0.83,1032,Euro Parts,0.5637622599295815,17.0,Lighting,EuroParts GmbH,Lighting
22231,JIGSAW TREE WITH BIRDHOUSE,1.25,931,Acme Supplies Ltd,0.8781602415744882,19.0,Stationery,Acme Supplies Ltd,Stationery
22232,JIGSAW TOADSTOOLS 3 PIECE,0.59,626,EuroParts GmbH,0.3303473868137455,20.0,Unknown,EuroParts GmbH,Other
22233,JIGSAW RABBIT AND BIRDHOUSE,1.25,576,Pacific Importers,0.7078599096576779,34.0,Lighting,Pacific Importers,Lighting
22236,CAKE STAND 3 TIER MAGIC GARDEN,12.75,263,Unknown Vendor,6.822752300346317,40.0,Gifts,UNKNOWN,Gifts
22241,GARLAND WOODEN HAPPY EASTER,1.25,1974,GlobalTrade Co,0.9229339362580766,25.0,Lighting,GlobalTrade Co,Lighting
22242,5 HOOK HANGER MAGIC TOADSTOOL,1.65,563,PACIFIC IMPORTERS LLC,1.0626135118526774,25.0,LIGHTING,Pacific Importers,Lighting
22243,5 HOOK HANGER RED MAGIC TOADSTOOL,1.65,3088,,0.7080613207351617,37.0,Gifts,UNKNOWN,Gifts
22244,3 HOOK HANGER MAGIC GARDEN,1.95,1680,Acme Supplies Ltd,1.368969942911135,41.0,Gifts,Acme Supplies Ltd,Gifts
22245,"HOOK, 1 HANGER ,MAGIC GARDEN",0.85,1111,,0.4829665823987897,17.0,Home Decor,UNKNOWN,Home Decor
22246,MAGIC GARDEN FELT GARLAND,1.95,419,EuroParts GmbH,0.8269245411333478,26.0,Lighting,EuroParts GmbH,Lighting
22247,BUNNY DECORATION MAGIC GARDEN,0.85,670,Acme Supplies Ltd,0.5035408834110849,30.0,Home Decor,Acme Supplies Ltd,Home Decor
22248,DECORATION  PINK CHICK MAGIC GARDEN,0.85,574,GlobalTrade Co,0.4641063729952713,18.0,home decor,GlobalTrade Co,Home Decor
22249,DECORATION WHITE CHICK MAGIC GARDEN,0.85,940,EuroParts GmbH,0.6011304479466308,18.0,home decor,EuroParts GmbH,Home Decor
22250,DECORATION  BUTTERFLY  MAGIC GARDEN,0.85,817,Acme Supplies Ltd,0.4006883945737927,42.0,Unknown,Acme Supplies Ltd,Other
22251,BIRDHOUSE DECORATION MAGIC GARDEN,1.25,698,Pacific Importers,0.86157826665283,41.0,Gifts,Pacific Importers,Gifts
22252,BIRDCAGE DECORATION TEALIGHT HOLDER,1.25,644,GlobalTrade Co,0.7439888023936356,8.0,LIGHTING,GlobalTrade Co,Lighting
22254,FELT TOADSTOOL LARGE,1.25,657,PACIFIC IMPORTERS LLC,0.5238920076558927,4.0,LIGHTING,Pacific Importers,Lighting
22255,FELT TOADSTOOL  SMALL,0.85,629,Acme Supplies Ltd,0.6291239771443317,15.0,home decor,Acme Supplies Ltd,Home Decor
22256,FELT FARM ANIMAL CHICKEN,1.25,291,,0.72426916929515,11.0,Unknown,UNKNOWN,Other
22257,FELT FARM ANIMAL SHEEP,0.85,373,Unknown Vendor,0.4265358641338958,36.0,Lighting,UNKNOWN,Lighting
22258,FELT FARM ANIMAL RABBIT,1.25,905,Unknown Vendor,0.7053654933703004,19.0,Unknown,UNKNOWN,Other
22259,FELT FARM ANIMAL HEN,0.85,481,EuroParts GmbH,0.595212690596453,29.0,Unknown,EuroParts GmbH,Other
22260,FELT EGG COSY BLUE RABBIT,1.63,548,Acme Supplies Ltd,0.8259472324616787,31.0,Lighting,Acme Supplies Ltd,Lighting
22261,FELT EGG COSY WHITE RABBIT,0.85,581,EuroParts GmbH,0.3973212279547933,39.0,Home Decor,EuroParts GmbH,Home Decor
22262,FELT EGG COSY CHICKEN,0.85,1022,Acme Supplies Ltd,0.3783986959619372,24.0,Home Decor,Acme Supplies Ltd,Home Decor
22263,FELT EGG COSY LADYBIRD,0.85,278,Acme Supplies Ltd,0.4286131710210878,26.0,Gifts,Acme Supplies Ltd,Gifts
22264,FELT FARM ANIMAL WHITE BUNNY,0.85,1563,GlobalTrade Co,0.5720643058944129,9.0,LIGHTING,GlobalTrade Co,Lighting
22265,EASTER DECORATION NATURAL CHICK,0.65,540,Pacific Importers,0.367294998081922,36.0,Gifts,Pacific Importers,Gifts
22266,EASTER DECORATION HANGING BUNNY,0.65,1888,Euro Parts,0.3117520648402803,23.0,Lighting,EuroParts GmbH,Lighting
22267,EASTER DECORATION EGG BUNNY,1.25,836,EuroParts GmbH,0.5727059373292652,25.0,Lighting,EuroParts GmbH,Lighting
22268,EASTER DECORATION SITTING BUNNY,0.63,1875,Global Trade Co.,0.3253668495705386,17.0,Kitchen,GlobalTrade Co,Kitchen
22269,EGG CUP NATURAL CHICKEN,0.83,933,acme-supplies,0.6050480303232983,35.0,Kitchen,Acme Supplies Ltd,Kitchen
22270,HAPPY EASTER HANGING DECORATION,3.75,237,Unknown Vendor,1.950222560274407,15.0,Stationery,UNKNOWN,Stationery
22271,FELTCRAFT DOLL ROSIE,2.95,1655,Global Trade Co.,2.2002381084231613,25.0,LIGHTING,GlobalTrade Co,Lighting
22272,FELTCRAFT DOLL MARIA,2.95,85,Global Trade Co.,1.6810004455777303,40.0,home decor,GlobalTrade Co,Home Decor
22273,FELTCRAFT DOLL MOLLY,2.95,3067,ACME SUPPLIES,1.364986745634581,34.0,Gifts,Acme Supplies Ltd,Gifts
22274,FELTCRAFT DOLL EMILY,2.95,1340,Euro Parts,2.1001021447767987,37.0,Unknown,EuroParts GmbH,Other
22275,WEEKEND BAG VINTAGE ROSE PAISLEY,7.65,69,EuroParts GmbH,4.292601511568499,3.0,home decor,EuroParts GmbH,Home Decor
22276,WASH BAG VINTAGE ROSE PAISLEY,2.55,224,ACME SUPPLIES,1.653381674077788,7.0,Stationery,Acme Supplies Ltd,Stationery
22277,COSMETIC BAG VINTAGE ROSE PAISLEY,2.1,417,Acme Supplies Ltd,1.5630280136587265,15.0,home decor,Acme Supplies Ltd,Home Decor
22278,OVERNIGHT BAG VINTAGE ROSE PAISLEY,4.95,400,EuroParts GmbH,2.066928794429355,7.0,LIGHTING,EuroParts GmbH,Lighting
22279,POCKET BAG BLUE PAISLEY RED SPOT,1.25,833,PACIFIC IMPORTERS LLC,0.5423038699070606,34.0,LIGHTING,Pacific Importers,Lighting
22280,POCKET BAG PINK PAISELY BROWN SPOT,1.25,469,acme-supplies,0.8151998243899559,23.0,LIGHTING,Acme Supplies Ltd,Lighting
22281,EASTER TREE YELLOW BIRDS,5.95,132,Unknown Vendor,2.9669005693628208,26.0,Stationery,UNKNOWN,Stationery
22282,12 EGG HOUSE PAINTED WOOD,12.75,148,ACME SUPPLIES,5.922444983889817,20.0,Home Decor,Acme Supplies Ltd,Home Decor
22283,6 EGG HOUSE PAINTED WOOD,7.95,297,Global Trade Co.,3.289524430598397,23.0,Unknown,GlobalTrade Co,Other
22284,HEN HOUSE DECORATION,1.65,941,,0.6726164761720316,12.0,LIGHTING,UNKNOWN,Lighting
22285,"DECORATION HEN ON NEST, HANGING",1.65,871,Global Trade Co.,1.1072654358016791,26.0,Home Decor,GlobalTrade Co,Home Decor
22286,"DECORATION , WOBBLY RABBIT , METAL",1.65,1102,PACIFIC IMPORTERS LLC,0.7376353043059152,42.0,LIGHTING,Pacific Importers,Lighting
22287,"DECORATION , WOBBLY CHICKEN, METAL",1.65,784,GlobalTrade Co,0.9301086557233396,23.0,Kitchen,GlobalTrade Co,Kitchen
22288,HANGING METAL RABBIT DECORATION,1.25,475,acme-supplies,0.7650798566410238,27.0,Stationery,Acme Supplies Ltd,Stationery
22289,HANGING METAL CHICKEN DECORATION,1.25,152,Unknown Vendor,0.6874039127488702,25.0,home decor,UNKNOWN,Home Decor
22291,HANGING CHICK CREAM DECORATION,1.45,1293,Global Trade Co.,0.5937566260606383,24.0,Kitchen,GlobalTrade Co,Kitchen
22292,HANGING CHICK  YELLOW DECORATION,1.45,1139,,0.9776270125633636,6.0,Unknown,UNKNOWN,Other
22293,HANGING CHICK GREEN DECORATION,1.45,907,ACME SUPPLIES,0.5853354614548891,36.0,LIGHTING,Acme Supplies Ltd,Lighting
22294,HEART FILIGREE DOVE  SMALL,1.25,5500,ACME SUPPLIES,0.8333268287901494,8.0,Unknown,Acme Supplies Ltd,Other
22295,HEART FILIGREE DOVE LARGE,1.65,2795,Acme Supplies Ltd,1.1758833451626407,30.0,Gifts,Acme Supplies Ltd,Gifts
22296,HEART IVORY TRELLIS LARGE,1.65,3155,PACIFIC IMPORTERS LLC,0.9099650544105168,33.0,LIGHTING,Pacific Importers,Lighting
22297,HEART IVORY TRELLIS SMALL,1.25,4171,GlobalTrade Co,0.7342998319802868,37.0,Lighting,GlobalTrade Co,Lighting
22299,PIG KEYRING WITH LIGHT & SOUND,1.25,1327,,0.7086802342702235,41.0,Home Decor,UNKNOWN,Home Decor
22300,COFFEE MUG DOG + BALL DESIGN,2.55,1530,Global Trade Co.,1.367368692121419,44.0,Gifts,GlobalTrade Co,Gifts
22301,COFFEE MUG CAT + BIRD DESIGN,2.55,2204,Unknown Vendor,1.8120263978180464,25.0,home decor,UNKNOWN,Home Decor
22302,COFFEE MUG PEARS  DESIGN,2.55,2318,ACME SUPPLIES,1.8178356582729664,8.0,Gifts,Acme Supplies Ltd,Gifts
22303,COFFEE MUG APPLES DESIGN,2.55,2748,,1.3197161054425697,18.0,home decor,UNKNOWN,Home Decor
22304,COFFEE MUG BLUE PAISLEY DESIGN,2.55,767,Euro Parts,1.5689497554581178,4.0,Home Decor,EuroParts GmbH,Home Decor
22305,COFFEE MUG PINK PAISLEY DESIGN,2.55,692,Euro Parts,1.847264999215184,26.0,Home Decor,EuroParts GmbH,Home Decor
22306,SILVER MUG BONE CHINA TREE OF LIFE,1.06,1157,Euro Parts,0.7809237031072416,19.0,Unknown,EuroParts GmbH,Other
22307,GOLD MUG BONE CHINA TREE OF LIFE,1.06,731,EuroParts GmbH,0.6128238039965797,3.0,Unknown,EuroParts GmbH,Other
22308,TEA COSY BLUE STRIPE,4.96,250,PACIFIC IMPORTERS LLC,2.770103861973592,8.0,Stationery,Pacific Importers,Stationery
22309,TEA COSY RED  STRIPE,2.55,370,Acme Supplies Ltd,1.2687346769662091,7.0,Kitchen,Acme Supplies Ltd,Kitchen
22310,IVORY KNITTED MUG COSY,3.29,668,Acme Supplies Ltd,2.420140961978757,31.0,Unknown,Acme Supplies Ltd,Other
22311,OFFICE MUG WARMER BLACK+SILVER,2.95,1130,,1.3274557693682356,14.0,Gifts,UNKNOWN,Gifts
22312,OFFICE MUG WARMER POLKADOT,2.95,623,PACIFIC IMPORTERS LLC,1.7786740372692762,41.0,Stationery,Pacific Importers,Stationery
22313,OFFICE MUG WARMER PINK,2.95,315,Euro Parts,1.4717331512129948,5.0,home decor,EuroParts GmbH,Home Decor
22314,OFFICE MUG WARMER CHOC+BLUE,2.95,569,Pacific Importers,1.4680760597841,3.0,Stationery,Pacific Importers,Stationery
22315,200 RED + WHITE BENDY STRAWS,1.25,918,Acme Supplies Ltd,0.6771737569770825,29.0,Gifts,Acme Supplies Ltd,Gifts
22316,200 BENDY SKULL STRAWS,1.25,660,Acme Supplies Ltd,0.9369719094193488,26.0,Unknown,Acme Supplies Ltd,Other
22317,FIVE CATS HANGING DECORATION,2.95,287,EuroParts GmbH,1.2367527118121164,21.0,LIGHTING,EuroParts GmbH,Lighting
22318,FIVE HEART HANGING DECORATION,2.95,455,Global Trade Co.,1.7773444272951462,10.0,home decor,GlobalTrade Co,Home Decor
22319,HAIRCLIPS FORTIES FABRIC ASSORTED,0.65,1340,ACME SUPPLIES,0.2787851659530256,4.0,Gifts,Acme Supplies Ltd,Gifts
22320,BIRDS MOBILE VINTAGE DESIGN,5.95,180,Pacific Importers,2.701789628455256,32.0,Lighting,Pacific Importers,Lighting
22321,BIRD DECORATION RED RETROSPOT,1.63,916,Acme Supplies Ltd,0.9027706582814388,32.0,Unknown,Acme Supplies Ltd,Other
22322,BIRD DECORATION GREEN POLKADOT,0.85,808,Pacific Importers,0.4918618890755662,41.0,Kitchen,Pacific Importers,Kitchen
22323,PINK POLKADOT KIDS BAG,0.975,2,acme-supplies,0.4783129093543938,34.0,home decor,Acme Supplies Ltd,Home Decor
22324,BLUE POLKADOT KIDS BAG,4.13,286,Euro Parts,2.1094387826789687,3.0,Gifts,EuroParts GmbH,Gifts
22325,MOBILE VINTAGE HEARTS,4.95,237,GlobalTrade Co,2.130670362593404,40.0,Unknown,GlobalTrade Co,Other
22326,ROUND SNACK BOXES SET OF4 WOODLAND,2.95,8519,Global Trade Co.,1.493074426819189,15.0,Home Decor,GlobalTrade Co,Home Decor
22327,ROUND SNACK BOXES SET OF 4 SKULLS,2.95,1165,Acme Supplies Ltd,2.1779715886604123,13.0,Lighting,Acme Supplies Ltd,Lighting
22328,ROUND SNACK BOXES SET OF 4 FRUITS,2.95,6189,Acme Supplies Ltd,2.155410371576837,12.0,home decor,Acme Supplies Ltd,Home Decor
22329,ROUND CONTAINER SET OF 5 RETROSPOT,1.65,1587,GlobalTrade Co,0.8533922125541088,28.0,home decor,GlobalTrade Co,Home Decor
22331,WOODLAND PARTY BAG + STICKER SET,1.65,1838,Global Trade Co.,0.9896681482009848,22.0,Kitchen,GlobalTrade Co,Kitchen
22332,SKULLS PARTY BAG + STICKER SET,1.65,1009,PACIFIC IMPORTERS LLC,1.1852913383665704,19.0,Unknown,Pacific Importers,Other
22333,RETROSPOT PARTY BAG + STICKER SET,1.65,4412,GlobalTrade Co,0.6635711575751178,19.0,Home Decor,GlobalTrade Co,Home Decor
22334,DINOSAUR PARTY BAG + STICKER SET,1.65,707,EuroParts GmbH,1.128169761869959,6.0,Unknown,EuroParts GmbH,Other
22335,HEART DECORATION PAINTED ZINC,0.65,2386,,0.475754073259479,7.0,Home Decor,UNKNOWN,Home Decor
22336,DOVE DECORATION PAINTED ZINC,0.65,2175,Euro Parts,0.2807766045608842,25.0,Kitchen,EuroParts GmbH,Kitchen
22337,ANGEL DECORATION PAINTED ZINC,0.63,912,Acme Supplies Ltd,0.2875992147702591,12.0,Lighting,Acme Supplies Ltd,Lighting
22338,STAR DECORATION PAINTED ZINC,0.19,4662,Pacific Importers,0.1398896291342951,30.0,home decor,Pacific Importers,Home Decor
22339,CHRISTMAS TREE PAINTED ZINC,0.19,2377,Acme Supplies Ltd,0.111746419552083,35.0,Home Decor,Acme Supplies Ltd,Home Decor
22340,NOEL GARLAND PAINTED ZINC,0.83,1399,acme-supplies,0.3361241223140357,28.0,Stationery,Acme Supplies Ltd,Stationery
22341,LOVE GARLAND PAINTED ZINC,2.47,453,Unknown Vendor,1.210722862931071,31.0,Kitchen,UNKNOWN,Kitchen
22342,HOME GARLAND PAINTED ZINC,1.63,961,Acme Supplies Ltd,0.9086928661703844,29.0,Kitchen,Acme Supplies Ltd,Kitchen
22343,PARTY PIZZA DISH RED RETROSPOT,0.43,1959,Pacific Importers,0.2762827911092275,20.0,Gifts,Pacific Importers,Gifts
22344,PARTY PIZZA DISH PINK POLKADOT,0.43,1228,PACIFIC IMPORTERS LLC,0.2823406369095883,42.0,Lighting,Pacific Importers,Lighting
22345,PARTY PIZZA DISH BLUE POLKADOT,0.43,1102,EuroParts GmbH,0.3218109376952811,12.0,Stationery,EuroParts GmbH,Stationery
22346,PARTY PIZZA DISH GREEN POLKADOT,0.43,1037,Pacific Importers,0.2152704355072557,44.0,Stationery,Pacific Importers,Stationery
22348,TEA BAG PLATE RED RETROSPOT,0.85,4074,Acme Supplies Ltd,0.5001204803058714,7.0,Gifts,Acme Supplies Ltd,Gifts
22349,DOG BOWL CHASING BALL DESIGN,3.75,1355,GlobalTrade Co,2.199987156565731,12.0,Home Decor,GlobalTrade Co,Home Decor
22350,ILLUSTRATED CAT BOWL,2.55,1412,Pacific Importers,1.3820383940566594,23.0,Home Decor,Pacific Importers,Home Decor
22351,GIVEN AWAY,1.65,-1387,Acme Supplies Ltd,0.7576909936939976,26.0,LIGHTING,Acme Supplies Ltd,Lighting
22352,LUNCH BOX WITH CUTLERY RETROSPOT,2.55,3077,GlobalTrade Co,1.8923799826415797,40.0,LIGHTING,GlobalTrade Co,Lighting
22353,LUNCH BOX WITH CUTLERY FAIRY CAKES,2.55,94,Acme Supplies Ltd,1.7815855890999277,5.0,Stationery,Acme Supplies Ltd,Stationery
22354,RETROSPOT PADDED SEAT CUSHION,3.75,749,Acme Supplies Ltd,2.154062099636186,42.0,Lighting,Acme Supplies Ltd,Lighting
22355,CHARLOTTE BAG SUKI DESIGN,0.85,18003,GlobalTrade Co,0.5194655132484989,33.0,Home Decor,GlobalTrade Co,Home Decor
22356,CHARLOTTE BAG PINK POLKADOT,0.85,9455,Acme Supplies Ltd,0.4076101634339995,43.0,Kitchen,Acme Supplies Ltd,Kitchen
22357,KINGS CHOICE BISCUIT TIN,4.25,464,Pacific Importers,2.5088832672077235,39.0,Unknown,Pacific Importers,Other
22358,KINGS CHOICE TEA CADDY,2.95,692,EuroParts GmbH,1.897556662447924,4.0,Gifts,EuroParts GmbH,Gifts
22359,GLASS JAR KINGS CHOICE,2.95,186,Euro Parts,1.7119099568091531,4.0,Lighting,EuroParts GmbH,Lighting
22360,GLASS JAR ENGLISH CONFECTIONERY,2.95,914,ACME SUPPLIES,2.202469438628952,41.0,Home Decor,Acme Supplies Ltd,Home Decor
22361,GLASS JAR DAISY FRESH COTTON WOOL,5.79,721,ACME SUPPLIES,3.5548838663860174,44.0,Unknown,Acme Supplies Ltd,Other
22362,GLASS JAR PEACOCK BATH SALTS,2.95,381,Acme Supplies Ltd,1.563030358251415,36.0,Stationery,Acme Supplies Ltd,Stationery
22363,GLASS JAR MARMALADE,2.95,354,PACIFIC IMPORTERS LLC,1.977246968513353,44.0,Gifts,Pacific Importers,Gifts
22364,GLASS JAR DIGESTIVE BISCUITS,2.95,557,EuroParts GmbH,1.3560025432080456,22.0,Home Decor,EuroParts GmbH,Home Decor
22365,DOORMAT RESPECTABLE HOUSE,7.95,791,Acme Supplies Ltd,4.249915251637686,35.0,Stationery,Acme Supplies Ltd,Stationery
22366,DOORMAT AIRMAIL,7.95,776,,4.145413279425633,6.0,Home Decor,UNKNOWN,Home Decor
22367,CHILDRENS APRON SPACEBOY DESIGN,1.95,3722,Acme Supplies Ltd,1.074708342411058,13.0,Gifts,Acme Supplies Ltd,Gifts
22371,AIRLINE BAG VINTAGE TOKYO 78,4.25,1086,Pacific Importers,2.8628974910689804,44.0,Kitchen,Pacific Importers,Kitchen
22372,AIRLINE BAG VINTAGE WORLD CHAMPION,4.25,281,EuroParts GmbH,2.420207385343069,7.0,home decor,EuroParts GmbH,Home Decor
22374,AIRLINE BAG VINTAGE JET SET RED,4.25,551,,2.8810964947706195,27.0,Kitchen,UNKNOWN,Kitchen
22375,AIRLINE BAG VINTAGE JET SET BROWN,4.25,354,EuroParts GmbH,2.5575272434205507,39.0,home decor,EuroParts GmbH,Home Decor
22376,AIRLINE BAG VINTAGE JET SET WHITE,4.25,255,Euro Parts,2.208828284053114,36.0,Unknown,EuroParts GmbH,Other
22377,BOTTLE BAG RETROSPOT,2.1,1321,GlobalTrade Co,1.4353343766073523,11.0,Stationery,GlobalTrade Co,Stationery
22378,WALL TIDY RETROSPOT,2.1,2287,Euro Parts,1.0151429078565224,8.0,home decor,EuroParts GmbH,Home Decor
22379,RECYCLING BAG RETROSPOT,2.1,6846,Acme Supplies Ltd,1.0049214901528496,20.0,Kitchen,Acme Supplies Ltd,Kitchen
22380,TOY TIDY SPACEBOY,2.1,1280,,1.2108096491803044,16.0,Gifts,UNKNOWN,Gifts
22381,TOY TIDY PINK POLKADOT,2.1,3414,Pacific Importers,1.0317241957821357,21.0,Stationery,Pacific Importers,Stationery
22382,LUNCH BAG SPACEBOY DESIGN,1.65,10305,Euro Parts,0.6652477626843275,16.0,Home Decor,EuroParts GmbH,Home Decor
22383,LUNCH BAG SUKI  DESIGN,1.65,12405,Global Trade Co.,1.034391822015058,42.0,home decor,GlobalTrade Co,Home Decor
22384,LUNCH BAG PINK POLKADOT,1.65,10363,PACIFIC IMPORTERS LLC,0.9551566819003098,19.0,LIGHTING,Pacific Importers,Lighting
22385,JUMBO BAG SPACEBOY DESIGN,2.08,8566,Pacific Importers,1.1563369689510214,37.0,home decor,Pacific Importers,Home Decor
22386,JUMBO BAG PINK POLKADOT,2.08,21009,EuroParts GmbH,1.5359530786421336,31.0,Lighting,EuroParts GmbH,Lighting
22389,PAPERWEIGHT SAVE THE PLANET,2.55,238,Acme Supplies Ltd,1.5297952716869003,44.0,home decor,Acme Supplies Ltd,Home Decor
22390,PAPERWEIGHT CHILDHOOD MEMORIES,2.55,268,Acme Supplies Ltd,1.7906126831770257,19.0,home decor,Acme Supplies Ltd,Home Decor
22391,PAPERWEIGHT HOME SWEET HOME,2.55,158,acme-supplies,1.1444593358131054,10.0,Home Decor,Acme Supplies Ltd,Home Decor
22393,PAPERWEIGHT VINTAGE COLLAGE,2.55,508,ACME SUPPLIES,1.528016768343014,3.0,Gifts,Acme Supplies Ltd,Gifts
22394,PAPERWEIGHT KINGS CHOICE,2.55,162,,1.7946718168573306,23.0,Unknown,UNKNOWN,Other
22395,PAPERWEIGHT VINTAGE PAISLEY,4.96,152,ACME SUPPLIES,2.9962715946379026,9.0,Stationery,Acme Supplies Ltd,Stationery
22396,MAGNETS PACK OF 4 RETRO PHOTO,0.39,1220,Unknown Vendor,0.2540089353143357,7.0,Home Decor,UNKNOWN,Home Decor
22398,MAGNETS PACK OF 4 SWALLOWS,0.39,2492,GlobalTrade Co,0.2067839470063663,26.0,Stationery,GlobalTrade Co,Stationery
22399,MAGNETS PACK OF 4 CHILDHOOD MEMORY,1.25,1128,ACME SUPPLIES,0.5404466637037166,30.0,LIGHTING,Acme Supplies Ltd,Lighting
22400,MAGNETS PACK OF 4 HOME SWEET HOME,0.39,1399,Euro Parts,0.2185033902848452,19.0,Kitchen,EuroParts GmbH,Kitchen
22402,MAGNETS PACK OF 4 VINTAGE COLLAGE,0.39,1711,PACIFIC IMPORTERS LLC,0.209846436849504,39.0,Lighting,Pacific Importers,Lighting
22403,MAGNETS PACK OF 4 VINTAGE LABELS,0.42,1311,Pacific Importers,0.2954578468097052,22.0,LIGHTING,Pacific Importers,Lighting
22405,MONEY BOX POCKET MONEY DESIGN,1.25,373,Pacific Importers,0.6067479447792067,5.0,Gifts,Pacific Importers,Gifts
22406,MONEY BOX KINGS CHOICE DESIGN,1.25,345,EuroParts GmbH,0.9229462245466096,39.0,Home Decor,EuroParts GmbH,Home Decor
22407,MONEY BOX FIRST ADE DESIGN,1.25,95,ACME SUPPLIES,0.9191854274144672,28.0,Lighting,Acme Supplies Ltd,Lighting
22408,MONEY BOX CONFECTIONERY DESIGN,1.25,146,Unknown Vendor,0.6083388438437545,17.0,home decor,UNKNOWN,Home Decor
22409,MONEY BOX BISCUITS DESIGN,1.25,207,Unknown Vendor,0.6522727305213277,10.0,Gifts,UNKNOWN,Gifts
22410,MONEY BOX HOUSEKEEPING DESIGN,1.25,237,PACIFIC IMPORTERS LLC,0.8918056366323246,15.0,LIGHTING,Pacific Importers,Lighting
22411,JUMBO SHOPPER VINTAGE RED PAISLEY,2.08,12248,ACME SUPPLIES,1.5357009768123662,5.0,Gifts,Acme Supplies Ltd,Gifts
22412,METAL SIGN NEIGHBOURHOOD WITCH,2.1,875,EuroParts GmbH,1.1659277405844926,3.0,Unknown,EuroParts GmbH,Other
22413,METAL SIGN TAKE IT OR LEAVE IT,2.95,3759,Acme Supplies Ltd,1.511429449624227,11.0,LIGHTING,Acme Supplies Ltd,Lighting
22414,DOORMAT NEIGHBOURHOOD WITCH,7.95,280,Acme Supplies Ltd,4.643856591872416,33.0,LIGHTING,Acme Supplies Ltd,Lighting
22415,WHITE TISSUE REAM,7.95,-12,acme-supplies,5.093717816712657,43.0,Kitchen,Acme Supplies Ltd,Kitchen
22416,SET OF 36 DOILIES SPACEBOY DESIGN,1.45,862,Global Trade Co.,0.7187883165528022,28.0,Unknown,GlobalTrade Co,Other
22417,PACK OF 60 SPACEBOY CAKE CASES,0.55,8380,,0.3617710861141715,19.0,Unknown,UNKNOWN,Other
22418,10 COLOUR SPACEBOY PEN,0.85,6392,EuroParts GmbH,0.3553680637416057,36.0,Stationery,EuroParts GmbH,Stationery
22419,LIPSTICK PEN RED,0.42,3341,EuroParts GmbH,0.1752462904363692,11.0,Stationery,EuroParts GmbH,Stationery
22420,LIPSTICK PEN BABY PINK,0.42,1334,Global Trade Co.,0.2247842926563951,15.0,home decor,GlobalTrade Co,Home Decor
22421,LIPSTICK PEN FUSCHIA,0.42,2596,GlobalTrade Co,0.2199605592329259,7.0,Lighting,GlobalTrade Co,Lighting
22422,TOOTHPASTE TUBE PEN,1.25,1274,GlobalTrade Co,0.6380895317231292,43.0,Kitchen,GlobalTrade Co,Kitchen
22423,REGENCY CAKESTAND 3 TIER,12.75,12980,Unknown Vendor,7.291175690910012,15.0,LIGHTING,UNKNOWN,Lighting
22424,ENAMEL BREAD BIN CREAM,12.75,847,Acme Supplies Ltd,6.531273611065386,3.0,Gifts,Acme Supplies Ltd,Gifts
22425,ENAMEL COLANDER CREAM,4.95,455,,2.3130868437459693,27.0,home decor,UNKNOWN,Home Decor
22426,ENAMEL WASH BOWL CREAM,3.75,719,Pacific Importers,1.9061787831787889,6.0,Kitchen,Pacific Importers,Kitchen
22427,ENAMEL FLOWER JUG CREAM,5.95,2042,Global Trade Co.,4.4102381481273145,38.0,Kitchen,GlobalTrade Co,Kitchen
22428,ENAMEL FIRE BUCKET CREAM,6.95,250,EuroParts GmbH,3.78003338683997,12.0,LIGHTING,EuroParts GmbH,Lighting
22429,ENAMEL MEASURING JUG CREAM,4.25,1239,Pacific Importers,2.3615102555767744,30.0,LIGHTING,Pacific Importers,Lighting
22430,ENAMEL WATERING CAN CREAM,4.95,610,,2.9788641950903503,8.0,Lighting,UNKNOWN,Lighting
22431,WATERING CAN BLUE ELEPHANT,1.95,2054,,1.4511300744427096,29.0,Stationery,UNKNOWN,Stationery
22432,WATERING CAN PINK BUNNY,1.95,1707,Global Trade Co.,0.9448928711674084,14.0,LIGHTING,GlobalTrade Co,Lighting
22433,WATERING CAN GREEN DINOSAUR,1.95,1391,acme-supplies,1.244975040438386,5.0,Kitchen,Acme Supplies Ltd,Kitchen
22434,BALLOON PUMP WITH 10 BALLOONS,1.95,780,Pacific Importers,1.268659553342227,35.0,Kitchen,Pacific Importers,Kitchen
22435,SET OF 9 HEART SHAPED BALLOONS,1.25,2320,,0.7657044323469664,12.0,Kitchen,UNKNOWN,Kitchen
22436,12 COLOURED PARTY BALLOONS,0.65,2135,ACME SUPPLIES,0.2801515722673365,33.0,Home Decor,Acme Supplies Ltd,Home Decor
22437,SET OF 9 BLACK SKULL BALLOONS,0.85,2840,PACIFIC IMPORTERS LLC,0.541369502058704,17.0,Kitchen,Pacific Importers,Kitchen
22438,BALLOON ART MAKE YOUR OWN FLOWERS,1.95,1022,PACIFIC IMPORTERS LLC,0.8237446402821897,9.0,Kitchen,Pacific Importers,Kitchen
22439,6 ROCKET BALLOONS,0.65,1836,EuroParts GmbH,0.3956224527726015,38.0,LIGHTING,EuroParts GmbH,Lighting
22440,BALLOON WATER BOMB PACK OF 35,0.42,6024,Acme Supplies Ltd,0.2767184330515961,16.0,Gifts,Acme Supplies Ltd,Gifts
22441,GROW YOUR OWN BASIL IN ENAMEL MUG,2.1,1048,EuroParts GmbH,0.9950628696056636,23.0,Unknown,EuroParts GmbH,Other
22442,GROW YOUR OWN FLOWERS SET OF 3,7.95,285,,5.521813235987769,5.0,Home Decor,UNKNOWN,Home Decor
22443,GROW YOUR OWN HERBS SET OF 3,7.95,156,ACME SUPPLIES,3.2644594638955846,5.0,Kitchen,Acme Supplies Ltd,Kitchen
22444,GROW YOUR OWN PLANT IN A CAN,1.25,1341,acme-supplies,0.869168127850509,24.0,Unknown,Acme Supplies Ltd,Other
22445,PENCIL CASE LIFE IS BEAUTIFUL,2.95,475,Unknown Vendor,1.655289744788655,21.0,Kitchen,UNKNOWN,Kitchen
22446,PIN CUSHION BABUSHKA PINK,2.46,439,ACME SUPPLIES,1.171343216281146,37.0,Lighting,Acme Supplies Ltd,Lighting
22447,PIN CUSHION BABUSHKA BLUE,2.51,137,,1.121524100377201,14.0,LIGHTING,UNKNOWN,Lighting
22448,PIN CUSHION BABUSHKA RED,3.35,201,Pacific Importers,2.457752653990332,7.0,LIGHTING,Pacific Importers,Lighting
22449,SILK PURSE BABUSHKA PINK,3.35,361,acme-supplies,1.4252004014389064,12.0,Lighting,Acme Supplies Ltd,Lighting
22450,SILK PURSE BABUSHKA BLUE,3.35,194,,1.573437034874873,43.0,Unknown,UNKNOWN,Other
22451,SILK PURSE BABUSHKA RED,3.35,209,Global Trade Co.,1.7478217023652465,35.0,LIGHTING,GlobalTrade Co,Lighting
22452,MEASURING TAPE BABUSHKA PINK,2.55,682,Pacific Importers,1.5735596026978,15.0,Home Decor,Pacific Importers,Home Decor
22453,MEASURING TAPE BABUSHKA BLUE,2.95,431,GlobalTrade Co,1.7425071205475715,37.0,Gifts,GlobalTrade Co,Gifts
22454,MEASURING TAPE BABUSHKA RED,2.95,262,Pacific Importers,1.3097269059157144,34.0,Home Decor,Pacific Importers,Home Decor
22456,NATURAL SLATE CHALKBOARD LARGE,4.95,1663,ACME SUPPLIES,2.481953731826457,13.0,Home Decor,Acme Supplies Ltd,Home Decor
22457,NATURAL SLATE HEART CHALKBOARD,2.95,9120,GlobalTrade Co,1.42651120364632,40.0,Lighting,GlobalTrade Co,Lighting
22458,CAST IRON HOOK GARDEN FORK,2.55,458,Unknown Vendor,1.2105869976326298,26.0,Lighting,UNKNOWN,Lighting
22459,CAST IRON HOOK GARDEN TROWEL,2.55,183,acme-supplies,1.3869463203083885,37.0,Gifts,Acme Supplies Ltd,Gifts
22460,EMBOSSED GLASS TEALIGHT HOLDER,1.25,2540,PACIFIC IMPORTERS LLC,0.8080137605088499,21.0,home decor,Pacific Importers,Home Decor
22461,SAVOY ART DECO CLOCK,10.95,180,GlobalTrade Co,5.213388362722557,8.0,home decor,GlobalTrade Co,Home Decor
22464,HANGING METAL HEART LANTERN,1.65,3305,Euro Parts,0.8717570530284718,42.0,home decor,EuroParts GmbH,Home Decor
22465,HANGING METAL STAR LANTERN,1.65,2033,Acme Supplies Ltd,0.8857548140007712,44.0,Kitchen,Acme Supplies Ltd,Kitchen
22466,FAIRY TALE COTTAGE NIGHTLIGHT,1.95,3049,Unknown Vendor,1.4464315813396675,37.0,Gifts,UNKNOWN,Gifts
22467,GUMBALL COAT RACK,2.55,7877,Global Trade Co.,1.8720397235145687,6.0,Kitchen,GlobalTrade Co,Kitchen
22468,BABUSHKA LIGHTS STRING OF 10,6.75,514,acme-supplies,4.59032503925178,35.0,Unknown,Acme Supplies Ltd,Other
22469,HEART OF WICKER SMALL,1.65,17791,Acme Supplies Ltd,0.7995580267730794,15.0,Unknown,Acme Supplies Ltd,Other
22470,HEART OF WICKER LARGE,2.95,9830,ACME SUPPLIES,1.250248526799649,38.0,Stationery,Acme Supplies Ltd,Stationery
22471,TV DINNER TRAY AIR HOSTESS,4.95,419,Pacific Importers,2.529036418600983,21.0,home decor,Pacific Importers,Home Decor
22472,TV DINNER TRAY DOLLY GIRL,4.95,321,GlobalTrade Co,2.442221556894112,14.0,Lighting,GlobalTrade Co,Lighting
22473,TV DINNER TRAY VINTAGE PAISLEY,4.95,505,Euro Parts,2.856516448753627,13.0,Stationery,EuroParts GmbH,Stationery
22474,SPACEBOY TV DINNER TRAY,4.95,273,Global Trade Co.,3.327413604192452,8.0,Stationery,GlobalTrade Co,Stationery
22475,SKULL DESIGN TV DINNER TRAY,4.95,324,acme-supplies,3.4670444916076213,14.0,Lighting,Acme Supplies Ltd,Lighting
22476,EMPIRE UNION JACK TV DINNER TRAY,4.95,874,PACIFIC IMPORTERS LLC,3.4437270279737064,29.0,LIGHTING,Pacific Importers,Lighting
22477,WATERING CAN GARDEN MARKER,1.25,1373,EuroParts GmbH,0.6573580580350922,43.0,Stationery,EuroParts GmbH,Stationery
22478,BIRDHOUSE GARDEN MARKER,1.25,1543,ACME SUPPLIES,0.8006650252640488,27.0,LIGHTING,Acme Supplies Ltd,Lighting
22479,DAISY GARDEN MARKER,1.25,1139,ACME SUPPLIES,0.6368649614168463,44.0,home decor,Acme Supplies Ltd,Home Decor
22480,RED TEA TOWEL CLASSIC DESIGN,1.25,607,Acme Supplies Ltd,0.5266461751653925,5.0,Home Decor,Acme Supplies Ltd,Home Decor
22481,BLACK TEA TOWEL CLASSIC DESIGN,1.25,539,EuroParts GmbH,0.8069348037012873,5.0,LIGHTING,EuroParts GmbH,Lighting
22482,BLUE TEA TOWEL CLASSIC DESIGN,1.25,412,PACIFIC IMPORTERS LLC,0.5042995542492822,22.0,Kitchen,Pacific Importers,Kitchen
22483,RED GINGHAM TEDDY BEAR,2.95,773,Global Trade Co.,1.6024810215508896,30.0,home decor,GlobalTrade Co,Home Decor
22485,SET OF 2 WOODEN MARKET CRATES,12.75,520,Euro Parts,6.569854989260513,25.0,LIGHTING,EuroParts GmbH,Lighting
22486,PLASMATRONIC LAMP,8.29,65,Euro Parts,5.32783492801245,5.0,Gifts,EuroParts GmbH,Gifts
22487,WHITE WOOD GARDEN PLANT LADDER,9.95,760,Pacific Importers,6.648449858888019,44.0,Lighting,Pacific Importers,Lighting
22488,NATURAL SLATE RECTANGLE CHALKBOARD,1.65,3161,,0.8356146522734164,26.0,Home Decor,UNKNOWN,Home Decor
22489,PACK OF 12 TRADITIONAL CRAYONS,0.42,9719,ACME SUPPLIES,0.2873091711233934,42.0,Unknown,Acme Supplies Ltd,Other
22491,PACK OF 12 COLOURED PENCILS,0.85,3947,Acme Supplies Ltd,0.4274402362502177,8.0,Gifts,Acme Supplies Ltd,Gifts
22492,MINI PAINT SET VINTAGE,0.65,26437,acme-supplies,0.3615392468969427,22.0,Gifts,Acme Supplies Ltd,Gifts
22493,PAINT YOUR OWN CANVAS SET,1.65,2190,Acme Supplies Ltd,1.0798531993506624,13.0,LIGHTING,Acme Supplies Ltd,Lighting
22494,EMERGENCY FIRST AID TIN,2.46,1049,Pacific Importers,1.5806043173625428,34.0,Gifts,Pacific Importers,Gifts
22495,SET OF 2 ROUND TINS CAMEMBERT,2.95,277,,2.1994579476623466,29.0,Stationery,UNKNOWN,Stationery
22496,SET OF 2 ROUND TINS DUTCH CHEESE,2.95,250,Acme Supplies Ltd,1.4124787575029498,23.0,Stationery,Acme Supplies Ltd,Stationery
22497,SET OF 2 TINS VINTAGE BATHROOM,4.25,208,Acme Supplies Ltd,2.685197896390129,15.0,Stationery,Acme Supplies Ltd,Stationery
22498,WOODEN REGATTA BUNTING,5.95,334,Global Trade Co.,3.649662573984307,24.0,home decor,GlobalTrade Co,Home Decor
22499,WOODEN UNION JACK BUNTING,5.95,2087,,4.285692531475488,37.0,LIGHTING,UNKNOWN,Lighting
22500,SET OF 2 TINS JARDIN DE PROVENCE,4.95,253,GlobalTrade Co,1.0306951407350362,24.0,Stationery,GlobalTrade Co,Stationery
22501,PICNIC BASKET WICKER LARGE,9.95,1467,Pacific Importers,6.598137104691494,30.0,Home Decor,Pacific Importers,Home Decor
22502,PICNIC BASKET WICKER SMALL,5.95,1873,Acme Supplies Ltd,3.5634193933797107,23.0,Stationery,Acme Supplies Ltd,Stationery
22503,CABIN BAG VINTAGE PAISLEY,24.95,80,Acme Supplies Ltd,12.378519707922884,20.0,LIGHTING,Acme Supplies Ltd,Lighting
22504,CABIN BAG VINTAGE RETROSPOT,16.63,242,Unknown Vendor,9.413448417793628,33.0,Lighting,UNKNOWN,Lighting
22505,MEMO BOARD COTTAGE DESIGN,4.95,1456,Unknown Vendor,2.5582679544234246,39.0,Gifts,UNKNOWN,Gifts
22507,MEMO BOARD RETROSPOT  DESIGN,4.95,2953,Acme Supplies Ltd,2.983660470331009,23.0,Home Decor,Acme Supplies Ltd,Home Decor
22508,DOORSTOP RETROSPOT HEART,3.75,1577,Unknown Vendor,2.666813301694249,16.0,LIGHTING,UNKNOWN,Lighting
22509,SEWING BOX RETROSPOT DESIGN,16.95,195,PACIFIC IMPORTERS LLC,10.157401820025388,27.0,Unknown,Pacific Importers,Other
22510,GINGHAM BABUSHKA DOORSTOP,3.75,211,,2.3291356740536417,29.0,Stationery,UNKNOWN,Stationery
22511,RETROSPOT BABUSHKA DOORSTOP,3.75,250,Global Trade Co.,2.1808565493380563,42.0,Unknown,GlobalTrade Co,Other
22512,DOORSTOP RACING CAR DESIGN,3.75,124,Pacific Importers,1.567154727209687,25.0,Gifts,Pacific Importers,Gifts
22513,DOORSTOP FOOTBALL DESIGN,3.75,153,Pacific Importers,1.8056268558998736,33.0,Home Decor,Pacific Importers,Home Decor
22514,CHILDS GARDEN SPADE BLUE,2.1,309,PACIFIC IMPORTERS LLC,1.2016212711325809,31.0,Gifts,Pacific Importers,Gifts
22515,CHILDS GARDEN SPADE PINK,2.1,270,Acme Supplies Ltd,1.068022933552358,32.0,Unknown,Acme Supplies Ltd,Other
22516,CHILDS GARDEN RAKE BLUE,2.1,208,Acme Supplies Ltd,0.973596244354478,28.0,home decor,Acme Supplies Ltd,Home Decor
22517,CHILDS GARDEN RAKE PINK,2.1,206,GlobalTrade Co,1.2105376388100522,22.0,Home Decor,GlobalTrade Co,Home Decor
22518,CHILDS GARDEN BRUSH BLUE,2.1,336,EuroParts GmbH,1.07726519818417,40.0,Kitchen,EuroParts GmbH,Kitchen
22519,CHILDS GARDEN BRUSH PINK,2.1,394,ACME SUPPLIES,1.0297091177324598,21.0,home decor,Acme Supplies Ltd,Home Decor
22520,CHILDS GARDEN TROWEL BLUE,0.85,622,EuroParts GmbH,0.4780356616885133,29.0,Home Decor,EuroParts GmbH,Home Decor
22521,CHILDS GARDEN TROWEL PINK,0.85,520,Unknown Vendor,0.3796520667794465,27.0,Stationery,UNKNOWN,Stationery
22522,CHILDS GARDEN FORK BLUE,0.85,795,Acme Supplies Ltd,0.6160043555899336,42.0,LIGHTING,Acme Supplies Ltd,Lighting
22523,CHILDS GARDEN FORK PINK,0.85,764,EuroParts GmbH,0.5981413741309736,40.0,Unknown,EuroParts GmbH,Other
22524,CHILDRENS GARDEN GLOVES BLUE,1.25,586,Global Trade Co.,0.8095840062614843,25.0,Gifts,GlobalTrade Co,Gifts
22525,CHILDRENS GARDEN GLOVES PINK,1.25,431,,0.5464685495699496,31.0,LIGHTING,UNKNOWN,Lighting
22526,WHEELBARROW FOR CHILDREN,12.75,121,ACME SUPPLIES,8.562352248071004,17.0,Gifts,Acme Supplies Ltd,Gifts
22528,GARDENERS KNEELING PAD,1.68,0,EuroParts GmbH,1.147078908928103,5.0,Gifts,EuroParts GmbH,Gifts
22529,MAGIC DRAWING SLATE GO TO THE FAIR,0.42,853,Euro Parts,0.2808613988040076,12.0,Lighting,EuroParts GmbH,Lighting
22530,MAGIC DRAWING SLATE DOLLY GIRL,0.42,3607,,0.1847529854065284,17.0,Lighting,UNKNOWN,Lighting
22531,MAGIC DRAWING SLATE CIRCUS PARADE,0.42,3384,EuroParts GmbH,0.2626544696889614,18.0,Stationery,EuroParts GmbH,Stationery
22532,MAGIC DRAWING SLATE LEAP FROG,0.42,1072,Pacific Importers,0.2906457449751615,19.0,Kitchen,Pacific Importers,Kitchen
22533,MAGIC DRAWING SLATE BAKE A CAKE,0.42,1743,PACIFIC IMPORTERS LLC,0.2528709499792911,21.0,LIGHTING,Pacific Importers,Lighting
22534,MAGIC DRAWING SLATE SPACEBOY,0.42,4494,,0.263021884158529,13.0,Lighting,UNKNOWN,Lighting
22535,MAGIC DRAWING SLATE BUNNIES,0.42,1718,Pacific Importers,0.2353794314756669,7.0,Home Decor,Pacific Importers,Home Decor
22536,MAGIC DRAWING SLATE PURDEY,0.42,4624,Acme Supplies Ltd,0.2457199760229557,7.0,home decor,Acme Supplies Ltd,Home Decor
22537,MAGIC DRAWING SLATE DINOSAUR,0.42,1883,,0.1730533981777036,16.0,Unknown,UNKNOWN,Other
22538,MINI JIGSAW GO TO THE FAIR,0.42,403,EuroParts GmbH,0.2619275642300728,28.0,Stationery,EuroParts GmbH,Stationery
22539,MINI JIGSAW DOLLY GIRL,0.42,2921,EuroParts GmbH,0.1799727402950004,10.0,home decor,EuroParts GmbH,Home Decor
22540,MINI JIGSAW CIRCUS PARADE,0.42,2518,ACME SUPPLIES,0.2319471453680128,7.0,Kitchen,Acme Supplies Ltd,Kitchen
22541,MINI JIGSAW LEAP FROG,0.42,504,PACIFIC IMPORTERS LLC,0.2110202993571089,9.0,home decor,Pacific Importers,Home Decor
22543,MINI JIGSAW BAKE A CAKE,0.42,1455,GlobalTrade Co,0.2481779086811218,18.0,LIGHTING,GlobalTrade Co,Lighting
22544,MINI JIGSAW SPACEBOY,0.42,4478,PACIFIC IMPORTERS LLC,0.1876122013219114,16.0,Home Decor,Pacific Importers,Home Decor
22545,MINI JIGSAW BUNNIES,0.42,1142,Acme Supplies Ltd,0.2696715800900778,39.0,Gifts,Acme Supplies Ltd,Gifts
22546,MINI JIGSAW PURDEY,0.42,2103,PACIFIC IMPORTERS LLC,0.2848666959284851,43.0,Lighting,Pacific Importers,Lighting
22547,MINI JIGSAW DINOSAUR,0.83,807,Unknown Vendor,0.379454467650387,6.0,Home Decor,UNKNOWN,Home Decor
22548,HEADS AND TAILS SPORTING FUN,1.25,1911,Acme Supplies Ltd,0.5456369757164485,38.0,Kitchen,Acme Supplies Ltd,Kitchen
22549,PICTURE DOMINOES,1.45,3189,Unknown Vendor,0.6538491075145848,19.0,Stationery,UNKNOWN,Stationery
22550,HOLIDAY FUN LUDO,3.75,1157,Global Trade Co.,2.6512299249917834,38.0,home decor,GlobalTrade Co,Home Decor
22551,PLASTERS IN TIN SPACEBOY,1.65,8053,,0.9650292986642957,8.0,Home Decor,UNKNOWN,Home Decor
22553,PLASTERS IN TIN SKULLS,1.65,4209,Euro Parts,0.9298432251943328,18.0,LIGHTING,EuroParts GmbH,Lighting
22554,PLASTERS IN TIN WOODLAND ANIMALS,1.65,7784,Pacific Importers,0.7216260755316096,31.0,Stationery,Pacific Importers,Stationery
22555,PLASTERS IN TIN STRONGMAN,1.65,6002,EuroParts GmbH,1.0351185939021454,38.0,Gifts,EuroParts GmbH,Gifts
22556,PLASTERS IN TIN CIRCUS PARADE,1.65,6052,,1.1612697643194143,40.0,Kitchen,UNKNOWN,Kitchen
22557,PLASTERS IN TIN VINTAGE PAISLEY,1.65,4694,Global Trade Co.,1.138277339534294,39.0,Kitchen,GlobalTrade Co,Kitchen
22558,CLOTHES PEGS RETROSPOT PACK 24,1.65,8647,GlobalTrade Co,1.0215465944364128,12.0,home decor,GlobalTrade Co,Home Decor
22559,SEASIDE FLYING DISC,1.25,507,PACIFIC IMPORTERS LLC,0.5329344385351072,43.0,Lighting,Pacific Importers,Lighting
22560,TRADITIONAL MODELLING CLAY,1.25,8167,Euro Parts,0.5491736993895057,38.0,Unknown,EuroParts GmbH,Other
22561,WOODEN SCHOOL COLOURING SET,1.65,5612,EuroParts GmbH,0.6884759400559237,31.0,Kitchen,EuroParts GmbH,Kitchen
22562,MONSTERS STENCIL CRAFT,1.25,1421,Euro Parts,0.6126471572154554,16.0,LIGHTING,EuroParts GmbH,Lighting
22563,HAPPY STENCIL CRAFT,1.25,2830,Global Trade Co.,0.5593518918826653,6.0,Home Decor,GlobalTrade Co,Home Decor
22564,ALPHABET STENCIL CRAFT,1.25,2265,Euro Parts,0.6137710176104398,44.0,LIGHTING,EuroParts GmbH,Lighting
22565,FELTCRAFT HAIRBANDS PINK AND WHITE,0.85,934,Acme Supplies Ltd,0.454554771576391,38.0,Home Decor,Acme Supplies Ltd,Home Decor
22566,FELTCRAFT HAIRBAND PINK AND PURPLE,0.85,879,Pacific Importers,0.6205373782611628,15.0,Home Decor,Pacific Importers,Home Decor
22567,20 DOLLY PEGS RETROSPOT,1.45,2430,Acme Supplies Ltd,0.8897658503392087,20.0,Gifts,Acme Supplies Ltd,Gifts
22568,FELTCRAFT CUSHION OWL,3.75,2916,GlobalTrade Co,2.595903093708888,35.0,Kitchen,GlobalTrade Co,Kitchen
22569,FELTCRAFT CUSHION BUTTERFLY,3.75,2487,GlobalTrade Co,2.432336344684936,23.0,Kitchen,GlobalTrade Co,Kitchen
22570,FELTCRAFT CUSHION RABBIT,3.75,2788,GlobalTrade Co,1.6476603588162042,18.0,Home Decor,GlobalTrade Co,Home Decor
22571,ROCKING HORSE RED CHRISTMAS,0.85,2332,EuroParts GmbH,0.5589363208962498,17.0,home decor,EuroParts GmbH,Home Decor
22572,ROCKING HORSE GREEN CHRISTMAS,0.85,1058,GlobalTrade Co,0.5539518398454404,7.0,LIGHTING,GlobalTrade Co,Lighting
22573,STAR WOODEN CHRISTMAS DECORATION,0.85,2689,Global Trade Co.,0.5301345844809251,8.0,Lighting,GlobalTrade Co,Lighting
22574,HEART WOODEN CHRISTMAS DECORATION,0.85,2144,acme-supplies,0.4414361871587891,40.0,home decor,Acme Supplies Ltd,Home Decor
22575,METAL MERRY CHRISTMAS WREATH,1.95,503,GlobalTrade Co,1.4609113196781298,5.0,Lighting,GlobalTrade Co,Lighting
22576,SWALLOW WOODEN CHRISTMAS DECORATION,0.85,1503,ACME SUPPLIES,0.4184065651502914,14.0,Kitchen,Acme Supplies Ltd,Kitchen
22577,WOODEN HEART CHRISTMAS SCANDINAVIAN,0.29,10209,Acme Supplies Ltd,0.1443317427835883,38.0,home decor,Acme Supplies Ltd,Home Decor
22578,WOODEN STAR CHRISTMAS SCANDINAVIAN,0.29,9279,PACIFIC IMPORTERS LLC,0.2104632339395834,35.0,LIGHTING,Pacific Importers,Lighting
22579,WOODEN TREE CHRISTMAS SCANDINAVIAN,0.29,5031,PACIFIC IMPORTERS LLC,0.1185014070705867,38.0,Kitchen,Pacific Importers,Kitchen
22580,ADVENT CALENDAR GINGHAM SACK,5.95,1256,PACIFIC IMPORTERS LLC,3.8308548172459327,35.0,Stationery,Pacific Importers,Stationery
22581,WOOD STOCKING CHRISTMAS SCANDISPOT,0.85,1569,Global Trade Co.,0.5557846012439237,33.0,Kitchen,GlobalTrade Co,Kitchen
22582,PACK OF 6 SWEETIE GIFT BOXES,2.55,1049,GlobalTrade Co,1.7664678803387814,23.0,home decor,GlobalTrade Co,Home Decor
22583,PACK OF 6 HANDBAG GIFT BOXES,2.55,572,,1.889687084744839,29.0,LIGHTING,UNKNOWN,Lighting
22584,PACK OF 6 PANNETONE GIFT BOXES,2.55,2318,Pacific Importers,1.890724712847312,29.0,Home Decor,Pacific Importers,Home Decor
22585,PACK OF 6 BIRDY GIFT TAGS,1.25,6188,Global Trade Co.,0.528558581435328,10.0,Unknown,GlobalTrade Co,Other
22586,FELTCRAFT HAIRBAND PINK AND BLUE,0.85,778,Acme Supplies Ltd,0.5844971985189885,39.0,Gifts,Acme Supplies Ltd,Gifts
22587,FELTCRAFT HAIRBAND RED AND BLUE,0.85,880,GlobalTrade Co,0.532277205263071,34.0,LIGHTING,GlobalTrade Co,Lighting
22588,CARD HOLDER GINGHAM HEART,2.89,451,GlobalTrade Co,1.8107865689183815,28.0,Kitchen,GlobalTrade Co,Kitchen
22589,CARDHOLDER GINGHAM STAR,2.89,379,GlobalTrade Co,1.285825950770764,4.0,Kitchen,GlobalTrade Co,Kitchen
22591,CARDHOLDER GINGHAM CHRISTMAS TREE,3.25,390,Pacific Importers,2.0395879018319305,23.0,Home Decor,Pacific Importers,Home Decor
22592,CARDHOLDER HOLLY WREATH METAL,3.75,656,Pacific Importers,2.7895083870391377,24.0,LIGHTING,Pacific Importers,Lighting
22593,CHRISTMAS GINGHAM STAR,0.85,2121,PACIFIC IMPORTERS LLC,0.6112660244379854,19.0,Stationery,Pacific Importers,Stationery
22594,CHRISTMAS GINGHAM TREE,0.85,2005,EuroParts GmbH,0.470641371589443,9.0,Unknown,EuroParts GmbH,Other
22595,CHRISTMAS GINGHAM HEART,0.85,6577,Euro Parts,0.351884522052613,6.0,LIGHTING,EuroParts GmbH,Lighting
22596,CHRISTMAS STAR WISH LIST CHALKBOARD,1.25,3477,EuroParts GmbH,0.6585034018750896,39.0,Kitchen,EuroParts GmbH,Kitchen
22597,CHRISTMAS MUSICAL ZINC HEART,0.83,2788,Unknown Vendor,0.5720663855199613,40.0,Lighting,UNKNOWN,Lighting
22598,CHRISTMAS MUSICAL ZINC TREE,0.83,988,Acme Supplies Ltd,0.5357854889756307,34.0,Lighting,Acme Supplies Ltd,Lighting
22599,CHRISTMAS MUSICAL ZINC STAR,0.83,1929,ACME SUPPLIES,0.4654393319500443,13.0,Lighting,Acme Supplies Ltd,Lighting
22600,CHRISTMAS RETROSPOT STAR WOOD,0.85,1672,Acme Supplies Ltd,0.3563927067097522,3.0,Gifts,Acme Supplies Ltd,Gifts
22601,CHRISTMAS RETROSPOT ANGEL WOOD,0.85,2458,PACIFIC IMPORTERS LLC,0.4670011815274326,27.0,Gifts,Pacific Importers,Gifts
22602,CHRISTMAS RETROSPOT HEART WOOD,0.85,2177,,0.4795349195660703,44.0,LIGHTING,UNKNOWN,Lighting
22603,CHRISTMAS RETROSPOT TREE WOOD,0.85,1376,acme-supplies,0.6162452710360055,23.0,Unknown,Acme Supplies Ltd,Other
22604,SET OF 4 NAPKIN CHARMS CUTLERY,2.55,1253,,1.592169347447077,19.0,Kitchen,UNKNOWN,Kitchen
22605,WOODEN CROQUET GARDEN SET,14.95,774,Acme Supplies Ltd,7.61072388639545,10.0,Kitchen,Acme Supplies Ltd,Kitchen
22606,WOODEN SKITTLES GARDEN SET,15.95,265,,9.312589211296151,29.0,Kitchen,UNKNOWN,Kitchen
22607,WOODEN ROUNDERS GARDEN SET,9.95,1327,GlobalTrade Co,4.210037609490673,20.0,Gifts,GlobalTrade Co,Gifts
22608,PENS ASSORTED FUNKY JEWELED,0.2,5240,Acme Supplies Ltd,0.1480797764954816,29.0,Unknown,Acme Supplies Ltd,Other
22609,PENS ASSORTED SPACEBALL,0.19,5910,Pacific Importers,0.0999439834783933,24.0,Kitchen,Pacific Importers,Kitchen
22610,PENS ASSORTED FUNNY FACE,0.19,9608,acme-supplies,0.1077781791017235,18.0,Home Decor,Acme Supplies Ltd,Home Decor
22611,VINTAGE UNION JACK SHOPPING BAG,4.95,225,GlobalTrade Co,2.595529485365468,4.0,Stationery,GlobalTrade Co,Stationery
22613,PACK OF 20 SPACEBOY NAPKINS,0.85,1528,GlobalTrade Co,0.5430472397095696,7.0,home decor,GlobalTrade Co,Home Decor
22614,PACK OF 12 SPACEBOY TISSUES,0.39,2997,Euro Parts,0.2463946896119894,20.0,LIGHTING,EuroParts GmbH,Lighting
22615,PACK OF 12 CIRCUS PARADE TISSUES,0.39,2063,Pacific Importers,0.253641495387227,5.0,LIGHTING,Pacific Importers,Lighting
22616,PACK OF 12 LONDON TISSUES,0.29,26315,GlobalTrade Co,0.1432165378056099,29.0,Lighting,GlobalTrade Co,Lighting
22617,BAKING SET SPACEBOY DESIGN,4.95,-419,PACIFIC IMPORTERS LLC,2.526895643616745,19.0,Lighting,Pacific Importers,Lighting
22618,COOKING SET RETROSPOT,9.95,-1632,EuroParts GmbH,4.416187412292544,18.0,LIGHTING,EuroParts GmbH,Lighting
22619,SET OF 6 SOLDIER SKITTLES,3.75,2566,acme-supplies,2.360356838048023,8.0,Home Decor,Acme Supplies Ltd,Home Decor
22620,4 TRADITIONAL SPINNING TOPS,1.45,4885,Global Trade Co.,0.6001970421228436,9.0,Kitchen,GlobalTrade Co,Kitchen
22621,TRADITIONAL KNITTING NANCY,1.65,6099,Acme Supplies Ltd,1.0051615487647976,16.0,Unknown,Acme Supplies Ltd,Other
22622,BOX OF VINTAGE ALPHABET BLOCKS,11.95,1329,ACME SUPPLIES,8.417503038391958,40.0,Unknown,Acme Supplies Ltd,Other
22623,BOX OF VINTAGE JIGSAW BLOCKS,5.95,924,EuroParts GmbH,4.235157948813161,42.0,Gifts,EuroParts GmbH,Gifts
22624,IVORY KITCHEN SCALES,8.5,1907,ACME SUPPLIES,4.735887337100636,17.0,Kitchen,Acme Supplies Ltd,Kitchen
22625,RED KITCHEN SCALES,8.5,1612,Pacific Importers,4.766428472433894,35.0,Unknown,Pacific Importers,Other
22626,BLACK KITCHEN SCALES,8.5,517,EuroParts GmbH,3.628983319448852,29.0,Kitchen,EuroParts GmbH,Kitchen
22627,MINT KITCHEN SCALES,8.5,841,Acme Supplies Ltd,5.395525950693032,31.0,Lighting,Acme Supplies Ltd,Lighting
22628,PICNIC BOXES SET OF 3 RETROSPOT,4.95,945,Pacific Importers,3.402831945795955,39.0,home decor,Pacific Importers,Home Decor
22629,SPACEBOY LUNCH BOX,1.95,14206,acme-supplies,0.9469770747677168,7.0,home decor,Acme Supplies Ltd,Home Decor
22630,DOLLY GIRL LUNCH BOX,1.95,11518,Unknown Vendor,1.0675378517147716,31.0,home decor,UNKNOWN,Home Decor
22631,CIRCUS PARADE LUNCH BOX,1.95,3651,Pacific Importers,1.352507847342297,34.0,Lighting,Pacific Importers,Lighting
22632,HAND WARMER RED POLKA DOT,2.1,4366,Euro Parts,1.4846835437317818,8.0,Gifts,EuroParts GmbH,Gifts
22633,HAND WARMER UNION JACK,2.1,4788,Pacific Importers,1.0187372854942065,4.0,home decor,Pacific Importers,Home Decor
22634,CHILDS BREAKFAST SET SPACEBOY,9.95,725,Acme Supplies Ltd,5.897362234790301,8.0,Lighting,Acme Supplies Ltd,Lighting
22635,CHILDS BREAKFAST SET DOLLY GIRL,9.95,598,PACIFIC IMPORTERS LLC,4.650357397089268,6.0,Kitchen,Pacific Importers,Kitchen
22636,CHILDS BREAKFAST SET CIRCUS PARADE,8.5,567,Unknown Vendor,3.703089323315181,31.0,home decor,UNKNOWN,Home Decor
22637,PIGGY BANK RETROSPOT,2.55,2646,PACIFIC IMPORTERS LLC,1.8331750474923216,27.0,Home Decor,Pacific Importers,Home Decor
22638,SET OF 4 NAPKIN CHARMS CROWNS,2.55,299,Euro Parts,1.7523029475271572,11.0,Gifts,EuroParts GmbH,Gifts
22639,SET OF 4 NAPKIN CHARMS HEARTS,2.55,806,,1.6983311498593323,5.0,Home Decor,UNKNOWN,Home Decor
22640,SET OF 4 NAPKIN CHARMS 3 KEYS,2.55,238,ACME SUPPLIES,1.063523939540728,28.0,LIGHTING,Acme Supplies Ltd,Lighting
22641,SET OF 4 NAPKIN CHARMS INSTRUMENT,2.55,139,ACME SUPPLIES,1.7730279474939046,29.0,Kitchen,Acme Supplies Ltd,Kitchen
22642,SET OF 4 NAPKIN CHARMS STARS,2.55,269,PACIFIC IMPORTERS LLC,1.410954337745555,38.0,Gifts,Pacific Importers,Gifts
22643,SET OF 4 NAPKIN CHARMS LEAVES,2.55,240,Global Trade Co.,1.325587647541555,34.0,Home Decor,GlobalTrade Co,Home Decor
22644,CERAMIC CHERRY CAKE MONEY BANK,1.45,2215,Euro Parts,0.8573367532203785,3.0,Gifts,EuroParts GmbH,Gifts
22645,CERAMIC HEART FAIRY CAKE MONEY BANK,1.45,2347,,0.6263617706822047,18.0,Kitchen,UNKNOWN,Kitchen
22646,CERAMIC STRAWBERRY CAKE MONEY BANK,1.45,4139,GlobalTrade Co,0.9639981237963424,13.0,LIGHTING,GlobalTrade Co,Lighting
22647,CERAMIC LOVE HEART MONEY BANK,1.45,721,acme-supplies,0.8755858015208102,28.0,Unknown,Acme Supplies Ltd,Other
22649,STRAWBERRY FAIRY CAKE TEAPOT,4.95,761,Euro Parts,2.303267342832763,42.0,home decor,EuroParts GmbH,Home Decor
22650,CERAMIC PIRATE CHEST MONEY BANK,1.45,858,acme-supplies,0.6755278413827907,3.0,LIGHTING,Acme Supplies Ltd,Lighting
22651,GENTLEMAN SHIRT REPAIR KIT,0.85,2166,Euro Parts,0.3948139738428706,28.0,Gifts,EuroParts GmbH,Gifts
22652,TRAVEL SEWING KIT,1.65,4971,Global Trade Co.,0.6929188788112419,30.0,home decor,GlobalTrade Co,Home Decor
22653,BUTTON BOX,1.95,1847,PACIFIC IMPORTERS LLC,1.181172441696175,11.0,LIGHTING,Pacific Importers,Lighting
22654,DELUXE SEWING KIT,5.95,1379,Acme Supplies Ltd,4.130025079828068,24.0,home decor,Acme Supplies Ltd,Home Decor
22655,VINTAGE RED KITCHEN CABINET,125.0,39,PACIFIC IMPORTERS LLC,50.76554686194826,10.0,Unknown,Pacific Importers,Other
22656,VINTAGE BLUE KITCHEN CABINET,125.0,18,Global Trade Co.,52.14395321749322,44.0,Kitchen,GlobalTrade Co,Kitchen
22659,LUNCH BOX I LOVE LONDON,1.95,11201,Pacific Importers,1.1709157138388404,29.0,Gifts,Pacific Importers,Gifts
22660,DOORMAT I LOVE LONDON,7.95,364,ACME SUPPLIES,5.460246744586691,41.0,Gifts,Acme Supplies Ltd,Gifts
22661,CHARLOTTE BAG DOLLY GIRL DESIGN,0.85,5201,EuroParts GmbH,0.4372048199441685,21.0,Unknown,EuroParts GmbH,Other
22662,LUNCH BAG DOLLY GIRL DESIGN,1.65,6707,,0.8619023153114594,27.0,Lighting,UNKNOWN,Lighting
22663,JUMBO BAG DOLLY GIRL DESIGN,2.08,3409,ACME SUPPLIES,1.2661402501776529,40.0,Unknown,Acme Supplies Ltd,Other
22664,TOY TIDY DOLLY GIRL DESIGN,2.1,701,Acme Supplies Ltd,1.041546473506248,23.0,Unknown,Acme Supplies Ltd,Other
22665,RECIPE BOX BLUE SKETCHBOOK DESIGN,2.95,1478,Acme Supplies Ltd,1.2074731379752088,26.0,Unknown,Acme Supplies Ltd,Other
22666,RECIPE BOX PANTRY YELLOW DESIGN,2.95,8146,PACIFIC IMPORTERS LLC,1.9391234449398984,26.0,Kitchen,Pacific Importers,Kitchen
22667,RECIPE BOX RETROSPOT,2.95,2778,PACIFIC IMPORTERS LLC,1.8259835351120504,21.0,LIGHTING,Pacific Importers,Lighting
22668,PINK BABY BUNTING,2.95,2130,Pacific Importers,1.7796305690249683,4.0,Stationery,Pacific Importers,Stationery
22669,RED BABY BUNTING,2.95,1078,acme-supplies,1.9457888631840567,16.0,Unknown,Acme Supplies Ltd,Other
22670,FRENCH WC SIGN BLUE METAL,1.25,1878,GlobalTrade Co,0.7954134914333915,34.0,Gifts,GlobalTrade Co,Gifts
22671,FRENCH LAUNDRY SIGN BLUE METAL,1.65,962,Pacific Importers,0.7788968481729805,44.0,Home Decor,Pacific Importers,Home Decor
22672,FRENCH BATHROOM SIGN BLUE METAL,1.65,1460,Pacific Importers,0.8635578046097853,34.0,Lighting,Pacific Importers,Lighting
22673,FRENCH GARDEN SIGN BLUE METAL,1.25,782,Unknown Vendor,0.5551731869843984,30.0,Unknown,UNKNOWN,Other
22674,FRENCH TOILET SIGN BLUE METAL,1.25,1337,Acme Supplies Ltd,0.556812443370323,41.0,Unknown,Acme Supplies Ltd,Other
22675,FRENCH KITCHEN SIGN BLUE METAL,1.25,1216,EuroParts GmbH,0.795835639030986,42.0,Lighting,EuroParts GmbH,Lighting
22676,FRENCH BLUE METAL DOOR SIGN 1,1.25,1172,Global Trade Co.,0.875637546804843,44.0,Unknown,GlobalTrade Co,Other
22677,FRENCH BLUE METAL DOOR SIGN 2,1.25,1007,Global Trade Co.,0.9211955054392484,42.0,Gifts,GlobalTrade Co,Gifts
22678,FRENCH BLUE METAL DOOR SIGN 3,1.25,854,EuroParts GmbH,0.774901863927882,15.0,Stationery,EuroParts GmbH,Stationery
22679,FRENCH BLUE METAL DOOR SIGN 4,1.25,752,EuroParts GmbH,0.5805443289704186,14.0,Unknown,EuroParts GmbH,Other
22680,FRENCH BLUE METAL DOOR SIGN 5,1.25,826,Unknown Vendor,0.5462220261339072,10.0,Lighting,UNKNOWN,Lighting
22681,FRENCH BLUE METAL DOOR SIGN 6,1.25,716,Acme Supplies Ltd,0.8556223000473315,17.0,Unknown,Acme Supplies Ltd,Other
22682,FRENCH BLUE METAL DOOR SIGN 7,1.25,678,Acme Supplies Ltd,0.7532059584074997,28.0,Kitchen,Acme Supplies Ltd,Kitchen
22683,FRENCH BLUE METAL DOOR SIGN 8,1.25,651,EuroParts GmbH,0.7704996966935024,14.0,Gifts,EuroParts GmbH,Gifts
22684,FRENCH BLUE METAL DOOR SIGN 9,1.25,530,Pacific Importers,0.8418896638301854,29.0,Gifts,Pacific Importers,Gifts
22685,FRENCH BLUE METAL DOOR SIGN 0,1.25,593,acme-supplies,0.8076837871329476,20.0,Stationery,Acme Supplies Ltd,Stationery
22686,FRENCH BLUE METAL DOOR SIGN NO,2.46,995,Acme Supplies Ltd,1.702468555709099,38.0,LIGHTING,Acme Supplies Ltd,Lighting
22687,DOORMAT CHRISTMAS VILLAGE,8.25,588,Acme Supplies Ltd,3.4623176520153995,29.0,Kitchen,Acme Supplies Ltd,Kitchen
22688,DOORMAT PEACE ON EARTH BLUE,8.25,680,,5.458465838605533,11.0,Kitchen,UNKNOWN,Kitchen
22689,DOORMAT MERRY CHRISTMAS RED,8.25,668,ACME SUPPLIES,5.75683733676755,41.0,Stationery,Acme Supplies Ltd,Stationery
22690,DOORMAT HOME SWEET HOME BLUE,7.95,1617,GlobalTrade Co,3.97617075564026,3.0,home decor,GlobalTrade Co,Home Decor
22691,DOORMAT WELCOME SUNRISE,7.95,369,ACME SUPPLIES,4.962044539886226,9.0,home decor,Acme Supplies Ltd,Home Decor
22692,DOORMAT WELCOME TO OUR HOME,7.95,1526,GlobalTrade Co,4.054155942626375,28.0,LIGHTING,GlobalTrade Co,Lighting
22693,GROW A FLYTRAP OR SUNFLOWER IN TIN,1.25,16172,Acme Supplies Ltd,0.9191123415860736,9.0,Home Decor,Acme Supplies Ltd,Home Decor
22694,WICKER STAR,2.1,1794,Pacific Importers,0.8645663257400954,9.0,LIGHTING,Pacific Importers,Lighting
22695,WICKER WREATH SMALL,1.45,741,Acme Supplies Ltd,0.8742448682452246,10.0,home decor,Acme Supplies Ltd,Home Decor
22696,WICKER WREATH LARGE,1.95,737,Euro Parts,0.8936386708612941,18.0,LIGHTING,EuroParts GmbH,Lighting
22697,GREEN REGENCY TEACUP AND SAUCER,2.95,7161,acme-supplies,1.9153673618454168,5.0,Unknown,Acme Supplies Ltd,Other
22698,PINK REGENCY TEACUP AND SAUCER,2.95,5626,Pacific Importers,1.3616067176297686,12.0,Kitchen,Pacific Importers,Kitchen
22699,ROSES REGENCY TEACUP AND SAUCER,2.95,9441,,1.4230332179100544,9.0,LIGHTING,UNKNOWN,Lighting
22700,BLACK AND WHITE DOG BOWL,2.95,1128,PACIFIC IMPORTERS LLC,1.6904378624047454,23.0,Home Decor,Pacific Importers,Home Decor
22701,PINK DOG BOWL,2.46,533,Pacific Importers,1.771672891947312,39.0,Home Decor,Pacific Importers,Home Decor
22702,BLACK AND WHITE CAT BOWL,2.1,1363,GlobalTrade Co,0.9956100635287588,33.0,Gifts,GlobalTrade Co,Gifts
22703,PINK CAT BOWL,1.63,360,GlobalTrade Co,0.734288932047878,25.0,Unknown,GlobalTrade Co,Other
22704,WRAP RED APPLES,0.42,5228,PACIFIC IMPORTERS LLC,0.2795695942825424,29.0,Gifts,Pacific Importers,Gifts
22705,WRAP GREEN PEARS,0.42,1883,Unknown Vendor,0.2415910712530878,24.0,Lighting,UNKNOWN,Lighting
22706,WRAP COWBOYS,0.42,2032,PACIFIC IMPORTERS LLC,0.3020324115201204,41.0,home decor,Pacific Importers,Home Decor
22707,WRAP MONSTER FUN,0.42,1257,Pacific Importers,0.1895523399024968,29.0,Gifts,Pacific Importers,Gifts
22708,WRAP DOLLY GIRL,0.42,2775,EuroParts GmbH,0.2629514002743868,6.0,Kitchen,EuroParts GmbH,Kitchen
22709,WRAP WEDDING DAY,0.42,1325,Global Trade Co.,0.2022332344843168,26.0,Kitchen,GlobalTrade Co,Kitchen
22710,WRAP I LOVE LONDON,0.42,4451,Acme Supplies Ltd,0.1910437830117909,25.0,Unknown,Acme Supplies Ltd,Other
22711,WRAP CIRCUS PARADE,0.42,2877,Pacific Importers,0.2684641240281187,21.0,Home Decor,Pacific Importers,Home Decor
22712,CARD DOLLY GIRL,0.42,4438,Unknown Vendor,0.2552716391265838,44.0,Kitchen,UNKNOWN,Kitchen
22713,CARD I LOVE LONDON,0.42,3493,ACME SUPPLIES,0.2789596363792627,5.0,home decor,Acme Supplies Ltd,Home Decor
22714,CARD BIRTHDAY COWBOY,0.42,3475,EuroParts GmbH,0.2134909987375887,29.0,Gifts,EuroParts GmbH,Gifts
22715,CARD WEDDING DAY,0.42,1543,ACME SUPPLIES,0.2338518334881819,5.0,home decor,Acme Supplies Ltd,Home Decor
22716,CARD CIRCUS PARADE,0.42,3213,Pacific Importers,0.99535139580259,30.0,LIGHTING,Pacific Importers,Lighting
22717,CARD DOG AND BALL,0.42,1229,Acme Supplies Ltd,0.3126611512030776,19.0,Gifts,Acme Supplies Ltd,Gifts
22718,CARD CAT AND TREE,0.42,1633,Global Trade Co.,0.21096059664069,33.0,Unknown,GlobalTrade Co,Other
22719,GUMBALL MONOCHROME COAT RACK,2.46,331,EuroParts GmbH,1.2378376422165664,12.0,LIGHTING,EuroParts GmbH,Lighting
22720,SET OF 3 CAKE TINS PANTRY DESIGN,4.95,7286,GlobalTrade Co,2.5942547717955624,24.0,home decor,GlobalTrade Co,Home Decor
22721,SET OF 3 CAKE TINS SKETCHBOOK,4.95,1022,PACIFIC IMPORTERS LLC,2.958159245835482,32.0,Gifts,Pacific Importers,Gifts
22722,SET OF 6 SPICE TINS PANTRY DESIGN,3.95,5928,Euro Parts,1.928836193944628,23.0,home decor,EuroParts GmbH,Home Decor
22723,SET OF 6 HERB TINS SKETCHBOOK,3.95,1167,,2.8453883425743465,38.0,Stationery,UNKNOWN,Stationery
22725,ALARM CLOCK BAKELIKE CHOCOLATE,3.75,1934,acme-supplies,1.848712303886971,25.0,Unknown,Acme Supplies Ltd,Other
22726,ALARM CLOCK BAKELIKE GREEN,3.75,6384,GlobalTrade Co,2.675758147672756,40.0,Unknown,GlobalTrade Co,Other
22727,ALARM CLOCK BAKELIKE RED,3.75,7741,ACME SUPPLIES,1.6358110210361425,14.0,Kitchen,Acme Supplies Ltd,Kitchen
22728,ALARM CLOCK BAKELIKE PINK,3.75,5323,Unknown Vendor,2.361738546899544,27.0,Unknown,UNKNOWN,Other
22729,ALARM CLOCK BAKELIKE ORANGE,3.75,2302,,2.690418492950194,22.0,Lighting,UNKNOWN,Lighting
22730,ALARM CLOCK BAKELIKE IVORY,3.75,2840,Pacific Importers,1.7214836378976763,44.0,Kitchen,Pacific Importers,Kitchen
22731,3D CHRISTMAS STAMPS STICKERS,1.25,1158,Euro Parts,0.923643045043424,9.0,Kitchen,EuroParts GmbH,Kitchen
22732,3D VINTAGE CHRISTMAS STICKERS,1.25,1645,Pacific Importers,0.6981364701817863,31.0,LIGHTING,Pacific Importers,Lighting
22733,3D TRADITIONAL CHRISTMAS STICKERS,1.25,1583,PACIFIC IMPORTERS LLC,0.9137503599429482,31.0,LIGHTING,Pacific Importers,Lighting
22734,SET OF 6 RIBBONS VINTAGE CHRISTMAS,2.89,3369,Acme Supplies Ltd,1.8406034741317925,15.0,home decor,Acme Supplies Ltd,Home Decor
22735,RIBBON REEL SOCKS AND MITTENS,1.65,746,EuroParts GmbH,0.834166417351976,5.0,Stationery,EuroParts GmbH,Stationery
22736,RIBBON REEL MAKING SNOWMEN,1.65,1220,Acme Supplies Ltd,0.768744708139629,4.0,Kitchen,Acme Supplies Ltd,Kitchen
22737,RIBBON REEL CHRISTMAS PRESENT,1.65,1349,Euro Parts,0.835406989194995,23.0,LIGHTING,EuroParts GmbH,Lighting
22738,RIBBON REEL SNOWY VILLAGE,1.65,2059,Euro Parts,0.7137175538491948,32.0,Home Decor,EuroParts GmbH,Home Decor
22739,RIBBON REEL CHRISTMAS SOCK BAUBLE,1.65,1825,EuroParts GmbH,0.7430837505632729,40.0,Gifts,EuroParts GmbH,Gifts
22740,POLKADOT PEN,0.85,5835,Acme Supplies Ltd,0.3711364810030781,8.0,Gifts,Acme Supplies Ltd,Gifts
22741,FUNKY DIVA PEN,0.85,8496,GlobalTrade Co,0.4658257042631133,9.0,Unknown,GlobalTrade Co,Other
22742,MAKE YOUR OWN PLAYTIME CARD KIT,2.95,641,acme-supplies,2.0014346734859583,7.0,home decor,Acme Supplies Ltd,Home Decor
22743,MAKE YOUR OWN FLOWERPOWER CARD KIT,2.95,928,GlobalTrade Co,1.325978519728371,9.0,Stationery,GlobalTrade Co,Stationery
22744,MAKE YOUR OWN MONSOON CARD KIT,2.95,862,Acme Supplies Ltd,1.314555847250437,36.0,Gifts,Acme Supplies Ltd,Gifts
22745,POPPY'S PLAYHOUSE BEDROOM,2.1,2016,,1.3129202778952382,34.0,Home Decor,UNKNOWN,Home Decor
22746,POPPY'S PLAYHOUSE LIVINGROOM,2.1,1439,Pacific Importers,0.9849294917465288,15.0,Stationery,Pacific Importers,Stationery
22747,POPPY'S PLAYHOUSE BATHROOM,2.1,951,GlobalTrade Co,0.9117433780101089,32.0,Lighting,GlobalTrade Co,Lighting
22748,POPPY'S PLAYHOUSE KITCHEN,2.1,2108,GlobalTrade Co,0.9626337049810996,27.0,Gifts,GlobalTrade Co,Gifts
22749,FELTCRAFT PRINCESS CHARLOTTE DOLL,3.75,2375,Global Trade Co.,2.7123974570882683,23.0,Kitchen,GlobalTrade Co,Kitchen
22750,FELTCRAFT PRINCESS LOLA DOLL,3.75,2014,PACIFIC IMPORTERS LLC,2.5781810192687504,23.0,Home Decor,Pacific Importers,Home Decor
22751,FELTCRAFT PRINCESS OLIVIA DOLL,3.75,1564,Pacific Importers,1.9647097380910608,30.0,home decor,Pacific Importers,Home Decor
22752,SET 7 BABUSHKA NESTING BOXES,8.5,1666,,5.351066782798993,22.0,home decor,UNKNOWN,Home Decor
22753,SMALL YELLOW BABUSHKA NOTEBOOK,0.85,1011,Pacific Importers,0.4998395129162413,36.0,Home Decor,Pacific Importers,Home Decor
22754,SMALL RED BABUSHKA NOTEBOOK,0.85,1953,Unknown Vendor,0.5414444683860627,7.0,Gifts,UNKNOWN,Gifts
22755,SMALL PURPLE BABUSHKA NOTEBOOK,0.85,1690,,0.5430946678576709,20.0,LIGHTING,UNKNOWN,Lighting
22756,LARGE YELLOW BABUSHKA NOTEBOOK,1.25,599,ACME SUPPLIES,0.775071131588747,41.0,LIGHTING,Acme Supplies Ltd,Lighting
22757,LARGE RED BABUSHKA NOTEBOOK,1.25,1096,,0.6164193487350725,13.0,Unknown,UNKNOWN,Other
22758,LARGE PURPLE BABUSHKA NOTEBOOK,1.25,1197,Acme Supplies Ltd,0.5170653090837329,19.0,Lighting,Acme Supplies Ltd,Lighting
22759,SET OF 3 NOTEBOOKS IN PARCEL,1.65,5207,Euro Parts,0.9230898165992878,24.0,Kitchen,EuroParts GmbH,Kitchen
22760,"TRAY, BREAKFAST IN BED",12.75,269,GlobalTrade Co,9.075970960432263,39.0,Lighting,GlobalTrade Co,Lighting
22761,CHEST 7 DRAWER MA CAMPAGNE,24.95,34,,14.953134810013465,22.0,Lighting,UNKNOWN,Lighting
22762,CUPBOARD 3 DRAWER MA CAMPAGNE,14.95,153,,10.335486125705232,8.0,Gifts,UNKNOWN,Gifts
22763,KEY CABINET MA CAMPAGNE,9.95,202,Euro Parts,7.433331774362476,36.0,Kitchen,EuroParts GmbH,Kitchen
22764,"RUSTIC WOODEN CABINET, GLASS DOORS",24.95,7,Euro Parts,11.408778502637498,16.0,Gifts,EuroParts GmbH,Gifts
22765,NEWSPAPER STAND,14.95,26,GlobalTrade Co,9.599726496810424,25.0,Gifts,GlobalTrade Co,Gifts
22766,PHOTO FRAME CORNICE,2.95,3244,Acme Supplies Ltd,1.8762081148452756,22.0,Unknown,Acme Supplies Ltd,Other
22767,TRIPLE PHOTO FRAME CORNICE,9.95,739,Global Trade Co.,7.392694845425204,15.0,Home Decor,GlobalTrade Co,Home Decor
22768,FAMILY PHOTO FRAME CORNICE,9.95,832,ACME SUPPLIES,7.412354555990626,43.0,home decor,Acme Supplies Ltd,Home Decor
22769,CHALKBOARD KITCHEN ORGANISER,24.95,-5,EuroParts GmbH,15.97642097688096,34.0,Unknown,EuroParts GmbH,Other
22770,MIRROR CORNICE,14.95,90,GlobalTrade Co,7.254714399046831,28.0,home decor,GlobalTrade Co,Home Decor
22771,CLEAR DRAWER KNOB ACRYLIC EDWARDIAN,1.25,6605,Unknown Vendor,0.8493681791821371,16.0,Unknown,UNKNOWN,Other
22772,PINK DRAWER KNOB ACRYLIC EDWARDIAN,1.25,3866,PACIFIC IMPORTERS LLC,0.5468252462173292,38.0,Gifts,Pacific Importers,Gifts
22773,GREEN DRAWER KNOB ACRYLIC EDWARDIAN,1.25,2087,Euro Parts,0.8415559455750876,10.0,Unknown,EuroParts GmbH,Other
22774,RED DRAWER KNOB ACRYLIC EDWARDIAN,1.25,2262,Acme Supplies Ltd,0.8982108043133047,42.0,home decor,Acme Supplies Ltd,Home Decor
22775,PURPLE DRAWERKNOB ACRYLIC EDWARDIAN,1.25,3159,,0.6674896102111905,24.0,Unknown,UNKNOWN,Other
22776,SWEETHEART CAKESTAND 3 TIER,9.95,1152,,6.176187414778577,24.0,Stationery,UNKNOWN,Stationery
22777,GLASS BELL JAR LARGE,8.5,312,Pacific Importers,4.679674627988058,18.0,Kitchen,Pacific Importers,Kitchen
22778,GLASS CLOCHE SMALL,3.95,736,PACIFIC IMPORTERS LLC,2.185210188521088,29.0,Home Decor,Pacific Importers,Home Decor
22779,WOODEN OWLS LIGHT GARLAND,4.25,1515,EuroParts GmbH,2.1616766975483284,12.0,home decor,EuroParts GmbH,Home Decor
22780,LIGHT GARLAND BUTTERFILES PINK,4.25,1321,ACME SUPPLIES,2.8336678104198576,27.0,Kitchen,Acme Supplies Ltd,Kitchen
22781,GUMBALL MAGAZINE RACK,7.65,573,Pacific Importers,5.5666127505558185,33.0,Home Decor,Pacific Importers,Home Decor
22782,SET 3 WICKER STORAGE BASKETS,24.95,241,GlobalTrade Co,18.19510687826493,23.0,LIGHTING,GlobalTrade Co,Lighting
22783,SET 3 WICKER OVAL BASKETS W LIDS,14.715,465,Acme Supplies Ltd,6.7861673124271285,29.0,Stationery,Acme Supplies Ltd,Stationery
22784,LANTERN CREAM GAZEBO,4.95,1201,GlobalTrade Co,3.495493373030001,19.0,Gifts,GlobalTrade Co,Gifts
22785,SQUARECUSHION COVER PINK UNION FLAG,6.75,245,Acme Supplies Ltd,4.442181780371577,35.0,LIGHTING,Acme Supplies Ltd,Lighting
22786,CUSHION COVER PINK UNION JACK,5.95,123,Acme Supplies Ltd,2.9065338869375275,33.0,home decor,Acme Supplies Ltd,Home Decor
22788,BROCANTE COAT RACK,9.95,214,Acme Supplies Ltd,4.214318664499174,44.0,LIGHTING,Acme Supplies Ltd,Lighting
22789,T-LIGHT HOLDER SWEETHEART HANGING,1.95,859,Unknown Vendor,0.962908134648588,28.0,Home Decor,UNKNOWN,Home Decor
22791,T-LIGHT GLASS FLUTED ANTIQUE,1.25,7780,Pacific Importers,0.8990911035919175,23.0,Home Decor,Pacific Importers,Home Decor
22792,FLUTED ANTIQUE CANDLE HOLDER,0.85,2724,Unknown Vendor,0.5283706557814922,38.0,Home Decor,UNKNOWN,Home Decor
22794,SWEETHEART WIRE MAGAZINE RACK,7.95,321,Global Trade Co.,5.186334593948329,3.0,Stationery,GlobalTrade Co,Stationery
22795,SWEETHEART RECIPE BOOK STAND,6.75,1192,GlobalTrade Co,3.307522429495239,6.0,LIGHTING,GlobalTrade Co,Lighting
22796,PHOTO FRAME 3 CLASSIC HANGING,9.95,169,Pacific Importers,6.485269251789311,6.0,Kitchen,Pacific Importers,Kitchen
22797,CHEST OF DRAWERS GINGHAM HEART,16.95,122,Global Trade Co.,6.946830835993783,28.0,Stationery,GlobalTrade Co,Stationery
22798,ANTIQUE GLASS DRESSING TABLE POT,2.95,1754,Acme Supplies Ltd,1.5675192895106371,6.0,Home Decor,Acme Supplies Ltd,Home Decor
22799,SWEETHEART WIRE FRUIT BOWL,8.5,208,PACIFIC IMPORTERS LLC,5.264591211913436,11.0,Unknown,Pacific Importers,Other
22800,ANTIQUE TALL SWIRLGLASS TRINKET POT,3.75,861,ACME SUPPLIES,1.6917517422729826,32.0,Home Decor,Acme Supplies Ltd,Home Decor
22801,ANTIQUE GLASS PEDESTAL BOWL,3.75,1011,PACIFIC IMPORTERS LLC,2.580192191461602,6.0,Unknown,Pacific Importers,Other
22802,FAUX FUR CHOCOLATE THROW,19.95,88,PACIFIC IMPORTERS LLC,9.62110604395422,7.0,Gifts,Pacific Importers,Gifts
22803,IVORY EMBROIDERED QUILT,39.95,54,ACME SUPPLIES,25.10052065998393,25.0,Stationery,Acme Supplies Ltd,Stationery
22804,CANDLEHOLDER PINK HANGING HEART,2.95,2710,Acme Supplies Ltd,1.598366049709028,18.0,Unknown,Acme Supplies Ltd,Other
22805,BLUE DRAWER KNOB ACRYLIC EDWARDIAN,1.25,1891,Euro Parts,0.7607690730214707,24.0,Stationery,EuroParts GmbH,Stationery
22806,SET OF 6 T-LIGHTS WEDDING CAKE,2.95,260,Global Trade Co.,1.2909426955893477,39.0,Lighting,GlobalTrade Co,Lighting
22807,SET OF 6 T-LIGHTS TOADSTOOLS,2.95,825,Acme Supplies Ltd,3.1634955000151783,10.0,Kitchen,Acme Supplies Ltd,Kitchen
22808,SET OF 6 T-LIGHTS EASTER CHICKS,2.95,327,Unknown Vendor,2.119125271270161,35.0,Lighting,UNKNOWN,Lighting
22809,SET OF 6 T-LIGHTS SANTA,2.95,1224,Acme Supplies Ltd,1.4583929840521164,40.0,Unknown,Acme Supplies Ltd,Other
22810,SET OF 6 T-LIGHTS SNOWMEN,2.95,906,EuroParts GmbH,2.026316505370824,18.0,Lighting,EuroParts GmbH,Lighting
22811,SET OF 6 T-LIGHTS CACTI,2.95,880,Unknown Vendor,2.2118291852375465,7.0,LIGHTING,UNKNOWN,Lighting
22812,PACK 3 BOXES CHRISTMAS PANNETONE,1.95,1542,acme-supplies,0.9243018335842568,18.0,home decor,Acme Supplies Ltd,Home Decor
22813,PACK 3 BOXES BIRD PANNETONE,1.95,2372,Acme Supplies Ltd,0.9609790308576402,9.0,Kitchen,Acme Supplies Ltd,Kitchen
22814,CARD PARTY GAMES,0.42,2141,Acme Supplies Ltd,0.2654403887822958,3.0,Unknown,Acme Supplies Ltd,Other
22815,CARD PSYCHEDELIC APPLES,0.42,2640,GlobalTrade Co,0.3099209492862913,11.0,Gifts,GlobalTrade Co,Gifts
22816,CARD MOTORBIKE SANTA,0.42,4023,Acme Supplies Ltd,0.3026247091840393,20.0,LIGHTING,Acme Supplies Ltd,Lighting
22817,CARD SUKI BIRTHDAY,0.42,2639,EuroParts GmbH,0.2419227014496409,5.0,Gifts,EuroParts GmbH,Gifts
22818,CARD CHRISTMAS VILLAGE,0.42,3561,Acme Supplies Ltd,0.2848812115314285,26.0,Kitchen,Acme Supplies Ltd,Kitchen
22819,"BIRTHDAY CARD, RETRO SPOT",0.42,2608,Pacific Importers,0.1879546404056854,30.0,Kitchen,Pacific Importers,Kitchen
22820,GIFT BAG BIRTHDAY,0.65,938,Unknown Vendor,0.4823671869064128,12.0,Unknown,UNKNOWN,Other
22821,GIFT BAG PSYCHEDELIC APPLES,0.65,1171,Euro Parts,0.4793903607431869,11.0,Stationery,EuroParts GmbH,Stationery
22822,CREAM WALL PLANTER HEART SHAPED,5.95,432,PACIFIC IMPORTERS LLC,2.720965554783374,15.0,home decor,Pacific Importers,Home Decor
22823,CHEST NATURAL WOOD 20 DRAWERS,110.0,24,GlobalTrade Co,55.527790304919606,37.0,Unknown,GlobalTrade Co,Other
22824,3 TIER SWEETHEART GARDEN SHELF,35.95,54,PACIFIC IMPORTERS LLC,15.640200256128898,25.0,LIGHTING,Pacific Importers,Lighting
22825,DECORATIVE PLANT POT WITH FRIEZE,7.95,71,Pacific Importers,3.9360542189341854,19.0,Stationery,Pacific Importers,Stationery
22826,LOVE SEAT ANTIQUE WHITE METAL,85.0,54,Global Trade Co.,58.2746847351024,9.0,Stationery,GlobalTrade Co,Stationery
22827,RUSTIC  SEVENTEEN DRAWER SIDEBOARD,165.0,28,Acme Supplies Ltd,87.84772631379374,18.0,Stationery,Acme Supplies Ltd,Stationery
22828,REGENCY MIRROR WITH SHUTTERS,165.0,10,,71.1049248527253,42.0,Unknown,UNKNOWN,Other
22829,SWEETHEART WIRE WALL TIDY,9.95,224,Global Trade Co.,5.171800390042535,38.0,Home Decor,GlobalTrade Co,Home Decor
22830,UTILTY CABINET WITH HOOKS,19.89,132,ACME SUPPLIES,14.787900081320672,22.0,Home Decor,Acme Supplies Ltd,Home Decor
22831,WHITE BROCANTE SOAP DISH,2.95,706,GlobalTrade Co,1.8301483121051272,26.0,Gifts,GlobalTrade Co,Gifts
22832,BROCANTE SHELF WITH HOOKS,10.75,155,Global Trade Co.,5.865805560853168,7.0,Home Decor,GlobalTrade Co,Home Decor
22833,HALL CABINET WITH 3 DRAWERS,49.95,76,Euro Parts,22.891509562216022,8.0,Home Decor,EuroParts GmbH,Home Decor
22834,HAND WARMER BABUSHKA DESIGN,2.1,4767,EuroParts GmbH,1.5648399460035156,30.0,Stationery,EuroParts GmbH,Stationery
22835,HOT WATER BOTTLE I AM SO POORLY,4.95,3080,EuroParts GmbH,3.402120908548371,7.0,Stationery,EuroParts GmbH,Stationery
22837,HOT WATER BOTTLE BABUSHKA,4.65,1048,Acme Supplies Ltd,2.3181043097388714,41.0,Kitchen,Acme Supplies Ltd,Kitchen
22838,3 TIER CAKE TIN RED AND CREAM,14.95,556,Global Trade Co.,6.346634450361124,23.0,Stationery,GlobalTrade Co,Stationery
22839,3 TIER CAKE TIN GREEN AND CREAM,14.95,433,Pacific Importers,6.276293228978073,4.0,Unknown,Pacific Importers,Other
22840,ROUND CAKE TIN VINTAGE RED,7.95,896,Acme Supplies Ltd,3.514952200999148,41.0,Kitchen,Acme Supplies Ltd,Kitchen
22841,ROUND CAKE TIN VINTAGE GREEN,7.95,518,acme-supplies,4.795988583907128,23.0,home decor,Acme Supplies Ltd,Home Decor
22842,BISCUIT TIN VINTAGE RED,6.75,571,EuroParts GmbH,4.894203582597975,42.0,Kitchen,EuroParts GmbH,Kitchen
22843,BISCUIT TIN VINTAGE GREEN,6.75,443,Acme Supplies Ltd,3.873556348664138,39.0,LIGHTING,Acme Supplies Ltd,Lighting
22844,VINTAGE CREAM DOG FOOD CONTAINER,8.5,978,Pacific Importers,5.907762810307187,20.0,Home Decor,Pacific Importers,Home Decor
22845,VINTAGE CREAM CAT FOOD CONTAINER,6.35,789,ACME SUPPLIES,3.5309830126384227,14.0,LIGHTING,Acme Supplies Ltd,Lighting
22846,BREAD BIN DINER STYLE RED,16.95,639,Acme Supplies Ltd,10.983671885267622,19.0,Stationery,Acme Supplies Ltd,Stationery
22847,BREAD BIN DINER STYLE IVORY,16.95,852,acme-supplies,11.121835013952166,39.0,Home Decor,Acme Supplies Ltd,Home Decor
22848,BREAD BIN DINER STYLE PINK,16.95,300,Unknown Vendor,7.812039685271556,40.0,Stationery,UNKNOWN,Stationery
22849,BREAD BIN DINER STYLE MINT,16.95,310,Euro Parts,8.922914269874003,17.0,Home Decor,EuroParts GmbH,Home Decor
22851,SET 20 NAPKINS FAIRY CAKES DESIGN,0.85,2736,Unknown Vendor,0.5295973915700621,9.0,home decor,UNKNOWN,Home Decor
22852,DOG BOWL VINTAGE CREAM,4.25,385,Pacific Importers,1.805161204674245,16.0,Home Decor,Pacific Importers,Home Decor
22853,CAT BOWL VINTAGE CREAM,3.25,466,Acme Supplies Ltd,1.7112519635803631,3.0,Home Decor,Acme Supplies Ltd,Home Decor
22854,CREAM SWEETHEART EGG HOLDER,4.95,724,Pacific Importers,2.906540075332166,40.0,Unknown,Pacific Importers,Other
22855,FINE WICKER HEART,1.25,2628,Global Trade Co.,0.9358482157070294,5.0,home decor,GlobalTrade Co,Home Decor
22856,ASSORTED EASTER DECORATIONS  BELLS,1.25,518,Euro Parts,0.7076084336473178,39.0,LIGHTING,EuroParts GmbH,Lighting
22857,ASSORTED EASTER GIFT TAGS,0.85,1111,Acme Supplies Ltd,0.5827768852415113,33.0,Gifts,Acme Supplies Ltd,Gifts
22858,EASTER TIN KEEPSAKE,1.65,1119,Pacific Importers,0.9095188571259716,15.0,home decor,Pacific Importers,Home Decor
22859,EASTER TIN BUNNY BOUQUET,1.65,1177,ACME SUPPLIES,1.119915642312882,20.0,Home Decor,Acme Supplies Ltd,Home Decor
22860,EASTER TIN CHICKS PINK DAISY,1.65,583,GlobalTrade Co,1.0038520479356126,19.0,Lighting,GlobalTrade Co,Lighting
22861,EASTER TIN CHICKS IN GARDEN,1.65,305,EuroParts GmbH,1.172008867467635,19.0,Lighting,EuroParts GmbH,Lighting
22862,LOVE HEART NAPKIN BOX,4.25,142,Global Trade Co.,2.3112770466207886,13.0,Lighting,GlobalTrade Co,Lighting
22863,SOAP DISH BROCANTE,2.95,701,GlobalTrade Co,1.803944313465677,22.0,Unknown,GlobalTrade Co,Other
22865,HAND WARMER OWL DESIGN,2.1,8366,GlobalTrade Co,1.303063730254838,12.0,Kitchen,GlobalTrade Co,Kitchen
22866,HAND WARMER SCOTTY DOG DESIGN,2.1,6465,Global Trade Co.,1.146776462223348,31.0,LIGHTING,GlobalTrade Co,Lighting
22867,HAND WARMER BIRD DESIGN,2.1,6292,Euro Parts,0.946069352110299,36.0,Home Decor,EuroParts GmbH,Home Decor
22868,NUMBER TILE COTTAGE GARDEN 0,1.95,64,,0.8438542952176691,23.0,home decor,UNKNOWN,Home Decor
22869,NUMBER TILE COTTAGE GARDEN 1,4.13,95,Unknown Vendor,1.6760987263917697,44.0,Lighting,UNKNOWN,Lighting
22870,NUMBER TILE COTTAGE GARDEN 2,4.13,94,Euro Parts,2.9146937789664578,15.0,Unknown,EuroParts GmbH,Other
22871,NUMBER TILE COTTAGE GARDEN 3,4.13,67,GlobalTrade Co,1.993824485641033,41.0,Kitchen,GlobalTrade Co,Kitchen
22872,NUMBER TILE COTTAGE GARDEN 4,4.13,72,EuroParts GmbH,1.957733006086796,29.0,LIGHTING,EuroParts GmbH,Lighting
22873,NUMBER TILE COTTAGE GARDEN 5,3.04,60,Global Trade Co.,1.9991416660533337,28.0,Lighting,GlobalTrade Co,Lighting
22874,NUMBER TILE COTTAGE GARDEN 6,1.95,65,acme-supplies,0.9984109971821448,30.0,Stationery,Acme Supplies Ltd,Stationery
22875,NUMBER TILE COTTAGE GARDEN 7,1.95,63,Euro Parts,1.1253755025710783,15.0,Gifts,EuroParts GmbH,Gifts
22876,NUMBER TILE COTTAGE GARDEN 8,1.95,61,Acme Supplies Ltd,0.890913802065514,14.0,Home Decor,Acme Supplies Ltd,Home Decor
22877,NUMBER TILE COTTAGE GARDEN 9,1.95,62,,1.435026454897794,30.0,Gifts,UNKNOWN,Gifts
22878,NUMBER TILE COTTAGE GARDEN NO,4.13,74,Global Trade Co.,2.882960913724917,4.0,Gifts,GlobalTrade Co,Gifts
22879,NUMBER TILE VINTAGE FONT 0,3.15,70,PACIFIC IMPORTERS LLC,2.2123280593189163,39.0,Stationery,Pacific Importers,Stationery
22880,NUMBER TILE VINTAGE FONT 1,4.13,99,PACIFIC IMPORTERS LLC,2.2399914535608336,36.0,Stationery,Pacific Importers,Stationery
22881,NUMBER TILE VINTAGE FONT 2,4.13,102,,2.753993134413718,25.0,Stationery,UNKNOWN,Stationery
22882,NUMBER TILE VINTAGE FONT 3,4.13,107,PACIFIC IMPORTERS LLC,1.8599729826159277,31.0,Kitchen,Pacific Importers,Kitchen
22883,NUMBER TILE VINTAGE FONT 4,4.13,99,PACIFIC IMPORTERS LLC,1.6644587682464185,37.0,Lighting,Pacific Importers,Lighting
22884,NUMBER TILE VINTAGE FONT 5,4.13,99,Acme Supplies Ltd,1.6808708740415397,13.0,home decor,Acme Supplies Ltd,Home Decor
22885,NUMBER TILE VINTAGE FONT 6,4.13,95,Pacific Importers,2.4999328114182924,35.0,Home Decor,Pacific Importers,Home Decor
22886,NUMBER TILE VINTAGE FONT 7,2.17,87,ACME SUPPLIES,1.213872430535811,13.0,Stationery,Acme Supplies Ltd,Stationery
22887,NUMBER TILE VINTAGE FONT 8,4.13,78,EuroParts GmbH,2.4007911868472656,11.0,Unknown,EuroParts GmbH,Other
22888,NUMBER TILE VINTAGE FONT 9,4.13,76,Pacific Importers,1.6627879694730907,16.0,LIGHTING,Pacific Importers,Lighting
22889,NUMBER TILE VINTAGE FONT NO,4.13,173,EuroParts GmbH,2.2629935087148088,11.0,Home Decor,EuroParts GmbH,Home Decor
22890,NOVELTY BISCUITS CAKE STAND 3 TIER,9.95,362,Acme Supplies Ltd,6.4806723713819965,41.0,LIGHTING,Acme Supplies Ltd,Lighting
22891,TEA FOR ONE POLKADOT,4.25,394,Acme Supplies Ltd,2.3585068816765613,5.0,home decor,Acme Supplies Ltd,Home Decor
22892,SET OF SALT AND PEPPER TOADSTOOLS,1.25,2320,EuroParts GmbH,0.8203459027615972,31.0,Home Decor,EuroParts GmbH,Home Decor
22893,MINI CAKE STAND T-LIGHT HOLDER,0.83,1809,Acme Supplies Ltd,0.3996920091572805,21.0,Home Decor,Acme Supplies Ltd,Home Decor
22894,TABLECLOTH RED APPLES DESIGN,9.95,305,Acme Supplies Ltd,6.811767030607608,38.0,Stationery,Acme Supplies Ltd,Stationery
22895,SET OF 2 TEA TOWELS APPLE AND PEARS,3.25,2057,Acme Supplies Ltd,1.9693405360158025,34.0,Stationery,Acme Supplies Ltd,Stationery
22896,PEG BAG APPLES DESIGN,2.55,1574,Unknown Vendor,0.7102407136231567,9.0,Lighting,UNKNOWN,Lighting
22897,OVEN MITT APPLES DESIGN,1.45,1310,EuroParts GmbH,0.7001356414958202,30.0,home decor,EuroParts GmbH,Home Decor
22898,CHILDRENS APRON APPLES DESIGN,1.95,2426,GlobalTrade Co,0.9956100635287588,20.0,Stationery,GlobalTrade Co,Stationery
22899,CHILDREN'S APRON DOLLY GIRL,2.1,2066,GlobalTrade Co,1.450005601011146,7.0,Stationery,GlobalTrade Co,Stationery
22900,SET 2 TEA TOWELS I LOVE LONDON,3.25,4703,GlobalTrade Co,1.772776602058164,25.0,Home Decor,GlobalTrade Co,Home Decor
22902,TOTE BAG I LOVE LONDON,2.1,1272,Euro Parts,1.0298508154087804,24.0,Lighting,EuroParts GmbH,Lighting
22903,CALENDAR FAMILY FAVOURITES,2.95,193,PACIFIC IMPORTERS LLC,2.0751894841351954,28.0,Gifts,Pacific Importers,Gifts
22904,CALENDAR PAPER CUT DESIGN,2.95,1836,ACME SUPPLIES,1.8710195112327368,44.0,Stationery,Acme Supplies Ltd,Stationery
22905,CALENDAR IN SEASON DESIGN,2.95,582,ACME SUPPLIES,1.6426482656197765,14.0,Unknown,Acme Supplies Ltd,Other
22906,12 MESSAGE CARDS WITH ENVELOPES,1.65,1739,Acme Supplies Ltd,0.9417623627737968,42.0,Stationery,Acme Supplies Ltd,Stationery
22907,PACK OF 20 NAPKINS PANTRY DESIGN,0.85,6535,PACIFIC IMPORTERS LLC,0.4007662992110779,21.0,Gifts,Pacific Importers,Gifts
22908,PACK OF 20 NAPKINS RED APPLES,0.85,4382,EuroParts GmbH,0.5264737824442911,3.0,Home Decor,EuroParts GmbH,Home Decor
22909,SET OF 20 VINTAGE CHRISTMAS NAPKINS,0.85,8728,acme-supplies,0.4467258968865094,5.0,home decor,Acme Supplies Ltd,Home Decor
22910,PAPER CHAIN KIT VINTAGE CHRISTMAS,2.95,10253,Acme Supplies Ltd,2.208003644916265,29.0,Lighting,Acme Supplies Ltd,Lighting
22911,PAPER CHAIN KIT LONDON,2.95,458,Acme Supplies Ltd,1.6757894795078994,20.0,Home Decor,Acme Supplies Ltd,Home Decor
22912,YELLOW COAT RACK PARIS FASHION,4.95,281,Unknown Vendor,2.8217968127235054,32.0,home decor,UNKNOWN,Home Decor
22913,RED COAT RACK PARIS FASHION,4.95,348,GlobalTrade Co,2.960338221688989,4.0,Kitchen,GlobalTrade Co,Kitchen
22914,BLUE COAT RACK PARIS FASHION,4.95,463,EuroParts GmbH,3.5682797754032287,7.0,Stationery,EuroParts GmbH,Stationery
22915,ASSORTED BOTTLE TOP  MAGNETS,0.42,2858,PACIFIC IMPORTERS LLC,0.2857202606793833,31.0,home decor,Pacific Importers,Home Decor
22916,HERB MARKER THYME,0.65,1896,GlobalTrade Co,0.3626320908790089,35.0,Unknown,GlobalTrade Co,Other
22917,HERB MARKER ROSEMARY,0.65,1932,ACME SUPPLIES,0.4235040830088111,44.0,home decor,Acme Supplies Ltd,Home Decor
22918,HERB MARKER PARSLEY,0.65,1862,Acme Supplies Ltd,0.3933685759726233,22.0,Kitchen,Acme Supplies Ltd,Kitchen
22919,HERB MARKER MINT,0.65,1745,PACIFIC IMPORTERS LLC,0.3720135035795341,32.0,Stationery,Pacific Importers,Stationery
22920,HERB MARKER BASIL,0.65,1900,Euro Parts,0.3037518383084397,44.0,Kitchen,EuroParts GmbH,Kitchen
22921,HERB MARKER CHIVES,0.65,1709,PACIFIC IMPORTERS LLC,0.3655454999359877,7.0,Gifts,Pacific Importers,Gifts
22922,FRIDGE MAGNETS US DINER ASSORTED,0.85,1311,Pacific Importers,0.4131310296392159,23.0,Stationery,Pacific Importers,Stationery
22923,FRIDGE MAGNETS LES ENFANTS ASSORTED,0.85,1190,Acme Supplies Ltd,0.6121655395808673,17.0,Unknown,Acme Supplies Ltd,Other
22924,FRIDGE MAGNETS LA VIE EN ROSE,0.85,982,Unknown Vendor,0.4397835270151631,22.0,Stationery,UNKNOWN,Stationery
22925,BLUE GIANT GARDEN THERMOMETER,5.95,424,Euro Parts,4.363089810265747,10.0,Kitchen,EuroParts GmbH,Kitchen
22926,IVORY GIANT GARDEN THERMOMETER,5.95,534,GlobalTrade Co,3.490087641622236,33.0,LIGHTING,GlobalTrade Co,Lighting
22927,GREEN GIANT GARDEN THERMOMETER,5.95,372,Unknown Vendor,3.695191168593104,14.0,Lighting,UNKNOWN,Lighting
22928,YELLOW GIANT GARDEN THERMOMETER,5.95,282,PACIFIC IMPORTERS LLC,3.5106734756490248,23.0,Kitchen,Pacific Importers,Kitchen
22929,SCHOOL DESK AND CHAIR,65.0,16,Pacific Importers,28.943409035992445,32.0,Stationery,Pacific Importers,Stationery
22930,BAKING MOULD HEART MILK CHOCOLATE,2.55,1013,EuroParts GmbH,1.355420437964587,29.0,LIGHTING,EuroParts GmbH,Lighting
22931,BAKING MOULD HEART WHITE CHOCOLATE,2.55,815,Euro Parts,1.1084879052077794,28.0,Stationery,EuroParts GmbH,Stationery
22932,BAKING MOULD TOFFEE CUP CHOCOLATE,2.55,764,PACIFIC IMPORTERS LLC,1.5759864844336682,35.0,home decor,Pacific Importers,Home Decor
22933,BAKING MOULD EASTER EGG MILK CHOC,2.95,784,Acme Supplies Ltd,1.641397606544453,28.0,LIGHTING,Acme Supplies Ltd,Lighting
22934,BAKING MOULD EASTER EGG WHITE CHOC,2.95,586,GlobalTrade Co,1.983269483146992,28.0,Lighting,GlobalTrade Co,Lighting
22935,BAKING MOULD ROSE MILK CHOCOLATE,3.25,618,,1.5507851721367831,38.0,Home Decor,UNKNOWN,Home Decor
22936,BAKING MOULD ROSE WHITE CHOCOLATE,3.25,207,ACME SUPPLIES,1.4871938914633689,42.0,Lighting,Acme Supplies Ltd,Lighting
22937,BAKING MOULD CHOCOLATE CUPCAKES,2.55,961,GlobalTrade Co,1.382651516135163,3.0,Home Decor,GlobalTrade Co,Home Decor
22938,CUPCAKE LACE PAPER SET 6,1.95,2307,Global Trade Co.,1.4123945240465452,17.0,Unknown,GlobalTrade Co,Other
22939,APRON APPLE DELIGHT,4.95,458,Global Trade Co.,3.210805794509004,3.0,Stationery,GlobalTrade Co,Stationery
22940,FELTCRAFT CHRISTMAS FAIRY,4.25,1896,PACIFIC IMPORTERS LLC,2.3231488918794665,13.0,home decor,Pacific Importers,Home Decor
22941,CHRISTMAS LIGHTS 10 REINDEER,8.5,1621,,4.938884705019074,4.0,LIGHTING,UNKNOWN,Lighting
22942,CHRISTMAS LIGHTS 10 SANTAS,8.5,533,acme-supplies,3.650533708251868,3.0,Gifts,Acme Supplies Ltd,Gifts
22943,CHRISTMAS LIGHTS 10 VINTAGE BAUBLES,4.95,1318,Acme Supplies Ltd,3.685777740471616,33.0,Gifts,Acme Supplies Ltd,Gifts
22944,CHRISTMAS METAL POSTCARD WITH BELLS,0.97,3320,ACME SUPPLIES,0.614245279943925,18.0,Kitchen,Acme Supplies Ltd,Kitchen
22945,CHRISTMAS METAL TAGS ASSORTED,0.85,2127,,0.4249077103678682,24.0,Lighting,UNKNOWN,Lighting
22946,WOODEN ADVENT CALENDAR CREAM,16.95,416,PACIFIC IMPORTERS LLC,10.255308298681935,44.0,LIGHTING,Pacific Importers,Lighting
22947,WOODEN ADVENT CALENDAR RED,7.95,745,GlobalTrade Co,3.484634683586976,20.0,Lighting,GlobalTrade Co,Lighting
22948,METAL DECORATION NAUGHTY CHILDREN,0.85,1481,Euro Parts,0.6273364089702561,19.0,LIGHTING,EuroParts GmbH,Lighting
22949,36 DOILIES DOLLY GIRL,1.45,954,,0.6687033813508082,32.0,Gifts,UNKNOWN,Gifts
22950,36 DOILIES VINTAGE CHRISTMAS,1.45,4885,Euro Parts,0.9088753864130212,12.0,Home Decor,EuroParts GmbH,Home Decor
22951,60 CAKE CASES DOLLY GIRL DESIGN,0.55,7398,,0.2672499840387441,37.0,Lighting,UNKNOWN,Lighting
22952,60 CAKE CASES VINTAGE CHRISTMAS,0.55,15767,acme-supplies,0.3581305661598432,23.0,Home Decor,Acme Supplies Ltd,Home Decor
22953,BIRTHDAY PARTY CORDON BARRIER TAPE,1.25,502,EuroParts GmbH,0.839859348167623,18.0,Home Decor,EuroParts GmbH,Home Decor
22954,HEN PARTY CORDON BARRIER TAPE,1.25,201,Global Trade Co.,0.7946211313987518,23.0,Home Decor,GlobalTrade Co,Home Decor
22955,36 FOIL STAR CAKE CASES,2.1,1192,Euro Parts,1.2916571032875666,5.0,Home Decor,EuroParts GmbH,Home Decor
22956,36 FOIL HEART CAKE CASES,2.1,1903,EuroParts GmbH,1.4959647840547288,43.0,home decor,EuroParts GmbH,Home Decor
22957,SET 3 PAPER VINTAGE CHICK PAPER EGG,2.95,1752,Euro Parts,1.2611820790969253,23.0,Kitchen,EuroParts GmbH,Kitchen
22959,WRAP CHRISTMAS VILLAGE,0.42,4451,PACIFIC IMPORTERS LLC,0.2166444705696886,15.0,Kitchen,Pacific Importers,Kitchen
22960,JAM MAKING SET WITH JARS,4.25,8470,ACME SUPPLIES,2.0693276259508835,20.0,home decor,Acme Supplies Ltd,Home Decor
22961,JAM MAKING SET PRINTED,1.45,16081,Pacific Importers,1.0814170857482015,26.0,Gifts,Pacific Importers,Gifts
22962,JAM JAR WITH PINK LID,0.85,3818,Unknown Vendor,0.4558434594508948,29.0,LIGHTING,UNKNOWN,Lighting
22963,JAM JAR WITH GREEN LID,0.85,3176,,0.5579522780240186,6.0,Kitchen,UNKNOWN,Kitchen
22964,3 PIECE SPACEBOY COOKIE CUTTER SET,2.1,2614,Acme Supplies Ltd,1.3432729954525384,24.0,LIGHTING,Acme Supplies Ltd,Lighting
22965,3 TRADITIONAL COOKIE CUTTERS  SET,2.1,1335,ACME SUPPLIES,0.9958797095458728,26.0,Unknown,Acme Supplies Ltd,Other
22966,GINGERBREAD MAN COOKIE CUTTER,1.25,7379,Acme Supplies Ltd,0.6045614850925538,42.0,home decor,Acme Supplies Ltd,Home Decor
22967,SET 3 SONG BIRD PAPER EGGS ASSORTED,2.95,1151,EuroParts GmbH,1.470426311868508,12.0,Lighting,EuroParts GmbH,Lighting
22968,ROSE COTTAGE KEEPSAKE BOX,9.95,753,Euro Parts,5.411750746538289,4.0,Unknown,EuroParts GmbH,Other
22969,HOMEMADE JAM SCENTED CANDLES,1.45,12392,ACME SUPPLIES,0.6989199708176423,42.0,home decor,Acme Supplies Ltd,Home Decor
22970,LONDON BUS COFFEE MUG,2.55,4351,Pacific Importers,1.0375389483515616,8.0,Kitchen,Pacific Importers,Kitchen
22971,QUEENS GUARD COFFEE MUG,2.55,2415,Euro Parts,1.804858303200422,20.0,Lighting,EuroParts GmbH,Lighting
22972,CHILDREN'S SPACEBOY MUG,1.65,1764,EuroParts GmbH,1.2176396776224605,19.0,LIGHTING,EuroParts GmbH,Lighting
22973,CHILDREN'S CIRCUS PARADE MUG,1.65,1239,Pacific Importers,0.8572568985107305,40.0,Lighting,Pacific Importers,Lighting
22974,CHILDRENS DOLLY GIRL MUG,1.65,1587,Pacific Importers,0.8554877228682105,25.0,LIGHTING,Pacific Importers,Lighting
22975,SPACEBOY CHILDRENS EGG CUP,1.25,1203,Pacific Importers,0.5031026680887873,32.0,Home Decor,Pacific Importers,Home Decor
22976,CIRCUS PARADE CHILDRENS EGG CUP,1.25,1054,GlobalTrade Co,0.7976096761445386,23.0,Gifts,GlobalTrade Co,Gifts
22977,DOLLY GIRL CHILDRENS EGG CUP,1.25,950,Pacific Importers,0.861129954390025,12.0,Home Decor,Pacific Importers,Home Decor
22978,PANTRY ROLLING PIN,3.75,2390,EuroParts GmbH,1.6924233942225042,15.0,home decor,EuroParts GmbH,Home Decor
22979,PANTRY WASHING UP BRUSH,1.45,4006,,0.661030672303829,14.0,Home Decor,UNKNOWN,Home Decor
22980,PANTRY SCRUBBING BRUSH,1.65,2285,PACIFIC IMPORTERS LLC,1.1162730768585052,11.0,Unknown,Pacific Importers,Other
22981,PANTRY APPLE CORER,1.45,466,EuroParts GmbH,0.8927675547897285,6.0,LIGHTING,EuroParts GmbH,Lighting
22982,PANTRY PASTRY BRUSH,1.25,1131,ACME SUPPLIES,0.5196264939621262,41.0,LIGHTING,Acme Supplies Ltd,Lighting
22983,CARD BILLBOARD FONT,0.42,5121,Global Trade Co.,0.2595144075979554,26.0,Kitchen,GlobalTrade Co,Kitchen
22984,CARD GINGHAM ROSE,0.42,2717,Acme Supplies Ltd,0.2134109052580336,36.0,LIGHTING,Acme Supplies Ltd,Lighting
22985,"WRAP, BILLBOARD FONTS DESIGN",0.42,3782,acme-supplies,0.2222025978542143,41.0,Unknown,Acme Supplies Ltd,Other
22986,GINGHAM ROSE WRAP,0.42,4080,EuroParts GmbH,0.2811505184896414,43.0,Kitchen,EuroParts GmbH,Kitchen
22987,WRAP SUMMER ROSE DESIGN,0.42,102,Unknown Vendor,0.2872074733228737,7.0,Unknown,UNKNOWN,Other
22988,SOLDIERS EGG CUP,1.25,8878,Acme Supplies Ltd,0.6751560242424259,17.0,Lighting,Acme Supplies Ltd,Lighting
22989,SET 2 PANTRY DESIGN TEA TOWELS,3.25,2791,Global Trade Co.,2.3773864647072287,6.0,Kitchen,GlobalTrade Co,Kitchen
22990,COTTON APRON PANTRY DESIGN,4.95,512,Euro Parts,2.684196658851965,41.0,LIGHTING,EuroParts GmbH,Lighting
22991,GIRAFFE WOODEN RULER,1.95,3175,ACME SUPPLIES,1.30677809404455,10.0,Kitchen,Acme Supplies Ltd,Kitchen
22992,REVOLVER WOODEN RULER,1.95,4520,Pacific Importers,1.1102462330651068,26.0,Unknown,Pacific Importers,Other
22993,SET OF 4 PANTRY JELLY MOULDS,1.25,12604,EuroParts GmbH,0.8926703928534118,30.0,Stationery,EuroParts GmbH,Stationery
22994,TRAVEL CARD WALLET RETROSPOT,0.42,2167,PACIFIC IMPORTERS LLC,0.3014409028165762,29.0,Lighting,Pacific Importers,Lighting
22995,TRAVEL CARD WALLET SUKI,0.42,2340,ACME SUPPLIES,0.1808502707570493,3.0,home decor,Acme Supplies Ltd,Home Decor
22996,TRAVEL CARD WALLET VINTAGE TICKET,0.42,4787,GlobalTrade Co,0.3056645197026031,36.0,LIGHTING,GlobalTrade Co,Lighting
22997,TRAVEL CARD WALLET UNION JACK,0.42,2517,Euro Parts,0.289353621703501,19.0,Lighting,EuroParts GmbH,Lighting
22998,TRAVEL CARD WALLET KEEP CALM,0.42,12313,Pacific Importers,0.284322675003962,39.0,LIGHTING,Pacific Importers,Lighting
22999,TRAVEL CARD WALLET RETRO PETALS,0.42,2957,Acme Supplies Ltd,0.1975339669337718,40.0,home decor,Acme Supplies Ltd,Home Decor
23000,TRAVEL CARD WALLET TRANSPORT,0.42,3132,EuroParts GmbH,0.2863525236869357,28.0,Stationery,EuroParts GmbH,Stationery
23001,TRAVEL CARD WALLET DOTCOMGIFTSHOP,0.0,200,Acme Supplies Ltd,0.0,26.0,Unknown,Acme Supplies Ltd,Other
23002,TRAVEL CARD WALLET SKULLS,0.42,2017,EuroParts GmbH,0.2105050991647602,41.0,Unknown,EuroParts GmbH,Other
23003,TRAVEL CARD WALLET VINTAGE ROSE,0.42,-8516,ACME SUPPLIES,0.3079822315192616,23.0,Lighting,Acme Supplies Ltd,Lighting
23004,TRAVEL CARD WALLET PANTRY,0.42,1827,Unknown Vendor,0.1753294415206771,32.0,Unknown,UNKNOWN,Other
23005,TRAVEL CARD WALLET I LOVE LONDON,0.42,-14418,GlobalTrade Co,0.1900366602273295,15.0,Gifts,GlobalTrade Co,Gifts
23006,TRAVEL CARD WALLET FLOWER MEADOW,0.42,1686,GlobalTrade Co,0.2470244272935726,39.0,Gifts,GlobalTrade Co,Gifts
23007,SPACEBOY BABY GIFT SET,16.95,493,Acme Supplies Ltd,10.1958888349331,5.0,LIGHTING,Acme Supplies Ltd,Lighting
23008,DOLLY GIRL BABY GIFT SET,16.95,428,GlobalTrade Co,10.60735286918261,34.0,home decor,GlobalTrade Co,Home Decor
23009,I LOVE LONDON BABY GIFT SET,16.95,263,,6.8806693596640045,37.0,Stationery,UNKNOWN,Stationery
23010,CIRCUS PARADE BABY GIFT SET,16.95,313,Unknown Vendor,12.477375890445789,21.0,LIGHTING,UNKNOWN,Lighting
23012,GLASS APOTHECARY BOTTLE PERFUME,3.95,1066,GlobalTrade Co,1.6416430382049545,16.0,Kitchen,GlobalTrade Co,Kitchen
23013,GLASS APOTHECARY BOTTLE TONIC,3.95,919,Global Trade Co.,1.777783149640104,24.0,LIGHTING,GlobalTrade Co,Lighting
23014,GLASS APOTHECARY BOTTLE ELIXIR,3.95,849,EuroParts GmbH,1.5993750704797738,19.0,Gifts,EuroParts GmbH,Gifts
23015,CORDIAL GLASS JUG,8.25,34,,4.936803726136698,6.0,LIGHTING,UNKNOWN,Lighting
23016,GLASS TWIST BON BON JAR,7.85,71,Pacific Importers,5.701403263572871,42.0,home decor,Pacific Importers,Home Decor
23017,APOTHECARY MEASURING JAR,12.5,66,GlobalTrade Co,7.9135188516020305,21.0,LIGHTING,GlobalTrade Co,Lighting
23018,LARGE APOTHECARY MEASURING JAR,12.5,51,Global Trade Co.,8.599126424601868,39.0,Unknown,GlobalTrade Co,Other
23019,SMALL APOTHECARY MEASURING JAR,8.25,81,EuroParts GmbH,3.33834947498665,4.0,Stationery,EuroParts GmbH,Stationery
23020,GLASS  SONGBIRD STORAGE JAR,12.5,170,Acme Supplies Ltd,7.371316930848802,17.0,home decor,Acme Supplies Ltd,Home Decor
23021,GLASS BONNE JAM JAR,4.15,121,PACIFIC IMPORTERS LLC,2.327515224826771,4.0,home decor,Pacific Importers,Home Decor
23022,SMALL BONNE JAM JAR  T-LIGHT HOLDER,2.08,392,GlobalTrade Co,1.1952486633927373,13.0,Gifts,GlobalTrade Co,Gifts
23023,RIDGED BONNE JAM JAR T-LIGHT HOLDER,1.65,284,Euro Parts,0.701703114531071,25.0,Home Decor,EuroParts GmbH,Home Decor
23024,LARGE BONNE JAM JAR  T-LIGHT HOLDER,2.89,253,Acme Supplies Ltd,1.8483063677216047,12.0,Stationery,Acme Supplies Ltd,Stationery
23025,DRAWER KNOB VINTAGE GLASS BALL,2.08,344,Pacific Importers,1.198344462017086,5.0,Lighting,Pacific Importers,Lighting
23026,DRAWER KNOB VINTAGE GLASS STAR,2.08,543,Pacific Importers,1.389028362699,7.0,home decor,Pacific Importers,Home Decor
23027,DRAWER KNOB VINTAGE GLASS HEXAGON,2.08,295,PACIFIC IMPORTERS LLC,1.185291581596929,5.0,Gifts,Pacific Importers,Gifts
23028,DRAWER KNOB CRACKLE GLAZE BLUE,1.65,1319,Acme Supplies Ltd,0.7462678949207645,40.0,Lighting,Acme Supplies Ltd,Lighting
23029,DRAWER KNOB CRACKLE GLAZE GREEN,1.65,1304,Pacific Importers,1.0343683909799422,15.0,Stationery,Pacific Importers,Stationery
23031,DRAWER KNOB CRACKLE GLAZE PINK,1.65,1276,Pacific Importers,0.7595531241157335,44.0,Gifts,Pacific Importers,Gifts
23032,DRAWER KNOB CRACKLE GLAZE IVORY,1.65,2236,Pacific Importers,1.1638078603374054,21.0,Lighting,Pacific Importers,Lighting
23033,DRAWER KNOB CERAMIC RED,1.45,720,PACIFIC IMPORTERS LLC,0.8911564913276401,42.0,LIGHTING,Pacific Importers,Lighting
23034,DRAWER KNOB CERAMIC BLACK,1.45,985,EuroParts GmbH,0.6597809709051543,37.0,Kitchen,EuroParts GmbH,Kitchen
23035,DRAWER KNOB CERAMIC IVORY,1.45,2136,Euro Parts,1.0683865641717123,26.0,home decor,EuroParts GmbH,Home Decor
23036,T-LIGHT HOLDER SILVER PETIT FOUR,1.25,185,acme-supplies,0.7267848902092028,26.0,Kitchen,Acme Supplies Ltd,Kitchen
23037,CANDLE HOLDER SILVER MADELINE,1.65,196,Euro Parts,0.7020988559558807,19.0,Home Decor,EuroParts GmbH,Home Decor
23038,T-LIGHT HOLDER SILVER SAUCER,1.63,44,Pacific Importers,1.0096081719687957,42.0,Unknown,Pacific Importers,Other
23039,T-LIGHT HOLDER SILVER HEART HANDLE,1.95,193,Acme Supplies Ltd,0.9528082540362428,12.0,Stationery,Acme Supplies Ltd,Stationery
23040,PAPER LANTERN 9 POINT SNOW STAR,5.75,253,Acme Supplies Ltd,3.917433071903072,4.0,Unknown,Acme Supplies Ltd,Other
23041,PAPER LANTERN 9 POINT SNOW STAR,4.15,248,GlobalTrade Co,2.847886561854892,25.0,Unknown,GlobalTrade Co,Other
23042,PAPER LANTERN 7 POINT SNOW STAR,6.65,93,Euro Parts,4.938499970751725,8.0,Lighting,EuroParts GmbH,Lighting
23043,PAPER LANTERN 9 POINT HOLLY STAR 40,6.25,81,EuroParts GmbH,3.5978395991161016,4.0,Home Decor,EuroParts GmbH,Home Decor
23044,PAPER LANTERN 9 POINT HOLLY STAR S,4.15,104,Euro Parts,2.3208248678045384,23.0,Stationery,EuroParts GmbH,Stationery
23045,PAPER LANTERN 5 POINT STAR MOON 30,4.15,98,Pacific Importers,2.754423316911013,37.0,Kitchen,Pacific Importers,Kitchen
23046,PAPER LANTERN 9 POINT DELUXE STAR,6.65,349,Global Trade Co.,2.9683254526358347,31.0,Unknown,GlobalTrade Co,Other
23047,PAPER LANTERN 5 POINT SEQUIN STAR,5.75,58,Acme Supplies Ltd,3.400667471508662,9.0,Lighting,Acme Supplies Ltd,Lighting
23048,SET OF 10 LANTERNS FAIRY LIGHT STAR,4.15,548,GlobalTrade Co,2.453424639190061,31.0,Unknown,GlobalTrade Co,Other
23049,RECYCLED ACAPULCO MAT RED,8.25,453,Global Trade Co.,3.558353642114993,39.0,Gifts,GlobalTrade Co,Gifts
23050,RECYCLED ACAPULCO MAT GREEN,8.25,496,Acme Supplies Ltd,4.506929046901213,25.0,Kitchen,Acme Supplies Ltd,Kitchen
23051,RECYCLED ACAPULCO MAT BLUE,8.25,363,ACME SUPPLIES,5.763859855862795,35.0,Unknown,Acme Supplies Ltd,Other
23052,RECYCLED ACAPULCO MAT TURQUOISE,8.25,653,Pacific Importers,5.772143583509582,10.0,Gifts,Pacific Importers,Gifts
23053,RECYCLED ACAPULCO MAT PINK,8.25,364,EuroParts GmbH,3.586548757455579,14.0,Gifts,EuroParts GmbH,Gifts
23054,RECYCLED ACAPULCO MAT LAVENDER,8.25,296,Unknown Vendor,3.561956548934362,12.0,Lighting,UNKNOWN,Lighting
23055,IVORY CHANDELIER T-LIGHT HOLDER,6.25,-172,,3.0746463559417334,17.0,Lighting,UNKNOWN,Lighting
23056,FLOWERS CHANDELIER T-LIGHT HOLDER,6.25,177,PACIFIC IMPORTERS LLC,4.413550761836861,23.0,Gifts,Pacific Importers,Gifts
23057,GEMSTONE CHANDELIER T-LIGHT HOLDER,4.95,63,Global Trade Co.,2.203323728639837,28.0,Home Decor,GlobalTrade Co,Home Decor
23058,CHRISTMAS HANGING SNOWFLAKE,0.79,490,PACIFIC IMPORTERS LLC,0.5150791159264889,44.0,Unknown,Pacific Importers,Other
23059,THROWN AWAY-RUSTY,0.0,-2376,Euro Parts,0.0,41.0,Gifts,EuroParts GmbH,Gifts
23060,HEART BEADED TRELLIS DECORATION,2.08,249,Acme Supplies Ltd,1.2856443575284169,5.0,Gifts,Acme Supplies Ltd,Gifts
23061,VINTAGE EMBOSSED HEART,1.25,1030,Global Trade Co.,0.6557794433646259,4.0,Lighting,GlobalTrade Co,Lighting
23064,CINDERELLA CHANDELIER,49.95,142,Euro Parts,33.772188357550775,8.0,Unknown,EuroParts GmbH,Other
23065,LARGE DECO JEWELLERY STAND,12.5,260,GlobalTrade Co,6.022395713610966,23.0,Stationery,GlobalTrade Co,Stationery
23066,SMALL DECO JEWELLERY STAND,8.25,245,Pacific Importers,5.1456952823635085,11.0,Kitchen,Pacific Importers,Kitchen
23067,HANGING ENGRAVED METAL HEART,4.15,297,Pacific Importers,2.002328881471473,12.0,Lighting,Pacific Importers,Lighting
23068,ALUMINIUM STAMPED HEART,2.49,813,ACME SUPPLIES,1.6179549367322423,38.0,Unknown,Acme Supplies Ltd,Other
23069,EDWARDIAN PHOTO FRAME,6.25,90,GlobalTrade Co,4.411170700601638,23.0,Unknown,GlobalTrade Co,Other
23070,EDWARDIAN HEART PHOTO FRAME,4.15,160,GlobalTrade Co,1.8441796132316195,43.0,LIGHTING,GlobalTrade Co,Lighting
23071,MARIE ANTOIENETT TRINKET BOX GOLD,12.5,178,Acme Supplies Ltd,8.791356137605327,26.0,home decor,Acme Supplies Ltd,Home Decor
23072,MARIE ANTOINETTE TRINKET BOX SILVER,12.5,212,Acme Supplies Ltd,7.596891738062553,24.0,Home Decor,Acme Supplies Ltd,Home Decor
23073,GEORGIAN TRINKET BOX,12.5,143,Euro Parts,5.55610839754323,16.0,Kitchen,EuroParts GmbH,Kitchen
23074,EMBOSSED HEART TRINKET BOX,2.08,244,acme-supplies,1.1432504707018705,44.0,Lighting,Acme Supplies Ltd,Lighting
23075,DOUBLE CERAMIC PARLOUR HOOK,4.15,443,Pacific Importers,1.893649576287105,29.0,Lighting,Pacific Importers,Lighting
23076,ICE CREAM SUNDAE LIP GLOSS,1.25,8072,GlobalTrade Co,0.8064022013791241,35.0,Stationery,GlobalTrade Co,Stationery
23077,DOUGHNUT LIP GLOSS,1.25,10355,,0.832004808807853,24.0,home decor,UNKNOWN,Home Decor
23078,ICE CREAM PEN LIP GLOSS,1.25,6783,acme-supplies,0.5462859776193496,31.0,home decor,Acme Supplies Ltd,Home Decor
23079,TOADSTOOL BEDSIDE LIGHT,8.95,239,Global Trade Co.,5.165483088565973,21.0,Home Decor,GlobalTrade Co,Home Decor
23080,RED METAL BOX TOP SECRET,8.25,1068,,5.652229849274836,21.0,LIGHTING,UNKNOWN,Lighting
23081,GREEN METAL BOX ARMY SUPPLIES,8.25,478,Euro Parts,6.003170782478503,8.0,LIGHTING,EuroParts GmbH,Lighting
23082,SET 6 PAPER TABLE LANTERN HEARTS,3.75,2305,ACME SUPPLIES,2.173992200098573,21.0,home decor,Acme Supplies Ltd,Home Decor
23083,SET 6 PAPER TABLE LANTERN STARS,3.75,1870,Euro Parts,2.7472414809899712,15.0,Home Decor,EuroParts GmbH,Home Decor
23084,RABBIT NIGHT LIGHT,2.08,30646,Global Trade Co.,1.2219815704919896,28.0,LIGHTING,GlobalTrade Co,Lighting
23085,ANTIQUE SILVER BAUBLE LAMP,10.4,368,Pacific Importers,5.594853400343665,24.0,Unknown,Pacific Importers,Other
23086,ZINC  STAR T-LIGHT HOLDER,1.25,1212,Acme Supplies Ltd,0.8710888687418917,23.0,Unknown,Acme Supplies Ltd,Other
23087,ZINC  HEART T-LIGHT HOLDER,1.25,853,Acme Supplies Ltd,0.715679935825414,38.0,Lighting,Acme Supplies Ltd,Lighting
23088,ZINC HEART FLOWER T-LIGHT HOLDER,1.25,795,EuroParts GmbH,0.7064573483719788,4.0,LIGHTING,EuroParts GmbH,Lighting
23089,GLASS BON BON JAR,1.95,2340,Pacific Importers,1.1146382740222078,32.0,Stationery,Pacific Importers,Stationery
23090,VINTAGE GLASS T-LIGHT HOLDER,0.83,1891,Global Trade Co.,0.5779910430431611,29.0,Lighting,GlobalTrade Co,Lighting
23091,ZINC HERB GARDEN CONTAINER,6.25,571,EuroParts GmbH,4.319872122442614,9.0,home decor,EuroParts GmbH,Home Decor
23092,LARGE ANTIQUE WHITE PHOTO FRAME,7.9,515,EuroParts GmbH,4.275732779097184,22.0,Gifts,EuroParts GmbH,Gifts
23093,SMALL PARISIENNE HEART PHOTO FRAME,2.49,938,ACME SUPPLIES,1.2864708278771626,33.0,Unknown,Acme Supplies Ltd,Other
23094,LE GRAND TRAY CHIC SET,12.5,150,PACIFIC IMPORTERS LLC,7.152185105171191,25.0,Gifts,Pacific Importers,Gifts
23096,PETIT TRAY CHIC,1.65,1047,Acme Supplies Ltd,0.9907761243731804,15.0,home decor,Acme Supplies Ltd,Home Decor
23099,FRENCH CARRIAGE LANTERN,6.65,129,EuroParts GmbH,3.2147298577366628,19.0,LIGHTING,EuroParts GmbH,Lighting
23100,SILVER BELLS TABLE DECORATION,1.25,2168,PACIFIC IMPORTERS LLC,0.8473553495630709,23.0,Stationery,Pacific Importers,Stationery
23101,SILVER STARS TABLE DECORATION,0.83,2037,Unknown Vendor,0.4733232434452687,16.0,Lighting,UNKNOWN,Lighting
23102,SILVER HEARTS TABLE DECORATION,0.83,1288,Acme Supplies Ltd,0.4290402318159982,22.0,Unknown,Acme Supplies Ltd,Other
23103,BELL HEART DECORATION,1.65,4052,Acme Supplies Ltd,0.7216891234367045,15.0,Stationery,Acme Supplies Ltd,Stationery
23104,IVORY PANTRY HANGING LAMP,12.5,118,GlobalTrade Co,6.0449475767657805,5.0,Lighting,GlobalTrade Co,Lighting
23106,ZINC HEARTS PLANT POT HOLDER,2.89,279,acme-supplies,2.1161979052311777,23.0,Lighting,Acme Supplies Ltd,Lighting
23107,WHITE WIRE PLANT POT HOLDER,2.89,359,acme-supplies,1.4646083332179514,28.0,Gifts,Acme Supplies Ltd,Gifts
23108,SET OF 10 LED DOLLY LIGHTS,6.25,2157,,2.86937969549039,20.0,Kitchen,UNKNOWN,Kitchen
23109,LED TEA LIGHTS,2.89,2305,acme-supplies,1.6219705287590256,34.0,home decor,Acme Supplies Ltd,Home Decor
23110,PARISIENNE KEY CABINET,5.75,651,acme-supplies,2.918014083512501,16.0,Home Decor,Acme Supplies Ltd,Home Decor
23111,PARISIENNE SEWING BOX,12.5,288,EuroParts GmbH,5.153821719936475,5.0,Unknown,EuroParts GmbH,Other
23112,PARISIENNE CURIO CABINET,7.5,514,Global Trade Co.,3.8482561953584704,3.0,Home Decor,GlobalTrade Co,Home Decor
23113,DAMAGED,4.95,-1232,Euro Parts,2.9226681909751298,28.0,LIGHTING,EuroParts GmbH,Lighting
23114,DAMAGED,4.95,-1294,Acme Supplies Ltd,2.935841684524593,26.0,Stationery,Acme Supplies Ltd,Stationery
23115,DAMAGED,4.95,-1285,Pacific Importers,2.5977383309389595,37.0,LIGHTING,Pacific Importers,Lighting
23116,DAMAGED,4.95,-1362,Acme Supplies Ltd,2.7549520252076305,16.0,LIGHTING,Acme Supplies Ltd,Lighting
23117,DAMAGED,4.95,-1348,Acme Supplies Ltd,3.652759793341733,5.0,Home Decor,Acme Supplies Ltd,Home Decor
23118,PARISIENNE JEWELLERY DRAWER,7.5,763,,3.990539752729569,15.0,Gifts,UNKNOWN,Gifts
23119,PACK OF 6 LARGE FRUIT STRAWS,0.62,2247,Acme Supplies Ltd,0.3040352184774163,16.0,Kitchen,Acme Supplies Ltd,Kitchen
23120,PACK OF 6 SMALL FRUIT STRAWS,0.42,1644,Pacific Importers,0.2037896554778137,23.0,Unknown,Pacific Importers,Other
23121,PACK OF 6 COCKTAIL PARASOL STRAWS,0.42,2506,Global Trade Co.,0.2352913980675077,28.0,home decor,GlobalTrade Co,Home Decor
23122,PARTY CHARMS 50 PIECES,0.83,2250,GlobalTrade Co,0.5526406032022723,5.0,Lighting,GlobalTrade Co,Lighting
23123,COCKTAIL SWORDS 50 PIECES,0.83,930,,0.3918395675067515,42.0,Lighting,UNKNOWN,Lighting
23124,18PC WOODEN CUTLERY SET DISPOSABLE,1.25,567,Acme Supplies Ltd,0.810317055624086,6.0,home decor,Acme Supplies Ltd,Home Decor
23125,6PC WOOD PLATE SET DISPOSABLE,2.46,459,PACIFIC IMPORTERS LLC,1.0022099979038477,38.0,Gifts,Pacific Importers,Gifts
23126,DOLLCRAFT GIRL AMELIE KIT,4.95,1098,Unknown Vendor,2.705801384357186,3.0,Unknown,UNKNOWN,Other
23127,DOLLCRAFT GIRL NICOLE,4.95,724,Pacific Importers,3.324186225463828,42.0,Home Decor,Pacific Importers,Home Decor
23128,FELTCRAFT BOY JEAN-PAUL KIT,4.95,446,,2.5668548458792024,35.0,home decor,UNKNOWN,Home Decor
23129,HEART SHAPED HOLLY WREATH,4.15,949,Acme Supplies Ltd,2.478828139849443,9.0,Lighting,Acme Supplies Ltd,Lighting
23130,MISTLETOE HEART WREATH GREEN,4.15,953,Global Trade Co.,1.957732335679636,13.0,Home Decor,GlobalTrade Co,Home Decor
23131,MISTLETOE HEART WREATH CREAM,4.15,924,acme-supplies,2.737748305610766,29.0,Gifts,Acme Supplies Ltd,Gifts
23132,SMALL IVORY HEART WALL ORGANISER,5.75,1030,EuroParts GmbH,2.405211695328379,16.0,Lighting,EuroParts GmbH,Lighting
23133,LARGE IVORY HEART WALL ORGANISER,8.25,781,Unknown Vendor,5.761716887078007,24.0,Stationery,UNKNOWN,Stationery
23134,LARGE ZINC HEART WALL ORGANISER,8.25,1173,acme-supplies,3.872292065792567,18.0,Kitchen,Acme Supplies Ltd,Kitchen
23135,SMALL ZINC HEART WALL ORGANISER,5.75,1642,PACIFIC IMPORTERS LLC,4.059726038813015,14.0,Home Decor,Pacific Importers,Home Decor
23136,IVORY WIRE SWEETHEART LETTER TRAY,3.75,135,ACME SUPPLIES,1.962694629206929,12.0,home decor,Acme Supplies Ltd,Home Decor
23137,ZINC WIRE SWEETHEART LETTER TRAY,3.75,83,Pacific Importers,2.4485221914977635,26.0,Unknown,Pacific Importers,Other
23138,SINGLE WIRE HOOK IVORY HEART,1.45,872,Global Trade Co.,0.7420068386264906,20.0,Home Decor,GlobalTrade Co,Home Decor
23139,SINGLE WIRE HOOK PINK HEART,1.45,403,Unknown Vendor,1.0397501731515837,24.0,Home Decor,UNKNOWN,Home Decor
23140,TRIPLE WIRE HOOK IVORY HEART,4.15,170,PACIFIC IMPORTERS LLC,1.843940424815439,11.0,Home Decor,Pacific Importers,Home Decor
23141,TRIPLE WIRE HOOK PINK HEART,4.15,79,GlobalTrade Co,1.9192999939184496,19.0,home decor,GlobalTrade Co,Home Decor
23142,IVORY WIRE KITCHEN ORGANISER,10.4,119,Acme Supplies Ltd,5.95462965557804,40.0,Gifts,Acme Supplies Ltd,Gifts
23143,ZINC WIRE KITCHEN ORGANISER,10.4,30,ACME SUPPLIES,4.458255918098852,42.0,Gifts,Acme Supplies Ltd,Gifts
23144,ZINC T-LIGHT HOLDER STARS SMALL,0.83,5045,ACME SUPPLIES,0.3889322436558618,15.0,Unknown,Acme Supplies Ltd,Other
23145,ZINC T-LIGHT HOLDER STAR LARGE,0.95,2073,acme-supplies,0.6938023220854947,39.0,Gifts,Acme Supplies Ltd,Gifts
23146,TRIPLE HOOK ANTIQUE IVORY ROSE,3.29,751,,2.440427844811792,8.0,home decor,UNKNOWN,Home Decor
23147,SINGLE ANTIQUE ROSE HOOK IVORY,1.45,1855,Pacific Importers,0.7709516096351892,23.0,Unknown,Pacific Importers,Other
23148,MINIATURE ANTIQUE ROSE HOOK IVORY,0.83,2131,Pacific Importers,0.6002145891045483,38.0,LIGHTING,Pacific Importers,Lighting
23149,ANTIQUE IVORY WIRE BOWL SMALL,2.49,88,Acme Supplies Ltd,1.470814704849396,9.0,Unknown,Acme Supplies Ltd,Other
23150,IVORY SWEETHEART SOAP DISH,2.49,147,,1.2310805590089882,38.0,Gifts,UNKNOWN,Gifts
23151,ZINC SWEETHEART SOAP DISH,2.49,62,EuroParts GmbH,1.0187372854942065,27.0,LIGHTING,EuroParts GmbH,Lighting
23152,IVORY SWEETHEART WIRE LETTER RACK,3.75,528,Acme Supplies Ltd,2.3648086211295,13.0,Lighting,Acme Supplies Ltd,Lighting
23153,ZINC SWEETHEART WIRE LETTER RACK,3.75,259,EuroParts GmbH,2.7982269813302127,16.0,Gifts,EuroParts GmbH,Gifts
23154,SET OF 4 JAM JAR MAGNETS,2.08,2671,Pacific Importers,1.0249544252339582,31.0,Lighting,Pacific Importers,Lighting
23155,KNICKERBOCKERGLORY MAGNET ASSORTED,0.83,1980,Acme Supplies Ltd,0.5272332855232341,12.0,Stationery,Acme Supplies Ltd,Stationery
23156,SET OF 5 MINI GROCERY MAGNETS,2.08,1648,Global Trade Co.,0.8698732936614374,7.0,Gifts,GlobalTrade Co,Gifts
23157,SET OF 6 NATIVITY MAGNETS,2.08,2782,Pacific Importers,0.9147343161712118,10.0,Stationery,Pacific Importers,Stationery
23158,SET OF 5 LUCKY CAT MAGNETS,2.08,2575,ACME SUPPLIES,0.834852576964396,7.0,Gifts,Acme Supplies Ltd,Gifts
23159,SET OF 5 PANCAKE DAY MAGNETS,2.08,2197,,1.5596073758114422,26.0,Stationery,UNKNOWN,Stationery
23160,REGENCY TEA SPOON,1.25,1456,Euro Parts,0.8509947425020215,42.0,Kitchen,EuroParts GmbH,Kitchen
23161,REGENCY CAKE FORK,1.25,1703,PACIFIC IMPORTERS LLC,0.844191318945924,28.0,Stationery,Pacific Importers,Stationery
23162,REGENCY TEA STRAINER,3.75,1412,Global Trade Co.,2.169015473815736,8.0,Lighting,GlobalTrade Co,Lighting
23163,REGENCY SUGAR TONGS,2.49,1777,Global Trade Co.,1.2575084627520912,18.0,Home Decor,GlobalTrade Co,Home Decor
23164,REGENCY CAKE SLICE,4.95,577,PACIFIC IMPORTERS LLC,2.2420653728315862,38.0,Unknown,Pacific Importers,Other
23165,LARGE CERAMIC TOP STORAGE JAR,1.65,3016,Pacific Importers,0.8243996616838328,14.0,Stationery,Pacific Importers,Stationery
23166,MEDIUM CERAMIC TOP STORAGE JAR,1.25,3539,Acme Supplies Ltd,0.6644874095939984,13.0,Home Decor,Acme Supplies Ltd,Home Decor
23167,SMALL CERAMIC TOP STORAGE JAR,0.83,5322,Pacific Importers,0.5517080831727754,5.0,home decor,Pacific Importers,Home Decor
23168,CLASSIC SUGAR DISPENSER,1.25,3238,Euro Parts,0.7361020326451293,39.0,Kitchen,EuroParts GmbH,Kitchen
23169,CLASSIC GLASS SWEET JAR,4.15,1236,Global Trade Co.,1.7725449675718388,8.0,Kitchen,GlobalTrade Co,Kitchen
23170,REGENCY TEA PLATE ROSES,1.65,6151,Acme Supplies Ltd,0.6704117526737718,23.0,LIGHTING,Acme Supplies Ltd,Lighting
23171,REGENCY TEA PLATE GREEN,1.65,6150,Euro Parts,0.7190968336809215,20.0,home decor,EuroParts GmbH,Home Decor
23172,REGENCY TEA PLATE PINK,1.65,3769,ACME SUPPLIES,0.8970630071602366,18.0,home decor,Acme Supplies Ltd,Home Decor
23173,REGENCY TEAPOT ROSES,9.95,2718,acme-supplies,7.229844333623205,25.0,LIGHTING,Acme Supplies Ltd,Lighting
23174,REGENCY SUGAR BOWL GREEN,4.15,2969,ACME SUPPLIES,2.5858271039563947,39.0,home decor,Acme Supplies Ltd,Home Decor
23175,REGENCY MILK JUG PINK,3.25,3042,GlobalTrade Co,2.2120769611083984,11.0,Lighting,GlobalTrade Co,Lighting
23176,ABC TREASURE BOOK BOX,2.25,2122,EuroParts GmbH,1.267269993172332,5.0,home decor,EuroParts GmbH,Home Decor
23177,TREASURE ISLAND BOOK BOX,2.25,2515,Pacific Importers,1.1848120405160962,10.0,Lighting,Pacific Importers,Lighting
23178,JAM CLOCK MAGNET,2.89,325,ACME SUPPLIES,1.265646977002864,40.0,LIGHTING,Acme Supplies Ltd,Lighting
23179,CLOCK MAGNET MUM'S KITCHEN,2.89,324,,2.042006251941346,6.0,Stationery,UNKNOWN,Stationery
23180,MUM'S KITCHEN CLOCK,4.95,121,,3.336824750290842,14.0,LIGHTING,UNKNOWN,Lighting
23181,BULL DOG BOTTLE TOP WALL CLOCK,8.25,197,,3.785441006813431,33.0,Gifts,UNKNOWN,Gifts
23182,TOILET SIGN OCCUPIED OR VACANT,0.83,3763,acme-supplies,0.4808116938060537,27.0,home decor,Acme Supplies Ltd,Home Decor
23183,MOTHER'S KITCHEN SPOON REST,3.75,218,Global Trade Co.,2.139679435396634,18.0,home decor,GlobalTrade Co,Home Decor
23184,BULL DOG BOTTLE OPENER,4.95,861,Unknown Vendor,3.0629711150294106,44.0,Kitchen,UNKNOWN,Kitchen
23185,FRENCH STYLE STORAGE JAR JAM,0.29,322,Euro Parts,0.212037969740113,16.0,LIGHTING,EuroParts GmbH,Lighting
23186,FRENCH STYLE STORAGE JAR CAFE,0.29,1970,Acme Supplies Ltd,0.1748468013388917,15.0,LIGHTING,Acme Supplies Ltd,Lighting
23187,FRENCH STYLE STORAGE JAR BONBONS,0.29,2239,Acme Supplies Ltd,0.1708320525780297,43.0,Home Decor,Acme Supplies Ltd,Home Decor
23188,VINTAGE  2 METER FOLDING RULER,1.65,3459,Global Trade Co.,0.6890614937697684,9.0,Gifts,GlobalTrade Co,Gifts
23189,SET OF 12 FORK CANDLES,2.89,1248,,1.2196309119922313,14.0,Kitchen,UNKNOWN,Kitchen
23190,BUNDLE OF 3 SCHOOL EXERCISE BOOKS,1.65,1700,Pacific Importers,0.7681927719912206,39.0,Stationery,Pacific Importers,Stationery
23191,BUNDLE OF 3 RETRO NOTE BOOKS,1.65,2215,Pacific Importers,0.6787518706519846,6.0,home decor,Pacific Importers,Home Decor
23192,BUNDLE OF 3 ALPHABET EXERCISE BOOKS,1.65,3530,Acme Supplies Ltd,1.089286297191682,4.0,Kitchen,Acme Supplies Ltd,Kitchen
23193,BUFFALO BILL TREASURE BOOK BOX,2.25,1910,PACIFIC IMPORTERS LLC,1.469622614395246,37.0,Lighting,Pacific Importers,Lighting
23194,GYMKHANNA TREASURE BOOK BOX,2.25,1802,Euro Parts,1.0071442846149188,5.0,Home Decor,EuroParts GmbH,Home Decor
23196,RETRO LEAVES MAGNETIC NOTEPAD,1.45,1875,GlobalTrade Co,1.004310042153605,6.0,Home Decor,GlobalTrade Co,Home Decor
23197,SKETCHBOOK MAGNETIC SHOPPING LIST,1.45,1467,Euro Parts,0.6585539126844018,40.0,Lighting,EuroParts GmbH,Lighting
23198,PANTRY MAGNETIC  SHOPPING LIST,1.45,3282,Unknown Vendor,0.7328466104011596,14.0,LIGHTING,UNKNOWN,Lighting
23199,JUMBO BAG APPLES,2.08,14197,ACME SUPPLIES,1.0132551825894738,21.0,home decor,Acme Supplies Ltd,Home Decor
23200,MAILOUT,2.08,7037,Pacific Importers,1.1030395677611788,12.0,home decor,Pacific Importers,Home Decor
23201,JUMBO BAG ALPHABET,2.08,12785,GlobalTrade Co,1.0173952215678923,3.0,Gifts,GlobalTrade Co,Gifts
23202,MAILOUT,2.08,10820,Euro Parts,1.1879562744471932,19.0,Lighting,EuroParts GmbH,Lighting
23203,MAILOUT,2.08,20013,Pacific Importers,1.128592937626211,18.0,home decor,Pacific Importers,Home Decor
23204,CHARLOTTE BAG APPLES DESIGN,0.85,7790,PACIFIC IMPORTERS LLC,0.6335044235068497,11.0,Home Decor,Pacific Importers,Home Decor
23205,CHARLOTTE BAG VINTAGE ALPHABET,0.85,5668,Euro Parts,0.3566380891631471,11.0,home decor,EuroParts GmbH,Home Decor
23206,LUNCH BAG APPLE DESIGN,1.65,12124,GlobalTrade Co,0.7421097448636955,11.0,Stationery,GlobalTrade Co,Stationery
23207,LUNCH BAG ALPHABET DESIGN,1.65,7403,,0.6905069537322179,14.0,home decor,UNKNOWN,Home Decor
23208,LUNCH BAG VINTAGE LEAF DESIGN,1.65,6269,Pacific Importers,1.021423290102322,43.0,Gifts,Pacific Importers,Gifts
23209,MAILOUT,1.65,13249,ACME SUPPLIES,0.6914791077064231,17.0,Unknown,Acme Supplies Ltd,Other
23210,WHITE ROCKING HORSE HAND PAINTED,1.25,2702,EuroParts GmbH,0.865942385102054,4.0,Kitchen,EuroParts GmbH,Kitchen
23211,RED ROCKING HORSE HAND PAINTED,1.25,2307,Euro Parts,0.7239731509233434,13.0,Unknown,EuroParts GmbH,Other
23212,HEART WREATH DECORATION WITH BELL,1.25,2240,GlobalTrade Co,0.730565835754421,13.0,Stationery,GlobalTrade Co,Stationery
23213,STAR WREATH DECORATION WITH BELL,1.25,1671,,0.7456975971240851,10.0,Unknown,UNKNOWN,Other
23214,JINGLE BELL HEART ANTIQUE GOLD,2.08,794,,0.9563523781909216,34.0,home decor,UNKNOWN,Home Decor
23215,JINGLE BELL HEART ANTIQUE SILVER,2.08,3447,acme-supplies,0.975918540667347,8.0,Gifts,Acme Supplies Ltd,Gifts
23216,LAUREL HEART ANTIQUE GOLD,1.25,525,Unknown Vendor,0.6394825787569396,22.0,Home Decor,UNKNOWN,Home Decor
23217,LAUREL HEART ANTIQUE SILVER,1.25,1309,Acme Supplies Ltd,0.7596546819220601,41.0,Home Decor,Acme Supplies Ltd,Home Decor
23218,LAUREL STAR ANTIQUE GOLD,1.25,379,ACME SUPPLIES,0.5919265269738438,37.0,Stationery,Acme Supplies Ltd,Stationery
23219,LAUREL STAR ANTIQUE SILVER,1.25,430,ACME SUPPLIES,0.5508951306208019,10.0,Unknown,Acme Supplies Ltd,Other
23220,REINDEER HEART DECORATION GOLD,0.83,982,,0.6138189555045545,36.0,LIGHTING,UNKNOWN,Lighting
23221,REINDEER HEART DECORATION SILVER,0.83,1479,PACIFIC IMPORTERS LLC,0.3383857172021954,21.0,LIGHTING,Pacific Importers,Lighting
23222,CHRISTMAS TREE HANGING GOLD,0.83,775,ACME SUPPLIES,0.5651835962501142,9.0,Gifts,Acme Supplies Ltd,Gifts
23223,CHRISTMAS TREE HANGING SILVER,0.83,791,Global Trade Co.,0.5609242109515439,33.0,Kitchen,GlobalTrade Co,Kitchen
23224,CHERUB HEART DECORATION GOLD,0.83,724,PACIFIC IMPORTERS LLC,0.4183407000720004,20.0,home decor,Pacific Importers,Home Decor
23225,CHERUB HEART DECORATION SILVER,0.83,1272,Acme Supplies Ltd,0.3713995319501245,42.0,Unknown,Acme Supplies Ltd,Other
23226,FILIGREE HEART DAISY WHITE,1.25,1199,,0.5637125329336228,16.0,LIGHTING,UNKNOWN,Lighting
23227,FILIGREE HEART BUTTERFLY WHITE,1.25,1636,Euro Parts,0.8051263325412716,41.0,LIGHTING,EuroParts GmbH,Lighting
23228,FILIGREE HEART BIRD WHITE,1.25,1348,Pacific Importers,0.7812278836002009,38.0,Unknown,Pacific Importers,Other
23229,VINTAGE DONKEY TAIL GAME,3.75,1858,Unknown Vendor,2.527353697454945,19.0,Kitchen,UNKNOWN,Kitchen
23230,WRAP ALPHABET DESIGN,0.42,7926,Global Trade Co.,0.3058097323426684,39.0,Lighting,GlobalTrade Co,Lighting
23231,WRAP DOILEY DESIGN,0.42,7277,Unknown Vendor,0.269713322400189,11.0,home decor,UNKNOWN,Home Decor
23232,WRAP VINTAGE PETALS  DESIGN,0.42,8575,PACIFIC IMPORTERS LLC,0.1909101758730622,22.0,Stationery,Pacific Importers,Stationery
23233,WRAP POPPIES  DESIGN,0.42,5150,PACIFIC IMPORTERS LLC,0.2037860646645153,30.0,home decor,Pacific Importers,Home Decor
23234,BISCUIT TIN VINTAGE CHRISTMAS,2.89,1925,ACME SUPPLIES,2.007878958778156,22.0,Gifts,Acme Supplies Ltd,Gifts
23235,STORAGE TIN VINTAGE LEAF,2.89,725,,1.3677130957063022,43.0,Stationery,UNKNOWN,Stationery
23236,DOILEY STORAGE TIN,2.89,2476,Global Trade Co.,1.229356323599458,38.0,Kitchen,GlobalTrade Co,Kitchen
23237,SET OF 4 KNICK KNACK TINS LEAVES,4.15,1037,ACME SUPPLIES,2.681514278496369,29.0,Gifts,Acme Supplies Ltd,Gifts
23238,SET OF 4 KNICK KNACK TINS LONDON,4.15,1846,Acme Supplies Ltd,2.244669531349432,10.0,Home Decor,Acme Supplies Ltd,Home Decor
23239,SET OF 4 KNICK KNACK TINS POPPIES,4.15,825,Pacific Importers,2.996358176322925,34.0,Home Decor,Pacific Importers,Home Decor
23240,SET OF 4 KNICK KNACK TINS DOILEY,4.15,4136,Pacific Importers,2.604495490763544,3.0,home decor,Pacific Importers,Home Decor
23241,TREASURE TIN GYMKHANA DESIGN,2.08,2177,EuroParts GmbH,0.8978250158323291,19.0,Gifts,EuroParts GmbH,Gifts
23242,TREASURE TIN BUFFALO BILL,2.08,1449,,3.034847489938161,11.0,Stationery,UNKNOWN,Stationery
23243,SET OF TEA COFFEE SUGAR TINS PANTRY,4.95,4688,Acme Supplies Ltd,2.427950459256726,22.0,Stationery,Acme Supplies Ltd,Stationery
23244,ROUND STORAGE TIN VINTAGE LEAF,1.95,927,EuroParts GmbH,1.0101475247022902,34.0,Home Decor,EuroParts GmbH,Home Decor
23245,SET OF 3 REGENCY CAKE TINS,4.95,6267,ACME SUPPLIES,2.6769161667067367,4.0,Home Decor,Acme Supplies Ltd,Home Decor
23247,BISCUIT TIN 50'S CHRISTMAS,2.89,2160,,1.207813375812963,34.0,Kitchen,UNKNOWN,Kitchen
23249,VINTAGE RED ENAMEL TRIM PLATE,1.65,799,Euro Parts,0.9467376563381742,11.0,Gifts,EuroParts GmbH,Gifts
23250,VINTAGE RED TRIM ENAMEL BOWL,1.25,1058,Pacific Importers,0.5539518398454404,32.0,Stationery,Pacific Importers,Stationery
23251,VINTAGE RED ENAMEL TRIM MUG,1.25,1655,EuroParts GmbH,0.675424517926154,22.0,LIGHTING,EuroParts GmbH,Lighting
23252,VINTAGE RED ENAMEL TRIM JUG,3.75,574,GlobalTrade Co,1.9603065967396105,40.0,Kitchen,GlobalTrade Co,Kitchen
23253,16 PIECE CUTLERY SET PANTRY DESIGN,15.95,256,Global Trade Co.,10.694379765728456,3.0,Stationery,GlobalTrade Co,Stationery
23254,CHILDRENS CUTLERY DOLLY GIRL,4.15,1690,Euro Parts,2.8266051681465423,7.0,Home Decor,EuroParts GmbH,Home Decor
23255,CHILDRENS CUTLERY CIRCUS PARADE,4.15,1006,Global Trade Co.,1.8828322116701504,37.0,Gifts,GlobalTrade Co,Gifts
23256,CHILDRENS CUTLERY SPACEBOY,4.15,2027,GlobalTrade Co,2.192415599668326,38.0,Lighting,GlobalTrade Co,Lighting
23263,SET OF 3 WOODEN HEART DECORATIONS,1.25,3846,Pacific Importers,0.6633420079514264,3.0,Gifts,Pacific Importers,Gifts
23264,SET OF 3 WOODEN SLEIGH DECORATIONS,1.25,1965,Euro Parts,0.5662420692220372,16.0,Unknown,EuroParts GmbH,Other
23265,SET OF 3 WOODEN TREE DECORATIONS,1.25,1769,GlobalTrade Co,0.8493234084598957,11.0,LIGHTING,GlobalTrade Co,Lighting
23266,SET OF 3 WOODEN STOCKING DECORATION,1.25,2052,ACME SUPPLIES,0.8094123936467477,32.0,LIGHTING,Acme Supplies Ltd,Lighting
23267,SET OF 4 SANTA PLACE SETTINGS,1.25,1154,EuroParts GmbH,0.5832920315049527,26.0,LIGHTING,EuroParts GmbH,Lighting
23268,SET OF 2 CERAMIC CHRISTMAS REINDEER,1.45,388,Euro Parts,0.766111368611353,6.0,Lighting,EuroParts GmbH,Lighting
23269,SET OF 2 CERAMIC CHRISTMAS TREES,1.45,-654,Acme Supplies Ltd,0.633696050114681,16.0,home decor,Acme Supplies Ltd,Home Decor
23270,SET OF 2 CERAMIC PAINTED HEARTS,1.45,-1607,acme-supplies,0.8988148480247198,27.0,home decor,Acme Supplies Ltd,Home Decor
23271,CHRISTMAS TABLE CANDLE SILVER SPIKE,0.83,1734,Acme Supplies Ltd,0.367258544081374,6.0,Kitchen,Acme Supplies Ltd,Kitchen
23272,TREE T-LIGHT HOLDER WILLIE WINKIE,1.65,364,GlobalTrade Co,1.2293769823808898,27.0,Lighting,GlobalTrade Co,Lighting
23273,HEART T-LIGHT HOLDER WILLIE WINKIE,1.65,965,Global Trade Co.,1.1108438981322404,12.0,Lighting,GlobalTrade Co,Lighting
23274,STAR T-LIGHT HOLDER WILLIE WINKIE,1.65,1180,EuroParts GmbH,0.8853627623847571,37.0,Kitchen,EuroParts GmbH,Kitchen
23275,SET OF 3 HANGING OWLS OLLIE BEAK,1.25,3672,PACIFIC IMPORTERS LLC,0.7531217203722176,9.0,Gifts,Pacific Importers,Gifts
23280,FOLDING BUTTERFLY MIRROR HOT PINK,0.83,2022,PACIFIC IMPORTERS LLC,0.5967447976108667,44.0,Kitchen,Pacific Importers,Kitchen
23281,FOLDING BUTTERFLY MIRROR RED,0.83,1280,GlobalTrade Co,0.4929658409549875,15.0,Unknown,GlobalTrade Co,Other
23282,FOLDING BUTTERFLY MIRROR IVORY,0.83,812,Euro Parts,0.382691810298606,6.0,Home Decor,EuroParts GmbH,Home Decor
23283,DOORMAT VINTAGE LEAVES DESIGN,7.95,1004,Global Trade Co.,4.233742086904576,38.0,home decor,GlobalTrade Co,Home Decor
23284,DOORMAT KEEP CALM AND COME IN,7.95,5264,Unknown Vendor,5.526050586945267,16.0,Home Decor,UNKNOWN,Home Decor
23285,PINK VINTAGE SPOT BEAKER,0.85,4805,PACIFIC IMPORTERS LLC,0.5316533722569113,20.0,home decor,Pacific Importers,Home Decor
23286,BLUE VINTAGE SPOT BEAKER,0.85,4999,Acme Supplies Ltd,0.5335905043393055,10.0,Lighting,Acme Supplies Ltd,Lighting
23287,RED VINTAGE SPOT BEAKER,0.85,1840,EuroParts GmbH,0.5978793919923254,34.0,LIGHTING,EuroParts GmbH,Lighting
23288,GREEN VINTAGE SPOT BEAKER,0.85,4544,GlobalTrade Co,0.6059569845950951,29.0,Kitchen,GlobalTrade Co,Kitchen
23289,DOLLY GIRL CHILDRENS BOWL,1.25,1610,EuroParts GmbH,0.9024092501535032,44.0,Kitchen,EuroParts GmbH,Kitchen
23290,SPACEBOY CHILDRENS BOWL,1.25,2427,Acme Supplies Ltd,0.5414965220482558,39.0,Kitchen,Acme Supplies Ltd,Kitchen
23291,DOLLY GIRL CHILDRENS CUP,1.25,1625,ACME SUPPLIES,0.7380551258588566,25.0,LIGHTING,Acme Supplies Ltd,Lighting
23292,SPACE BOY CHILDRENS CUP,1.25,2161,,0.8239729155330144,9.0,Unknown,UNKNOWN,Other
23293,SET OF 12 FAIRY CAKE BAKING CASES,0.83,8454,ACME SUPPLIES,0.5518872485093975,14.0,Unknown,Acme Supplies Ltd,Other
23294,SET OF 6 SNACK LOAF BAKING CASES,0.83,4407,Euro Parts,0.5082510566722861,27.0,LIGHTING,EuroParts GmbH,Lighting
23295,SET OF 12 MINI LOAF BAKING CASES,0.83,6127,acme-supplies,0.3804517208708573,5.0,Gifts,Acme Supplies Ltd,Gifts
23296,SET OF 6 TEA TIME BAKING CASES,1.25,4954,PACIFIC IMPORTERS LLC,0.848871492349478,28.0,LIGHTING,Pacific Importers,Lighting
23297,SET 40 HEART SHAPE PETIT FOUR CASES,1.65,4277,EuroParts GmbH,1.0758642951048811,6.0,Stationery,EuroParts GmbH,Stationery
23298,SPOTTY BUNTING,4.95,8534,Pacific Importers,2.1292302242087056,44.0,home decor,Pacific Importers,Home Decor
23299,FOOD COVER WITH BEADS SET 2,3.75,1007,GlobalTrade Co,2.108750394885119,38.0,Stationery,GlobalTrade Co,Stationery
23300,GARDENERS KNEELING PAD CUP OF TEA,1.65,6675,ACME SUPPLIES,0.7604719482238416,17.0,Stationery,Acme Supplies Ltd,Stationery
23301,GARDENERS KNEELING PAD KEEP CALM,1.65,8711,Acme Supplies Ltd,0.8548929938992412,34.0,LIGHTING,Acme Supplies Ltd,Lighting
23302,KNEELING MAT HOUSEWORK  DESIGN,1.65,1508,GlobalTrade Co,0.6704418307487833,31.0,home decor,GlobalTrade Co,Home Decor
23303,SET 4 PICNIC CUTLERY FONDANT,1.95,65,PACIFIC IMPORTERS LLC,1.0532251351903423,12.0,Gifts,Pacific Importers,Gifts
23304,SET 4 PICNIC CUTLERY CHERRY,1.95,71,,1.1552909986891136,23.0,Kitchen,UNKNOWN,Kitchen
23305,SET 4 PICNIC CUTLERY BLUEBERRY,1.95,82,,1.2028651196044868,18.0,Stationery,UNKNOWN,Stationery
23306,SET OF 36 DOILIES PANTRY DESIGN,1.45,2745,EuroParts GmbH,0.9167213501528204,21.0,LIGHTING,EuroParts GmbH,Lighting
23307,SET OF 60 PANTRY DESIGN CAKE CASES,0.55,11975,Euro Parts,0.3809860777722236,31.0,Kitchen,EuroParts GmbH,Kitchen
23308,SET OF 60 VINTAGE LEAF CAKE CASES,0.55,6151,PACIFIC IMPORTERS LLC,0.261476609650578,20.0,LIGHTING,Pacific Importers,Lighting
23309,SET OF 60 I LOVE LONDON CAKE CASES,0.55,8244,acme-supplies,0.2431927508194051,18.0,Lighting,Acme Supplies Ltd,Lighting
23310,BUBBLEGUM RING ASSORTED,0.42,12050,,0.293175964268995,3.0,Stationery,UNKNOWN,Stationery
23311,VINTAGE CHRISTMAS STOCKING,2.55,2375,EuroParts GmbH,1.15977693729169,4.0,Lighting,EuroParts GmbH,Lighting
23312,VINTAGE CHRISTMAS GIFT SACK,4.15,1423,Pacific Importers,3.075839018140824,17.0,Gifts,Pacific Importers,Gifts
23313,VINTAGE CHRISTMAS BUNTING,4.95,2984,Acme Supplies Ltd,3.4396974824331386,41.0,Home Decor,Acme Supplies Ltd,Home Decor
23314,VINTAGE CHRISTMAS TABLECLOTH,12.5,404,Global Trade Co.,7.191335150766996,30.0,Unknown,GlobalTrade Co,Other
23315,IVORY REFECTORY CLOCK,9.95,201,Global Trade Co.,7.397800112290952,3.0,home decor,GlobalTrade Co,Home Decor
23316,RED REFECTORY CLOCK,9.95,250,,4.319114459118625,7.0,LIGHTING,UNKNOWN,Lighting
23317,BLUE REFECTORY CLOCK,9.95,174,Pacific Importers,5.035426513292291,44.0,Gifts,Pacific Importers,Gifts
23318,BOX OF 6 MINI VINTAGE CRACKERS,2.49,3643,GlobalTrade Co,1.552212577707893,24.0,Gifts,GlobalTrade Co,Gifts
23319,BOX OF 6 MINI 50'S CRACKERS,2.49,3623,Unknown Vendor,1.3010309858743754,38.0,Gifts,UNKNOWN,Gifts
23320,GIANT 50'S CHRISTMAS CRACKER,2.89,2655,Acme Supplies Ltd,2.095048836328571,15.0,Stationery,Acme Supplies Ltd,Stationery
23321,SMALL WHITE HEART OF WICKER,1.65,4698,Global Trade Co.,0.6978990659226897,3.0,Lighting,GlobalTrade Co,Lighting
23322,LARGE WHITE HEART OF WICKER,2.95,2982,Acme Supplies Ltd,1.747267716602946,18.0,Unknown,Acme Supplies Ltd,Other
23323,WHITE WICKER STAR,2.1,1470,EuroParts GmbH,1.274286706535409,43.0,Stationery,EuroParts GmbH,Stationery
23324,RUSTIC STRAWBERRY JAMPOT LARGE,2.08,364,,1.3071860741098194,24.0,Home Decor,UNKNOWN,Home Decor
23325,RUSTIC STRAWBERRY JAMPOT SMALL,1.65,444,GlobalTrade Co,0.8076472439741228,34.0,home decor,GlobalTrade Co,Home Decor
23326,HANGING MINI COLOURED BOTTLES,0.63,3443,,0.3323868972681301,18.0,home decor,UNKNOWN,Home Decor
23327,HANGING CLEAR MINI BOTTLE,0.63,1726,GlobalTrade Co,0.4380315567911276,17.0,Unknown,GlobalTrade Co,Other
23328,SET 6 SCHOOL MILK BOTTLES IN CRATE,3.75,2837,,1.7558623842733347,44.0,home decor,UNKNOWN,Home Decor
23329,DECORATIVE WICKER HEART LARGE,1.65,1775,EuroParts GmbH,1.1375161817426165,14.0,home decor,EuroParts GmbH,Home Decor
23330,DECORATIVE WICKER HEART MEDIUM,1.25,1798,Euro Parts,0.7461617475199498,3.0,Gifts,EuroParts GmbH,Gifts
23331,DECORATIVE WICKER HEART SMALL,0.63,1596,Acme Supplies Ltd,0.4200623462182951,19.0,Kitchen,Acme Supplies Ltd,Kitchen
23332,IVORY WICKER HEART LARGE,1.65,2074,Unknown Vendor,1.0721082540171547,43.0,Home Decor,UNKNOWN,Home Decor
23333,IVORY WICKER HEART MEDIUM,1.25,2098,EuroParts GmbH,0.5907862792308847,30.0,Lighting,EuroParts GmbH,Lighting
23334,IVORY WICKER HEART SMALL,0.63,2271,GlobalTrade Co,0.3774232083836689,9.0,LIGHTING,GlobalTrade Co,Lighting
23335,EGG FRYING PAN IVORY,2.08,366,Euro Parts,1.4637024552421074,11.0,Home Decor,EuroParts GmbH,Home Decor
23336,EGG FRYING PAN PINK,2.08,226,GlobalTrade Co,1.1465806203918048,24.0,Stationery,GlobalTrade Co,Stationery
23337,EGG FRYING PAN MINT,2.08,180,,1.5356780807225747,28.0,home decor,UNKNOWN,Home Decor
23338,EGG FRYING PAN RED,2.08,425,Acme Supplies Ltd,1.1612125928740509,14.0,Kitchen,Acme Supplies Ltd,Kitchen
23339,EGG FRYING PAN BLUE,2.08,175,EuroParts GmbH,0.93594794349422,9.0,LIGHTING,EuroParts GmbH,Lighting
23340,VINTAGE CHRISTMAS CAKE FRILL,1.65,2512,Pacific Importers,0.8848985277448562,17.0,Stationery,Pacific Importers,Stationery
23341,PINK DINER WALL CLOCK,8.5,308,Acme Supplies Ltd,6.231314659011848,40.0,Unknown,Acme Supplies Ltd,Other
23342,MINT DINER WALL CLOCK,8.5,374,acme-supplies,4.351169526786066,23.0,Gifts,Acme Supplies Ltd,Gifts
23343,JUMBO BAG VINTAGE CHRISTMAS,2.08,8110,Acme Supplies Ltd,1.4639754603832218,16.0,home decor,Acme Supplies Ltd,Home Decor
23344,JUMBO BAG 50'S CHRISTMAS,2.08,10044,Global Trade Co.,1.473550496264416,4.0,Gifts,GlobalTrade Co,Gifts
23345,DOLLY GIRL BEAKER,1.25,2448,GlobalTrade Co,0.6532066043952329,10.0,Home Decor,GlobalTrade Co,Home Decor
23346,SPACEBOY BEAKER,1.25,2626,Pacific Importers,0.5364252253971515,8.0,Gifts,Pacific Importers,Gifts
23347,I LOVE LONDON BEAKER,1.25,826,GlobalTrade Co,0.8169940852569829,39.0,Gifts,GlobalTrade Co,Gifts
23348,CHILDRENS TOY COOKING UTENSIL SET,2.08,1469,GlobalTrade Co,1.058780953682182,39.0,Unknown,GlobalTrade Co,Other
23349,ROLL WRAP VINTAGE CHRISTMAS,1.25,3207,EuroParts GmbH,0.8425290812376879,35.0,Lighting,EuroParts GmbH,Lighting
23350,ROLL WRAP VINTAGE SPOT,1.25,2697,Acme Supplies Ltd,0.6936614961139396,43.0,Lighting,Acme Supplies Ltd,Lighting
23351,ROLL WRAP 50'S CHRISTMAS,1.25,3443,,0.7123041997748969,8.0,Stationery,UNKNOWN,Stationery
23352,ROLL WRAP 50'S RED CHRISTMAS,1.25,1791,,0.8403353654524848,28.0,home decor,UNKNOWN,Home Decor
23353,6 GIFT TAGS VINTAGE CHRISTMAS,0.83,3992,PACIFIC IMPORTERS LLC,0.4430765476734029,41.0,Stationery,Pacific Importers,Stationery
23354,6 GIFT TAGS 50'S CHRISTMAS,0.83,3683,Pacific Importers,0.4607284938163067,43.0,Lighting,Pacific Importers,Lighting
23355,HOT WATER BOTTLE KEEP CALM,4.95,5745,,2.6317499871433707,39.0,Home Decor,UNKNOWN,Home Decor
23356,LOVE HOT WATER BOTTLE,5.95,2377,ACME SUPPLIES,3.144986623064936,16.0,Lighting,Acme Supplies Ltd,Lighting
23357,HOT WATER BOTTLE SEX BOMB,4.95,453,Acme Supplies Ltd,2.8912024444817783,39.0,Stationery,Acme Supplies Ltd,Stationery
23358,HOT STUFF HOT WATER BOTTLE,3.75,557,acme-supplies,2.5615492709077605,10.0,Kitchen,Acme Supplies Ltd,Kitchen
23359,SET OF 12 T-LIGHTS VINTAGE DOILEY,1.95,993,Euro Parts,1.026906872887151,41.0,home decor,EuroParts GmbH,Home Decor
23360,SET 8 CANDLES VINTAGE DOILEY,1.95,1187,Acme Supplies Ltd,1.1378038467670053,15.0,Gifts,Acme Supplies Ltd,Gifts
23365,SET 12 COLOUR PENCILS LOVE LONDON,0.65,1859,Pacific Importers,0.4125904665381917,15.0,Unknown,Pacific Importers,Other
23366,SET 12 COLOURING PENCILS DOILY,0.65,2253,Unknown Vendor,0.3212974740340815,42.0,Kitchen,UNKNOWN,Kitchen
23367,SET 12 COLOUR PENCILS SPACEBOY,0.65,3269,,0.3231364381152943,30.0,Kitchen,UNKNOWN,Kitchen
23368,SET 12 COLOUR PENCILS DOLLY GIRL,0.65,2376,Pacific Importers,0.472351486397836,20.0,Gifts,Pacific Importers,Gifts
23369,SET 36 COLOUR PENCILS LOVE LONDON,1.25,1105,Acme Supplies Ltd,0.8165463758323512,21.0,Lighting,Acme Supplies Ltd,Lighting
23370,SET 36 COLOUR PENCILS DOILEY,1.25,1554,Euro Parts,0.7525191708476976,40.0,LIGHTING,EuroParts GmbH,Lighting
23371,SET 36 COLOUR PENCILS SPACEBOY,1.25,1712,Pacific Importers,0.7833775238090178,34.0,home decor,Pacific Importers,Home Decor
23372,SET 36 COLOUR PENCILS DOLLY GIRL,1.25,1375,Acme Supplies Ltd,0.5128185063577455,24.0,Home Decor,Acme Supplies Ltd,Home Decor
23373,VINTAGE CHRISTMAS PAPER GIFT BAG,0.82,1608,Acme Supplies Ltd,0.5053955511162069,4.0,Kitchen,Acme Supplies Ltd,Kitchen
23374,RED SPOT PAPER GIFT BAG,0.82,2440,,0.4742290466153459,15.0,Home Decor,UNKNOWN,Home Decor
23375,50'S CHRISTMAS PAPER GIFT BAG,0.82,1351,PACIFIC IMPORTERS LLC,0.484630158096698,25.0,Unknown,Pacific Importers,Other
23376,PACK OF 12 VINTAGE CHRISTMAS TISSUE,0.39,3027,Euro Parts,0.2050613523624065,23.0,Unknown,EuroParts GmbH,Other
23377,PACK OF 12 DOLLY GIRL TISSUES,0.39,1346,,0.1671211870378166,30.0,Unknown,UNKNOWN,Other
23378,PACK OF 12 50'S CHRISTMAS TISSUES,0.39,4003,Pacific Importers,0.1823908053880451,13.0,Stationery,Pacific Importers,Stationery
23379,PACK OF 12 RED APPLE TISSUES,0.39,1220,Pacific Importers,0.2857766533535297,35.0,Kitchen,Pacific Importers,Kitchen
23380,PACK OF 12 VINTAGE DOILY TISSUES,0.39,2308,Global Trade Co.,0.2117874902499825,26.0,Unknown,GlobalTrade Co,Other
23381,PACK OF 12 VINTAGE LEAF TISSUES,0.39,1509,GlobalTrade Co,0.219702250770913,4.0,Stationery,GlobalTrade Co,Stationery
23382,BOX OF 6 CHRISTMAS CAKE DECORATIONS,3.75,1858,Global Trade Co.,1.5691815991826388,32.0,Unknown,GlobalTrade Co,Other
23388,WOODLAND MINI BACKPACK,4.15,825,Euro Parts,1.7145649484126322,19.0,Lighting,EuroParts GmbH,Lighting
23389,SPACEBOY MINI BACKPACK,4.15,1120,PACIFIC IMPORTERS LLC,2.701706051835416,42.0,Kitchen,Pacific Importers,Kitchen
23390,DOLLY GIRL MINI BACKPACK,4.15,750,,2.4415824996359143,36.0,Stationery,UNKNOWN,Stationery
23391,I LOVE LONDON MINI BACKPACK,4.15,390,Global Trade Co.,2.3988954420741275,40.0,Unknown,GlobalTrade Co,Other
23392,SPACEBOY ROCKET LOLLY MAKERS,2.08,643,PACIFIC IMPORTERS LLC,1.0089946581477027,24.0,home decor,Pacific Importers,Home Decor
23393,HOME SWEET HOME CUSHION COVER,3.75,786,PACIFIC IMPORTERS LLC,2.477485335264273,7.0,Stationery,Pacific Importers,Stationery
23394,POSTE FRANCE CUSHION COVER,3.75,438,Pacific Importers,1.7208105100798956,42.0,Unknown,Pacific Importers,Other
23395,BELLE JARDINIERE CUSHION COVER,3.75,728,EuroParts GmbH,1.7492893510550886,18.0,Lighting,EuroParts GmbH,Lighting
23396,BUTTERFLY CUSHION COVER,3.75,658,acme-supplies,2.104684724894612,15.0,Home Decor,Acme Supplies Ltd,Home Decor
23397,FOOT STOOL HOME SWEET HOME,9.95,474,Pacific Importers,4.9769696198048345,28.0,LIGHTING,Pacific Importers,Lighting
23398,HANGING HEART BONHEUR,0.85,609,Acme Supplies Ltd,0.413620236916861,33.0,Unknown,Acme Supplies Ltd,Other
23399,HOME SWEET HOME HANGING HEART,0.85,1922,GlobalTrade Co,0.5319581992546162,41.0,Home Decor,GlobalTrade Co,Home Decor
23400,SHELF WITH 4 HOOKS HOME SWEET HOME,6.25,441,Pacific Importers,3.924000692665566,25.0,Kitchen,Pacific Importers,Kitchen
23401,RUSTIC MIRROR WITH LACE HEART,6.25,456,PACIFIC IMPORTERS LLC,4.303631090187345,14.0,Lighting,Pacific Importers,Lighting
23402,HOME SWEEET HOME 3 PEG HANGER,3.75,297,Unknown Vendor,2.048242494152031,16.0,home decor,UNKNOWN,Home Decor
23403,LETTER HOLDER HOME SWEET HOME,3.75,623,PACIFIC IMPORTERS LLC,1.5959241819718224,20.0,Kitchen,Pacific Importers,Kitchen
23404,HOME SWEET HOME BLACKBOARD,4.95,1023,EuroParts GmbH,2.4541270118764253,29.0,home decor,EuroParts GmbH,Home Decor
23405,HOME SWEET HOME 2 DRAWER CABINET,4.95,253,Pacific Importers,3.6778594649884857,30.0,Home Decor,Pacific Importers,Home Decor
23406,HOME SWEET HOME KEY HOLDER,6.25,448,PACIFIC IMPORTERS LLC,3.804315633321536,20.0,Lighting,Pacific Importers,Lighting
23407,SET OF 2 TRAYS HOME SWEET HOME,9.95,263,Acme Supplies Ltd,6.451659397819553,18.0,Gifts,Acme Supplies Ltd,Gifts
23408,PHOTO FRAME LINEN AND LACE SMALL,2.08,296,acme-supplies,0.8373564999673019,18.0,Lighting,Acme Supplies Ltd,Lighting
23409,PHOTO FRAME LINEN AND LACE LARGE,3.75,208,GlobalTrade Co,2.1801450234895587,15.0,Lighting,GlobalTrade Co,Lighting
23410,CURIO CABINET LINEN AND LACE,8.15,35,Global Trade Co.,3.367050495609469,31.0,home decor,GlobalTrade Co,Home Decor
23411,TRELLIS COAT RACK,4.95,226,Acme Supplies Ltd,2.9661913424484334,11.0,Gifts,Acme Supplies Ltd,Gifts
23412,HEART MIRROR ANTIQUE WHITE,7.5,330,Acme Supplies Ltd,5.417023480294699,28.0,Stationery,Acme Supplies Ltd,Stationery
23413,VINTAGE COFFEE GRINDER BOX,4.95,165,acme-supplies,3.657786143591956,30.0,Stationery,Acme Supplies Ltd,Stationery
23414,ZINC BOX SIGN HOME,9.95,137,Unknown Vendor,5.862474692041928,43.0,Stationery,UNKNOWN,Stationery
23415,HOME SWEET HOME HOOK,1.65,323,GlobalTrade Co,0.9246132750331546,15.0,Home Decor,GlobalTrade Co,Home Decor
23416,CHAMBRE HOOK,1.65,132,Pacific Importers,1.2057473719285057,38.0,Lighting,Pacific Importers,Lighting
23417,BATHROOM HOOK,1.65,146,ACME SUPPLIES,1.0490096779780913,11.0,Unknown,Acme Supplies Ltd,Other
23418,LAVENDER TOILETTE BOTTLE,2.08,558,PACIFIC IMPORTERS LLC,0.8792466755039622,16.0,Gifts,Pacific Importers,Gifts
23419,HOME SWEET HOME BOTTLE,2.08,473,GlobalTrade Co,1.171048220541938,14.0,Unknown,GlobalTrade Co,Other
23420,PANTRY HOOK TEA STRAINER,2.08,165,ACME SUPPLIES,1.0068983734420134,34.0,Home Decor,Acme Supplies Ltd,Home Decor
23421,PANTRY HOOK SPATULA,2.08,162,Pacific Importers,1.17401754601464,40.0,Gifts,Pacific Importers,Gifts
23422,PANTRY HOOK BALLOON WHISK,2.08,213,Acme Supplies Ltd,1.1635789364206313,5.0,Unknown,Acme Supplies Ltd,Other
23423,PANTRY 3 HOOK ROLLING PIN HANGER,3.75,214,Acme Supplies Ltd,2.264065053694349,18.0,LIGHTING,Acme Supplies Ltd,Lighting
23424,GINGHAM RECIPE BOOK BOX,4.95,465,ACME SUPPLIES,2.598104874530078,22.0,home decor,Acme Supplies Ltd,Home Decor
23425,STORAGE TIN HOME SWEET HOME,2.49,268,Acme Supplies Ltd,1.139161696700841,34.0,Home Decor,Acme Supplies Ltd,Home Decor
23426,METAL SIGN DROP YOUR PANTS,2.89,1271,Acme Supplies Ltd,1.665512208087741,25.0,Home Decor,Acme Supplies Ltd,Home Decor
23427,STOOL HOME SWEET HOME,12.5,234,GlobalTrade Co,8.632137619012708,19.0,LIGHTING,GlobalTrade Co,Lighting
23428,IVORY RETRO KITCHEN WALL CLOCK,8.15,75,Euro Parts,5.154094880562837,18.0,Home Decor,EuroParts GmbH,Home Decor
23429,RED RETRO KITCHEN WALL CLOCK,8.15,47,Pacific Importers,4.225194337551678,40.0,Gifts,Pacific Importers,Gifts
23430,BLUE RETRO KITCHEN WALL CLOCK,8.15,36,Pacific Importers,5.928579422419641,10.0,Unknown,Pacific Importers,Other
23431,NATURAL HANGING QUILTED HEARTS,0.83,1438,GlobalTrade Co,0.5969962994478873,21.0,Unknown,GlobalTrade Co,Other
23432,PRETTY HANGING QUILTED HEARTS,0.83,1278,,0.3928157100210807,32.0,Kitchen,UNKNOWN,Kitchen
23433,HANGING QUILTED PATCHWORK APPLES,0.83,1211,GlobalTrade Co,0.3434508084774654,23.0,Home Decor,GlobalTrade Co,Home Decor
23434,3 RAFFIA RIBBONS 50'S CHRISTMAS,0.79,2095,Acme Supplies Ltd,0.5209718578589857,16.0,Stationery,Acme Supplies Ltd,Stationery
23435,3 RAFFIA RIBBONS VINTAGE CHRISTMAS,0.83,827,PACIFIC IMPORTERS LLC,0.5724207809219289,24.0,Lighting,Pacific Importers,Lighting
23436,GIFT BAG LARGE VINTAGE CHRISTMAS,1.25,1964,Acme Supplies Ltd,0.923440747603718,19.0,home decor,Acme Supplies Ltd,Home Decor
23437,50'S CHRISTMAS GIFT BAG LARGE,1.25,1937,GlobalTrade Co,0.8893034224136359,17.0,home decor,GlobalTrade Co,Home Decor
23438,RED SPOT GIFT BAG LARGE,1.25,1823,Pacific Importers,0.7627339610903066,34.0,Kitchen,Pacific Importers,Kitchen
23439,HAND WARMER RED LOVE HEART,2.1,4027,,1.2295884693211,15.0,Kitchen,UNKNOWN,Kitchen
23440,PAINT YOUR OWN EGGS IN CRATE,2.08,164,Pacific Importers,0.8522682853191629,23.0,Gifts,Pacific Importers,Gifts
23441,HAND PAINTED HANGING EASTER EGG,0.42,22,EuroParts GmbH,0.2042584976861823,42.0,Kitchen,EuroParts GmbH,Kitchen
23442,12 HANGING EGGS HAND PAINTED,2.08,42,Unknown Vendor,1.1665995392615705,35.0,Unknown,UNKNOWN,Other
23444,NEXT DAY CARRIAGE,15.0,278,Acme Supplies Ltd,9.29964547543873,29.0,Gifts,Acme Supplies Ltd,Gifts
23445,ICE CREAM BUBBLES,0.83,2668,acme-supplies,0.4938816575789982,37.0,Gifts,Acme Supplies Ltd,Gifts
23446,BLUE BUNNY EASTER EGG BASKET,1.65,157,GlobalTrade Co,1.0888722840411764,18.0,home decor,GlobalTrade Co,Home Decor
23447,PINK BUNNY EASTER EGG BASKET,1.65,158,Global Trade Co.,0.8215654025872661,30.0,home decor,GlobalTrade Co,Home Decor
23448,CREAM BUNNY EASTER EGG BASKET,1.65,25,Global Trade Co.,0.9862601309193032,36.0,Stationery,GlobalTrade Co,Stationery
23449,SET OF 6 EASTER RAINBOW CHICKS,1.25,12,,0.5385622314834716,3.0,Home Decor,UNKNOWN,Home Decor
23451,SQUARE MINI PORTRAIT FRAME,1.95,278,EuroParts GmbH,1.0623267198455386,43.0,LIGHTING,EuroParts GmbH,Lighting
23452,HEART MINI PORTRAIT FRAME,1.95,517,PACIFIC IMPORTERS LLC,1.2919847684915151,33.0,LIGHTING,Pacific Importers,Lighting
23453,OVAL  MINI PORTRAIT FRAME,1.95,324,GlobalTrade Co,1.2532460824653229,38.0,Kitchen,GlobalTrade Co,Kitchen
23454,SET OF 3 MINI HANGING PORTRAITS,4.15,177,Euro Parts,3.0989085757425903,35.0,Home Decor,EuroParts GmbH,Home Decor
23455,SMALL PARLOUR PICTURE FRAME,2.89,207,Unknown Vendor,1.4370868739366154,35.0,Home Decor,UNKNOWN,Home Decor
23456,MEDIUM PARLOUR PICTURE FRAME,4.15,156,Euro Parts,2.383619957050205,41.0,Home Decor,EuroParts GmbH,Home Decor
23457,LARGE PARLOUR PICTURE FRAME,4.95,113,Acme Supplies Ltd,2.550911441863449,23.0,Gifts,Acme Supplies Ltd,Gifts
23458,DOLLY CABINET 3 DRAWERS,14.95,46,PACIFIC IMPORTERS LLC,8.28545579431463,25.0,Home Decor,Pacific Importers,Home Decor
23459,DOLLY CABINET 2 DRAWERS,12.5,30,Acme Supplies Ltd,8.749156818178573,25.0,Kitchen,Acme Supplies Ltd,Kitchen
23460,SWEETHEART WALL TIDY,9.95,103,acme-supplies,6.3627581043439045,17.0,Gifts,Acme Supplies Ltd,Gifts
23461,SWEETHEART BIRD HOUSE,4.15,853,Acme Supplies Ltd,2.9417458304323625,28.0,Kitchen,Acme Supplies Ltd,Kitchen
23462,ROCOCO WALL MIRROR WHITE,19.95,28,PACIFIC IMPORTERS LLC,9.401016313927396,32.0,Gifts,Pacific Importers,Gifts
23463,VINTAGE ZINC WATERING CAN,9.95,13,EuroParts GmbH,7.021480092882808,27.0,LIGHTING,EuroParts GmbH,Lighting
23464,VINTAGE ZINC WATERING CAN SMALL,4.95,18,Acme Supplies Ltd,2.083538140014052,18.0,Lighting,Acme Supplies Ltd,Lighting
23465,TUSCAN VILLA FEEDING STATION,8.25,29,GlobalTrade Co,5.8658304222622775,41.0,Lighting,GlobalTrade Co,Lighting
23466,TUSCAN VILLA DOVECOTE,8.25,54,Global Trade Co.,4.250200538192852,16.0,LIGHTING,GlobalTrade Co,Lighting
23467,VINTAGE ZINC PLANTER,3.29,32,GlobalTrade Co,1.6782476598762976,19.0,Lighting,GlobalTrade Co,Lighting
23468,TUSCAN VILLA BIRD TABLE,8.25,19,Acme Supplies Ltd,4.778655765217392,14.0,Lighting,Acme Supplies Ltd,Lighting
23469,CARD HOLDER LOVE BIRD SMALL,4.15,328,Global Trade Co.,3.0263524976679945,31.0,LIGHTING,GlobalTrade Co,Lighting
23470,CARD HOLDER LOVE BIRD LARGE,6.25,220,EuroParts GmbH,2.6045217352405743,34.0,Gifts,EuroParts GmbH,Gifts
23471,SIX DRAWER OFFICE TIDY,9.95,66,Acme Supplies Ltd,5.20664437068387,26.0,Home Decor,Acme Supplies Ltd,Home Decor
23472,NINE DRAWER OFFICE TIDY,14.95,59,Acme Supplies Ltd,10.462012930785557,15.0,LIGHTING,Acme Supplies Ltd,Lighting
23473,WOODLAND SMALL RED FELT HEART,0.83,679,GlobalTrade Co,0.447053825695003,22.0,Stationery,GlobalTrade Co,Stationery
23474,WOODLAND SMALL BLUE FELT HEART,0.83,312,,0.3898550787519479,17.0,home decor,UNKNOWN,Home Decor
23475,WOODLAND SMALL PINK FELT HEART,0.83,286,PACIFIC IMPORTERS LLC,0.4554027096767751,6.0,Unknown,Pacific Importers,Other
23476,WOODLAND LARGE RED FELT HEART,1.25,205,EuroParts GmbH,0.6686792194026053,36.0,Stationery,EuroParts GmbH,Stationery
23477,WOODLAND LARGE BLUE FELT HEART,1.25,92,GlobalTrade Co,0.9004945881416827,30.0,Lighting,GlobalTrade Co,Lighting
23478,WOODLAND LARGE PINK FELT HEART,1.25,285,Pacific Importers,0.8333462893876051,4.0,Home Decor,Pacific Importers,Home Decor
23479,WIRE EGG BASKET,7.85,114,Acme Supplies Ltd,4.527804989406657,32.0,Kitchen,Acme Supplies Ltd,Kitchen
23480,MINI LIGHTS WOODLAND MUSHROOMS,3.75,1781,PACIFIC IMPORTERS LLC,2.797236368822062,28.0,Home Decor,Pacific Importers,Home Decor
23481,PEARLISED IVORY HEART SMALL,1.25,228,,0.7035589199332165,28.0,Kitchen,UNKNOWN,Kitchen
23482,PEARLISED IVORY HEART LARGE,1.65,418,PACIFIC IMPORTERS LLC,0.6936323472987089,22.0,Stationery,Pacific Importers,Stationery
23483,HANGING  BUTTERFLY T-LIGHT HOLDER,1.25,1318,,0.6147450157940559,44.0,Home Decor,UNKNOWN,Home Decor
23484,HEART TRELLISTRIPLE T-LIGHT HOLDER,2.89,185,EuroParts GmbH,1.597085290741835,30.0,Home Decor,EuroParts GmbH,Home Decor
23485,BOTANICAL GARDENS WALL CLOCK,25.0,244,Acme Supplies Ltd,11.372897961278552,22.0,Unknown,Acme Supplies Ltd,Other
23486,ANTIQUE HEART SHELF UNIT,16.65,262,,12.181935773653358,13.0,LIGHTING,UNKNOWN,Lighting
23487,SWEET HEART CAKE CARRIER,9.95,71,Acme Supplies Ltd,6.650551286650394,12.0,Stationery,Acme Supplies Ltd,Stationery
23489,"GARLAND, VINTAGE BELLS",2.89,913,Pacific Importers,1.427372503232692,25.0,Home Decor,Pacific Importers,Home Decor
23490,T-LIGHT HOLDER HANGING LOVE BIRD,3.75,545,Acme Supplies Ltd,2.2754309502422645,39.0,Kitchen,Acme Supplies Ltd,Kitchen
23491,VINTAGE JINGLE BELLS HEART,8.25,227,Acme Supplies Ltd,5.383184441153889,43.0,home decor,Acme Supplies Ltd,Home Decor
23492,VINTAGE JINGLE BELLS WREATH,8.25,76,Global Trade Co.,6.01794290721838,21.0,Home Decor,GlobalTrade Co,Home Decor
23493,VINTAGE DOILY TRAVEL SEWING KIT,1.95,3964,GlobalTrade Co,1.3817161258122177,20.0,Kitchen,GlobalTrade Co,Kitchen
23494,VINTAGE DOILY DELUXE SEWING KIT,5.95,748,Pacific Importers,3.4528878109328303,29.0,Lighting,Pacific Importers,Lighting
23495,SET OF 3 PANTRY WOODEN SPOONS,1.25,225,Pacific Importers,0.8389105211594452,8.0,Home Decor,Pacific Importers,Home Decor
23496,PANTRY KITCHEN THERMOMETER,1.25,112,Acme Supplies Ltd,0.7459383297995683,12.0,Kitchen,Acme Supplies Ltd,Kitchen
23497,CLASSIC CHROME BICYCLE BELL,1.45,2549,Acme Supplies Ltd,0.8604972241981117,4.0,home decor,Acme Supplies Ltd,Home Decor
23498,CLASSIC BICYCLE CLIPS,1.45,1644,Pacific Importers,0.6382315438566324,26.0,Stationery,Pacific Importers,Stationery
23499,SET 12 VINTAGE DOILY CHALK,0.42,1315,GlobalTrade Co,0.1865422357283743,40.0,Lighting,GlobalTrade Co,Lighting
23500,KEY RING BASEBALL BOOT ASSORTED,1.25,1631,EuroParts GmbH,0.7316709565723251,30.0,Home Decor,EuroParts GmbH,Home Decor
23501,KEY RING BASEBALL BOOT UNION JACK,1.25,1823,PACIFIC IMPORTERS LLC,0.6176269259283154,30.0,Unknown,Pacific Importers,Other
23502,PLAYING CARDS VINTAGE DOILEY,1.25,714,Euro Parts,0.509203644826455,41.0,Kitchen,EuroParts GmbH,Kitchen
23503,PLAYING CARDS KEEP CALM & CARRY ON,1.25,3644,EuroParts GmbH,0.8162421517063428,4.0,home decor,EuroParts GmbH,Home Decor
23504,PLAYING CARDS JUBILEE UNION JACK,1.25,1934,Global Trade Co.,0.5142128860519473,7.0,Unknown,GlobalTrade Co,Other
23505,PLAYING CARDS I LOVE LONDON,1.25,1207,EuroParts GmbH,0.7604336179830239,13.0,Home Decor,EuroParts GmbH,Home Decor
23506,MINI PLAYING CARDS SPACEBOY,0.42,2747,acme-supplies,0.2472614877367152,23.0,Kitchen,Acme Supplies Ltd,Kitchen
23507,MINI PLAYING CARDS BUFFALO BILL,0.42,2884,GlobalTrade Co,0.3104157595149372,4.0,Home Decor,GlobalTrade Co,Home Decor
23508,MINI PLAYING CARDS DOLLY GIRL,0.42,2629,Euro Parts,0.2391793314841033,17.0,Lighting,EuroParts GmbH,Lighting
23509,MINI PLAYING CARDS FUN FAIR,0.42,1065,Global Trade Co.,0.1773494111475362,41.0,home decor,GlobalTrade Co,Home Decor
23510,MINI PLAYING CARDS GYMKHANA,0.42,2522,Euro Parts,0.2490981312675498,43.0,home decor,EuroParts GmbH,Home Decor
23511,EMBROIDERED RIBBON REEL EMILY,2.08,568,Euro Parts,1.4443180122085215,39.0,Lighting,EuroParts GmbH,Lighting
23512,EMBROIDERED RIBBON REEL ROSIE,2.08,501,,1.5577062789568883,9.0,Home Decor,UNKNOWN,Home Decor
23513,EMBROIDERED RIBBON REEL SUSIE,2.08,560,,1.1452898304456447,22.0,Home Decor,UNKNOWN,Home Decor
23514,EMBROIDERED RIBBON REEL SALLY,2.08,472,Global Trade Co.,1.0651774845376285,23.0,Gifts,GlobalTrade Co,Gifts
23515,EMBROIDERED RIBBON REEL DAISY,2.08,579,GlobalTrade Co,1.492043600181055,37.0,Home Decor,GlobalTrade Co,Home Decor
23516,EMBROIDERED RIBBON REEL SOPHIE,3.75,297,Pacific Importers,1.7510052944124093,36.0,home decor,Pacific Importers,Home Decor
23517,EMBROIDERED RIBBON REEL REBECCA,2.89,334,GlobalTrade Co,1.7785063475558054,24.0,Home Decor,GlobalTrade Co,Home Decor
23518,EMBROIDERED RIBBON REEL RACHEL,2.89,356,PACIFIC IMPORTERS LLC,1.5663801400590287,33.0,Unknown,Pacific Importers,Other
23519,EMBROIDERED RIBBON REEL CLAIRE,3.75,224,EuroParts GmbH,1.5539206040041662,25.0,Unknown,EuroParts GmbH,Other
23520,EMBROIDERED RIBBON REEL RUBY,3.75,168,EuroParts GmbH,1.9558161225262285,21.0,Lighting,EuroParts GmbH,Lighting
23521,CAT AND BIRD WALL ART,4.34,413,GlobalTrade Co,2.1388821256815627,6.0,Unknown,GlobalTrade Co,Other
23522,DOG AND BALL WALL ART,2.89,354,ACME SUPPLIES,1.849981202213837,26.0,Home Decor,Acme Supplies Ltd,Home Decor
23523,TREASURE AHOY WALL ART,3.75,354,Global Trade Co.,2.7452875282206426,22.0,Stationery,GlobalTrade Co,Stationery
23524,HORSE & PONY WALL ART,3.75,475,Acme Supplies Ltd,1.8518119334344625,41.0,LIGHTING,Acme Supplies Ltd,Lighting
23525,BUFFALO BILL WALL ART,3.75,577,,2.5650490451365826,30.0,Home Decor,UNKNOWN,Home Decor
23526,DOG LICENCE WALL ART,5.95,996,GlobalTrade Co,2.495286818774238,41.0,LIGHTING,GlobalTrade Co,Lighting
23527,ANIMALS AND NATURE WALL ART,3.75,414,ACME SUPPLIES,2.2062838256772546,19.0,home decor,Acme Supplies Ltd,Home Decor
23528,SPACEBOY WALL ART,3.75,479,Acme Supplies Ltd,1.5925969586192366,21.0,Gifts,Acme Supplies Ltd,Gifts
23529,DOLLY GIRL WALL ART,3.75,637,PACIFIC IMPORTERS LLC,2.725918300858964,37.0,Kitchen,Pacific Importers,Kitchen
23530,WALL ART ONLY ONE PERSON,4.95,1062,PACIFIC IMPORTERS LLC,3.3077035935656784,34.0,home decor,Pacific Importers,Home Decor
23531,WALL ART BIG LOVE,6.95,979,GlobalTrade Co,4.380463159005172,41.0,LIGHTING,GlobalTrade Co,Lighting
23532,WALL ART WORK REST AND PLAY,4.95,210,Acme Supplies Ltd,3.407400481164731,37.0,Lighting,Acme Supplies Ltd,Lighting
23533,WALL ART GARDEN HAVEN,5.95,215,Global Trade Co.,3.728459974274865,32.0,Unknown,GlobalTrade Co,Other
23534,STOP FOR TEA WALL ART,5.95,1381,GlobalTrade Co,4.3978267071154615,19.0,Stationery,GlobalTrade Co,Stationery
23535,BICYCLE SAFTEY WALL ART,5.95,1328,EuroParts GmbH,3.8668174264283866,44.0,home decor,EuroParts GmbH,Home Decor
23536,VILLAGE SHOW WALL ART,5.95,622,PACIFIC IMPORTERS LLC,4.305601554455029,31.0,Kitchen,Pacific Importers,Kitchen
23537,I LOVE LONDON WALL ART,4.95,111,GlobalTrade Co,2.8759310029084304,8.0,Stationery,GlobalTrade Co,Stationery
23538,WALL ART VINTAGE HEART,4.95,332,ACME SUPPLIES,2.1828140954910773,19.0,Lighting,Acme Supplies Ltd,Lighting
23539,WALL ART LOVES' SECRET,5.95,247,Unknown Vendor,3.479930104863433,19.0,Unknown,UNKNOWN,Other
23540,WALL ART THE MAGIC FOREST,6.95,150,Global Trade Co.,3.0886181542634747,16.0,Gifts,GlobalTrade Co,Gifts
23541,WALL ART CLASSIC PUDDINGS,8.25,890,EuroParts GmbH,5.01082492112187,26.0,LIGHTING,EuroParts GmbH,Lighting
23542,70'S ALPHABET WALL ART,8.25,500,Acme Supplies Ltd,4.6931987122736265,39.0,home decor,Acme Supplies Ltd,Home Decor
23543,KEEP CALM WALL ART,8.25,1237,Pacific Importers,5.097686461242158,42.0,home decor,Pacific Importers,Home Decor
23544,WALL ART MID CENTURY MODERN,8.25,163,Acme Supplies Ltd,3.3290106577958265,41.0,home decor,Acme Supplies Ltd,Home Decor
23545,WRAP RED DOILEY,0.42,2480,Pacific Importers,0.1966415522733385,34.0,LIGHTING,Pacific Importers,Lighting
23546,WRAP PAISLEY PARK,0.42,3275,Unknown Vendor,0.2402255734910832,38.0,Lighting,UNKNOWN,Lighting
23547,WRAP FLOWER SHOP,0.42,1575,GlobalTrade Co,0.3077240235536028,39.0,Stationery,GlobalTrade Co,Stationery
23548,WRAP MAGIC FOREST,0.42,1075,Acme Supplies Ltd,0.2243905289322082,16.0,Stationery,Acme Supplies Ltd,Stationery
23549,WRAP BIRD GARDEN,0.42,1305,Acme Supplies Ltd,0.2303826878298843,29.0,Lighting,Acme Supplies Ltd,Lighting
23550,WRAP ALPHABET POSTER,0.42,1855,GlobalTrade Co,0.2730603250839734,21.0,home decor,GlobalTrade Co,Home Decor
23551,PACK OF 12 PAISLEY PARK TISSUES,0.39,1843,ACME SUPPLIES,0.2384177113695551,33.0,Home Decor,Acme Supplies Ltd,Home Decor
23552,BICYCLE PUNCTURE REPAIR KIT,2.08,1864,Acme Supplies Ltd,1.0496182372715863,11.0,Lighting,Acme Supplies Ltd,Lighting
23553,LANDMARK FRAME CAMDEN TOWN,12.5,569,EuroParts GmbH,6.797321730607497,40.0,Unknown,EuroParts GmbH,Other
23554,LANDMARK FRAME OXFORD STREET,12.5,424,Global Trade Co.,5.952436620000393,19.0,Unknown,GlobalTrade Co,Other
23555,LANDMARK FRAME NOTTING HILL,12.5,424,GlobalTrade Co,9.226343883694662,21.0,Gifts,GlobalTrade Co,Gifts
23556,LANDMARK FRAME COVENT GARDEN,12.5,438,,5.571525419313449,6.0,Lighting,UNKNOWN,Lighting
23557,LANDMARK FRAME BAKER STREET,12.5,350,Acme Supplies Ltd,6.626785932478086,13.0,Kitchen,Acme Supplies Ltd,Kitchen
23558,LANDMARK FRAME LONDON BRIDGE,12.5,418,Unknown Vendor,5.1130455034625495,24.0,LIGHTING,UNKNOWN,Lighting
23559,WOODLAND BUNNIES LOLLY MAKERS,2.08,652,GlobalTrade Co,0.9934554701276218,6.0,LIGHTING,GlobalTrade Co,Lighting
23560,SET OF 6 RIBBONS COUNTRY STYLE,2.89,173,,1.9454465564715269,19.0,Unknown,UNKNOWN,Other
23561,SET OF 6 RIBBONS PARTY,2.89,170,PACIFIC IMPORTERS LLC,1.3594887474602015,10.0,Unknown,Pacific Importers,Other
23562,SET OF 6 RIBBONS PERFECTLY PRETTY,2.89,253,Euro Parts,1.2369841316580488,36.0,Unknown,EuroParts GmbH,Other
23564,EGG CUP MILKMAID INGRID,1.25,644,Unknown Vendor,0.7075732661819789,13.0,Home Decor,UNKNOWN,Home Decor
23565,EGG CUP MILKMAID HELGA,1.25,405,GlobalTrade Co,0.5043615401963518,33.0,Kitchen,GlobalTrade Co,Kitchen
23566,EGG CUP MILKMAID HEIDI,1.25,879,Unknown Vendor,0.5370851925615208,13.0,home decor,UNKNOWN,Home Decor
23567,EGG CUP HENRIETTA HEN PINK,1.25,210,GlobalTrade Co,0.8533363179338016,40.0,home decor,GlobalTrade Co,Home Decor
23568,EGG CUP HENRIETTA HEN CREAM,1.25,629,GlobalTrade Co,0.8375195883760778,23.0,Lighting,GlobalTrade Co,Lighting
23569,TRADTIONAL ALPHABET STAMP SET,4.95,959,GlobalTrade Co,3.565478006351482,32.0,Home Decor,GlobalTrade Co,Home Decor
23570,TRADITIONAL PICK UP STICKS GAME,1.25,2782,Pacific Importers,0.8738505032109529,12.0,Unknown,Pacific Importers,Other
23571,TRADITIONAL NAUGHTS & CROSSES,1.65,2859,ACME SUPPLIES,1.0545338877709949,28.0,home decor,Acme Supplies Ltd,Home Decor
23574,PACKING CHARGE,7.5,112,Pacific Importers,3.1373737504142403,29.0,Kitchen,Pacific Importers,Kitchen
23575,SNACK TRAY PAISLEY PARK,1.95,179,Pacific Importers,1.3142941817758935,10.0,home decor,Pacific Importers,Home Decor
23576,SNACK TRAY RED VINTAGE DOILY,1.95,198,EuroParts GmbH,1.3570611283986824,41.0,LIGHTING,EuroParts GmbH,Lighting
23578,SNACK TRAY RED GINGHAM,1.95,60,Euro Parts,1.325373564489359,10.0,Kitchen,EuroParts GmbH,Kitchen
23579,SNACK TRAY I LOVE LONDON,1.95,179,Global Trade Co.,1.127036941597728,10.0,Home Decor,GlobalTrade Co,Home Decor
23580,SNACK TRAY HAPPY FOREST,1.95,117,GlobalTrade Co,0.9389555048782712,36.0,home decor,GlobalTrade Co,Home Decor
23581,JUMBO BAG PAISLEY PARK,2.08,4913,acme-supplies,1.447400222301393,18.0,Unknown,Acme Supplies Ltd,Other
23582,VINTAGE DOILY JUMBO BAG RED,2.08,4694,ACME SUPPLIES,1.3613745254908207,43.0,Home Decor,Acme Supplies Ltd,Home Decor
23583,LUNCH BAG PAISLEY PARK,1.65,3385,Acme Supplies Ltd,1.714985559861371,15.0,LIGHTING,Acme Supplies Ltd,Lighting
23595,ADJUSTMENT,0.0,0,GlobalTrade Co,0.0,25.0,Stationery,GlobalTrade Co,Stationery
23597,PAPER BUNTING PAISLEY PARK,2.95,245,acme-supplies,1.412998682001247,14.0,Unknown,Acme Supplies Ltd,Other
23598,PAPER BUNTING VINTAGE PARTY,2.95,428,Unknown Vendor,1.3986815897526517,29.0,Home Decor,UNKNOWN,Home Decor
23601,SET 10 CARDS SNOWY SNOWDROPS  17100,2.49,8,Pacific Importers,1.686698407481995,24.0,Lighting,Pacific Importers,Lighting
23602,SET 10 CARDS 3 WISE MEN 17107,2.91,1,GlobalTrade Co,1.3543650814344457,34.0,home decor,GlobalTrade Co,Home Decor
23603,SET 10 CARD KRAFT REINDEER 17084,2.49,20,Pacific Importers,1.0540940416910114,29.0,Unknown,Pacific Importers,Other
23604,SET 10 MINI SANTA & SNOWMAN  17087,1.66,4,Acme Supplies Ltd,1.2441638286262502,4.0,Gifts,Acme Supplies Ltd,Gifts
23605,SET 10 CARDS 12 DAYS OF XMAS 17059,2.91,4,Global Trade Co.,1.1892763298568845,35.0,Unknown,GlobalTrade Co,Other
23607,SET 10 CARDS HATS & STOCKINGS 17081,1.66,8,PACIFIC IMPORTERS LLC,1.149276798952301,28.0,Stationery,Pacific Importers,Stationery
23608,SET 10 CARDS RUDOLPHS NOSE 17097,2.91,4,Pacific Importers,1.53612612811934,30.0,Home Decor,Pacific Importers,Home Decor
23609,SET 10 CARDS SNOWY ROBIN 17099,2.91,1,Global Trade Co.,2.021185345763335,21.0,LIGHTING,GlobalTrade Co,Lighting
23610,SET 10 CARDS CHRISTMAS ROBIN 17095,2.08,3,Unknown Vendor,1.2357637176017138,7.0,Gifts,UNKNOWN,Gifts
23611,SET 10 CARDS RED RIDING HOOD 17214,2.49,40,,1.781771616497363,35.0,Stationery,UNKNOWN,Stationery
23612,SET 10 MINICARDS CUTE SNOWMAN 17071,1.66,5,PACIFIC IMPORTERS LLC,1.202118125106898,23.0,Lighting,Pacific Importers,Lighting
23613,SET 10 XMAS CARDS & BADGES 17070,2.49,11,Pacific Importers,1.0039290649861965,32.0,LIGHTING,Pacific Importers,Lighting
23614,SET 10 CARDS 12 DAYS WRAP  17058,3.33,26,PACIFIC IMPORTERS LLC,1.4198928911195947,10.0,LIGHTING,Pacific Importers,Lighting
23615,SET 10 CARDS PRINTED GRAPHIC 17219,2.49,4,ACME SUPPLIES,1.2141876328210008,40.0,Unknown,Acme Supplies Ltd,Other
23616,SET 10 CARDS JINGLE BELLS 17217,2.49,8,GlobalTrade Co,1.579308385360792,19.0,home decor,GlobalTrade Co,Home Decor
23617,SET 10 CARDS SWIRLY XMAS TREE 17104,2.91,2,Acme Supplies Ltd,2.0687052321469688,3.0,Gifts,Acme Supplies Ltd,Gifts
23619,SET 10 CARDS POINSETTIA 17093,2.49,4,Global Trade Co.,1.396839410552689,5.0,home decor,GlobalTrade Co,Home Decor
23620,SET 10 CARDS PERFECT POST 17090,2.49,10,Pacific Importers,1.5249770708330224,28.0,LIGHTING,Pacific Importers,Lighting
23621,SET 10 CARDS DAVID'S MADONNA 17074,2.49,6,ACME SUPPLIES,1.1602776217113318,33.0,Home Decor,Acme Supplies Ltd,Home Decor
23623,SET 10 CARD CHRISTMAS WELCOME 17112,2.91,8,Unknown Vendor,1.9838587203084963,10.0,Home Decor,UNKNOWN,Home Decor
23624,SET 10 CARD PERFECT NATIVITY 17089,2.49,4,,1.839026449044549,10.0,Lighting,UNKNOWN,Lighting
23625,SET 6 CARDS SPARKLY REINDEER 17262,4.99,9,EuroParts GmbH,2.465108036335345,37.0,Stationery,EuroParts GmbH,Stationery
23626,SET 10 CARDS DINKY TREE 17076,2.49,43,Pacific Importers,1.4272408168198762,41.0,Gifts,Pacific Importers,Gifts
23627,SET 10 CARDS XMAS GRAPHIC  17218,2.49,7,,1.071050190306305,30.0,Lighting,UNKNOWN,Lighting
23628,SET 10 CARDS TRIANGLE ICONS  17220,2.91,1,Acme Supplies Ltd,1.7334806846075337,6.0,Stationery,Acme Supplies Ltd,Stationery
23629,SET 10 CARDS DRESSING UP 17077,2.49,24,Euro Parts,1.4341757695693822,18.0,Kitchen,EuroParts GmbH,Kitchen
23630,SET 10 CARDS HANGING BAUBLES 17080,2.99,1,Acme Supplies Ltd,1.3471527806682888,15.0,Kitchen,Acme Supplies Ltd,Kitchen
23632,SET 10 CARDS CHEERFUL ROBIN 17065,2.08,15,Euro Parts,1.1538242031499586,22.0,Stationery,EuroParts GmbH,Stationery
23633,SET 10 CARDS WORLD CHILDREN 17067,2.49,3,acme-supplies,1.28717220429344,7.0,Home Decor,Acme Supplies Ltd,Home Decor
23634,SET 10 CARDS XMAS CHOIR 17068,2.91,5,,1.6954847464983354,39.0,Home Decor,UNKNOWN,Home Decor
23635,SET 10 CARDS CHRISTMAS HOLLY  17259,4.16,3,,2.516712712384332,22.0,Kitchen,UNKNOWN,Kitchen
23636,SET 10 CARDS WISHING TREE 17116,2.91,9,Acme Supplies Ltd,1.1726527468114432,26.0,LIGHTING,Acme Supplies Ltd,Lighting
23637,SET 10 CARDS OUT OF ORDER 17216,2.49,11,Global Trade Co.,1.6592167141405376,38.0,Home Decor,GlobalTrade Co,Home Decor
23638,SET 10 CARDS ROBIN WATERPUMP  17096,2.91,2,Unknown Vendor,1.8902050562611832,36.0,home decor,UNKNOWN,Home Decor
23639,SET 10 CARDS MAGICAL TREE 17086,3.33,4,Pacific Importers,1.7589067831237015,36.0,LIGHTING,Pacific Importers,Lighting
23640,SET 10 CARDS SCOTTIE DOG 17211,2.49,9,,1.0421336678482254,21.0,Home Decor,UNKNOWN,Home Decor
23643,SET 10 CARDS CHRISTMAS BAUBLE 16954,3.33,1,Pacific Importers,2.2118738751194766,19.0,Stationery,Pacific Importers,Stationery
23644,SET 10 CARDS CHRISTMAS TREE 16955,3.33,5,GlobalTrade Co,2.445256649537263,7.0,Unknown,GlobalTrade Co,Other
23645,SET 10 CHRISTMAS CARDS HOHOHO 16956,2.49,9,GlobalTrade Co,1.2052921159331855,27.0,Stationery,GlobalTrade Co,Stationery
23646,SET 10 CARDS JINGLE BELLS 16957,2.49,8,ACME SUPPLIES,1.2779517008718286,20.0,Home Decor,Acme Supplies Ltd,Home Decor
23649,SET 10 CARDS DECK THE HALLS 16960,2.49,2,EuroParts GmbH,1.1561929331834018,10.0,Stationery,EuroParts GmbH,Stationery
23650,SET 10 CARDS FILIGREE BAUBLE 16961,2.49,4,GlobalTrade Co,1.498799831495028,29.0,Gifts,GlobalTrade Co,Gifts
23652,SET 10 CARD CHRISTMAS STAMPS 16963,2.91,2,Pacific Importers,1.321705960448433,17.0,Kitchen,Pacific Importers,Kitchen
23654,SET 10 CARD SNOWMAN 16965,2.49,5,Pacific Importers,1.3064230217265922,15.0,Unknown,Pacific Importers,Other
23660,HENRIETTA HEN MUG,1.65,290,Pacific Importers,1.0625250155470367,18.0,LIGHTING,Pacific Importers,Lighting
23661,MILK MAIDS MUG,1.65,199,,0.9834669801878986,24.0,LIGHTING,UNKNOWN,Lighting
23664,FLOWER SHOP DESIGN MUG,1.65,1,Unknown Vendor,0.8831821308993826,22.0,Gifts,UNKNOWN,Gifts
23681,LUNCH BAG RED VINTAGE DOILY,1.65,1577,Global Trade Co.,0.9026941450438554,15.0,Gifts,GlobalTrade Co,Gifts
23691,KEEP CALM BIRTHDAY WRAP,0.42,1175,Euro Parts,0.2506302997456147,22.0,Home Decor,EuroParts GmbH,Home Decor
23692,WRAP A PRETTY THANK YOU,0.42,50,EuroParts GmbH,0.1688621149994127,4.0,Home Decor,EuroParts GmbH,Home Decor
23694,PAISLEY PARK CARD,0.42,376,Pacific Importers,0.1795409506626806,37.0,LIGHTING,Pacific Importers,Lighting
23695,DOILY THANK YOU CARD,0.42,765,Unknown Vendor,0.2975449359611626,21.0,Gifts,UNKNOWN,Gifts
23697,A PRETTY THANK YOU CARD,0.42,456,ACME SUPPLIES,0.1794482113964197,39.0,Gifts,Acme Supplies Ltd,Gifts
23702,HIGH RESOLUTION IMAGE,2.25,104,Acme Supplies Ltd,1.4566078320157727,8.0,LIGHTING,Acme Supplies Ltd,Lighting
23843,"PAPER CRAFT , LITTLE BIRDIE",2.08,0,,1.5017877834713904,16.0,Lighting,UNKNOWN,Lighting
35001G,HAND OPEN SHAPE GOLD,4.25,199,Global Trade Co.,2.102641861398825,6.0,Lighting,GlobalTrade Co,Lighting
35001W,HAND OPEN SHAPE DECO.WHITE,3.49,55,Euro Parts,1.8485552903681963,24.0,home decor,EuroParts GmbH,Home Decor
35004B,SET OF 3 BLACK FLYING DUCKS,5.79,547,,3.468919228944318,41.0,Kitchen,UNKNOWN,Kitchen
35004C,SET OF 3 COLOURED  FLYING DUCKS,5.45,148,Acme Supplies Ltd,3.8618598595856,38.0,Gifts,Acme Supplies Ltd,Gifts
35004G,SET OF 3 GOLD FLYING DUCKS,6.35,125,,4.633385167686283,36.0,Stationery,UNKNOWN,Stationery
35004P,SET OF 3 PINK FLYING DUCKS,2.725,2,Global Trade Co.,1.795358447886122,29.0,Unknown,GlobalTrade Co,Other
35015,UNKNOWN,0.0,-9,Pacific Importers,0.0,9.0,Lighting,Pacific Importers,Lighting
35095A,BLUE VICTORIAN FABRIC OVAL BOX,0.83,925,PACIFIC IMPORTERS LLC,0.5263892821828742,5.0,LIGHTING,Pacific Importers,Lighting
35095B,RED VICTORIAN FABRIC OVAL BOX,0.83,862,,0.4511932312040083,35.0,Home Decor,UNKNOWN,Home Decor
35241,ENAMEL BLUE RIM BISCUIT BIN,4.95,63,Acme Supplies Ltd,2.7954894816182643,4.0,Gifts,Acme Supplies Ltd,Gifts
35265,COLOURFUL FLOWER FRUIT BOWL,1.95,17,Global Trade Co.,0.8135437764105834,44.0,Stationery,GlobalTrade Co,Stationery
35271S,GOLD PRINT PAPER BAG,0.19,6,EuroParts GmbH,0.0887056322665328,18.0,Unknown,EuroParts GmbH,Other
35400,WOODEN BOX ADVENT CALENDAR,8.95,2,EuroParts GmbH,6.05628387559915,27.0,Stationery,EuroParts GmbH,Stationery
35443,RASTA IN BATH W SPLIFF ASHTRAY,0.85,8,EuroParts GmbH,0.4750527528317383,17.0,home decor,EuroParts GmbH,Home Decor
35471D,SET OF 3 BIRD LIGHT PINK FEATHER,0.39,1860,Acme Supplies Ltd,0.1971768959826518,26.0,Stationery,Acme Supplies Ltd,Stationery
35591T,TURQUOISE CHRISTMAS TREE,1.25,1,GlobalTrade Co,0.6680083448596692,17.0,Home Decor,GlobalTrade Co,Home Decor
35592T,UNKNOWN,0.0,4,GlobalTrade Co,0.0,33.0,Lighting,GlobalTrade Co,Lighting
35594,UNKNOWN,0.0,-4,Euro Parts,0.0,16.0,Stationery,EuroParts GmbH,Stationery
35597A,DUSTY PINK CHRISTMAS TREE 30CM,0.625,-13,acme-supplies,0.3095689931333618,16.0,Unknown,Acme Supplies Ltd,Other
35597B,BLACKCHRISTMAS TREE 30CM,1.25,1,ACME SUPPLIES,0.5514070550929133,8.0,Lighting,Acme Supplies Ltd,Lighting
35597D,PINK/WHITE CHRISTMAS TREE 30CM,0.19,46,Unknown Vendor,0.0927578817393307,16.0,home decor,UNKNOWN,Home Decor
35598A,DUSTY PINK CHRISTMAS TREE 60CM,2.95,17,Acme Supplies Ltd,2.1306810357140127,19.0,home decor,Acme Supplies Ltd,Home Decor
35598B,BLACK CHRISTMAS TREE 60CM,0.65,558,Unknown Vendor,0.3923114606108194,20.0,Kitchen,UNKNOWN,Kitchen
35598C,FOUND,2.95,5,EuroParts GmbH,1.7308183155289885,22.0,Home Decor,EuroParts GmbH,Home Decor
35598D,PINK/WHITE CHRISTMAS TREE 60CM,0.65,683,Euro Parts,0.395679543930035,19.0,Lighting,EuroParts GmbH,Lighting
35599B,BLACK CHRISTMAS TREE 120CM,1.95,217,GlobalTrade Co,1.0298142913719968,18.0,home decor,GlobalTrade Co,Home Decor
35599D,PINK AND WHITE CHRISTMAS TREE 120CM,2.95,201,Acme Supplies Ltd,2.013337998479897,42.0,home decor,Acme Supplies Ltd,Home Decor
35600A,FOUND BY JACKIE,0.0,1,EuroParts GmbH,0.0,41.0,Lighting,EuroParts GmbH,Lighting
35603B,UNKNOWN,0.0,-12,Euro Parts,0.0,34.0,Stationery,EuroParts GmbH,Stationery
35607A,PINK FLUFFY CHRISTMAS DECORATION,0.19,27,EuroParts GmbH,0.0845828308011326,11.0,LIGHTING,EuroParts GmbH,Lighting
35607B,BLACK FEATHER CHRISTMAS DECORATION,0.19,87,Acme Supplies Ltd,0.1117011332424241,29.0,Unknown,Acme Supplies Ltd,Other
35609A,PINK FEATHER CHRISTMAS DECORATION,1.255,-50,EuroParts GmbH,0.913388468287616,35.0,Stationery,EuroParts GmbH,Stationery
35610A,PINK CHRISTMAS FLOCK DROPLET,1.88,-1267,EuroParts GmbH,0.9548956960629388,12.0,Unknown,EuroParts GmbH,Other
35610B,BLACK CHRISTMAS FLOCK DROPLET,0.625,-517,PACIFIC IMPORTERS LLC,0.440212130687954,19.0,home decor,Pacific Importers,Home Decor
35610C,WHITE CHRISTMAS FLOCK DROPLET,1.25,-1096,EuroParts GmbH,0.8342918191282598,38.0,home decor,EuroParts GmbH,Home Decor
35611B,THROWN AWAY,0.0,-27,Euro Parts,0.0,19.0,Home Decor,EuroParts GmbH,Home Decor
35637A,IVORY STRING CURTAIN WITH POLE,1.95,170,PACIFIC IMPORTERS LLC,0.8048025607258354,20.0,Lighting,Pacific Importers,Lighting
35637C,PINK STRING CURTAIN WITH POLE,1.95,30,Acme Supplies Ltd,0.8495107584596762,25.0,Gifts,Acme Supplies Ltd,Gifts
35638A,PINK AND BLACK STRING CURTAIN,1.95,38,Pacific Importers,1.277197109850878,36.0,home decor,Pacific Importers,Home Decor
35638B,PINK/BLUE STRING CURTAIN,1.95,57,Acme Supplies Ltd,0.9162745962127412,10.0,Unknown,Acme Supplies Ltd,Other
35644,UNKNOWN,0.0,-1,Global Trade Co.,0.0,15.0,Unknown,GlobalTrade Co,Other
35645,VINTAGE BEAD PINK JEWEL BOX,4.25,25,Global Trade Co.,2.446277509434557,25.0,LIGHTING,GlobalTrade Co,Lighting
35646,VINTAGE BEAD PINK EVENING BAG,2.46,619,Acme Supplies Ltd,1.6086280930355903,22.0,LIGHTING,Acme Supplies Ltd,Lighting
35647,VINTAGE BEAD PINK SHADE,1.25,13,GlobalTrade Co,0.5495386601758674,24.0,Stationery,GlobalTrade Co,Stationery
35648,VINTAGE BEAD PINK PURSE,1.63,900,Acme Supplies Ltd,0.8838320342107917,25.0,Stationery,Acme Supplies Ltd,Stationery
35649,VINTAGE BEAD COSMETIC BAG,2.46,14,Euro Parts,1.4016477747718608,43.0,home decor,EuroParts GmbH,Home Decor
35650,VINTAGE BEAD PINK JEWEL STAND,2.475,-23,,1.4584914441653465,37.0,home decor,UNKNOWN,Home Decor
35651,VINTAGE BEAD PINK SCARF,1.65,439,Acme Supplies Ltd,1.1326032704057376,5.0,Kitchen,Acme Supplies Ltd,Kitchen
35653,VINTAGE BEAD NOTEBOOK,2.95,183,Unknown Vendor,1.3572577363821214,36.0,Unknown,UNKNOWN,Other
35809A,ENAMEL PINK TEA CONTAINER,0.83,408,Pacific Importers,0.5666750367556338,35.0,Home Decor,Pacific Importers,Home Decor
35809B,ENAMEL BLUE RIM TEA CONTAINER,0.83,16,GlobalTrade Co,0.5332811832458775,19.0,Lighting,GlobalTrade Co,Lighting
35809A,ENAMEL PINK TEA CONTAINER,4.13,9,Acme Supplies Ltd,2.455511261924596,21.0,Lighting,Acme Supplies Ltd,Lighting
35810A,ENAMEL PINK COFFEE CONTAINER,0.83,556,Pacific Importers,2.9798657782857134,32.0,LIGHTING,Pacific Importers,Lighting
35810B,ENAMEL BLUE RIM COFFEE CONTAINER,0.83,147,Euro Parts,0.4516911531654562,25.0,Lighting,EuroParts GmbH,Lighting
35815P,"ACRYLIC JEWEL SNOWFLAKE, PINK",0.38,139,EuroParts GmbH,0.1704068789337605,17.0,Unknown,EuroParts GmbH,Other
35816P,"ACRYLIC JEWEL ANGEL,PINK",0.38,78,Acme Supplies Ltd,0.2405467769552938,16.0,Stationery,Acme Supplies Ltd,Stationery
35817P,"ACRYLIC JEWEL SNOWFLAKE,PINK",0.38,-26,Acme Supplies Ltd,0.2217814167891877,4.0,Home Decor,Acme Supplies Ltd,Home Decor
35818B,"ACRYLIC JEWEL ICICLE, BLUE",0.38,-44,Global Trade Co.,0.2370368484721891,41.0,Lighting,GlobalTrade Co,Lighting
35818P,"ACRYLIC JEWEL ICICLE, PINK",0.38,266,GlobalTrade Co,0.1969538378767892,20.0,Unknown,GlobalTrade Co,Other
35819B,"ACRYLIC HANGING JEWEL,BLUE",0.38,365,acme-supplies,0.2726132547861982,8.0,Gifts,Acme Supplies Ltd,Gifts
35819P,"ACRYLIC HANGING JEWEL,PINK",0.38,203,GlobalTrade Co,0.2301201925205517,34.0,home decor,GlobalTrade Co,Home Decor
35823P,UNKNOWN,0.0,-12,Euro Parts,0.0,23.0,Kitchen,EuroParts GmbH,Kitchen
35824B,UNKNOWN,0.0,-8,,0.0,42.0,Kitchen,UNKNOWN,Kitchen
35832,WOOLLY HAT SOCK GLOVE ADVENT STRING,2.95,-1,Global Trade Co.,1.960937626522803,30.0,Lighting,GlobalTrade Co,Lighting
35833G,4 GOLD FLOCK CHRISTMAS BALLS,1.68,-41,,1.138951122298576,29.0,Stationery,UNKNOWN,Stationery
35833P,4 PINK FLOCK CHRISTMAS BALLS,1.25,26,GlobalTrade Co,0.7163862105841445,4.0,Kitchen,GlobalTrade Co,Kitchen
35909A,RABBIT EASTER DECORATION,2.95,8,Global Trade Co.,2.1038268668833187,35.0,Kitchen,GlobalTrade Co,Kitchen
35909B,PINK FLOWERS RABBIT EASTER,2.95,8,ACME SUPPLIES,1.4563676614031125,18.0,LIGHTING,Acme Supplies Ltd,Lighting
35910A,MULTICOLOUR EASTER RABBIT,1.95,20,PACIFIC IMPORTERS LLC,1.060233610865117,41.0,Kitchen,Pacific Importers,Kitchen
35910B,PINK FLOWERS RABBIT EASTER,1.95,13,Unknown Vendor,1.3932923914633222,24.0,Kitchen,UNKNOWN,Kitchen
35911A,MULTICOLOUR RABBIT EGG WARMER,0.83,339,PACIFIC IMPORTERS LLC,0.5923625761349937,15.0,Lighting,Pacific Importers,Lighting
35911B,PINK/FLOWER RABBIT EGG WARMER,0.83,119,GlobalTrade Co,0.5311995593435698,4.0,LIGHTING,GlobalTrade Co,Lighting
35912B,WHITE/PINK CHICK DECORATION,1.25,252,PACIFIC IMPORTERS LLC,0.8758039893659714,16.0,Unknown,Pacific Importers,Other
35913B,WHITE/PINK CHICK EASTER DECORATION,0.85,37,Acme Supplies Ltd,0.3664100469194792,40.0,Home Decor,Acme Supplies Ltd,Home Decor
35914,PINK CHICK EGG WARMER + EGG CUP,0.83,210,,0.5832810405883591,43.0,Home Decor,UNKNOWN,Home Decor
35915B,BLUE KNITTED HEN,0.83,220,Pacific Importers,0.4251400828528409,30.0,Stationery,Pacific Importers,Stationery
35915C,PEACH KNITTED HEN,0.83,302,Global Trade Co.,0.3838053043603968,9.0,Unknown,GlobalTrade Co,Other
35916A,YELLOW FELT HANGING HEART W FLOWER,0.63,66,Pacific Importers,0.3047810489134212,20.0,home decor,Pacific Importers,Home Decor
35916B,BLUE FELT HANGING HEART W FLOWER,0.63,70,PACIFIC IMPORTERS LLC,0.3441620560170621,43.0,Gifts,Pacific Importers,Gifts
35916C,PINK FELT HANGING HEART W FLOWER,0.63,74,Acme Supplies Ltd,0.307387837015285,38.0,Home Decor,Acme Supplies Ltd,Home Decor
35920,FOUR RABBIT EASTER DECORATIONS,1.25,68,EuroParts GmbH,0.6402483188822183,43.0,Gifts,EuroParts GmbH,Gifts
35921,EASTER BUNNY HANGING GARLAND,1.25,67,acme-supplies,0.5590530876563434,38.0,Home Decor,Acme Supplies Ltd,Home Decor
35922,EASTER BUNNY WREATH,4.95,-2,EuroParts GmbH,2.493126246330965,6.0,LIGHTING,EuroParts GmbH,Lighting
35923,CANDY HEART HANGING DECORATION,0.39,1275,Euro Parts,0.2341167406849832,32.0,Home Decor,EuroParts GmbH,Home Decor
35924,HANGING FAIRY CAKE DECORATION,2.1,641,Euro Parts,1.164762475446932,26.0,LIGHTING,EuroParts GmbH,Lighting
35933,PINK STOCKING CHRISTMAS DECORATION,0.38,200,Pacific Importers,0.1981135952443762,22.0,LIGHTING,Pacific Importers,Lighting
35951,UNKNOWN,0.0,57,Pacific Importers,0.0,33.0,Stationery,Pacific Importers,Stationery
35953,FOLKART STAR CHRISTMAS DECORATIONS,0.39,3558,Acme Supplies Ltd,0.2779641110951878,26.0,Kitchen,Acme Supplies Ltd,Kitchen
35954,SMALL FOLKART STAR CHRISTMAS DEC,0.31,573,Euro Parts,0.20611163068491,9.0,Stationery,EuroParts GmbH,Stationery
35957,SMALLFOLKART BAUBLE CHRISTMAS DEC,1.66,-312,acme-supplies,0.8568924079303716,28.0,LIGHTING,Acme Supplies Ltd,Lighting
35958,FOLKART ZINC STAR CHRISTMAS DEC,0.85,24,Pacific Importers,0.5614715449316722,15.0,LIGHTING,Pacific Importers,Lighting
35961,FOLKART ZINC HEART CHRISTMAS DEC,0.85,2998,GlobalTrade Co,0.3852141042860302,10.0,Home Decor,GlobalTrade Co,Home Decor
35964,FOLKART CLIP ON STARS,0.83,786,Acme Supplies Ltd,0.36985737554052,7.0,Unknown,Acme Supplies Ltd,Other
35965,FOLKART HEART NAPKIN RINGS,2.95,403,PACIFIC IMPORTERS LLC,1.5368599157398344,15.0,Kitchen,Pacific Importers,Kitchen
35966,FOLKART CHRISTMAS TREE T-LIGHT HOLD,0.0,22,Acme Supplies Ltd,0.0,31.0,Unknown,Acme Supplies Ltd,Other
35967,FOLK ART METAL STAR T-LIGHT HOLDER,0.83,485,EuroParts GmbH,0.4035641658238887,22.0,Unknown,EuroParts GmbH,Other
35968,FOLK ART METAL HEART T-LIGHT HOLDER,0.38,235,GlobalTrade Co,0.1604127033835244,16.0,Unknown,GlobalTrade Co,Other
35969,UNKNOWN,0.0,-3,Acme Supplies Ltd,0.0,34.0,Kitchen,Acme Supplies Ltd,Kitchen
35970,ZINC FOLKART SLEIGH BELLS,1.69,4780,Pacific Importers,1.1839476488852465,29.0,Unknown,Pacific Importers,Other
35971,ROSE FOLKART HEART DECORATIONS,1.25,445,Acme Supplies Ltd,0.7772801870769384,27.0,Kitchen,Acme Supplies Ltd,Kitchen
35972,DAISY FOLKART HEART DECORATION,1.25,48,acme-supplies,0.6107755089743648,6.0,Gifts,Acme Supplies Ltd,Gifts
35991,UNKNOWN,0.0,-1,EuroParts GmbH,0.0,23.0,LIGHTING,EuroParts GmbH,Lighting
37327,ASSTD MULTICOLOUR CIRCLES MUG,0.39,1355,Acme Supplies Ltd,0.2280146184610603,20.0,home decor,Acme Supplies Ltd,Home Decor
37330,BIG POLKADOT MUG,0.39,6,Euro Parts,0.2454670110571502,41.0,Home Decor,EuroParts GmbH,Home Decor
37333,"RETRO ""TEA FOR ONE""",4.95,24,Acme Supplies Ltd,2.3839974380354505,17.0,Lighting,Acme Supplies Ltd,Lighting
37340,MULTICOLOUR SPRING FLOWER MUG,0.69,2523,acme-supplies,0.484753321407447,40.0,Unknown,Acme Supplies Ltd,Other
37342,POLKADOT COFFEE CUP & SAUCER PINK,0.79,1449,EuroParts GmbH,0.4015404074151235,26.0,Stationery,EuroParts GmbH,Stationery
37343,POLKADOT MUG PINK,1.65,70,GlobalTrade Co,1.0608610301712769,10.0,Gifts,GlobalTrade Co,Gifts
37351,ORANGE FLOWER MUG,0.8200000000000001,10,Acme Supplies Ltd,0.3326277735088257,30.0,Stationery,Acme Supplies Ltd,Stationery
37370,RETRO COFFEE MUGS ASSORTED,1.25,1190,GlobalTrade Co,0.6630374943286894,23.0,Lighting,GlobalTrade Co,Lighting
37379A,PINK CHERRY BLOSSOM CUP & SAUCER,0.625,-3,acme-supplies,0.3269365226784893,18.0,Kitchen,Acme Supplies Ltd,Kitchen
37413,ICON MUG REVOLUTIONARY,0.39,6271,Euro Parts,0.2301856245015814,18.0,Lighting,EuroParts GmbH,Lighting
37423,WHITE WITH BLACK CATS PLATE,0.39,61,GlobalTrade Co,0.1659284997325873,37.0,Stationery,GlobalTrade Co,Stationery
37424,UNKNOWN,0.0,-6,Euro Parts,0.0,19.0,LIGHTING,EuroParts GmbH,Lighting
37444A,YELLOW BREAKFAST CUP AND SAUCER,0.39,61,,0.1857270794412731,11.0,LIGHTING,UNKNOWN,Lighting
37444B,BLUE BREAKFAST CUP AND SAUCER,2.95,2,Global Trade Co.,1.879041543865676,37.0,Lighting,GlobalTrade Co,Lighting
37444C,PINK BREAKFAST CUP AND SAUCER,0.39,27,,0.2656384548228187,31.0,LIGHTING,UNKNOWN,Lighting
37446,MINI CAKE STAND WITH HANGING CAKES,1.45,1292,GlobalTrade Co,0.865152555292568,41.0,Home Decor,GlobalTrade Co,Home Decor
37447,CERAMIC CAKE DESIGN SPOTTED PLATE,1.49,803,Unknown Vendor,0.9823705923055156,20.0,Lighting,UNKNOWN,Lighting
37448,CERAMIC CAKE DESIGN SPOTTED MUG,1.49,1411,Acme Supplies Ltd,0.9411601528201252,14.0,Unknown,Acme Supplies Ltd,Other
37449,CERAMIC CAKE STAND + HANGING CAKES,9.95,514,EuroParts GmbH,5.383184441153889,21.0,Home Decor,EuroParts GmbH,Home Decor
37450,CERAMIC CAKE BOWL + HANGING CAKES,2.95,681,Pacific Importers,2.0151464415521563,24.0,Unknown,Pacific Importers,Other
37461,FUNKY MONKEY MUG,0.0,5,GlobalTrade Co,0.0,17.0,home decor,GlobalTrade Co,Home Decor
37462E,"PET MUG, GOLDFISH",0.83,36,PACIFIC IMPORTERS LLC,0.4979373526068157,3.0,home decor,Pacific Importers,Home Decor
37464,ROBOT MUG IN DISPLAY BOX,0.625,-13,EuroParts GmbH,0.4130557554372117,4.0,Lighting,EuroParts GmbH,Lighting
37467,PIG MUG IN TWO COLOUR DESIGNS,0.39,133,Acme Supplies Ltd,0.2077274816894072,10.0,Home Decor,Acme Supplies Ltd,Home Decor
37468,HARDMAN MUG 3 ASSORTED,0.39,130,ACME SUPPLIES,0.1973277784397785,24.0,LIGHTING,Acme Supplies Ltd,Lighting
37471,MULTICOLOUR POLKADOT PLATE,0.85,17,EuroParts GmbH,0.4766554380264147,27.0,Home Decor,EuroParts GmbH,Home Decor
37474,SET/4 2 TONE EGG SHAPE MIXING BOWLS,0.0,-13,PACIFIC IMPORTERS LLC,0.0,4.0,home decor,Pacific Importers,Home Decor
37475,SET/4 COLOURFUL MIXING BOWLS,9.95,71,Unknown Vendor,7.218452540154777,11.0,Lighting,UNKNOWN,Lighting
37476,CONDIMENT TRAY 4 BOWLS AND 4 SPOONS,9.95,28,EuroParts GmbH,5.878252985284567,11.0,Gifts,EuroParts GmbH,Gifts
37477B,UNKNOWN,0.0,-11,Unknown Vendor,0.0,15.0,Kitchen,UNKNOWN,Kitchen
37477C,UNKNOWN,0.0,-31,EuroParts GmbH,0.0,23.0,Kitchen,EuroParts GmbH,Kitchen
37477D,UNKNOWN,0.0,-9,GlobalTrade Co,0.0,32.0,Kitchen,GlobalTrade Co,Kitchen
37479B,CUBIC MUG FLOCK BLUE ON BROWN,0.39,110,Acme Supplies Ltd,0.1876787258787315,17.0,LIGHTING,Acme Supplies Ltd,Lighting
37479P,CUBIC MUG FLOCK PINK ON BROWN,0.39,-39,Euro Parts,0.252764850853341,17.0,Home Decor,EuroParts GmbH,Home Decor
37482P,CUBIC MUG PINK POLKADOT,0.39,413,PACIFIC IMPORTERS LLC,0.2684411190510289,9.0,LIGHTING,Pacific Importers,Lighting
37487B,YELLOW/ORANGE FLOWER DESIGN PLATE,0.29,62,Acme Supplies Ltd,0.2029884463755536,13.0,home decor,Acme Supplies Ltd,Home Decor
37488A,YELLOW PINK FLOWER DESIGN BIG BOWL,0.39,27,GlobalTrade Co,0.2126621296406983,42.0,Kitchen,GlobalTrade Co,Kitchen
37489A,YELLOW/PINK FLOWER DESIGN BIG MUG,0.39,35,Unknown Vendor,0.1681948966628398,40.0,home decor,UNKNOWN,Home Decor
37489B,BLUE/YELLOW FLOWER DESIGN BIG MUG,0.39,31,Pacific Importers,0.2157571716513981,42.0,Home Decor,Pacific Importers,Home Decor
37489C,GREEN/BLUE FLOWER DESIGN BIG MUG,0.39,23,Global Trade Co.,0.1874952715632628,4.0,home decor,GlobalTrade Co,Home Decor
37489D,PINK/GREEN FLOWER DESIGN BIG MUG,0.39,40,Global Trade Co.,0.1957483161070392,41.0,Gifts,GlobalTrade Co,Gifts
37491A,YELLOW/PINK CERAMIC CANDLE HOLDER,3.29,6,ACME SUPPLIES,2.205266091698388,12.0,LIGHTING,Acme Supplies Ltd,Lighting
37491B,BLUE/YELLOW CERAMIC CANDLE HOLDER,1.65,4,GlobalTrade Co,0.7036168921799497,19.0,Lighting,GlobalTrade Co,Lighting
37491C,GREEN/BLUE CERAMIC CANDLE HOLDER,1.65,8,GlobalTrade Co,1.1379281530951055,9.0,home decor,GlobalTrade Co,Home Decor
37491D,PURPLE/BLUE CERAMIC CANDLE HOLDER,2.47,4,Acme Supplies Ltd,1.357719924694994,42.0,home decor,Acme Supplies Ltd,Home Decor
37495,FAIRY CAKE BIRTHDAY CANDLE SET,3.75,391,EuroParts GmbH,2.282333909569531,41.0,Lighting,EuroParts GmbH,Lighting
37500,TEA TIME TEAPOT IN GIFT BOX,8.29,377,Global Trade Co.,3.576125948930322,6.0,Home Decor,GlobalTrade Co,Home Decor
37501,TEA TIME TEA SET IN GIFT BOX,6.95,119,Euro Parts,3.600625958104083,37.0,Home Decor,EuroParts GmbH,Home Decor
37503,TEA TIME CAKE STAND IN GIFT BOX,10.75,-1,,4.637499707793357,38.0,LIGHTING,UNKNOWN,Lighting
37509,NEW ENGLAND MUG W GIFT BOX,1.275,5,ACME SUPPLIES,0.9390888863356952,33.0,home decor,Acme Supplies Ltd,Home Decor
40001,WHITE BAMBOO RIBS LAMPSHADE,0.85,562,PACIFIC IMPORTERS LLC,0.5801603406745595,27.0,Gifts,Pacific Importers,Gifts
40003,WHITE BAMBOO RIBS LAMPSHADE,1.25,144,Global Trade Co.,0.7010893300309513,43.0,Kitchen,GlobalTrade Co,Kitchen
40005B,BLUE ORGANDY ROUND LAMPSHADE W BEA,0.85,12,,0.4065217581262921,15.0,Gifts,UNKNOWN,Gifts
40016,CHINESE DRAGON PAPER LANTERNS,0.42,3596,ACME SUPPLIES,0.3052179004717282,20.0,Lighting,Acme Supplies Ltd,Lighting
40018F,UNKNOWN,0.0,-22,EuroParts GmbH,0.0,23.0,Lighting,EuroParts GmbH,Lighting
40046A,RED DAISY PAPER LAMPSHADE,1.25,70,PACIFIC IMPORTERS LLC,0.5704306888632265,3.0,Unknown,Pacific Importers,Other
44089A,PINK GAUZE BUTTERFLY LAMPSHADE,0.42,15,GlobalTrade Co,0.2507851651027313,38.0,Kitchen,GlobalTrade Co,Kitchen
44089C,LILAC GAUZE BUTTERFLY LAMPSHADE,0.42,24,Acme Supplies Ltd,0.3067347956906879,10.0,home decor,Acme Supplies Ltd,Home Decor
44091A,BLUE CRUSOE CHECK LAMPSHADE,0.42,5,PACIFIC IMPORTERS LLC,0.1685630527035474,23.0,Lighting,Pacific Importers,Lighting
44092B,BLUE WHITE PLASTIC RINGS LAMPSHADE,0.85,14,EuroParts GmbH,0.4108421408680646,23.0,Unknown,EuroParts GmbH,Other
44092C,PURPLE/COPPER HANGING LAMPSHADE,0.85,22,GlobalTrade Co,0.6191881730220963,29.0,Home Decor,GlobalTrade Co,Home Decor
44228,CANNABIS LEAF BEAD CURTAIN,0.85,36,PACIFIC IMPORTERS LLC,0.3908980751400057,21.0,Lighting,Pacific Importers,Lighting
44234,ASSORTED CIRCULAR MOBILE,0.21,696,GlobalTrade Co,0.0923233936955267,25.0,Stationery,GlobalTrade Co,Stationery
44235,ASS COL CIRCLE MOBILE,0.42,539,EuroParts GmbH,0.2518175207225712,37.0,Kitchen,EuroParts GmbH,Kitchen
44236,PINK/PURPLE CIRCLE CURTAIN,0.79,40,ACME SUPPLIES,0.5542998171410205,42.0,Unknown,Acme Supplies Ltd,Other
44242A,LILAC FEATHERS CURTAIN,0.79,12,,0.4479208645923705,44.0,Kitchen,UNKNOWN,Kitchen
44242B,PINK FEATHERS CURTAIN,0.79,52,GlobalTrade Co,0.5909970169732711,7.0,Kitchen,GlobalTrade Co,Kitchen
44265,M/COLOUR POM-POM CURTAIN,0.0,0,GlobalTrade Co,0.0,43.0,Stationery,GlobalTrade Co,Stationery
45013,FOLDING SHOE TIDY,2.95,3,Acme Supplies Ltd,1.2564823416947877,10.0,Gifts,Acme Supplies Ltd,Gifts
46000M,POLYESTER FILLER PAD 45X45CM,1.55,1600,Acme Supplies Ltd,1.1586114314374716,13.0,Home Decor,Acme Supplies Ltd,Home Decor
46000P,POLYESTER FILLER PAD 65CMX65CM,4.25,18,Pacific Importers,2.3067426772105333,18.0,Kitchen,Pacific Importers,Kitchen
46000R,POLYESTER FILLER PAD 45X30CM,1.45,103,acme-supplies,0.7258567859265824,41.0,Lighting,Acme Supplies Ltd,Lighting
46000S,POLYESTER FILLER PAD 40X40CM,1.45,2092,Euro Parts,0.8631236856657769,26.0,LIGHTING,EuroParts GmbH,Lighting
46000U,POLYESTER FILLER PAD 30CMX30CM,1.25,117,Acme Supplies Ltd,0.6331345714216281,23.0,Home Decor,Acme Supplies Ltd,Home Decor
46037A,UNKNOWN,0.0,-5,GlobalTrade Co,0.0,25.0,Lighting,GlobalTrade Co,Lighting
46115B,GREEN POP ART MAO CUSHION COVER,0.19,10,GlobalTrade Co,0.0760949848147652,40.0,Home Decor,GlobalTrade Co,Home Decor
46118,FUNKY MONKEY CUSHION COVER,3.36,232,Acme Supplies Ltd,1.8727100230342284,10.0,home decor,Acme Supplies Ltd,Home Decor
46126A,ELVIS WALLHANGING / CURTAIN,1.25,29,Acme Supplies Ltd,0.8661277472241341,9.0,Home Decor,Acme Supplies Ltd,Home Decor
46138B,BLUE CHENILLE SHAGGY CUSHION COVER,0.85,30,Global Trade Co.,0.5102637677249477,4.0,Unknown,GlobalTrade Co,Other
46775D,SUNSET COLOUR CHUNKY KNITTED THROW,8.29,51,Pacific Importers,6.215199977884393,32.0,Lighting,Pacific Importers,Lighting
46776A,WOVEN BUBBLE GUM CUSHION COVER,4.13,155,Global Trade Co.,2.066636826283028,15.0,LIGHTING,GlobalTrade Co,Lighting
46776B,WOVEN BERRIES CUSHION COVER,4.13,161,Pacific Importers,2.05739779611066,25.0,Lighting,Pacific Importers,Lighting
46776C,WOVEN FROST CUSHION COVER,4.13,117,Pacific Importers,1.8829178447681665,31.0,home decor,Pacific Importers,Home Decor
46776D,WOVEN SUNSET CUSHION COVER,4.13,89,Acme Supplies Ltd,1.889153916837542,40.0,Home Decor,Acme Supplies Ltd,Home Decor
46776E,WOVEN CANDY CUSHION COVER,4.13,67,Global Trade Co.,2.064237224532524,39.0,Kitchen,GlobalTrade Co,Kitchen
46776F,WOVEN ROSE GARDEN CUSHION COVER,4.13,210,Unknown Vendor,2.7980502854428835,22.0,LIGHTING,UNKNOWN,Lighting
46776A,WOVEN BUBBLE GUM CUSHION COVER,4.13,5,Pacific Importers,2.9612714408649854,35.0,Lighting,Pacific Importers,Lighting
46776B,WOVEN BERRIES CUSHION COVER,4.13,1,EuroParts GmbH,3.061488503812453,31.0,home decor,EuroParts GmbH,Home Decor
46776E,WOVEN CANDY CUSHION COVER,4.13,1,GlobalTrade Co,1.9877746949964223,17.0,LIGHTING,GlobalTrade Co,Lighting
46776F,WOVEN ROSE GARDEN CUSHION COVER,4.13,7,Euro Parts,2.9259156021851696,25.0,Stationery,EuroParts GmbH,Stationery
47013A,WINE BOTTLE DRESSING LT.BLUE,0.12,12,Euro Parts,0.0617867137496481,44.0,Stationery,EuroParts GmbH,Stationery
47013C,WINE BOTTLE DRESSING DARK BLUE,0.12,44,Pacific Importers,0.0527393028697091,5.0,Home Decor,Pacific Importers,Home Decor
47016,LIGHT DECORATION BATTERY OPERATED,2.1,2,Unknown Vendor,1.4794683202573218,39.0,Gifts,UNKNOWN,Gifts
47021G,SET/6 BEAD COASTERS GAUZE BAG GOLD,1.25,818,Acme Supplies Ltd,0.7782962151565831,31.0,Home Decor,Acme Supplies Ltd,Home Decor
47310M,"SMALL POP BOX,FUNKY MONKEY",1.63,410,Acme Supplies Ltd,0.7459789762142457,10.0,home decor,Acme Supplies Ltd,Home Decor
47341A,FUSCHIA TABLE RUN FLOWER,1.25,20,Euro Parts,0.6880511751619387,24.0,Home Decor,EuroParts GmbH,Home Decor
47341B,BLUE TABLE RUN FLOWER,1.25,45,Euro Parts,0.6256752415087172,31.0,Kitchen,EuroParts GmbH,Kitchen
47343A,FUSCHIA FLOWER PURSE WITH BEADS,0.83,143,Acme Supplies Ltd,0.5460388222103122,4.0,Kitchen,Acme Supplies Ltd,Kitchen
47344B,BLUE FLOWER DES PURSE,0.83,28,acme-supplies,0.4637174149963499,43.0,Unknown,Acme Supplies Ltd,Other
47348A,FUSCHIA VOILE POINTY SHOE DEC,0.39,97,Acme Supplies Ltd,0.2910367125070215,3.0,home decor,Acme Supplies Ltd,Home Decor
47351B,BLUE  VOILE LAMPSHADE,2.95,38,GlobalTrade Co,1.236524194183032,22.0,Gifts,GlobalTrade Co,Gifts
47367B,PAIR PADDED HANGERS PINK CHECK,3.29,112,Euro Parts,1.7248000789558884,23.0,LIGHTING,EuroParts GmbH,Lighting
47369A,PINK GREEN EMBROIDERY COSMETIC BAG,2.95,33,Pacific Importers,1.677561922541052,39.0,home decor,Pacific Importers,Home Decor
47369B,BLUE GREEN EMBROIDERY COSMETIC BAG,1.63,35,GlobalTrade Co,0.9390376929839164,10.0,home decor,GlobalTrade Co,Home Decor
47420,ASSORTED COLOUR SUCTION CUP HOOK,0.19,202,GlobalTrade Co,0.0970097321886448,29.0,Gifts,GlobalTrade Co,Gifts
47421,ASSORTED COLOUR LIZARD SUCTION HOOK,0.42,999,Acme Supplies Ltd,0.2751983166173425,37.0,home decor,Acme Supplies Ltd,Home Decor
47422,ASSORTED MONKEY SUCTION CUP HOOK,0.42,652,GlobalTrade Co,0.2965878198028793,8.0,Gifts,GlobalTrade Co,Gifts
47469,ASSORTED SHAPES PHOTO CLIP SILVER,0.65,449,PACIFIC IMPORTERS LLC,0.4735586411999638,21.0,Gifts,Pacific Importers,Gifts
47471,RAINBOW PEGS PHOTO CLIP STRING,0.65,292,Unknown Vendor,0.4431587432218922,20.0,Gifts,UNKNOWN,Gifts
47480,HANGING PHOTO CLIP ROPE LADDER,1.65,748,Euro Parts,1.1512100639445613,3.0,home decor,EuroParts GmbH,Home Decor
47481,50CM METAL STRING WITH  7 CLIPS,0.85,226,Acme Supplies Ltd,0.5037872269344487,27.0,home decor,Acme Supplies Ltd,Home Decor
47502,UNKNOWN,0.0,-19,,0.0,29.0,Home Decor,UNKNOWN,Home Decor
47503A,ASS FLORAL PRINT MULTI SCREWDRIVER,0.42,2838,Euro Parts,0.212615074644749,9.0,home decor,EuroParts GmbH,Home Decor
47503H,ASS FLORAL PRINT SPIRIT LEVEL,0.79,143,Euro Parts,0.4261793777231978,44.0,Home Decor,EuroParts GmbH,Home Decor
47503J,SET/3 FLORAL GARDEN TOOLS IN BAG,7.95,3,Global Trade Co.,4.0618104609501,31.0,Unknown,GlobalTrade Co,Other
47504H,ENGLISH ROSE SPIRIT LEVEL,0.79,974,GlobalTrade Co,0.4452325982513514,33.0,Stationery,GlobalTrade Co,Stationery
47504K,ENGLISH ROSE GARDEN SECATEURS,0.79,1783,GlobalTrade Co,0.394962763889983,38.0,Stationery,GlobalTrade Co,Stationery
47518F,ICON PLACEMAT POP ART ELVIS,0.12,827,Acme Supplies Ltd,0.0883876805746867,21.0,Unknown,Acme Supplies Ltd,Other
47518F,ICON PLACEMAT POP ART ELVIS,4.13,5,ACME SUPPLIES,2.104216909782193,8.0,Unknown,Acme Supplies Ltd,Other
47556B,TEA TIME TEA TOWELS,1.05,3831,acme-supplies,0.4560313677557704,27.0,Lighting,Acme Supplies Ltd,Lighting
47559B,TEA TIME OVEN GLOVE,1.25,1966,Pacific Importers,0.7304825101470559,33.0,Home Decor,Pacific Importers,Home Decor
47559B,TEA TIME OVEN GLOVE,3.29,103,EuroParts GmbH,1.3817495888296207,11.0,Gifts,EuroParts GmbH,Gifts
47563A,RETRO LONGBOARD IRONING BOARD COVER,3.29,282,Global Trade Co.,1.4432904560043305,22.0,LIGHTING,GlobalTrade Co,Lighting
47563B,UNKNOWN,0.0,-10,Acme Supplies Ltd,0.0,12.0,Lighting,Acme Supplies Ltd,Lighting
47566,PARTY BUNTING,4.95,18022,Unknown Vendor,2.7844868079208105,39.0,Kitchen,UNKNOWN,Kitchen
47566B,TEA TIME PARTY BUNTING,4.95,-342,,2.730607240225391,29.0,Home Decor,UNKNOWN,Home Decor
47566B,TEA TIME PARTY BUNTING,8.29,199,Euro Parts,5.636305937601098,15.0,home decor,EuroParts GmbH,Home Decor
47567B,TEA TIME KITCHEN APRON,5.95,601,Unknown Vendor,3.919955966713666,43.0,Unknown,UNKNOWN,Other
47570B,TEA TIME TABLE CLOTH,10.65,116,Pacific Importers,5.849101440850339,4.0,Stationery,Pacific Importers,Stationery
47570B,TEA TIME TABLE CLOTH,21.01,2,Unknown Vendor,10.857893890407391,23.0,Home Decor,UNKNOWN,Home Decor
47574A,ENGLISH ROSE SCENTED HANGING FLOWER,2.46,486,Acme Supplies Ltd,1.2564796230769502,35.0,Unknown,Acme Supplies Ltd,Other
47574B,ENGLISH ROSE SCENTED HANGING HEART,4.25,-9,GlobalTrade Co,2.8513176923498382,26.0,LIGHTING,GlobalTrade Co,Lighting
47578A,ENGLISH ROSE SMALL SCENTED FLOWER,0.85,219,ACME SUPPLIES,0.3554915408508278,44.0,LIGHTING,Acme Supplies Ltd,Lighting
47579,TEA TIME BREAKFAST BASKET,1.05,0,ACME SUPPLIES,0.4247119561951477,36.0,Home Decor,Acme Supplies Ltd,Home Decor
47580,TEA TIME DES TEA COSY,2.55,378,Acme Supplies Ltd,1.7300233697945333,11.0,home decor,Acme Supplies Ltd,Home Decor
47585A,PINK FAIRY CAKE CUSHION COVER,4.13,264,PACIFIC IMPORTERS LLC,2.3417150864921705,4.0,Home Decor,Pacific Importers,Home Decor
47586A,PINK FAIRY CAKE CUSHION COVER,2.55,21,Euro Parts,1.1368114161590666,32.0,home decor,EuroParts GmbH,Home Decor
47589,CONGRATULATIONS BUNTING,5.45,14,Pacific Importers,2.629342020239011,24.0,Home Decor,Pacific Importers,Home Decor
47590A,BLUE HAPPY BIRTHDAY BUNTING,5.45,1968,Acme Supplies Ltd,3.958751290533258,13.0,Kitchen,Acme Supplies Ltd,Kitchen
47590B,PINK HAPPY BIRTHDAY BUNTING,5.45,2244,Euro Parts,3.819501926004493,19.0,Stationery,EuroParts GmbH,Stationery
47590B,PINK HAPPY BIRTHDAY BUNTING,10.79,12,PACIFIC IMPORTERS LLC,6.996503242170832,38.0,Home Decor,Pacific Importers,Home Decor
47591A,UNKNOWN,0.0,-6,GlobalTrade Co,0.0,15.0,Unknown,GlobalTrade Co,Other
47591B,SCOTTIES CHILDRENS APRON,1.65,4,EuroParts GmbH,0.9604868941255252,9.0,Kitchen,EuroParts GmbH,Kitchen
47591D,PINK FAIRY CAKE CHILDRENS APRON,1.95,3008,acme-supplies,1.4456043953313018,18.0,LIGHTING,Acme Supplies Ltd,Lighting
47591B,SCOTTIES CHILDRENS APRON,4.13,1,GlobalTrade Co,3.0480211766347365,35.0,Lighting,GlobalTrade Co,Lighting
47591D,PINK FAIRY CAKE CHILDRENS APRON,4.96,134,,2.357707063484209,3.0,Home Decor,UNKNOWN,Home Decor
47593A,CAROUSEL PONIES BABY BIB,0.29,48,GlobalTrade Co,0.1983271134799898,13.0,home decor,GlobalTrade Co,Home Decor
47593B,SCOTTIE DOGS BABY BIB,0.83,1987,Global Trade Co.,0.3892989945215184,8.0,Kitchen,GlobalTrade Co,Kitchen
47593B,SCOTTIE DOGS BABY BIB,0.83,6,,0.3940326373252878,22.0,Gifts,UNKNOWN,Gifts
47594A,CAROUSEL DESIGN WASHBAG,1.95,99,EuroParts GmbH,1.2414334958173237,37.0,Lighting,EuroParts GmbH,Lighting
47594B,SCOTTIES DESIGN WASHBAG,1.95,166,Acme Supplies Ltd,1.0564132497860017,39.0,Stationery,Acme Supplies Ltd,Stationery
47599A,PINK PARTY BAGS,2.1,2450,Acme Supplies Ltd,1.5246851392232923,43.0,Home Decor,Acme Supplies Ltd,Home Decor
47599B,BLUE PARTY BAGS,2.1,1428,Acme Supplies Ltd,0.9054221551485666,28.0,Home Decor,Acme Supplies Ltd,Home Decor
48111,DOORMAT 3 SMILEY CATS,7.95,1174,PACIFIC IMPORTERS LLC,4.603320095552415,14.0,Kitchen,Pacific Importers,Kitchen
48116,DOORMAT MULTICOLOUR STRIPE,7.95,1462,Global Trade Co.,5.7357861584579855,32.0,LIGHTING,GlobalTrade Co,Lighting
48129,DOORMAT TOPIARY,7.95,881,Acme Supplies Ltd,5.695696260284223,30.0,Stationery,Acme Supplies Ltd,Stationery
48138,DOORMAT UNION FLAG,7.95,3750,Unknown Vendor,3.6155425363293,29.0,Gifts,UNKNOWN,Gifts
48173C,DOORMAT BLACK FLOCK,7.95,1743,Pacific Importers,4.200169400518391,44.0,Lighting,Pacific Importers,Lighting
48173C,DOORMAT BLACK FLOCK,16.98,15,acme-supplies,10.471438480477516,21.0,Unknown,Acme Supplies Ltd,Other
48184,DOORMAT ENGLISH ROSE,7.95,2041,Pacific Importers,3.6235162668764263,7.0,Stationery,Pacific Importers,Stationery
48185,DOORMAT FAIRY CAKE,7.95,2886,EuroParts GmbH,5.873521693717269,7.0,Home Decor,EuroParts GmbH,Home Decor
48187,DOORMAT NEW ENGLAND,7.95,3826,Acme Supplies Ltd,5.725290007184714,43.0,Kitchen,Acme Supplies Ltd,Kitchen
48188,DOORMAT WELCOME PUPPIES,7.95,2060,acme-supplies,3.6445388731634103,29.0,Gifts,Acme Supplies Ltd,Gifts
48189,DOORMAT FRIENDSHIP,16.63,11,Euro Parts,7.357185362269565,30.0,Kitchen,EuroParts GmbH,Kitchen
48194,DOORMAT HEARTS,7.95,3418,Global Trade Co.,3.417649103413998,28.0,Lighting,GlobalTrade Co,Lighting
51008,AFGHAN SLIPPER SOCK PAIR,3.45,407,Pacific Importers,2.4781532243242324,29.0,home decor,Pacific Importers,Home Decor
51014A,"FEATHER PEN,HOT PINK",0.83,3818,Global Trade Co.,0.3882477167455813,44.0,home decor,GlobalTrade Co,Home Decor
51014C,"FEATHER PEN,COAL BLACK",0.83,2505,Acme Supplies Ltd,0.4529307717421351,23.0,Stationery,Acme Supplies Ltd,Stationery
51014L,"FEATHER PEN,LIGHT PINK",0.83,1987,ACME SUPPLIES,0.4623913217219068,3.0,Kitchen,Acme Supplies Ltd,Kitchen
51014C,"FEATHER PEN,COAL BLACK",0.83,1,Global Trade Co.,0.5060127083440413,30.0,Unknown,GlobalTrade Co,Other
51020A,SUMMER FUN DESIGN SHOWER CAP,0.29,364,ACME SUPPLIES,0.1232811373903636,17.0,Unknown,Acme Supplies Ltd,Other
51020B,STRIPY DESIGN SHOWER CAP,0.29,143,Acme Supplies Ltd,0.1390159996661523,19.0,home decor,Acme Supplies Ltd,Home Decor
62018,SOMBRERO,1.95,4415,Euro Parts,1.415742189072167,28.0,home decor,EuroParts GmbH,Home Decor
62043B,BLUE CHECK BAG W HANDLE 34X20CM,0.83,22,Unknown Vendor,0.5958931361615194,22.0,Kitchen,UNKNOWN,Kitchen
62074B,ELEPHANT CLIP W SUCTION CUP,0.42,16,Euro Parts,0.2828497251686367,27.0,LIGHTING,EuroParts GmbH,Lighting
62086A,PINK RETRO BIG FLOWER BAG,1.95,88,,0.7932413501344321,15.0,Home Decor,UNKNOWN,Home Decor
62094B,TURQ ICE CREAM BUM BAG,4.96,-73,acme-supplies,2.551683750109233,35.0,Kitchen,Acme Supplies Ltd,Kitchen
62095B,UNKNOWN,0.0,2,Unknown Vendor,0.0,27.0,Gifts,UNKNOWN,Gifts
62096A,PINK/YELLOW FLOWERS HANDBAG,1.25,18,ACME SUPPLIES,0.6203957176508956,10.0,Stationery,Acme Supplies Ltd,Stationery
62096B,PURPLE/TURQ FLOWERS HANDBAG,0.0,-8,Unknown Vendor,0.0,7.0,Lighting,UNKNOWN,Lighting
62097B,BLUE STRIPES SHOULDER BAG,0.83,3,Unknown Vendor,0.5161448886623244,8.0,LIGHTING,UNKNOWN,Lighting
70006,LOVE HEART POCKET WARMER,1.65,2703,EuroParts GmbH,0.7015261292502474,25.0,Unknown,EuroParts GmbH,Other
70007,HI TEC ALPINE HAND WARMER,1.65,833,Unknown Vendor,1.1849507275526183,32.0,LIGHTING,UNKNOWN,Lighting
71038,WHITE HANGING BEADS CANDLE HOLDER,5.45,385,Pacific Importers,4.006939900471145,16.0,Kitchen,Pacific Importers,Kitchen
71050,SMALL SINGLE FLAME CANDLE HOLDER,0.35,33,acme-supplies,0.1495197712529863,25.0,Gifts,Acme Supplies Ltd,Gifts
71053,WHITE METAL LANTERN,3.75,1911,Global Trade Co.,2.198722808255476,13.0,LIGHTING,GlobalTrade Co,Lighting
71101E,STANDING FAIRY POLE SUPPORT,0.85,348,Pacific Importers,0.4302508739587157,33.0,home decor,Pacific Importers,Home Decor
71143,SILVER BOOK MARK WITH BEADS,0.83,133,Acme Supplies Ltd,0.4461197517178473,8.0,Unknown,Acme Supplies Ltd,Other
71215,METAL BASE FOR CANDLES,0.42,11,PACIFIC IMPORTERS LLC,0.1944087290394352,13.0,LIGHTING,Pacific Importers,Lighting
71270,PHOTO CLIP LINE,1.25,239,Unknown Vendor,0.7529065446304305,15.0,Unknown,UNKNOWN,Other
71279,PINK GLASS CANDLEHOLDER,2.95,97,ACME SUPPLIES,2.16911368222948,14.0,Lighting,Acme Supplies Ltd,Lighting
71403,"PINK/WHITE ""KEEP CLEAN"" BULLET BIN",5.79,77,Euro Parts,3.335476624450416,4.0,Unknown,EuroParts GmbH,Other
71406C,BLACK ORANGE SQUEEZER,0.42,138,,0.1801884434649887,23.0,LIGHTING,UNKNOWN,Lighting
71459,HANGING JAM JAR T-LIGHT HOLDER,0.85,13476,,0.524450396709529,38.0,Gifts,UNKNOWN,Gifts
71477,COLOUR GLASS. STAR T-LIGHT HOLDER,3.29,5536,Unknown Vendor,1.7077667781106227,19.0,Unknown,UNKNOWN,Other
71495A,CD WALL TIDY BLUE OFFICE,0.83,103,Pacific Importers,0.580646267576272,30.0,Unknown,Pacific Importers,Other
71495B,CD WALL TIDY RED FLOWERS,0.42,163,Unknown Vendor,0.2318976878025211,30.0,Kitchen,UNKNOWN,Kitchen
71496A,A4 WALL TIDY BLUE OFFICE,1.46,127,EuroParts GmbH,0.6825410401694875,24.0,Kitchen,EuroParts GmbH,Kitchen
71496B,A4 WALL TIDY RED FLOWERS,0.53,13,ACME SUPPLIES,0.2474500930092074,40.0,home decor,Acme Supplies Ltd,Home Decor
71510,SQUARE METAL CANDLEHOLDER BASE,0.85,52,Global Trade Co.,0.5687073437645451,9.0,Stationery,GlobalTrade Co,Stationery
72024U,LILAC VOTIVE CANDLE,0.21,72,EuroParts GmbH,0.1035206884755909,17.0,Home Decor,EuroParts GmbH,Home Decor
72038P,DAMAGES,0.0,-990,acme-supplies,0.0,34.0,Gifts,Acme Supplies Ltd,Gifts
72051S,BAG OF SILVER STONES,0.625,115,PACIFIC IMPORTERS LLC,0.2950378492301936,13.0,Home Decor,Pacific Importers,Home Decor
72122,COFFEE SCENT PILLAR CANDLE,0.95,325,PACIFIC IMPORTERS LLC,0.4869607175931853,26.0,Home Decor,Pacific Importers,Home Decor
72127,COLUMBIAN CANDLE ROUND,1.25,140,ACME SUPPLIES,0.7036505504423685,5.0,Unknown,Acme Supplies Ltd,Other
72128,COLUMBIAN CANDLE ROUND,0.85,193,Pacific Importers,0.6206007652838016,32.0,LIGHTING,Pacific Importers,Lighting
72130,COLUMBIAN CANDLE ROUND,0.65,219,Euro Parts,0.4719688991314951,8.0,home decor,EuroParts GmbH,Home Decor
72131,COLUMBIAN CANDLE RECTANGLE,1.95,137,Pacific Importers,0.9211900549757114,4.0,Lighting,Pacific Importers,Lighting
72132,COLUMBIAN CUBE CANDLE,1.95,28,Acme Supplies Ltd,1.0244844956483972,16.0,LIGHTING,Acme Supplies Ltd,Lighting
72133,COLUMBIAN CANDLE RECTANGLE,1.25,45,Acme Supplies Ltd,0.5653622324485253,43.0,LIGHTING,Acme Supplies Ltd,Lighting
72134,COLUMBIAN  CUBE CANDLE,0.85,105,GlobalTrade Co,0.4917205610957654,20.0,Lighting,GlobalTrade Co,Lighting
72140E,BEST DAD CANDLE LETTERS,0.85,30,,0.4770233088316633,33.0,Unknown,UNKNOWN,Other
72140F,THROW AWAY,0.0,-5368,ACME SUPPLIES,0.0,15.0,home decor,Acme Supplies Ltd,Home Decor
72225C,LAVENDER SCENT CAKE CANDLE,0.29,398,PACIFIC IMPORTERS LLC,0.2103955458457938,28.0,Gifts,Pacific Importers,Gifts
72232,FENG SHUI PILLAR CANDLE,0.19,3317,ACME SUPPLIES,0.1015072315019849,14.0,Home Decor,Acme Supplies Ltd,Home Decor
72349B,SET/6 PURPLE BUTTERFLY T-LIGHTS,2.1,731,GlobalTrade Co,1.2014273881189574,20.0,Stationery,GlobalTrade Co,Stationery
72349B,SET/6 PURPLE BUTTERFLY T-LIGHTS,4.13,159,Euro Parts,2.9475094981407355,11.0,home decor,EuroParts GmbH,Home Decor
72351A,SET/6 TURQUOISE BUTTERFLY T-LIGHTS,2.1,1278,EuroParts GmbH,1.4329302386926204,23.0,Home Decor,EuroParts GmbH,Home Decor
72351B,SET/6 PINK  BUTTERFLY T-LIGHTS,2.1,2095,Acme Supplies Ltd,0.8426873888383173,42.0,Lighting,Acme Supplies Ltd,Lighting
72351A,SET/6 TURQUOISE BUTTERFLY T-LIGHTS,4.13,15,Global Trade Co.,2.1146461000273686,26.0,Home Decor,GlobalTrade Co,Home Decor
72369A,PINK CLEAR GLASS CANDLE PLATE,1.25,30,Acme Supplies Ltd,0.6845262308470551,36.0,Kitchen,Acme Supplies Ltd,Kitchen
72586,SET OF 6 HALLOWEEN GHOST T-LIGHTS,0.83,657,Pacific Importers,0.3987325804099788,10.0,Kitchen,Pacific Importers,Kitchen
72598,SET/12 TAPER CANDLES,1.63,607,PACIFIC IMPORTERS LLC,0.765855606868633,35.0,Stationery,Pacific Importers,Stationery
72709,IVORY SCULPTED RND CANDLE,0.85,96,Acme Supplies Ltd,0.3512408907122147,25.0,Gifts,Acme Supplies Ltd,Gifts
72732,THROWN AWAY-CAN'T SELL,0.0,-2472,GlobalTrade Co,0.0,15.0,Home Decor,GlobalTrade Co,Home Decor
72741,GRAND CHOCOLATECANDLE,1.45,5953,GlobalTrade Co,0.7132239724202066,16.0,Kitchen,GlobalTrade Co,Kitchen
72759,THROWN AWAY-CAN'T SELL.,0.0,-524,,0.0,16.0,Gifts,UNKNOWN,Gifts
72760B,VINTAGE CREAM 3 BASKET CAKE STAND,9.95,408,Unknown Vendor,4.784385448913982,18.0,home decor,UNKNOWN,Home Decor
72780,BLACK SILOUETTE CANDLE PLATE,0.85,137,Acme Supplies Ltd,0.5785694009687476,40.0,home decor,Acme Supplies Ltd,Home Decor
72781,UNKNOWN,0.0,-30,EuroParts GmbH,0.0,41.0,Kitchen,EuroParts GmbH,Kitchen
72783,BLACK SIL'T SQU CANDLE PLATE,2.1,16,GlobalTrade Co,1.1950536902170776,28.0,Gifts,GlobalTrade Co,Gifts
72789,UNKNOWN,0.0,-2,GlobalTrade Co,0.0,28.0,Gifts,GlobalTrade Co,Gifts
72793,UNKNOWN,0.0,-3,EuroParts GmbH,0.0,3.0,Kitchen,EuroParts GmbH,Kitchen
72798C,SET/4 GARDEN ROSE DINNER CANDLE,1.65,5,,0.7758260909121104,34.0,Unknown,UNKNOWN,Other
72799C,PINK PILLAR CANDLE SILVER FLOCK,2.95,81,Unknown Vendor,1.4023584595473837,17.0,Lighting,UNKNOWN,Lighting
72799E,IVORY PILLAR CANDLE SILVER FLOCK,2.95,446,Pacific Importers,1.481352860290083,23.0,Gifts,Pacific Importers,Gifts
72799F,IVORY PILLAR CANDLE GOLD FLOCK,2.95,94,GlobalTrade Co,1.3583719311252227,20.0,home decor,GlobalTrade Co,Home Decor
72800B,4 PURPLE FLOCK DINNER CANDLES,2.55,144,Euro Parts,1.3585837963972365,32.0,Unknown,EuroParts GmbH,Other
72800C,4 PINK DINNER CANDLE SILVER FLOCK,2.55,132,acme-supplies,1.832919547588355,15.0,Home Decor,Acme Supplies Ltd,Home Decor
72800D,4 BLUE DINNER CANDLES SILVER FLOCK,2.55,73,Pacific Importers,1.5691979477610023,26.0,Unknown,Pacific Importers,Other
72800E,4 IVORY DINNER CANDLES SILVER FLOCK,2.55,541,GlobalTrade Co,1.3876622946364454,32.0,Kitchen,GlobalTrade Co,Kitchen
72800F,UNKNOWN,0.0,-5,PACIFIC IMPORTERS LLC,0.0,4.0,Unknown,Pacific Importers,Other
72801C,4 ROSE PINK DINNER CANDLES,1.25,135,acme-supplies,0.5212031017081723,21.0,Lighting,Acme Supplies Ltd,Lighting
72801D,4 SKY BLUE DINNER CANDLES,1.25,75,ACME SUPPLIES,0.5919958278320644,27.0,Kitchen,Acme Supplies Ltd,Kitchen
72801G,4 BURGUNDY WINE DINNER CANDLES,1.25,104,,0.7475762647320195,16.0,Stationery,UNKNOWN,Stationery
72801C,4 ROSE PINK DINNER CANDLES,2.46,39,Acme Supplies Ltd,1.5139908085693272,8.0,Home Decor,Acme Supplies Ltd,Home Decor
72801D,4 SKY BLUE DINNER CANDLES,2.46,75,Pacific Importers,1.01805901315041,14.0,home decor,Pacific Importers,Home Decor
72802A,ROSE SCENT CANDLE IN JEWELLED BOX,4.25,18,ACME SUPPLIES,2.299520152386859,22.0,Stationery,Acme Supplies Ltd,Stationery
72802B,OCEAN SCENT CANDLE IN JEWELLED BOX,4.25,284,Acme Supplies Ltd,2.6656165226859234,25.0,Unknown,Acme Supplies Ltd,Other
72802C,VANILLA SCENT CANDLE JEWELLED BOX,4.25,763,Acme Supplies Ltd,2.7383799377750604,32.0,Gifts,Acme Supplies Ltd,Gifts
72802A,ROSE SCENT CANDLE IN JEWELLED BOX,8.29,7,ACME SUPPLIES,5.167562927150954,32.0,Unknown,Acme Supplies Ltd,Other
72802C,VANILLA SCENT CANDLE JEWELLED BOX,8.29,1,,4.246114195483222,40.0,LIGHTING,UNKNOWN,Lighting
72803A,ROSE SCENT CANDLE JEWELLED DRAWER,4.25,486,GlobalTrade Co,1.8391111838518903,32.0,home decor,GlobalTrade Co,Home Decor
72803B,UNKNOWN,0.0,1,Unknown Vendor,0.0,43.0,home decor,UNKNOWN,Home Decor
72803B,OCEAN SCENT CANDLE JEWELLED DRAWER,8.47,1,Pacific Importers,3.769692529577602,32.0,LIGHTING,Pacific Importers,Lighting
72807A,SET/3 ROSE CANDLE IN JEWELLED BOX,4.25,-398,Global Trade Co.,3.109590192049492,38.0,Gifts,GlobalTrade Co,Gifts
72807B,SET/3 OCEAN SCENT CANDLE JEWEL BOX,4.25,-527,Pacific Importers,2.40681666320866,36.0,Stationery,Pacific Importers,Stationery
72807C,SET/3 VANILLA SCENTED CANDLE IN BOX,4.25,-398,Pacific Importers,2.1719230218558407,18.0,Stationery,Pacific Importers,Stationery
72807A,SET/3 ROSE CANDLE IN JEWELLED BOX,8.29,8,EuroParts GmbH,5.5394312623514885,26.0,Gifts,EuroParts GmbH,Gifts
72807B,SET/3 OCEAN SCENT CANDLE JEWEL BOX,8.29,4,GlobalTrade Co,4.760797841377439,16.0,Lighting,GlobalTrade Co,Lighting
72807C,SET/3 VANILLA SCENTED CANDLE IN BOX,8.29,5,GlobalTrade Co,4.215563720672124,28.0,LIGHTING,GlobalTrade Co,Lighting
72811,SMALL ZINC/GLASS CANDLEHOLDER,1.49,53,,1.019441177656803,10.0,Home Decor,UNKNOWN,Home Decor
72812,LARGE ZINC GLASS CANDLEHOLDER,4.13,34,,2.9054684342721213,16.0,Kitchen,UNKNOWN,Kitchen
72814,UNKNOWN,0.0,2,,0.0,33.0,LIGHTING,UNKNOWN,Lighting
72815,3 WICK CHRISTMAS BRIAR CANDLE,3.75,-4,Global Trade Co.,1.5616408044100634,4.0,Stationery,GlobalTrade Co,Stationery
72816,SET/3 CHRISTMAS DECOUPAGE CANDLES,2.46,832,Euro Parts,1.471603999823384,6.0,Home Decor,EuroParts GmbH,Home Decor
72817,SET OF 2 CHRISTMAS DECOUPAGE CANDLE,1.25,1164,Global Trade Co.,0.8339415239988107,3.0,Kitchen,GlobalTrade Co,Kitchen
72818,CHRISTMAS DECOUPAGE CANDLE,0.39,1733,Pacific Importers,0.1746326611494089,22.0,Unknown,Pacific Importers,Other
72819,CUPID DESIGN SCENTED CANDLES,2.55,225,ACME SUPPLIES,1.2240886456107585,16.0,Kitchen,Acme Supplies Ltd,Kitchen
72821,CUPID SCENTED CANDLE IN GLASS,1.65,9,Pacific Importers,1.1696409231768488,42.0,Stationery,Pacific Importers,Stationery
75011,BLUE DAISY MOBILE,0.79,172,ACME SUPPLIES,0.321563656092375,27.0,Lighting,Acme Supplies Ltd,Lighting
75013B,"STRING OF 8 BUTTERFLIES,PINK",1.65,27,GlobalTrade Co,1.094699922094501,27.0,Lighting,GlobalTrade Co,Lighting
75049L,LARGE CIRCULAR MIRROR MOBILE,1.25,6886,,0.70727581547506,5.0,Home Decor,UNKNOWN,Home Decor
75131,METAL TUBE CHIME ON BAMBOO,1.69,442,ACME SUPPLIES,0.9402657319536276,7.0,Unknown,Acme Supplies Ltd,Other
75172,PAINTED SEA SHELL METAL WINDCHIME,0.79,58,Acme Supplies Ltd,0.3179621912348363,40.0,Home Decor,Acme Supplies Ltd,Home Decor
75178,ASSTD COL BUTTERFLY/CRYSTAL W/CHIME,1.25,459,Acme Supplies Ltd,0.8584867260478406,28.0,Gifts,Acme Supplies Ltd,Gifts
77079,DOLPHIN WINDMILL,1.06,5,,0.5574950381361663,42.0,Lighting,UNKNOWN,Lighting
77081,UNKNOWN,0.0,-39,Pacific Importers,0.0,40.0,Home Decor,Pacific Importers,Home Decor
77101A,UNION FLAG WINDSOCK,1.25,305,Global Trade Co.,0.796319050271851,40.0,Gifts,GlobalTrade Co,Gifts
78027,UNKNOWN,0.0,-3,Euro Parts,0.0,6.0,Unknown,EuroParts GmbH,Other
78033,FLAG OF ST GEORGE CHAIR,5.95,35,Euro Parts,4.370828472505296,9.0,home decor,EuroParts GmbH,Home Decor
78034B,BLUE NETTING STORAGE HANGER,1.95,8,GlobalTrade Co,1.142639518083986,32.0,Kitchen,GlobalTrade Co,Kitchen
78124,MAGAZINE RACK GEBRA ASSORTED,1.25,199,EuroParts GmbH,0.6748773035513121,32.0,Home Decor,EuroParts GmbH,Home Decor
79000,MOROCCAN TEA GLASS,0.85,4638,Euro Parts,0.6237268288812832,21.0,Gifts,EuroParts GmbH,Gifts
79026B,"S/4 ICON COASTER,ELVIS LIVES",0.39,24,PACIFIC IMPORTERS LLC,0.2436480470809836,41.0,Lighting,Pacific Importers,Lighting
79030D,"TUMBLER, BAROQUE",0.39,-65,ACME SUPPLIES,0.1966975236317498,37.0,LIGHTING,Acme Supplies Ltd,Lighting
79030G,"TUMBLER, NEW ENGLAND",0.39,980,,0.1732623694975875,42.0,Kitchen,UNKNOWN,Kitchen
79051A,SMOKEY GREY COLOUR D.O.F. GLASS,0.29,825,Pacific Importers,0.2015192818987159,35.0,Home Decor,Pacific Importers,Home Decor
79062D,"RETRO TIN ASHTRAY,REVOLUTIONARY",0.29,1012,GlobalTrade Co,0.1527614326836063,35.0,Lighting,GlobalTrade Co,Lighting
79063C,"RETRO PILL BOX KEY CHAIN,THE KING",0.19,555,Global Trade Co.,0.1199212364707346,16.0,home decor,GlobalTrade Co,Home Decor
79063D,"RETRO PILL BOX , REVOLUTIONARY",0.19,2750,Acme Supplies Ltd,0.1073092918878322,40.0,Kitchen,Acme Supplies Ltd,Kitchen
79066K,RETRO MOD TRAY,0.85,771,Acme Supplies Ltd,0.3991816094890239,12.0,Stationery,Acme Supplies Ltd,Stationery
79066K,RETRO MOD TRAY,1.63,17,EuroParts GmbH,0.9952622102179752,30.0,Lighting,EuroParts GmbH,Lighting
79067,CORONA MEXICAN TRAY,3.75,22,Acme Supplies Ltd,1.5796465279977705,16.0,Stationery,Acme Supplies Ltd,Stationery
79071B,ENGLISH ROSE METAL WASTE BIN,2.95,16,Global Trade Co.,1.6067760898170065,38.0,Unknown,GlobalTrade Co,Other
79144B,PAINTED LIGHTBULB STAR+ MOON,0.83,181,Pacific Importers,0.4907916399722964,40.0,Home Decor,Pacific Importers,Home Decor
79144C,PAINTED LIGHTBULB RAINBOW DESIGN,0.83,153,Acme Supplies Ltd,0.4586716459814471,23.0,home decor,Acme Supplies Ltd,Home Decor
79149B,SILICON STAR BULB  BLUE,0.42,18,Unknown Vendor,0.2780548097618956,23.0,Gifts,UNKNOWN,Gifts
79151B,"SILICON CUBE 25W, BLUE",0.42,11,ACME SUPPLIES,0.2897049683181609,30.0,Home Decor,Acme Supplies Ltd,Home Decor
79157B,UBO-LIGHT TRIOBASE BLUE,0.85,4,GlobalTrade Co,0.5694448145248704,35.0,Lighting,GlobalTrade Co,Lighting
79157V,UBO-LIGHT TRIOBASE PURPLE,0.85,5,GlobalTrade Co,0.3515468519740111,8.0,Stationery,GlobalTrade Co,Stationery
79160,HEART SHAPE WIRELESS DOORBELL,2.1,439,acme-supplies,0.9826846462777896,43.0,LIGHTING,Acme Supplies Ltd,Lighting
79161A,ST GEORGE SET OF 10 PARTY LIGHTS,1.475,4,Acme Supplies Ltd,0.8670236266574236,17.0,Stationery,Acme Supplies Ltd,Stationery
79163,BLACK CHAMPAGNE GLASS,0.39,1353,EuroParts GmbH,0.2836032085205789,5.0,Kitchen,EuroParts GmbH,Kitchen
79164,BLACK WINE GLASS,0.39,195,Unknown Vendor,0.2699715997946139,37.0,Home Decor,UNKNOWN,Home Decor
79172D,UNKNOWN,0.0,-7,ACME SUPPLIES,0.0,16.0,Home Decor,Acme Supplies Ltd,Home Decor
79190A,RETRO PLASTIC 70'S TRAY,0.42,381,PACIFIC IMPORTERS LLC,0.2125716044826722,4.0,Lighting,Pacific Importers,Lighting
79190B,RETRO PLASTIC POLKA TRAY,0.42,691,EuroParts GmbH,0.2311288408705692,31.0,LIGHTING,EuroParts GmbH,Lighting
79190D,RETRO PLASTIC DAISY TRAY,0.42,265,Euro Parts,0.2371937742554427,6.0,Stationery,EuroParts GmbH,Stationery
79191B,RETRO PLASTIC POLKA TRAY,0.85,147,Global Trade Co.,0.3868180460465983,28.0,Lighting,GlobalTrade Co,Lighting
79191C,RETRO PLASTIC ELEPHANT TRAY,0.85,947,GlobalTrade Co,0.3492427687477257,14.0,Lighting,GlobalTrade Co,Lighting
79191D,RETRO PLASTIC DAISY TRAY,1.63,23,GlobalTrade Co,1.1922081041422248,4.0,Unknown,GlobalTrade Co,Other
79192A,RETRO PLASTIC 70'S TRAY,1.25,-6,EuroParts GmbH,0.6053117562277842,19.0,Stationery,EuroParts GmbH,Stationery
79302M,"ART LIGHTS,FUNK MONKEY",2.95,443,Euro Parts,1.4277472430946494,37.0,Lighting,EuroParts GmbH,Lighting
79320,FLAMINGO LIGHTS,4.95,-1,ACME SUPPLIES,2.124454210654376,12.0,Stationery,Acme Supplies Ltd,Stationery
79321,CHILLI LIGHTS,5.75,10343,GlobalTrade Co,4.168621850786855,23.0,Lighting,GlobalTrade Co,Lighting
79323B,BLACK CHERRY LIGHTS,6.75,-1671,,4.069628934045211,43.0,LIGHTING,UNKNOWN,Lighting
79323G,"UNSALEABLE, DESTROYED.",0.0,-657,Euro Parts,0.0,23.0,Gifts,EuroParts GmbH,Gifts
79323GR,"UNSALEABLE, DESTROYED.",0.0,-1158,Unknown Vendor,0.0,17.0,LIGHTING,UNKNOWN,Lighting
79323LP,"UNSALEABLE, DESTROYED.",0.0,-2618,EuroParts GmbH,0.0,37.0,LIGHTING,EuroParts GmbH,Lighting
79323P,PINK CHERRY LIGHTS,6.75,-2007,GlobalTrade Co,4.168311022563723,23.0,Lighting,GlobalTrade Co,Lighting
79323S,"UNSALEABLE, DESTROYED.",0.0,-674,Pacific Importers,0.0,23.0,LIGHTING,Pacific Importers,Lighting
79323W,WHITE CHERRY LIGHTS,3.375,-4838,PACIFIC IMPORTERS LLC,1.5706250489730216,23.0,LIGHTING,Pacific Importers,Lighting
79329,PINK FLOCK GLASS CANDLEHOLDER,0.38,10,Acme Supplies Ltd,0.2625556920769623,34.0,LIGHTING,Acme Supplies Ltd,Lighting
79331,PINK FLOCK GLASS CANDLEHOLDER,0.38,23,Pacific Importers,0.2539801913929986,7.0,Lighting,Pacific Importers,Lighting
79336,LIGHT PINK FLOCK GLASS CANDLEHOLDER,0.38,25,EuroParts GmbH,0.1986354779638005,41.0,home decor,EuroParts GmbH,Home Decor
79337,BLUE FLOCK GLASS CANDLEHOLDER,0.38,631,ACME SUPPLIES,0.2021158134939702,11.0,Gifts,Acme Supplies Ltd,Gifts
79341,"UNSALEABLE, DESTROYED.",0.0,-905,Euro Parts,0.0,20.0,Home Decor,EuroParts GmbH,Home Decor
79342B,"UNSALEABLE, DESTROYED.",0.0,-1128,Pacific Importers,0.0,23.0,Stationery,Pacific Importers,Stationery
79403,FROSTED WHITE BASE,0.85,95,Unknown Vendor,0.4117701899713133,10.0,home decor,UNKNOWN,Home Decor
79406,FROSTED WHITE BASE,0.22,144,Acme Supplies Ltd,0.1040338492628325,36.0,Kitchen,Acme Supplies Ltd,Kitchen
81950B,FLOWER BLUE CLOCK WITH SUCKER,0.29,94,acme-supplies,0.141424019095101,12.0,Gifts,Acme Supplies Ltd,Gifts
81950V,FLOWER PURPLE CLOCK W/SUCKER,0.29,20,PACIFIC IMPORTERS LLC,0.1977994430171442,43.0,home decor,Pacific Importers,Home Decor
81952B,ROUND BLUE CLOCK WITH SUCKER,0.19,211,GlobalTrade Co,0.0945983114603384,26.0,LIGHTING,GlobalTrade Co,Lighting
81952V,ROUND PURPLE CLOCK WITH SUCKER,0.19,367,EuroParts GmbH,0.0887361679163348,42.0,Home Decor,EuroParts GmbH,Home Decor
81953B,ROUND BLUE CLOCK WITH SUCKER,0.19,5,EuroParts GmbH,0.1095335201427366,26.0,Lighting,EuroParts GmbH,Lighting
81953P,ROUND ARTICULATED PINK CLOCK W/SUCK,0.19,21,Acme Supplies Ltd,0.775071131588747,34.0,Unknown,Acme Supplies Ltd,Other
82001S,VINYL RECORD FRAME SILVER,3.75,1575,Pacific Importers,1.8167714862867188,35.0,Home Decor,Pacific Importers,Home Decor
82001S,VINYL RECORD FRAME SILVER,7.46,122,Pacific Importers,3.1890581299319978,40.0,Gifts,Pacific Importers,Gifts
82011A,"BATHROOM SCALES, TROPICAL BEACH",3.75,18,GlobalTrade Co,4.59032503925178,36.0,Unknown,GlobalTrade Co,Other
82011B,BATHROOM SCALES RUBBER DUCKS,3.75,43,,2.4812930197415333,13.0,Lighting,UNKNOWN,Lighting
82011C,BATHROOM SCALES FOOTPRINTS IN SAND,3.75,51,Euro Parts,2.222781339911918,33.0,Home Decor,EuroParts GmbH,Home Decor
82095,HEART BUTTONS JEWELLERY BOX,4.96,63,EuroParts GmbH,3.401953289581068,20.0,Kitchen,EuroParts GmbH,Kitchen
82482,WOODEN PICTURE FRAME WHITE FINISH,2.55,8773,EuroParts GmbH,1.8764359917412408,25.0,Stationery,EuroParts GmbH,Stationery
82483,WOOD 2 DRAWER CABINET WHITE FINISH,6.95,2190,Global Trade Co.,4.708151474698308,24.0,Stationery,GlobalTrade Co,Stationery
82484,WOOD BLACK BOARD ANT WHITE FINISH,7.95,5996,,4.860082066882744,20.0,Gifts,UNKNOWN,Gifts
82486,WOOD S/3 CABINET ANT WHITE FINISH,8.95,2080,EuroParts GmbH,5.125392524574082,42.0,home decor,EuroParts GmbH,Home Decor
82494L,WOODEN FRAME ANTIQUE WHITE,2.95,6308,EuroParts GmbH,1.2213713316545856,23.0,Lighting,EuroParts GmbH,Lighting
82494L,WOODEN FRAME ANTIQUE WHITE,8.29,264,,6.172010221528939,41.0,Lighting,UNKNOWN,Lighting
82545A,UNKNOWN,0.0,-4,acme-supplies,0.0,22.0,Stationery,Acme Supplies Ltd,Stationery
82551,LAUNDRY 15C METAL SIGN,1.45,2804,Euro Parts,0.6572558185628099,15.0,Home Decor,EuroParts GmbH,Home Decor
82552,WASHROOM METAL SIGN,1.45,3016,ACME SUPPLIES,0.918354744113702,23.0,Lighting,Acme Supplies Ltd,Lighting
82567,"AIRLINE LOUNGE,METAL SIGN",2.1,640,GlobalTrade Co,1.0489518924851626,6.0,Kitchen,GlobalTrade Co,Kitchen
82578,KITCHEN METAL SIGN,0.55,2048,GlobalTrade Co,0.3327623171542266,26.0,Kitchen,GlobalTrade Co,Kitchen
82580,BATHROOM METAL SIGN,0.55,5593,Unknown Vendor,0.3329528222600839,38.0,Lighting,UNKNOWN,Lighting
82581,TOILET METAL SIGN,0.55,3862,,0.3058029905238023,38.0,Lighting,UNKNOWN,Lighting
82582,AREA PATROLLED METAL SIGN,2.1,4218,EuroParts GmbH,1.4545471824256064,4.0,Stationery,EuroParts GmbH,Stationery
82583,HOT BATHS METAL SIGN,2.1,7240,EuroParts GmbH,1.034750790243251,30.0,Gifts,EuroParts GmbH,Gifts
82599,FANNY'S REST STOPMETAL SIGN,2.1,209,Pacific Importers,1.1697449548390346,28.0,Stationery,Pacific Importers,Stationery
82600,NO SINGING METAL SIGN,2.1,5521,,1.235203714514364,25.0,Gifts,UNKNOWN,Gifts
82605,OLD DOC RUSSEL METAL SIGN,2.1,16,Pacific Importers,1.3277641697639653,17.0,LIGHTING,Pacific Importers,Lighting
82613A,"METAL SIGN,CUPCAKE SINGLE HOOK",1.25,73,GlobalTrade Co,0.8429876845961953,38.0,Kitchen,GlobalTrade Co,Kitchen
82613B,"METAL SIGN,CUPCAKE SINGLE HOOK",1.25,493,ACME SUPPLIES,0.672728186259237,29.0,Gifts,Acme Supplies Ltd,Gifts
82613C,"METAL SIGN,CUPCAKE SINGLE HOOK",1.25,518,Euro Parts,3.490087641622236,8.0,Stationery,EuroParts GmbH,Stationery
82613D,METAL SIGN CUPCAKE SINGLE HOOK,1.25,677,EuroParts GmbH,0.5658922919674771,37.0,Lighting,EuroParts GmbH,Lighting
82613A,"METAL SIGN,CUPCAKE SINGLE HOOK",2.46,1,GlobalTrade Co,1.787010014567074,41.0,Gifts,GlobalTrade Co,Gifts
82613B,"METAL SIGN,CUPCAKE SINGLE HOOK",2.485,4,Acme Supplies Ltd,1.3271653968846675,40.0,Stationery,Acme Supplies Ltd,Stationery
82613C,"METAL SIGN,CUPCAKE SINGLE HOOK",2.485,5,Euro Parts,1.6285012567640071,37.0,Kitchen,EuroParts GmbH,Kitchen
82615,PINK MARSHMALLOW SCARF KNITTING KIT,2.55,36,Acme Supplies Ltd,1.0381544155798434,38.0,Unknown,Acme Supplies Ltd,Other
82616B,FRAPPUCINO SCARF KNITTING KIT,2.46,335,EuroParts GmbH,1.1606661300410388,12.0,LIGHTING,EuroParts GmbH,Lighting
82616C,MIDNIGHT GLAMOUR SCARF KNITTING KIT,2.46,321,Unknown Vendor,1.403378070662601,32.0,Gifts,UNKNOWN,Gifts
84006,MAGIC TREE -PAPER FLOWERS,0.85,918,Global Trade Co.,0.6012801091503731,43.0,Kitchen,GlobalTrade Co,Kitchen
84007,UNKNOWN,0.0,-3,acme-supplies,0.0,40.0,Kitchen,Acme Supplies Ltd,Kitchen
84012,MAGIC SHEEP WOOL GROWING FROM PAPER,0.85,1145,EuroParts GmbH,0.6166364684824289,31.0,Home Decor,EuroParts GmbH,Home Decor
84016,FLAG OF ST GEORGE CAR FLAG,0.625,27,Euro Parts,0.3558305711274867,41.0,Unknown,EuroParts GmbH,Other
84029E,RED WOOLLY HOTTIE WHITE HEART.,4.25,4660,Pacific Importers,2.4295430313947253,6.0,Gifts,Pacific Importers,Gifts
84029G,KNITTED UNION FLAG HOT WATER BOTTLE,4.25,3589,Unknown Vendor,1.8781233478945407,7.0,Stationery,UNKNOWN,Stationery
84030E,ENGLISH ROSE HOT WATER BOTTLE,4.25,1503,Acme Supplies Ltd,2.893951163176427,6.0,Gifts,Acme Supplies Ltd,Gifts
84030E,ENGLISH ROSE HOT WATER BOTTLE,8.47,108,Pacific Importers,4.120128965258608,38.0,Gifts,Pacific Importers,Gifts
84031A,CHARLIE+LOLA RED HOT WATER BOTTLE,4.13,411,EuroParts GmbH,2.952389853387681,18.0,Unknown,EuroParts GmbH,Other
84031B,CHARLIE LOLA BLUE HOT WATER BOTTLE,4.13,283,,2.968596410487588,27.0,home decor,UNKNOWN,Home Decor
84031A,CHARLIE+LOLA RED HOT WATER BOTTLE,16.63,1,ACME SUPPLIES,12.142536506163488,16.0,Kitchen,Acme Supplies Ltd,Kitchen
84031B,CHARLIE LOLA BLUE HOT WATER BOTTLE,16.63,1,Euro Parts,9.680001561824536,13.0,Kitchen,EuroParts GmbH,Kitchen
84032A,CHARLIE+LOLA PINK HOT WATER BOTTLE,3.29,977,Pacific Importers,2.0956734931783663,31.0,Kitchen,Pacific Importers,Kitchen
84032B,CHARLIE + LOLA RED HOT WATER BOTTLE,3.29,873,GlobalTrade Co,2.212461035891005,36.0,Kitchen,GlobalTrade Co,Kitchen
84033,FLAG OF ST GEORGE,1.65,23,Acme Supplies Ltd,0.7356609422706438,24.0,Unknown,Acme Supplies Ltd,Other
84050,PINK HEART SHAPE EGG FRYING PAN,1.65,2924,,1.0070527801110547,16.0,Stationery,UNKNOWN,Stationery
84051,ASS COLOUR GLOWING TIARAS,0.85,282,ACME SUPPLIES,0.3502036256377352,26.0,Lighting,Acme Supplies Ltd,Lighting
84077,WORLD WAR 2 GLIDERS ASSTD DESIGNS,0.29,53847,GlobalTrade Co,0.1665029574639556,41.0,Home Decor,GlobalTrade Co,Home Decor
84078A,SET/4 WHITE RETRO STORAGE CUBES,39.95,380,GlobalTrade Co,18.145087795754836,28.0,home decor,GlobalTrade Co,Home Decor
84086B,YELLOW/BLUE RETRO RADIO,2.95,15,,1.3688679210558528,38.0,home decor,UNKNOWN,Home Decor
84086C,PINK/PURPLE RETRO RADIO,2.95,222,EuroParts GmbH,1.5569116126101117,41.0,LIGHTING,EuroParts GmbH,Lighting
84192,ASSORTED COLOUR METAL CAT,1.25,115,Euro Parts,0.68919126043847,18.0,Kitchen,EuroParts GmbH,Kitchen
84199,GLOW IN DARK DOLPHINS,0.21,139,acme-supplies,0.1298031732031157,40.0,LIGHTING,Acme Supplies Ltd,Lighting
84201B,HAPPY BIRTHDAY CARD STRIPEY TEDDY,0.19,13,PACIFIC IMPORTERS LLC,0.0809494898261612,34.0,Kitchen,Pacific Importers,Kitchen
84201C,HAPPY BIRTHDAY CARD TEDDY/CAKE,0.19,5,Pacific Importers,0.10949550212229,8.0,Home Decor,Pacific Importers,Home Decor
84206A,3 BLACK CATS W HEARTS BLANK CARD,0.19,24,Euro Parts,0.0881445711618312,36.0,Kitchen,EuroParts GmbH,Kitchen
84206B,CAT WITH SUNGLASSES BLANK CARD,0.19,5,,0.1141693491396108,10.0,Lighting,UNKNOWN,Lighting
84206C,CHAMPAGNE TRAY BLANK CARD,0.19,8,Acme Supplies Ltd,0.1183874067153687,32.0,home decor,Acme Supplies Ltd,Home Decor
84212,"ASSORTED FLOWER COLOUR ""LEIS""",0.65,10315,EuroParts GmbH,0.3866513558657742,29.0,Gifts,EuroParts GmbH,Gifts
84218,BOX/12 CHICK & EGG IN BASKET,1.95,121,Acme Supplies Ltd,1.2838866859014448,9.0,Home Decor,Acme Supplies Ltd,Home Decor
84226,HEN HOUSE W FAMILY IN BARN & NEST,0.85,17,Pacific Importers,0.4398437501616681,29.0,home decor,Pacific Importers,Home Decor
84227,HEN HOUSE W CHICK IN NEST,0.0,0,GlobalTrade Co,0.0,27.0,Stationery,GlobalTrade Co,Stationery
84228,HEN HOUSE W CHICK STANDING,0.42,292,GlobalTrade Co,0.2316167610111044,43.0,home decor,GlobalTrade Co,Home Decor
84231,EASTER BUNNY WITH BASKET ON BACK,0.65,108,GlobalTrade Co,0.3701519733683908,17.0,Home Decor,GlobalTrade Co,Home Decor
84247C,UNKNOWN,0.0,1,PACIFIC IMPORTERS LLC,0.0,27.0,Lighting,Pacific Importers,Lighting
84247E,PACK/12 XMAS FUN CARD,2.95,167,GlobalTrade Co,1.1989550314791988,24.0,Unknown,GlobalTrade Co,Other
84247G,"DECOUPAGE,GREETING CARD,",0.42,357,EuroParts GmbH,0.2641371505487764,20.0,Stationery,EuroParts GmbH,Stationery
84247K,"FOLK ART GREETING CARD,PACK/12",2.95,59,Global Trade Co.,1.8186891664169595,14.0,Gifts,GlobalTrade Co,Gifts
84247L,FAWN AND MUSHROOM GREETING CARD,0.83,136,Acme Supplies Ltd,0.4220105874168278,25.0,Kitchen,Acme Supplies Ltd,Kitchen
84247N,PACK/12 BLUE FOLKART CARDS,2.95,22,Euro Parts,1.2685825991587232,41.0,Home Decor,EuroParts GmbH,Home Decor
84249A,"GREETING CARD,SQUARE, DOUGHNUTS",0.83,-1,GlobalTrade Co,0.3584167481997384,27.0,Stationery,GlobalTrade Co,Stationery
84251B,"GREETING CARD, STICKY GORDON",0.42,173,Global Trade Co.,0.3037138908068286,12.0,Home Decor,GlobalTrade Co,Home Decor
84251C,"GREETING CARD, TWO SISTERS.",0.43,127,EuroParts GmbH,0.2757365378444885,32.0,Gifts,EuroParts GmbH,Gifts
84251F,UNKNOWN,0.0,-2,GlobalTrade Co,0.0,12.0,Home Decor,GlobalTrade Co,Home Decor
84251G,"GREETING CARD, OVERCROWDED POOL.",0.42,270,Acme Supplies Ltd,0.2204383058884092,36.0,LIGHTING,Acme Supplies Ltd,Lighting
84251J,UNKNOWN,0.0,-28,GlobalTrade Co,0.0,15.0,home decor,GlobalTrade Co,Home Decor
84270,ASSTD DESIGN BUBBLE GUM RING,0.21,24,,0.1454145203241627,31.0,home decor,UNKNOWN,Home Decor
84279B,CHERRY BLOSSOM DECORATIVE FLASK,3.75,379,PACIFIC IMPORTERS LLC,1.5573049689358238,40.0,Stationery,Pacific Importers,Stationery
84279P,CHERRY BLOSSOM  DECORATIVE FLASK,3.75,344,EuroParts GmbH,1.8105809850543868,43.0,Lighting,EuroParts GmbH,Lighting
84306,S/3 PINK SQUARE PLANTERS ROSES,8.29,8,PACIFIC IMPORTERS LLC,5.897606695342045,11.0,Unknown,Pacific Importers,Other
84313B,BLUE TV TRAY TABLE,5.79,95,ACME SUPPLIES,2.334573987447504,15.0,Stationery,Acme Supplies Ltd,Stationery
84313C,ORANGE TV TRAY TABLE,1.95,497,Global Trade Co.,0.917454887656828,39.0,Home Decor,GlobalTrade Co,Home Decor
84341B,SMALL PINK MAGIC CHRISTMAS TREE,0.38,464,EuroParts GmbH,0.2795502154044045,16.0,Gifts,EuroParts GmbH,Gifts
84347,ROTATING SILVER ANGELS T-LIGHT HLDR,2.55,100,Acme Supplies Ltd,1.5674611480210376,39.0,home decor,Acme Supplies Ltd,Home Decor
84352,SILVER CHRISTMAS TREE BAUBLE STAND,16.95,-22,acme-supplies,8.332365382577008,11.0,Kitchen,Acme Supplies Ltd,Kitchen
84356,POMPOM CURTAIN,5.91,424,acme-supplies,2.502571078757811,10.0,Kitchen,Acme Supplies Ltd,Kitchen
84358,FLOOR LAMP SHADE WOOD BASE,9.95,33,Global Trade Co.,4.078176343107451,41.0,Gifts,GlobalTrade Co,Gifts
84360,TABLE LAMP WHITE SHADE WOOD BASE,5.95,78,Unknown Vendor,2.8896816283439013,42.0,Home Decor,UNKNOWN,Home Decor
84375,SET OF 20 KIDS COOKIE CUTTERS,2.1,4309,Acme Supplies Ltd,1.4878920773978492,5.0,Unknown,Acme Supplies Ltd,Other
84378,SET OF 3 HEART COOKIE CUTTERS,1.25,6278,Pacific Importers,0.6819622237551604,42.0,LIGHTING,Pacific Importers,Lighting
84380,SET OF 3 BUTTERFLY COOKIE CUTTERS,1.25,5730,ACME SUPPLIES,0.815145849010122,35.0,Gifts,Acme Supplies Ltd,Gifts
84387A,BIRD ON BRANCH CANVAS SCREEN,0.975,22,Unknown Vendor,0.7033647683234105,34.0,Home Decor,UNKNOWN,Home Decor
84388,WISE MAN STAR SHAPE EGG PAN,0.39,30,Acme Supplies Ltd,0.2116975230087844,9.0,Stationery,Acme Supplies Ltd,Stationery
84402B,PURPLE DRESS JEWELLERY STAND,0.79,62,Global Trade Co.,0.3688881930918403,21.0,Unknown,GlobalTrade Co,Other
84406B,CREAM CUPID HEARTS COAT HANGER,4.15,1422,EuroParts GmbH,2.411113794569676,36.0,LIGHTING,EuroParts GmbH,Lighting
84415A,PINK FLOCK SUEDE CUSHION COVER,1.25,1,EuroParts GmbH,0.8972866130886864,16.0,LIGHTING,EuroParts GmbH,Lighting
84415B,BLUE FLOCK CUSHION COVER,1.25,-1,Global Trade Co.,0.851913806185244,21.0,Lighting,GlobalTrade Co,Lighting
84422,PINK/BLUE DISC/MIRROR STRING,0.39,488,GlobalTrade Co,0.1649857736190705,28.0,Home Decor,GlobalTrade Co,Home Decor
84424A,UNKNOWN,0.0,-1,GlobalTrade Co,0.0,19.0,LIGHTING,GlobalTrade Co,Lighting
84429A,MEDIUM PINK BUDDHA HEAD,2.95,55,acme-supplies,1.77048419193887,30.0,Kitchen,Acme Supplies Ltd,Kitchen
84452,METAL RABBIT LADDER EASTER,0.85,135,ACME SUPPLIES,0.6099702949630615,21.0,Kitchen,Acme Supplies Ltd,Kitchen
84455,UNKNOWN,0.0,-31,Pacific Importers,0.0,29.0,home decor,Pacific Importers,Home Decor
84457,SET/3 RABBITS FLOWER SKIPPPING ROPE,0.85,127,acme-supplies,0.4988757436783853,21.0,Unknown,Acme Supplies Ltd,Other
84459A,PINK METAL CHICKEN HEART,1.49,657,GlobalTrade Co,1.054639794666452,35.0,LIGHTING,GlobalTrade Co,Lighting
84459B,YELLOW METAL CHICKEN HEART,1.49,731,PACIFIC IMPORTERS LLC,0.8098274047858189,9.0,Lighting,Pacific Importers,Lighting
84461,12 PINK HEN+CHICKS IN BASKET,2.55,35,Unknown Vendor,1.450180464076584,31.0,Home Decor,UNKNOWN,Home Decor
84462,3 PINK HEN+CHICKS IN BASKET,1.25,12,PACIFIC IMPORTERS LLC,0.5308265464792943,7.0,Lighting,Pacific Importers,Lighting
84465,15 PINK FLUFFY CHICKS IN BOX,2.95,4,Acme Supplies Ltd,1.4671833087635004,32.0,home decor,Acme Supplies Ltd,Home Decor
84466,TOP SECRET PEN SET,1.25,45,Acme Supplies Ltd,0.6419716590114145,10.0,Stationery,Acme Supplies Ltd,Stationery
84482,UNKNOWN,0.0,-5,Unknown Vendor,0.0,44.0,Lighting,UNKNOWN,Lighting
84497,BUTTONS AND STRIPES NOTEBOOK,3.75,92,GlobalTrade Co,1.8710009107102716,14.0,Stationery,GlobalTrade Co,Stationery
84499,BLACK FLOWER CANDLE PLATE,0.425,-3,Acme Supplies Ltd,0.2385542243713607,44.0,Kitchen,Acme Supplies Ltd,Kitchen
84507B,STRIPES DESIGN MONKEY DOLL,2.55,59,Pacific Importers,1.6191391980311196,15.0,Stationery,Pacific Importers,Stationery
84507C,BLUE CIRCLES DESIGN MONKEY DOLL,2.55,63,PACIFIC IMPORTERS LLC,1.1647486598740306,28.0,Home Decor,Pacific Importers,Home Decor
84508A,CAMOUFLAGE DESIGN TEDDY,2.55,1591,PACIFIC IMPORTERS LLC,1.454149830524123,20.0,Unknown,Pacific Importers,Other
84508B,STRIPES DESIGN TEDDY,2.55,28,acme-supplies,1.6791460927322477,44.0,Unknown,Acme Supplies Ltd,Other
84508C,BLUE CIRCLES DESIGN TEDDY,2.55,36,Acme Supplies Ltd,1.7936682776266566,22.0,Home Decor,Acme Supplies Ltd,Home Decor
84509A,SET OF 4 ENGLISH ROSE PLACEMATS,3.75,887,Unknown Vendor,2.321965297994435,18.0,Home Decor,UNKNOWN,Home Decor
84509B,SET OF 4 FAIRY CAKE PLACEMATS,3.75,217,acme-supplies,2.3781327388534943,39.0,Home Decor,Acme Supplies Ltd,Home Decor
84509C,SET OF 4 POLKADOT PLACEMATS,3.75,131,EuroParts GmbH,1.6657470577672469,5.0,Gifts,EuroParts GmbH,Gifts
84509E,SET OF 4 CAROUSEL PLACEMATS,3.36,91,EuroParts GmbH,2.456233160761704,29.0,LIGHTING,EuroParts GmbH,Lighting
84509F,UNKNOWN,0.0,-1,PACIFIC IMPORTERS LLC,0.0,17.0,home decor,Pacific Importers,Home Decor
84509G,SET OF 4 FAIRY CAKE PLACEMATS,3.36,517,GlobalTrade Co,2.2550153741257946,36.0,Stationery,GlobalTrade Co,Stationery
84509A,SET OF 4 ENGLISH ROSE PLACEMATS,7.46,104,acme-supplies,3.675435416163191,24.0,LIGHTING,Acme Supplies Ltd,Lighting
84509B,SET OF 4 FAIRY CAKE PLACEMATS,7.46,5,Pacific Importers,5.421611698203968,42.0,Home Decor,Pacific Importers,Home Decor
84509C,SET OF 4 POLKADOT PLACEMATS,7.46,43,,4.863814357293711,25.0,Unknown,UNKNOWN,Other
84509G,SET OF 4 FAIRY CAKE PLACEMATS,7.46,2,,4.952207604586522,6.0,Lighting,UNKNOWN,Lighting
84510A,SET OF 4 ENGLISH ROSE COASTERS,1.25,1200,Acme Supplies Ltd,0.5958383882136989,43.0,Lighting,Acme Supplies Ltd,Lighting
84510C,SET OF 4 POLKADOT COASTERS,1.25,134,ACME SUPPLIES,0.6938299897778828,25.0,Gifts,Acme Supplies Ltd,Gifts
84510E,SET OF 4 GREEN CAROUSEL COASTERS,1.25,34,,0.7702932726328128,11.0,LIGHTING,UNKNOWN,Lighting
84510A,SET OF 4 ENGLISH ROSE COASTERS,2.46,53,EuroParts GmbH,1.6469472852758833,26.0,LIGHTING,EuroParts GmbH,Lighting
84510C,SET OF 4 POLKADOT COASTERS,2.46,40,,1.0735090226605677,23.0,LIGHTING,UNKNOWN,Lighting
84510E,SET OF 4 GREEN CAROUSEL COASTERS,2.46,1,ACME SUPPLIES,1.8125965374673487,43.0,Stationery,Acme Supplies Ltd,Stationery
84519A,TOMATO CHARLIE+LOLA COASTER SET,1.25,512,Pacific Importers,0.8894715433676182,18.0,Stationery,Pacific Importers,Stationery
84519B,CARROT CHARLIE+LOLA COASTER SET,1.25,472,EuroParts GmbH,0.6182775083418182,27.0,home decor,EuroParts GmbH,Home Decor
84520B,PACK 20 ENGLISH ROSE PAPER NAPKINS,0.85,493,EuroParts GmbH,0.5847711723021187,28.0,Stationery,EuroParts GmbH,Stationery
84522,PINK PARTY SUNGLASSES,1.95,-10,Global Trade Co.,1.1337560774746795,11.0,Unknown,GlobalTrade Co,Other
84526,UNKNOWN,0.0,-1,Acme Supplies Ltd,0.0,17.0,Unknown,Acme Supplies Ltd,Other
84527,FLAMES SUNGLASSES PINK LENSES,1.95,52,Pacific Importers,0.994601277216284,41.0,LIGHTING,Pacific Importers,Lighting
84531A,PINK KNITTED EGG COSY,0.39,115,acme-supplies,0.2353022120752123,35.0,home decor,Acme Supplies Ltd,Home Decor
84531B,BLUE KNITTED EGG COSY,0.39,135,Global Trade Co.,0.2556298645665411,3.0,LIGHTING,GlobalTrade Co,Lighting
84534B,FAIRY CAKE NOTEBOOK A5 SIZE,0.85,-24,Unknown Vendor,0.4622525392264205,7.0,Gifts,UNKNOWN,Gifts
84534B,FAIRY CAKE NOTEBOOK A5 SIZE,1.66,2,GlobalTrade Co,1.0295763511378178,11.0,Stationery,GlobalTrade Co,Stationery
84535A,ENGLISH ROSE NOTEBOOK A6 SIZE,0.65,798,Euro Parts,0.4190936895628316,8.0,Stationery,EuroParts GmbH,Stationery
84535B,FAIRY CAKES NOTEBOOK A6 SIZE,0.65,1253,ACME SUPPLIES,0.4217802133709775,23.0,LIGHTING,Acme Supplies Ltd,Lighting
84536A,ENGLISH ROSE NOTEBOOK A7 SIZE,0.42,3106,EuroParts GmbH,0.1756390164252835,28.0,LIGHTING,EuroParts GmbH,Lighting
84536B,FAIRY CAKES NOTEBOOK A7 SIZE,0.42,2054,Unknown Vendor,0.2943829274357048,30.0,Home Decor,UNKNOWN,Home Decor
84536A,ENGLISH ROSE NOTEBOOK A7 SIZE,0.79,14,Acme Supplies Ltd,0.4427070415325357,42.0,LIGHTING,Acme Supplies Ltd,Lighting
84536B,FAIRY CAKES NOTEBOOK A7 SIZE,0.81,5,Acme Supplies Ltd,0.3983949591608768,17.0,Stationery,Acme Supplies Ltd,Stationery
84539,KNITTED RABBIT DOLL,1.65,32,Global Trade Co.,0.7996190030695162,8.0,Unknown,GlobalTrade Co,Other
84546,UNKNOWN,0.0,-45,Acme Supplies Ltd,0.0,29.0,Home Decor,Acme Supplies Ltd,Home Decor
84548,CROCHET BEAR RED/BLUE  KEYRING,1.65,-36,EuroParts GmbH,1.1721452140433235,40.0,Home Decor,EuroParts GmbH,Home Decor
84549,CROCHET WHITE RABBIT KEYRING,3.29,38,,1.7516672403075682,6.0,Stationery,UNKNOWN,Stationery
84550,CROCHET LILAC/RED BEAR KEYRING,1.65,1,Global Trade Co.,1.0929666187674962,13.0,Lighting,GlobalTrade Co,Lighting
84551,CROCHET DOG KEYRING,1.65,13,acme-supplies,0.7159128171451188,23.0,Kitchen,Acme Supplies Ltd,Kitchen
84558A,3D DOG PICTURE PLAYING CARDS,2.95,336,Global Trade Co.,1.6715285449709714,32.0,LIGHTING,GlobalTrade Co,Lighting
84558A,3D DOG PICTURE PLAYING CARDS,5.91,5,EuroParts GmbH,4.415302781402374,20.0,Unknown,EuroParts GmbH,Other
84559A,3D SHEET OF DOG STICKERS,0.85,397,Acme Supplies Ltd,0.5692052463307202,37.0,Lighting,Acme Supplies Ltd,Lighting
84559B,3D SHEET OF CAT STICKERS,0.85,75,Pacific Importers,0.4026322253110824,5.0,Stationery,Pacific Importers,Stationery
84559D,UNKNOWN,0.0,-7,PACIFIC IMPORTERS LLC,0.0,14.0,LIGHTING,Pacific Importers,Lighting
84559A,3D SHEET OF DOG STICKERS,1.66,29,PACIFIC IMPORTERS LLC,0.7997359876798171,29.0,Stationery,Pacific Importers,Stationery
84559B,3D SHEET OF CAT STICKERS,1.66,23,acme-supplies,0.9019548987395178,32.0,LIGHTING,Acme Supplies Ltd,Lighting
84562A,PINK/WHITE RIBBED MELAMINE JUG,7.95,1,EuroParts GmbH,5.35058379604254,23.0,LIGHTING,EuroParts GmbH,Lighting
84563A,PINK & WHITE BREAKFAST TRAY,4.13,82,Acme Supplies Ltd,2.7668054705022787,40.0,Lighting,Acme Supplies Ltd,Lighting
84563B,BLUE & WHITE BREAKFAST TRAY,2.95,87,ACME SUPPLIES,1.4155136401842128,23.0,Stationery,Acme Supplies Ltd,Stationery
84568,GIRLS ALPHABET IRON ON PATCHES,0.42,13882,,0.3035668277687644,40.0,Unknown,UNKNOWN,Other
84569A,PACK 3 IRON ON DOG PATCHES,1.25,276,EuroParts GmbH,0.7592485799596117,42.0,home decor,EuroParts GmbH,Home Decor
84569B,PACK 3 FIRE ENGINE/CAR PATCHES,1.25,49,Acme Supplies Ltd,0.6662168772958814,17.0,LIGHTING,Acme Supplies Ltd,Lighting
84569C,PACK 4 FLOWER/BUTTERFLY PATCHES,0.625,-36,acme-supplies,0.3597984082958133,20.0,Home Decor,Acme Supplies Ltd,Home Decor
84569D,PACK 6 HEART/ICE-CREAM PATCHES,1.25,398,ACME SUPPLIES,0.7647186733790129,31.0,Gifts,Acme Supplies Ltd,Gifts
84575A,PINK DOG CANNISTER,5.95,13,acme-supplies,3.545972032568848,40.0,Stationery,Acme Supplies Ltd,Stationery
84576,BLUE CAT BISCUIT BARREL PINK HEART,1.95,53,acme-supplies,1.1119714367534417,23.0,Stationery,Acme Supplies Ltd,Stationery
84580,MOUSE TOY WITH PINK T-SHIRT,3.75,390,Acme Supplies Ltd,2.162724305367337,19.0,Lighting,Acme Supplies Ltd,Lighting
84581,DOG TOY WITH PINK CROCHET SKIRT,3.75,146,Global Trade Co.,1.7315406324366007,43.0,LIGHTING,GlobalTrade Co,Lighting
84584,PINK GINGHAM CAT WITH SCARF,2.55,91,EuroParts GmbH,1.7453641170919263,20.0,Home Decor,EuroParts GmbH,Home Decor
84592,CROCHET ROSE PURSE WITH SUEDE BACK,2.95,76,PACIFIC IMPORTERS LLC,1.7393675303390983,39.0,Lighting,Pacific Importers,Lighting
84593,CROCHET ROSE DES CLOTHES HANGER,2.95,0,EuroParts GmbH,1.315339957210106,40.0,home decor,EuroParts GmbH,Home Decor
84595E,LARGE TORTILLA DESIGN RED BOWL,3.29,87,Acme Supplies Ltd,2.198229902472569,14.0,LIGHTING,Acme Supplies Ltd,Lighting
84596B,SMALL DOLLY MIX DESIGN ORANGE BOWL,0.42,5062,Unknown Vendor,0.3050692648214705,13.0,Unknown,UNKNOWN,Other
84596E,SMALL LICORICE DES PINK BOWL,0.83,417,Euro Parts,0.6071926542283375,22.0,Lighting,EuroParts GmbH,Lighting
84596F,SMALL MARSHMALLOWS PINK BOWL,0.42,3732,Euro Parts,0.2222456066644424,11.0,Stationery,EuroParts GmbH,Stationery
84596G,SMALL CHOCOLATES PINK BOWL,0.42,1780,Euro Parts,0.1879209804134308,3.0,LIGHTING,EuroParts GmbH,Lighting
84596J,MIXED NUTS LIGHT GREEN BOWL,0.83,635,,0.4825950915369054,23.0,Home Decor,UNKNOWN,Home Decor
84596L,BISCUITS SMALL BOWL LIGHT BLUE,0.83,1234,Pacific Importers,0.3647129811259486,23.0,Unknown,Pacific Importers,Other
84596B,SMALL DOLLY MIX DESIGN ORANGE BOWL,2.51,7,ACME SUPPLIES,1.824507947163334,25.0,Stationery,Acme Supplies Ltd,Stationery
84596E,SMALL LICORICE DES PINK BOWL,2.51,10,PACIFIC IMPORTERS LLC,1.1652747026314958,11.0,Unknown,Pacific Importers,Other
84596F,SMALL MARSHMALLOWS PINK BOWL,2.46,16,EuroParts GmbH,1.2016314054179524,21.0,Stationery,EuroParts GmbH,Stationery
84596G,SMALL CHOCOLATES PINK BOWL,2.46,3,EuroParts GmbH,1.3341140496479595,21.0,Stationery,EuroParts GmbH,Stationery
84596L,BISCUITS SMALL BOWL LIGHT BLUE,2.46,1,Pacific Importers,1.3139046074294074,25.0,Stationery,Pacific Importers,Stationery
84597B,RETRO BROWN BALL ASHTRAY,1.25,22,Acme Supplies Ltd,0.8476650154240764,29.0,LIGHTING,Acme Supplies Ltd,Lighting
84597C,RETRO PINK BALL ASHTRAY,1.25,28,GlobalTrade Co,0.699638608991046,29.0,Gifts,GlobalTrade Co,Gifts
84598,BOYS ALPHABET IRON ON PATCHES,0.42,-1313,,0.1931029342204905,41.0,Kitchen,UNKNOWN,Kitchen
84600,NEW BAROQUE JEWELLERY BOX,7.95,52,Pacific Importers,3.9235115341900015,38.0,Home Decor,Pacific Importers,Home Decor
84609,TALL ROCOCO CANDLE HOLDER,8.5,62,Pacific Importers,4.914612320932879,14.0,home decor,Pacific Importers,Home Decor
84611B,THROWN AWAY,0.0,-143,acme-supplies,0.0,29.0,Gifts,Acme Supplies Ltd,Gifts
84612B,THROWN AWAY,0.0,-162,GlobalTrade Co,0.0,36.0,Kitchen,GlobalTrade Co,Kitchen
84613A,PINK NEW BAROQUE FLOCK CANDLESTICK,4.65,-224,,2.7807537414119903,35.0,Unknown,UNKNOWN,Other
84613C,BLUE NEW BAROQUE FLOCK CANDLESTICK,2.325,-172,PACIFIC IMPORTERS LLC,1.5115890099560625,30.0,Kitchen,Pacific Importers,Kitchen
84614A,PINK BAROQUE FLOCK CANDLE HOLDER,2.975,-388,Euro Parts,2.166384930763767,33.0,LIGHTING,EuroParts GmbH,Lighting
84616,SILVER ROCCOCO CHANDELIER,29.95,11,Global Trade Co.,21.542708436742863,34.0,LIGHTING,GlobalTrade Co,Lighting
84617,NEW BAROQUE BLACK BOXES,12.75,3,PACIFIC IMPORTERS LLC,9.32186244563216,22.0,LIGHTING,Pacific Importers,Lighting
84620,BLUE GINGHAM ROSE CUSHION COVER,5.95,2,acme-supplies,2.889620230801857,42.0,Kitchen,Acme Supplies Ltd,Kitchen
84625A,PINK NEW BAROQUECANDLESTICK CANDLE,0.85,458,EuroParts GmbH,0.379140678725208,37.0,Gifts,EuroParts GmbH,Gifts
84625C,BLUE NEW BAROQUE CANDLESTICK CANDLE,0.85,368,Global Trade Co.,0.4299273183976934,33.0,Home Decor,GlobalTrade Co,Home Decor
84629,WHITE 3 FRAME BIRDS AND TREE,4.95,17,Global Trade Co.,3.5307350618176403,33.0,Lighting,GlobalTrade Co,Lighting
84631,FRUIT TREE AND BIRDS WALL PLAQUE,7.705,6,PACIFIC IMPORTERS LLC,5.703385207690892,40.0,Kitchen,Pacific Importers,Kitchen
84632,DECORATIVE HANGING SHELVING UNIT,59.95,5,,42.01078578583626,24.0,LIGHTING,UNKNOWN,Lighting
84637,KITCHEN FLOWER POTS WALL PLAQUE,4.96,116,Acme Supplies Ltd,2.174990763877416,43.0,Lighting,Acme Supplies Ltd,Lighting
84638,SMALL KITCHEN FLOWER POTS PLAQUE,5.83,32,Euro Parts,4.265226830041008,11.0,Lighting,EuroParts GmbH,Lighting
84658,WHITE STITCHED CUSHION COVER,6.95,59,GlobalTrade Co,3.8098184015307863,11.0,Stationery,GlobalTrade Co,Stationery
84659A,WHITE TRAVEL ALARM CLOCK,2.51,298,Global Trade Co.,1.0121790904347276,17.0,Lighting,GlobalTrade Co,Lighting
84660A,WHITE STITCHED WALL CLOCK,0.79,833,Acme Supplies Ltd,0.4383218693168755,15.0,Unknown,Acme Supplies Ltd,Other
84660B,BLACK STITCHED WALL CLOCK,1.25,709,GlobalTrade Co,0.5201552617330172,24.0,Unknown,GlobalTrade Co,Other
84660C,PINK STITCHED WALL CLOCK,1.25,641,Pacific Importers,0.7379465905079889,18.0,Stationery,Pacific Importers,Stationery
84660A,WHITE STITCHED WALL CLOCK,7.46,4,Acme Supplies Ltd,3.867964565638141,34.0,Home Decor,Acme Supplies Ltd,Home Decor
84660B,BLACK STITCHED WALL CLOCK,7.54,2,Pacific Importers,4.265394789754694,4.0,home decor,Pacific Importers,Home Decor
84660C,PINK STITCHED WALL CLOCK,7.46,18,,4.584987811900279,28.0,Home Decor,UNKNOWN,Home Decor
84661A,WHITE SQUARE TABLE CLOCK,2.55,104,Acme Supplies Ltd,1.7954049780174044,16.0,Unknown,Acme Supplies Ltd,Other
84661B,BLACK SQUARE TABLE CLOCK,2.55,115,EuroParts GmbH,1.6107471570011962,40.0,home decor,EuroParts GmbH,Home Decor
84661C,PINK SQUARE TABLE CLOCK,2.53,71,Global Trade Co.,1.3963502730374289,36.0,Stationery,GlobalTrade Co,Stationery
84661A,WHITE SQUARE TABLE CLOCK,4.96,1,PACIFIC IMPORTERS LLC,3.406526753971754,10.0,Home Decor,Pacific Importers,Home Decor
84661B,BLACK SQUARE TABLE CLOCK,4.96,1,acme-supplies,3.5560905908269578,23.0,home decor,Acme Supplies Ltd,Home Decor
84663A,GRASS HOPPER WOODEN WALL CLOCK,0.79,289,ACME SUPPLIES,0.3491136307185025,23.0,home decor,Acme Supplies Ltd,Home Decor
84664,UNKNOWN,0.0,-1,ACME SUPPLIES,0.0,30.0,Kitchen,Acme Supplies Ltd,Kitchen
84665,SQUARE CHERRY BLOSSOM CABINET,5.95,70,Acme Supplies Ltd,2.97249615616364,8.0,Home Decor,Acme Supplies Ltd,Home Decor
84666,SQUARE CHERRY BLOSSOM CABINET,3.95,19,ACME SUPPLIES,1.6450621060648798,22.0,Stationery,Acme Supplies Ltd,Stationery
84670,UNKNOWN,0.0,23,PACIFIC IMPORTERS LLC,0.0,33.0,home decor,Pacific Importers,Home Decor
84673A,PINK FLY SWAT,0.65,92,,0.4562803518719738,35.0,Unknown,UNKNOWN,Other
84673B,BLUE FLY SWAT,0.72,179,Euro Parts,0.3290514689283033,9.0,LIGHTING,EuroParts GmbH,Lighting
84674,FLYING PIG WATERING CAN,2.95,190,EuroParts GmbH,2.0188171014966776,10.0,Kitchen,EuroParts GmbH,Kitchen
84675,FROG KING WATERING CAN,2.95,11,Acme Supplies Ltd,2.0611310948768926,11.0,Lighting,Acme Supplies Ltd,Lighting
84678,CLASSICAL ROSE SMALL VASE,2.55,106,GlobalTrade Co,1.8360488450798365,4.0,Lighting,GlobalTrade Co,Lighting
84679,CLASSICAL ROSE TABLE LAMP,11.95,6,GlobalTrade Co,5.889554885102414,19.0,Lighting,GlobalTrade Co,Lighting
84683,CLASSICAL ROSE CANDLESTAND,1.25,186,acme-supplies,0.8954794660205766,39.0,Unknown,Acme Supplies Ltd,Other
84685,BEACH HUT KEY CABINET,7.46,47,Pacific Importers,3.821250452616825,44.0,LIGHTING,Pacific Importers,Lighting
84686,BEACH HUT MIRROR,2.52,83,Pacific Importers,1.4951621278677536,19.0,home decor,Pacific Importers,Home Decor
84687,BEACH HUT SHELF W 3 DRAWERS,5.95,77,GlobalTrade Co,2.485181808008228,40.0,Stationery,GlobalTrade Co,Stationery
84688,BEACH HUT DESIGN BLACKBOARD,4.25,55,GlobalTrade Co,1.7652731189485062,37.0,Lighting,GlobalTrade Co,Lighting
84689,S/2 BEACH HUT TREASURE CHESTS,2.0,8,Euro Parts,1.304261248912542,41.0,Home Decor,EuroParts GmbH,Home Decor
84691,PACK 20 DOLLY PEGS,0.72,244,Euro Parts,0.4000089544504033,32.0,Lighting,EuroParts GmbH,Lighting
84692,BOX OF 24 COCKTAIL PARASOLS,0.42,7884,GlobalTrade Co,0.2056749791792749,8.0,home decor,GlobalTrade Co,Home Decor
84705C,PINK FLOCK PHOTO FRAME,1.25,12,,0.5833059045108981,6.0,Gifts,UNKNOWN,Gifts
84706D,CHERRY BLOSSOM TABLE CLOCK,1.95,3,Unknown Vendor,1.2372432575114165,39.0,Unknown,UNKNOWN,Other
84706F,RED PEONY TABLE CLOCK,2.95,16,GlobalTrade Co,1.1804145942061637,37.0,Gifts,GlobalTrade Co,Gifts
84707A,SILVER JEWELLED MIRROR TRINKET TRAY,9.95,95,GlobalTrade Co,6.786515996728045,11.0,Lighting,GlobalTrade Co,Lighting
84707B,PINK JEWELLED MIRROR TRINKET TRAY,9.95,34,Pacific Importers,4.255986753347477,8.0,LIGHTING,Pacific Importers,Lighting
84708B,PINK JEWELLED PHOTO FRAME,4.95,57,,2.311755757828317,15.0,home decor,UNKNOWN,Home Decor
84709B,PINK OVAL JEWELLED MIRROR,5.95,26,,3.184337293210354,24.0,Lighting,UNKNOWN,Lighting
84711A,SILVER OVAL SHAPE TRINKET BOX,9.95,25,Acme Supplies Ltd,5.668520561061331,30.0,Gifts,Acme Supplies Ltd,Gifts
84711B,PINK OVAL SHAPE TRINKET BOX,9.95,20,GlobalTrade Co,5.216270490822052,32.0,home decor,GlobalTrade Co,Home Decor
84712B,PINK JEWELLED PHOTO FRAME,7.95,30,Pacific Importers,4.072381599068798,38.0,Unknown,Pacific Importers,Other
84715,SET OF 6 ICE CREAM SKITTLES,2.95,13,Pacific Importers,2.1752432824655674,4.0,Unknown,Pacific Importers,Other
84723,CHERRY BLOSSOM CANVAS ART PICTURE,1.95,41,ACME SUPPLIES,1.2178781324486163,38.0,Lighting,Acme Supplies Ltd,Lighting
84725,FREESTYLE CANVAS ART PICTURE,0.75,33,,0.3061511507839394,10.0,Unknown,UNKNOWN,Other
84726,UNKNOWN,0.0,-14,EuroParts GmbH,0.0,44.0,Kitchen,EuroParts GmbH,Kitchen
84731,3 BIRDS CANVAS SCREEN,1.02,2,Euro Parts,0.7203781058085974,11.0,home decor,EuroParts GmbH,Home Decor
84732B,CUTE BIRD CEATURE SCREEN,0.39,22,,0.1971487694450562,3.0,LIGHTING,UNKNOWN,Lighting
84732D,CUTE RABBIT CEATURE SCREEN,0.39,11,EuroParts GmbH,0.168906941061704,15.0,home decor,EuroParts GmbH,Home Decor
84741C,CITRUS GARLAND FELT FLOWERS,1.95,66,Global Trade Co.,1.297597606610119,17.0,Unknown,GlobalTrade Co,Other
84743C,ORANGE FELT VASE + FLOWERS,0.0,-41,PACIFIC IMPORTERS LLC,0.0,34.0,home decor,Pacific Importers,Home Decor
84744,S/6 SEW ON CROCHET FLOWERS,1.25,110,ACME SUPPLIES,0.7495117221740955,36.0,Gifts,Acme Supplies Ltd,Gifts
84745A,PINK HANGING GINGHAM EASTER HEN,0.42,32,EuroParts GmbH,0.1758757542622889,33.0,Stationery,EuroParts GmbH,Stationery
84745B,BLUE HANGING GINGHAM EASTER HEN,0.42,32,ACME SUPPLIES,0.188653354439941,16.0,Gifts,Acme Supplies Ltd,Gifts
84746,PINK EASTER HENS+FLOWER,2.46,81,EuroParts GmbH,1.520015030139491,16.0,Home Decor,EuroParts GmbH,Home Decor
84748,FOLK FELT HANGING MULTICOL GARLAND,2.46,156,ACME SUPPLIES,1.1629363274960576,31.0,Kitchen,Acme Supplies Ltd,Kitchen
84750A,PINK SMALL GLASS CAKE STAND,1.95,-13,Acme Supplies Ltd,1.1240278294282997,21.0,Stationery,Acme Supplies Ltd,Stationery
84750B,BLACK SMALL GLASS CAKE STAND,0.39,56,ACME SUPPLIES,0.2303763501430122,29.0,Lighting,Acme Supplies Ltd,Lighting
84751B,BLACK MEDIUM GLASS CAKE STAND,0.79,-6,Acme Supplies Ltd,0.3943897381099147,11.0,home decor,Acme Supplies Ltd,Home Decor
84754,S/15 SILVER GLASS BAUBLES IN BAG,1.25,172,EuroParts GmbH,0.9149360055494032,39.0,LIGHTING,EuroParts GmbH,Lighting
84755,COLOUR GLASS T-LIGHT HOLDER HANGING,0.65,16380,EuroParts GmbH,0.4516605843050933,39.0,Home Decor,EuroParts GmbH,Home Decor
84760S,SMALL HANGING GLASS+ZINC LANTERN,1.45,45,Pacific Importers,0.9466045551236452,23.0,Home Decor,Pacific Importers,Home Decor
84761,UNKNOWN,0.0,-11,ACME SUPPLIES,0.0,26.0,LIGHTING,Acme Supplies Ltd,Lighting
84763,ZINC FINISH 15CM PLANTER POTS,1.25,446,Acme Supplies Ltd,0.546431883447696,30.0,Kitchen,Acme Supplies Ltd,Kitchen
84766,SILVER ROCOCO CANDLE STICK,1.95,94,Acme Supplies Ltd,1.116323268552832,38.0,Stationery,Acme Supplies Ltd,Stationery
84773,RED ROSE AND LACE C/COVER,1.475,6,ACME SUPPLIES,0.6729682665198464,20.0,Home Decor,Acme Supplies Ltd,Home Decor
84789,ENCHANTED BIRD PLANT CAGE,3.75,186,,2.7839734208824347,27.0,LIGHTING,UNKNOWN,Lighting
84792,ENCHANTED BIRD COATHANGER 5 HOOK,4.65,805,acme-supplies,2.117991680879609,37.0,Stationery,Acme Supplies Ltd,Stationery
84795B,SUNSET CHECK HAMMOCK,7.95,176,GlobalTrade Co,4.5363792521785085,6.0,Stationery,GlobalTrade Co,Stationery
84795C,OCEAN STRIPE HAMMOCK,3.975,5,Acme Supplies Ltd,2.0965834203307447,16.0,Unknown,Acme Supplies Ltd,Other
84795B,SUNSET CHECK HAMMOCK,16.63,16,ACME SUPPLIES,10.373548666073576,41.0,Home Decor,Acme Supplies Ltd,Home Decor
84796A,PINK HAWAIIAN PICNIC HAMPER FOR 2,8.29,61,Pacific Importers,3.690399140392666,28.0,Stationery,Pacific Importers,Stationery
84796B,BLUE SAVANNAH PICNIC HAMPER FOR 2,8.29,271,PACIFIC IMPORTERS LLC,4.564563115964996,10.0,Kitchen,Pacific Importers,Kitchen
84796A,PINK HAWAIIAN PICNIC HAMPER FOR 2,8.29,17,acme-supplies,4.113056652689927,26.0,Home Decor,Acme Supplies Ltd,Home Decor
84797B,UNKNOWN,0.0,-2,Acme Supplies Ltd,0.0,18.0,Kitchen,Acme Supplies Ltd,Kitchen
84798A,PINK FOXGLOVE ARTIIFCIAL FLOWER,2.55,11,GlobalTrade Co,1.056222748080215,22.0,Kitchen,GlobalTrade Co,Kitchen
84798B,PURPLE FOXGLOVE ARTIIFCIAL FLOWER,2.55,-102,acme-supplies,1.835501788400765,17.0,Stationery,Acme Supplies Ltd,Stationery
84799,SPRIG LAVENDER ARTIFICIAL FLOWER,1.25,-182,ACME SUPPLIES,0.8644349356169377,9.0,Stationery,Acme Supplies Ltd,Stationery
84800L,LARGE WHITE/PINK ROSE ART FLOWER,1.69,163,Unknown Vendor,0.8520130787747422,19.0,Unknown,UNKNOWN,Other
84800M,MEDIUM WHITE/PINK ROSE ART FLOWER,1.69,0,PACIFIC IMPORTERS LLC,1.1428654222415076,24.0,LIGHTING,Pacific Importers,Lighting
84800S,SMALL WHITE/PINK ROSE ART FLOWER,1.25,111,Pacific Importers,0.5136559326482021,24.0,home decor,Pacific Importers,Home Decor
84801A,PINK HYDRANGEA ART FLOWER,2.1,-104,Global Trade Co.,1.550646179465644,14.0,Unknown,GlobalTrade Co,Other
84801B,WHITE HYDRANGEA ART FLOWER,2.1,-22,Global Trade Co.,1.2270472828034953,20.0,Home Decor,GlobalTrade Co,Home Decor
84802A,WHITE ANEMONE ARTIFICIAL FLOWER,0.845,4,Pacific Importers,0.4276953634588554,17.0,Unknown,Pacific Importers,Other
84802B,PURPLE ANEMONE ARTIFICIAL FLOWER,0.845,-121,EuroParts GmbH,0.4452339851248757,39.0,Lighting,EuroParts GmbH,Lighting
84803A,PINK ALLIUM  ARTIFICIAL FLOWER,1.69,3,EuroParts GmbH,0.7152787665718843,18.0,LIGHTING,EuroParts GmbH,Lighting
84803B,WHITE ALLIUM  ARTIFICIAL FLOWER,1.69,14,ACME SUPPLIES,1.2612002375558662,7.0,Home Decor,Acme Supplies Ltd,Home Decor
84804A,CREAM DELPHINIUM ARTIFICIAL FLOWER,2.95,-55,Pacific Importers,1.2205689333680902,4.0,LIGHTING,Pacific Importers,Lighting
84804B,BLUE DELPHINIUM ARTIFICIAL FLOWER,2.95,3,Global Trade Co.,1.8561916046501643,30.0,Kitchen,GlobalTrade Co,Kitchen
84805A,CREAM CLIMBING HYDRANGA ART FLOWER,1.25,-64,,0.6936969683715755,43.0,Unknown,UNKNOWN,Other
84805B,WET DAMAGED,1.25,-58,PACIFIC IMPORTERS LLC,0.9151508454575628,29.0,Unknown,Pacific Importers,Other
84806A,PINK CANDYSTUFT ARTIFICIAL FLOWER,1.45,137,Pacific Importers,0.7048448682056986,33.0,home decor,Pacific Importers,Home Decor
84806B,WHITE CANDYSTUFT ARTIFICIAL FLOWER,1.45,308,Acme Supplies Ltd,0.8500340631485408,43.0,Unknown,Acme Supplies Ltd,Other
84809A,WHITE CHRYSANTHEMUMS ART FLOWER,2.1,-73,PACIFIC IMPORTERS LLC,1.1945318133083236,38.0,Stationery,Pacific Importers,Stationery
84809B,PINK CHRYSANTHEMUMS ART FLOWER,1.05,-306,Acme Supplies Ltd,0.6783034181884122,3.0,Kitchen,Acme Supplies Ltd,Kitchen
84813,SET OF 4 DIAMOND NAPKIN RINGS,8.47,165,GlobalTrade Co,3.5896163326229518,31.0,Unknown,GlobalTrade Co,Other
84816,DANISH ROSE BEDSIDE CABINET,39.95,-14,Acme Supplies Ltd,18.68965651055156,3.0,Gifts,Acme Supplies Ltd,Gifts
84817,DANISH ROSE DECORATIVE PLATE,2.1,914,EuroParts GmbH,0.9977051427682446,10.0,Gifts,EuroParts GmbH,Gifts
84818,DANISH ROSE PHOTO FRAME,0.79,1259,ACME SUPPLIES,0.5200986837137273,18.0,LIGHTING,Acme Supplies Ltd,Lighting
84819,DANISH ROSE ROUND SEWING BOX,0.85,807,GlobalTrade Co,0.3962687621572052,30.0,Kitchen,GlobalTrade Co,Kitchen
84820,DANISH ROSE TRINKET TRAYS,5.95,257,,3.574296598302958,24.0,Unknown,UNKNOWN,Other
84821,DANISH ROSE DELUXE COASTER,0.85,935,ACME SUPPLIES,0.4040350365990337,20.0,home decor,Acme Supplies Ltd,Home Decor
84823,DANISH ROSE FOLDING CHAIR,7.95,110,Pacific Importers,5.57747142360867,24.0,Lighting,Pacific Importers,Lighting
84824,DANISH ROSE UMBRELLA STAND,15.95,2,Global Trade Co.,11.639750299688409,43.0,home decor,GlobalTrade Co,Home Decor
84826,ASSTD DESIGN 3D PAPER STICKERS,0.85,13645,Acme Supplies Ltd,0.4942516600453165,14.0,Lighting,Acme Supplies Ltd,Lighting
84827,ASS DES PHONE SPONGE CRAFT STICKER,0.65,511,Euro Parts,0.340150271157588,21.0,Home Decor,EuroParts GmbH,Home Decor
84828,JUNGLE POPSICLES ICE LOLLY HOLDERS,1.25,1079,Acme Supplies Ltd,0.6024002765701559,27.0,Home Decor,Acme Supplies Ltd,Home Decor
84832,ZINC WILLIE WINKIE  CANDLE STICK,0.85,2923,Global Trade Co.,0.3548098479531055,7.0,home decor,GlobalTrade Co,Home Decor
84836,ZINC METAL HEART DECORATION,1.25,5909,Pacific Importers,0.6174687833364043,36.0,Unknown,Pacific Importers,Other
84839,SWEETHEART KEY CABINET,5.55,-1,PACIFIC IMPORTERS LLC,3.49085300254378,41.0,LIGHTING,Pacific Importers,Lighting
84840,SWEETHEART CARRY-ALL BASKET,8.5,-2,EuroParts GmbH,4.987510370644903,12.0,home decor,EuroParts GmbH,Home Decor
84842,HELLO SAILOR BATHROOM SET,3.75,14,acme-supplies,2.7390541777437174,9.0,Home Decor,Acme Supplies Ltd,Home Decor
84843,WHITE SOAP RACK WITH 2 BOTTLES,5.95,171,Acme Supplies Ltd,3.2052473991389667,39.0,Stationery,Acme Supplies Ltd,Stationery
84845D,UNKNOWN,0.0,-5,EuroParts GmbH,0.0,17.0,Lighting,EuroParts GmbH,Lighting
84846A,SCENTED CANDLE IN DIGITALIS TIN,2.1,49,Pacific Importers,1.1996522193942143,44.0,Kitchen,Pacific Importers,Kitchen
84847,FLORAL BATHROOM SET,3.75,24,Euro Parts,2.172756283400528,26.0,LIGHTING,EuroParts GmbH,Lighting
84849A,HELLO SAILOR BLUE SOAP HOLDER,1.69,164,Euro Parts,0.8343885070883356,28.0,home decor,EuroParts GmbH,Home Decor
84849B,FAIRY SOAP SOAP HOLDER,1.69,265,Euro Parts,0.9451033845020428,28.0,Unknown,EuroParts GmbH,Other
84849D,HOT BATHS SOAP HOLDER,1.69,493,Pacific Importers,0.9544693257330163,28.0,Unknown,Pacific Importers,Other
84854,GIRLY PINK TOOL SET,2.475,2,GlobalTrade Co,1.6021290844650142,12.0,LIGHTING,GlobalTrade Co,Lighting
84856L,LARGE TAHITI BEACH BAG,5.95,-25,Euro Parts,4.338882798305082,19.0,Gifts,EuroParts GmbH,Gifts
84856S,SMALL TAHITI BEACH BAG,3.81,-4,Global Trade Co.,1.9631499235229195,23.0,Lighting,GlobalTrade Co,Lighting
84857A,UNKNOWN,0.0,-5,ACME SUPPLIES,0.0,4.0,LIGHTING,Acme Supplies Ltd,Lighting
84857B,BLUE MONTE CARLO HANDBAG,1.95,46,,1.1187214231541869,15.0,LIGHTING,UNKNOWN,Lighting
84857C,PINK MONTE CARLO HANDBAG,1.95,97,,1.1515948591918077,29.0,Lighting,UNKNOWN,Lighting
84858C,PINK RIVIERA HANDBAG,3.6,222,Global Trade Co.,1.6522350944262132,11.0,Lighting,GlobalTrade Co,Lighting
84859A,SILVER DISCO HANDBAG,1.95,129,Acme Supplies Ltd,1.2990170937834151,9.0,home decor,Acme Supplies Ltd,Home Decor
84859B,BLUE DISCO HANDBAG,1.95,32,GlobalTrade Co,1.4522141165113178,12.0,Home Decor,GlobalTrade Co,Home Decor
84859C,PINK DISCO HANDBAG,1.95,-69,Euro Parts,1.4254912443582746,11.0,Stationery,EuroParts GmbH,Stationery
84864A,UNKNOWN,0.0,-2,,0.0,24.0,home decor,UNKNOWN,Home Decor
84865,NEW BAROQUE BLACK PHOTO ALBUM,5.725,22,ACME SUPPLIES,4.044009091951149,25.0,LIGHTING,Acme Supplies Ltd,Lighting
84870B,BLUE GEISHA GIRL,3.75,43,Acme Supplies Ltd,2.424647897790336,9.0,Kitchen,Acme Supplies Ltd,Kitchen
84870C,GREEN GEISHA GIRL,2.51,46,,1.4027042063043718,11.0,Home Decor,UNKNOWN,Home Decor
84872A,TEATIME FUNKY FLOWER BACKPACK FOR 2,10.79,27,GlobalTrade Co,6.3576174200673385,29.0,home decor,GlobalTrade Co,Home Decor
84872A,TEATIME FUNKY FLOWER BACKPACK FOR 2,10.79,26,Pacific Importers,7.524515060821253,26.0,Stationery,Pacific Importers,Stationery
84873A,FUNKY FLOWER PICNIC BAG FOR 4,16.95,7,Unknown Vendor,9.628400529404647,31.0,LIGHTING,UNKNOWN,Lighting
84874B,BLUE TRAVEL FIRST AID KIT,1.63,38,Acme Supplies Ltd,0.8649148040744749,19.0,LIGHTING,Acme Supplies Ltd,Lighting
84875A,UNKNOWN,0.0,-17,PACIFIC IMPORTERS LLC,0.0,22.0,Lighting,Pacific Importers,Lighting
84875B,GREEN SQUARE COMPACT MIRROR,1.25,131,Acme Supplies Ltd,0.7533692892653341,9.0,Stationery,Acme Supplies Ltd,Stationery
84875D,BLUE SQUARE COMPACT MIRROR,1.25,56,GlobalTrade Co,0.5827214735280276,42.0,Home Decor,GlobalTrade Co,Home Decor
84876B,GREEN HEART COMPACT MIRROR,1.25,227,Euro Parts,0.8941471319918084,23.0,home decor,EuroParts GmbH,Home Decor
84876C,UNKNOWN,0.0,-19,Global Trade Co.,0.0,30.0,LIGHTING,GlobalTrade Co,Lighting
84876D,BLUE HEART COMPACT MIRROR,3.75,127,Unknown Vendor,2.3311654540054545,21.0,Lighting,UNKNOWN,Lighting
84877A,PINK ROUND COMPACT MIRROR,1.25,19,Pacific Importers,0.5435295989540292,22.0,home decor,Pacific Importers,Home Decor
84877B,GREEN ROUND COMPACT MIRROR,2.46,117,GlobalTrade Co,1.5041937607666016,41.0,Home Decor,GlobalTrade Co,Home Decor
84877D,BLUE ROUND COMPACT MIRROR,1.25,-106,ACME SUPPLIES,0.5529202897293405,42.0,Kitchen,Acme Supplies Ltd,Kitchen
84879,ASSORTED COLOUR BIRD ORNAMENT,1.69,36221,GlobalTrade Co,0.7225496748780785,9.0,Lighting,GlobalTrade Co,Lighting
84880,WHITE WIRE EGG HOLDER,7.5,300,GlobalTrade Co,4.384191101061282,8.0,Stationery,GlobalTrade Co,Stationery
84881,BLUE WIRE SPIRAL CANDLE HOLDER,6.35,0,Acme Supplies Ltd,3.435190849418335,27.0,Home Decor,Acme Supplies Ltd,Home Decor
84882,GREEN WIRE STANDING CANDLE HOLDER,3.75,38,GlobalTrade Co,2.272813479580043,43.0,LIGHTING,GlobalTrade Co,Lighting
84884A,ANT WHITE WIRE HEART SPIRAL,3.95,300,Global Trade Co.,1.7033496473391323,15.0,Gifts,GlobalTrade Co,Gifts
84884A,ANT WHITE WIRE HEART SPIRAL,8.29,38,EuroParts GmbH,4.566497356851319,41.0,Stationery,EuroParts GmbH,Stationery
84898F,YELLOW FLOWERS FELT HANDBAG KIT,2.1,20,PACIFIC IMPORTERS LLC,0.9684682355581912,23.0,LIGHTING,Pacific Importers,Lighting
84899F,UNKNOWN,0.0,-5,EuroParts GmbH,0.0,24.0,Stationery,EuroParts GmbH,Stationery
84905,PINK BUTTERFLY CUSHION COVER,4.96,30,Acme Supplies Ltd,2.958156768787463,19.0,Lighting,Acme Supplies Ltd,Lighting
84906,PINK B'FLY C/COVER W BOBBLES,1.95,41,ACME SUPPLIES,1.2491756575921418,24.0,home decor,Acme Supplies Ltd,Home Decor
84907,PINK YELLOW PATCH CUSHION COVER,5.79,26,PACIFIC IMPORTERS LLC,2.975460145803305,36.0,Unknown,Pacific Importers,Other
84910A,PINK PAISLEY CUSHION COVER,8.29,10,Pacific Importers,3.590884961232266,10.0,Stationery,Pacific Importers,Stationery
84912A,PINK ROSE WASHBAG,3.52,228,Acme Supplies Ltd,2.610272902949317,20.0,Home Decor,Acme Supplies Ltd,Home Decor
84912B,GREEN ROSE WASHBAG,3.29,217,Euro Parts,1.6456272792437356,26.0,Gifts,EuroParts GmbH,Gifts
84913A,SOFT PINK ROSE TOWEL,3.29,198,Euro Parts,1.804015125227371,44.0,Kitchen,EuroParts GmbH,Kitchen
84913B,MINT GREEN ROSE TOWEL,3.325,196,Pacific Importers,2.086279138881372,4.0,Gifts,Pacific Importers,Gifts
84915,HAND TOWEL PINK FLOWER AND DAISY,4.13,217,Acme Supplies Ltd,1.687699943805274,4.0,Home Decor,Acme Supplies Ltd,Home Decor
84916,HAND TOWEL PALE BLUE W FLOWERS,4.21,191,EuroParts GmbH,2.8779168288172223,29.0,Lighting,EuroParts GmbH,Lighting
84917,WHITE HAND TOWEL WITH BUTTERFLY,4.13,127,Pacific Importers,2.4276237736863706,16.0,Home Decor,Pacific Importers,Home Decor
84919,BLUE CUSHION COVER WITH FLOWER,5.79,41,Euro Parts,2.879807129594968,41.0,Unknown,EuroParts GmbH,Other
84920,PINK FLOWER FABRIC PONY,3.75,87,EuroParts GmbH,1.580860480696366,14.0,Unknown,EuroParts GmbH,Other
84921,CREAM AND PINK FLOWERS PONY,3.75,5,Euro Parts,1.7132791703102046,34.0,Unknown,EuroParts GmbH,Other
84922,PINK BUTTERFLY WASHBAG,4.25,9,Pacific Importers,3.031362865044488,30.0,Stationery,Pacific Importers,Stationery
84923,PINK BUTTERFLY HANDBAG W BOBBLES,4.13,162,Acme Supplies Ltd,2.6436480156993305,30.0,Lighting,Acme Supplies Ltd,Lighting
84924A,WAKE UP COCKEREL CALENDAR SIGN,3.75,81,EuroParts GmbH,1.827996009648418,27.0,home decor,EuroParts GmbH,Home Decor
84924F,PSYCHEDELIC METAL SIGN CALENDAR,0.79,10,PACIFIC IMPORTERS LLC,0.3341386115073007,6.0,Unknown,Pacific Importers,Other
84925D,LA PALMIERA WALL THERMOMETER,2.55,3,EuroParts GmbH,1.6363741663050728,28.0,home decor,EuroParts GmbH,Home Decor
84925F,PSYCHEDELIC WALL THERMOMETER,2.55,95,ACME SUPPLIES,1.5308738954262304,38.0,Kitchen,Acme Supplies Ltd,Kitchen
84926A,WAKE UP COCKEREL TILE COASTER,0.29,604,ACME SUPPLIES,0.1570587317325108,5.0,Kitchen,Acme Supplies Ltd,Kitchen
84926D,LA PALMIERA TILE COASTER,0.29,709,,0.1529065620927914,3.0,home decor,UNKNOWN,Home Decor
84926E,FLOWERS TILE COASTER,0.29,992,EuroParts GmbH,0.1380066490068044,19.0,LIGHTING,EuroParts GmbH,Lighting
84926F,PSYCHEDELIC TILE COASTER,0.29,406,,0.183965542538558,9.0,Home Decor,UNKNOWN,Home Decor
84927A,WAKE UP COCKEREL TILE HOOK,2.1,42,EuroParts GmbH,1.553441000428495,7.0,Unknown,EuroParts GmbH,Other
84927D,LA PALMIERA TILE HOOK,0.39,45,Pacific Importers,0.1799851310567267,21.0,Stationery,Pacific Importers,Stationery
84927E,FLOWERS TILE HOOK,2.1,55,PACIFIC IMPORTERS LLC,1.3776753912924278,41.0,LIGHTING,Pacific Importers,Lighting
84927F,PSYCHEDELIC TILE HOOK,0.39,294,,0.2139012601093257,36.0,Kitchen,UNKNOWN,Kitchen
84929,ASSTD FRUIT+FLOWERS FRIDGE MAGNETS,0.19,1738,Pacific Importers,0.1057047999960202,37.0,Gifts,Pacific Importers,Gifts
84931A,PINK SCOTTIE DOG W FLOWER PATTERN,2.55,135,PACIFIC IMPORTERS LLC,1.2468264475140742,18.0,Lighting,Pacific Importers,Lighting
84931B,BLUE SCOTTIE DOG W FLOWER PATTERN,2.55,177,ACME SUPPLIES,1.7564328765278163,42.0,Gifts,Acme Supplies Ltd,Gifts
84944,SET OF 6 KASHMIR FOLKART BAUBLES,1.65,845,Global Trade Co.,0.9402351113950316,41.0,home decor,GlobalTrade Co,Home Decor
84945,MULTI COLOUR SILVER T-LIGHT HOLDER,0.85,10454,EuroParts GmbH,0.5016632410289835,29.0,LIGHTING,EuroParts GmbH,Lighting
84946,ANTIQUE SILVER TEA GLASS ETCHED,1.25,18911,acme-supplies,0.6333328993488301,43.0,Kitchen,Acme Supplies Ltd,Kitchen
84947,ANTIQUE SILVER TEA GLASS ENGRAVED,1.25,8674,ACME SUPPLIES,0.5795412037292905,40.0,Kitchen,Acme Supplies Ltd,Kitchen
84949,SILVER HANGING T-LIGHT HOLDER,1.65,4538,GlobalTrade Co,0.7096132491871289,27.0,Home Decor,GlobalTrade Co,Home Decor
84950,ASSORTED COLOUR T-LIGHT HOLDER,0.65,3621,acme-supplies,0.4224621045604184,28.0,Home Decor,Acme Supplies Ltd,Home Decor
84951A,SET OF 4 PISTACHIO LOVEBIRD COASTER,1.66,452,ACME SUPPLIES,0.7780121176606442,16.0,Unknown,Acme Supplies Ltd,Other
84951B,SET OF 4 BLACK LOVEBIRD COASTERS,1.66,451,Global Trade Co.,1.0649337807836916,16.0,home decor,GlobalTrade Co,Home Decor
84952A,CLEAR LOVE BIRD T-LIGHT HOLDER,1.66,92,,0.8908087151532802,16.0,Lighting,UNKNOWN,Lighting
84952B,BLACK LOVE BIRD T-LIGHT HOLDER,1.66,183,Pacific Importers,0.9055651593749874,27.0,Unknown,Pacific Importers,Other
84952C,MIRROR LOVE BIRD T-LIGHT HOLDER,3.75,125,ACME SUPPLIES,2.115795463621762,38.0,LIGHTING,Acme Supplies Ltd,Lighting
84963A,PINK PAINTED KASHMIRI CHAIR,42.95,4,Acme Supplies Ltd,22.70757814842729,6.0,Home Decor,Acme Supplies Ltd,Home Decor
84963B,BLUE PAINTED KASHMIRI CHAIR,49.95,3,EuroParts GmbH,21.739088751793933,17.0,Stationery,EuroParts GmbH,Stationery
84964B,UNKNOWN,0.0,-1,GlobalTrade Co,0.0,34.0,Lighting,GlobalTrade Co,Lighting
84966A,UNKNOWN,0.0,-17,Euro Parts,0.0,20.0,Stationery,EuroParts GmbH,Stationery
84966B,UNKNOWN,0.0,-11,PACIFIC IMPORTERS LLC,0.0,16.0,LIGHTING,Pacific Importers,Lighting
84967A,UNKNOWN,0.0,-2,Euro Parts,0.0,3.0,Unknown,EuroParts GmbH,Other
84967B,UNKNOWN,0.0,-1,acme-supplies,0.0,44.0,Home Decor,Acme Supplies Ltd,Home Decor
84968A,SET OF 16 VINTAGE ROSE CUTLERY,12.75,257,EuroParts GmbH,5.963258255003272,22.0,Lighting,EuroParts GmbH,Lighting
84968B,SET OF 16 VINTAGE IVORY CUTLERY,6.375,-17,acme-supplies,3.0193927069134463,12.0,LIGHTING,Acme Supplies Ltd,Lighting
84968C,SET OF 16 VINTAGE PISTACHIO CUTLERY,12.75,313,,5.202847632014486,12.0,Unknown,UNKNOWN,Other
84968D,SET OF 16 VINTAGE RED CUTLERY,12.75,156,PACIFIC IMPORTERS LLC,9.101731478963307,26.0,Kitchen,Pacific Importers,Kitchen
84968E,CHECK,12.75,99,GlobalTrade Co,6.0402784928967685,36.0,Unknown,GlobalTrade Co,Other
84968F,SET OF 16 VINTAGE SKY BLUE CUTLERY,12.75,157,acme-supplies,6.115369925828968,30.0,home decor,Acme Supplies Ltd,Home Decor
84968A,SET OF 16 VINTAGE ROSE CUTLERY,24.96,5,ACME SUPPLIES,12.426598115587874,29.0,Gifts,Acme Supplies Ltd,Gifts
84968D,SET OF 16 VINTAGE RED CUTLERY,24.96,3,EuroParts GmbH,11.097036914331268,42.0,Kitchen,EuroParts GmbH,Kitchen
84968E,SET OF 16 VINTAGE BLACK CUTLERY,24.96,8,ACME SUPPLIES,15.568600547472386,3.0,Stationery,Acme Supplies Ltd,Stationery
84968F,SET OF 16 VINTAGE SKY BLUE CUTLERY,25.49,1,Pacific Importers,10.866387856773835,35.0,Kitchen,Pacific Importers,Kitchen
84969,BOX OF 6 ASSORTED COLOUR TEASPOONS,4.25,507,acme-supplies,1.899626109160446,6.0,Unknown,Acme Supplies Ltd,Other
84970L,SINGLE HEART ZINC T-LIGHT HOLDER,0.95,6053,PACIFIC IMPORTERS LLC,0.5943816115912058,9.0,LIGHTING,Pacific Importers,Lighting
84970S,HANGING HEART ZINC T-LIGHT HOLDER,0.85,8880,Euro Parts,0.4410490345932292,11.0,Kitchen,EuroParts GmbH,Kitchen
84970L,SINGLE HEART ZINC T-LIGHT HOLDER,2.08,201,Euro Parts,1.3473860178384656,18.0,Gifts,EuroParts GmbH,Gifts
84970S,HANGING HEART ZINC T-LIGHT HOLDER,2.08,238,EuroParts GmbH,1.2378052141198634,7.0,home decor,EuroParts GmbH,Home Decor
84971L,UNKNOWN,0.0,2,ACME SUPPLIES,0.0,36.0,Unknown,Acme Supplies Ltd,Other
84971S,SMALL HEART FLOWERS HOOK,0.85,1785,Acme Supplies Ltd,0.5336213152705751,25.0,Gifts,Acme Supplies Ltd,Gifts
84971L,LARGE HEART FLOWERS HOOK,2.46,2,EuroParts GmbH,1.0841116387321703,27.0,Kitchen,EuroParts GmbH,Kitchen
84974,S/2 ZINC HEART DESIGN PLANTERS,9.95,40,GlobalTrade Co,5.848049159076206,15.0,Gifts,GlobalTrade Co,Gifts
84975,HEART SHAPED MIRROR,1.69,4,Global Trade Co.,0.934573104134138,26.0,Kitchen,GlobalTrade Co,Kitchen
84976,RECTANGULAR SHAPED MIRROR,0.79,432,Acme Supplies Ltd,0.3900670456490224,13.0,Lighting,Acme Supplies Ltd,Lighting
84977,WIRE FLOWER T-LIGHT HOLDER,0.0,4,acme-supplies,0.0,19.0,Kitchen,Acme Supplies Ltd,Kitchen
84978,HANGING HEART JAR T-LIGHT HOLDER,1.25,12337,Acme Supplies Ltd,0.8812084466488735,39.0,Home Decor,Acme Supplies Ltd,Home Decor
84984A,GREEN PEONY CUSHION COVER,4.65,19,,3.485717398864408,15.0,Gifts,UNKNOWN,Gifts
84984B,RED PEONY CUSHION COVER,4.65,17,acme-supplies,2.849133906129924,29.0,LIGHTING,Acme Supplies Ltd,Lighting
84984D,ORIENTAL RED CUSHION COVER,4.65,13,Pacific Importers,2.5186588104707246,22.0,home decor,Pacific Importers,Home Decor
84985A,SET OF 72 GREEN PAPER DOILIES,1.45,37,Acme Supplies Ltd,0.6942926033597223,35.0,Gifts,Acme Supplies Ltd,Gifts
84987,SET OF 36 TEATIME PAPER DOILIES,1.45,3038,PACIFIC IMPORTERS LLC,0.7104762653680192,44.0,Stationery,Pacific Importers,Stationery
84988,SET OF 72 PINK HEART PAPER DOILIES,1.45,7299,GlobalTrade Co,0.8233234014110061,34.0,home decor,GlobalTrade Co,Home Decor
84989A,75 GREEN FAIRY CAKE CASES,0.55,28,,0.340150271157588,10.0,home decor,UNKNOWN,Home Decor
84989A,75 GREEN FAIRY CAKE CASES,2.08,42,,1.4972569724709597,31.0,Stationery,UNKNOWN,Stationery
84990,60 GOLD AND SILVER FAIRY CAKE CASES,0.0,-20,GlobalTrade Co,0.0,42.0,Home Decor,GlobalTrade Co,Home Decor
84991,60 TEATIME FAIRY CAKE CASES,0.55,18040,,0.2918880837954963,21.0,Gifts,UNKNOWN,Gifts
84992,72 SWEETHEART FAIRY CAKE CASES,0.55,13230,Unknown Vendor,0.2938303936435406,8.0,home decor,UNKNOWN,Home Decor
84993A,75 GREEN PETIT FOUR CASES,0.42,343,Euro Parts,0.2909831709240457,41.0,Gifts,EuroParts GmbH,Gifts
84993B,75 BLACK PETIT FOUR CASES,0.42,4,Euro Parts,0.2636658831644946,43.0,home decor,EuroParts GmbH,Home Decor
84993A,75 GREEN PETIT FOUR CASES,0.83,32,acme-supplies,0.5104160510176382,23.0,Stationery,Acme Supplies Ltd,Stationery
84997A,GREEN 3 PIECE POLKADOT CUTLERY SET,4.15,2560,Pacific Importers,2.14534274001256,24.0,Stationery,Pacific Importers,Stationery
84997B,RED 3 PIECE RETROSPOT CUTLERY SET,4.15,4180,Acme Supplies Ltd,2.8480058168491187,44.0,Kitchen,Acme Supplies Ltd,Kitchen
84997C,BLUE 3 PIECE POLKADOT CUTLERY SET,4.15,3037,Acme Supplies Ltd,1.7157235086191562,12.0,Unknown,Acme Supplies Ltd,Other
84997D,PINK 3 PIECE POLKADOT CUTLERY SET,4.15,5076,Unknown Vendor,2.9248328928211094,12.0,Gifts,UNKNOWN,Gifts
84997A,GREEN 3 PIECE POLKADOT CUTLERY SET,8.29,106,GlobalTrade Co,4.803743834252086,31.0,Gifts,GlobalTrade Co,Gifts
84997B,RED 3 PIECE RETROSPOT CUTLERY SET,8.29,364,EuroParts GmbH,4.471523056456192,18.0,home decor,EuroParts GmbH,Home Decor
84997C,BLUE 3 PIECE POLKADOT CUTLERY SET,8.29,284,Euro Parts,4.758530865002364,3.0,Kitchen,EuroParts GmbH,Kitchen
84997D,PINK 3 PIECE POLKADOT CUTLERY SET,8.29,319,,5.25250616184391,19.0,LIGHTING,UNKNOWN,Lighting
85006,SET 4 NURSERY DES ROUND BOXES,0.85,34,Unknown Vendor,0.3437977143890744,32.0,Gifts,UNKNOWN,Gifts
85008,SET OF 3 CONEY ISLAND OVAL BOXES,4.95,-3,acme-supplies,3.489963591313914,28.0,home decor,Acme Supplies Ltd,Home Decor
85014A,BLACK/BLUE POLKADOT UMBRELLA,5.95,1158,Acme Supplies Ltd,3.310335061460976,21.0,Home Decor,Acme Supplies Ltd,Home Decor
85014B,RED RETROSPOT UMBRELLA,5.95,1913,Global Trade Co.,3.0942277772754125,23.0,Stationery,GlobalTrade Co,Stationery
85014A,BLACK/BLUE POLKADOT UMBRELLA,12.46,18,Acme Supplies Ltd,5.586888911730124,19.0,Stationery,Acme Supplies Ltd,Stationery
85014B,RED RETROSPOT UMBRELLA,12.46,25,Acme Supplies Ltd,6.900508497577167,42.0,Unknown,Acme Supplies Ltd,Other
85015,SET OF 12  VINTAGE POSTCARD SET,0.65,2182,GlobalTrade Co,0.3729134304671962,23.0,Stationery,GlobalTrade Co,Stationery
85016,SET OF 6 VINTAGE NOTELETS KIT,2.46,522,Euro Parts,1.3315398039588844,43.0,Lighting,EuroParts GmbH,Lighting
85017A,ENVELOPE 50 ROMANTIC IMAGES,0.85,-4,Pacific Importers,0.5419013779135018,42.0,Home Decor,Pacific Importers,Home Decor
85017B,ENVELOPE 50 BLOSSOM IMAGES,0.83,866,GlobalTrade Co,0.4542704416045551,21.0,Home Decor,GlobalTrade Co,Home Decor
85017C,ENVELOPE 50 CURIOUS IMAGES,0.42,64,PACIFIC IMPORTERS LLC,0.3093283839434463,9.0,Kitchen,Pacific Importers,Kitchen
85018B,UNKNOWN,0.0,-2,acme-supplies,0.0,19.0,Lighting,Acme Supplies Ltd,Lighting
85018C,UNKNOWN,0.0,3,Acme Supplies Ltd,0.0,3.0,Gifts,Acme Supplies Ltd,Gifts
85018D,YULETIDE IMAGES S/6 PAPER BOXES,2.55,12,EuroParts GmbH,1.11760014352521,39.0,Unknown,EuroParts GmbH,Other
85019A,ROMANTIC IMAGES NOTEBOOK SET,1.25,414,PACIFIC IMPORTERS LLC,0.6738149406638337,8.0,Home Decor,Pacific Importers,Home Decor
85019B,BLOSSOM  IMAGES NOTEBOOK SET,1.25,527,EuroParts GmbH,0.6473708693831293,28.0,Lighting,EuroParts GmbH,Lighting
85019C,CURIOUS  IMAGES NOTEBOOK SET,1.25,62,Acme Supplies Ltd,0.749148544809759,4.0,Lighting,Acme Supplies Ltd,Lighting
85020,ROUND PINK HEART MIRROR,2.1,85,Euro Parts,1.472918437245148,34.0,home decor,EuroParts GmbH,Home Decor
85023B,EAU DE NILE JEWELLED PHOTOFRAME,2.55,32,PACIFIC IMPORTERS LLC,1.089916859352591,7.0,Home Decor,Pacific Importers,Home Decor
85023C,PINK LARGE JEWELED PHOTOFRAME,2.55,-1,Pacific Importers,1.0847730072549044,39.0,LIGHTING,Pacific Importers,Lighting
85024B,EAU DE NILE JEWELLED PHOTOFRAME,1.65,193,PACIFIC IMPORTERS LLC,1.1510584764610132,33.0,home decor,Pacific Importers,Home Decor
85024C,PINK SMALL JEWELLED PHOTOFRAME,1.65,11,,0.7829209246871514,14.0,Kitchen,UNKNOWN,Kitchen
85025B,EAU DE NILE HEART SHAPE PHOTO FRAME,1.65,330,Pacific Importers,1.0462050044447673,37.0,Lighting,Pacific Importers,Lighting
85025C,PINK HEART SHAPE PHOTO FRAME,1.65,235,Pacific Importers,0.973512121438365,32.0,Stationery,Pacific Importers,Stationery
85026B,EAU DE NILE JEWELLED T-LIGHT HOLDER,0.85,79,Unknown Vendor,0.5877858444789507,8.0,Lighting,UNKNOWN,Lighting
85027L,FRENCH CHATEAU LARGE PLATTER,1.95,73,EuroParts GmbH,0.8653731809633455,17.0,Gifts,EuroParts GmbH,Gifts
85028L,FRENCH CHATEAU LARGE FRUIT BOWL,1.95,19,Global Trade Co.,0.8685768741056822,17.0,Home Decor,GlobalTrade Co,Home Decor
85028S,FRENCH CHATEAU SMALL FRUITBOWL,1.95,47,EuroParts GmbH,1.1600285308899447,18.0,LIGHTING,EuroParts GmbH,Lighting
85030,FRENCH CHATEAU OVAL PLATTER,1.95,6,GlobalTrade Co,1.425903430917088,22.0,Gifts,GlobalTrade Co,Gifts
85031A,ROMANTIC IMAGES SCRAP BOOK SET,4.95,16,ACME SUPPLIES,2.698983616377332,15.0,Kitchen,Acme Supplies Ltd,Kitchen
85031B,BLOSSOM IMAGES SCRAP BOOK SET,4.95,1,Pacific Importers,2.546427188691259,44.0,Unknown,Pacific Importers,Other
85031C,CURIOUS IMAGES SCRAP BOOK SET,2.475,2,,1.5155446262201688,33.0,Stationery,UNKNOWN,Stationery
85032A,ROMANTIC IMAGES GIFT WRAP SET,0.65,790,,0.4716770566239946,36.0,Home Decor,UNKNOWN,Home Decor
85032B,BLOSSOM IMAGES GIFT WRAP SET,0.65,798,GlobalTrade Co,0.4504010819721519,31.0,Lighting,GlobalTrade Co,Lighting
85032C,CURIOUS IMAGES GIFT WRAP SET,0.65,673,Pacific Importers,0.4864725214418075,5.0,Stationery,Pacific Importers,Stationery
85032D,YULETIDE IMAGES GIFT WRAP SET,0.65,845,ACME SUPPLIES,0.2651343526785408,11.0,Lighting,Acme Supplies Ltd,Lighting
85034A,3 GARDENIA MORRIS BOXED CANDLES,1.25,437,Unknown Vendor,0.5493754383118334,13.0,Kitchen,UNKNOWN,Kitchen
85034B,3 WHITE CHOC MORRIS BOXED CANDLES,1.25,949,Unknown Vendor,0.7666421464728972,13.0,Unknown,UNKNOWN,Other
85034C,3 ROSE MORRIS BOXED CANDLES,1.25,1113,PACIFIC IMPORTERS LLC,0.8590021922085591,27.0,LIGHTING,Pacific Importers,Lighting
85034A,3 GARDENIA MORRIS BOXED CANDLES,8.29,3,Euro Parts,4.1436364592030825,24.0,LIGHTING,EuroParts GmbH,Lighting
85034B,3 WHITE CHOC MORRIS BOXED CANDLES,8.29,1,EuroParts GmbH,4.0100709719312855,44.0,Home Decor,EuroParts GmbH,Home Decor
85035A,GARDENIA 3 WICK MORRIS BOXED CANDLE,4.25,214,Pacific Importers,2.870626501579536,11.0,Kitchen,Pacific Importers,Kitchen
85035B,CHOCOLATE 3 WICK MORRIS BOX CANDLE,3.36,584,Acme Supplies Ltd,1.4103050601314004,22.0,Kitchen,Acme Supplies Ltd,Kitchen
85035C,ROSE 3 WICK MORRIS BOX CANDLE,1.25,1128,Global Trade Co.,0.661604908317381,23.0,Unknown,GlobalTrade Co,Other
85035A,GARDENIA 3 WICK MORRIS BOXED CANDLE,8.47,2,EuroParts GmbH,4.887471440374962,23.0,Kitchen,EuroParts GmbH,Kitchen
85035B,CHOCOLATE 3 WICK MORRIS BOX CANDLE,8.47,1,EuroParts GmbH,5.0491536451115335,24.0,Kitchen,EuroParts GmbH,Kitchen
85035C,ROSE 3 WICK MORRIS BOX CANDLE,8.47,1,GlobalTrade Co,5.547979632312187,31.0,Lighting,GlobalTrade Co,Lighting
85036A,GARDENIA 1 WICK MORRIS BOXED CANDLE,4.25,140,,2.2278330136031044,11.0,home decor,UNKNOWN,Home Decor
85036B,CHOCOLATE 1 WICK MORRIS BOX CANDLE,1.25,-944,ACME SUPPLIES,0.7680494007951406,7.0,Gifts,Acme Supplies Ltd,Gifts
85036C,ROSE 1 WICK MORRIS BOXED CANDLE,1.25,-999,Pacific Importers,0.7561017474710434,42.0,Lighting,Pacific Importers,Lighting
85036A,GARDENIA 1 WICK MORRIS BOXED CANDLE,8.29,2,EuroParts GmbH,4.904908116046847,13.0,LIGHTING,EuroParts GmbH,Lighting
85036B,CHOCOLATE 1 WICK MORRIS BOX CANDLE,8.47,1,EuroParts GmbH,5.286712722520088,23.0,Unknown,EuroParts GmbH,Other
85038,6 CHOCOLATE LOVE HEART T-LIGHTS,2.1,1065,PACIFIC IMPORTERS LLC,1.0306951407350362,44.0,Stationery,Pacific Importers,Stationery
85039A,SET/4 RED MINI ROSE CANDLE IN BOWL,1.63,705,acme-supplies,0.7002921139200309,3.0,Unknown,Acme Supplies Ltd,Other
85039B,S/4 IVORY MINI ROSE CANDLE IN BOWL,1.63,806,ACME SUPPLIES,0.7200444888986736,41.0,Unknown,Acme Supplies Ltd,Other
85039C,S/4 BLACK MINI ROSE CANDLE IN BOWL,1.63,304,PACIFIC IMPORTERS LLC,0.7801242493040506,7.0,Unknown,Pacific Importers,Other
85039A,SET/4 RED MINI ROSE CANDLE IN BOWL,3.29,40,Pacific Importers,1.8919779227544875,24.0,Unknown,Pacific Importers,Other
85040A,S/4 PINK FLOWER CANDLES IN BOWL,1.65,873,ACME SUPPLIES,1.1453556884403264,28.0,Kitchen,Acme Supplies Ltd,Kitchen
85040B,SET/4 BLUE FLOWER CANDLES IN BOWL,1.65,132,EuroParts GmbH,1.0649969050560415,8.0,Unknown,EuroParts GmbH,Other
85040A,S/4 PINK FLOWER CANDLES IN BOWL,3.29,32,Global Trade Co.,2.2245802557386574,34.0,Stationery,GlobalTrade Co,Stationery
85042,ANTIQUE LILY FAIRY LIGHTS,4.95,-3,PACIFIC IMPORTERS LLC,2.588065268451954,13.0,Unknown,Pacific Importers,Other
85044,UNKNOWN,0.0,1,Euro Parts,0.0,12.0,Lighting,EuroParts GmbH,Lighting
85045,GREEN CHRISTMAS TREE STRING 20LIGHT,4.95,60,ACME SUPPLIES,2.662053867478737,41.0,Kitchen,Acme Supplies Ltd,Kitchen
85047,WHITE BEADED GARLAND STRING 20LIGHT,6.35,0,Acme Supplies Ltd,2.9664381523390047,36.0,LIGHTING,Acme Supplies Ltd,Lighting
85048,15CM CHRISTMAS GLASS BALL 20 LIGHTS,7.95,1318,Euro Parts,3.3503353512844893,33.0,Lighting,EuroParts GmbH,Lighting
85049A,TRADITIONAL CHRISTMAS RIBBONS,1.25,2993,PACIFIC IMPORTERS LLC,0.7585257906119116,14.0,LIGHTING,Pacific Importers,Lighting
85049B,LUSH GREENS RIBBONS,1.25,59,EuroParts GmbH,0.9327822989965064,18.0,Kitchen,EuroParts GmbH,Kitchen
85049C,ROMANTIC PINKS RIBBONS,1.25,1217,Euro Parts,0.57298799591574,40.0,Lighting,EuroParts GmbH,Lighting
85049D,BRIGHT BLUES RIBBONS,1.25,423,Euro Parts,0.5204246087059323,5.0,LIGHTING,EuroParts GmbH,Lighting
85049E,SCANDINAVIAN REDS RIBBONS,1.25,2851,Unknown Vendor,0.8410451107979706,4.0,Home Decor,UNKNOWN,Home Decor
85049F,BABY BOOM RIBBONS,1.25,248,Pacific Importers,0.6105063779245669,23.0,Gifts,Pacific Importers,Gifts
85049G,CHOCOLATE BOX RIBBONS,1.25,1601,Pacific Importers,0.8629691648419062,13.0,Gifts,Pacific Importers,Gifts
85049H,URBAN BLACK RIBBONS,0.83,849,Global Trade Co.,0.5364936017735268,27.0,Kitchen,GlobalTrade Co,Kitchen
85049A,TRADITIONAL CHRISTMAS RIBBONS,3.29,244,ACME SUPPLIES,2.4049430779140013,37.0,Home Decor,Acme Supplies Ltd,Home Decor
85049B,LUSH GREENS RIBBONS,2.46,2,Pacific Importers,1.3360863499864948,37.0,Stationery,Pacific Importers,Stationery
85049C,ROMANTIC PINKS RIBBONS,2.46,1,acme-supplies,1.553956031766996,24.0,Home Decor,Acme Supplies Ltd,Home Decor
85049D,BRIGHT BLUES RIBBONS,2.46,2,,1.3842399662802258,39.0,home decor,UNKNOWN,Home Decor
85049E,SCANDINAVIAN REDS RIBBONS,3.29,109,Pacific Importers,2.042122884950788,24.0,Kitchen,Pacific Importers,Kitchen
85049G,CHOCOLATE BOX RIBBONS,2.46,113,Pacific Importers,1.3711046580726618,13.0,Home Decor,Pacific Importers,Home Decor
85053,FRENCH ENAMEL CANDLEHOLDER,2.1,1673,GlobalTrade Co,0.9786447011216952,34.0,Stationery,GlobalTrade Co,Stationery
85054,FRENCH ENAMEL POT W LID,2.95,573,Acme Supplies Ltd,1.704404082023491,37.0,Kitchen,Acme Supplies Ltd,Kitchen
85055,FRENCH ENAMEL UTENSIL HOLDER,3.75,45,Acme Supplies Ltd,2.193766764386643,33.0,Gifts,Acme Supplies Ltd,Gifts
85059,FRENCH ENAMEL WATER BASIN,3.75,403,Global Trade Co.,2.5639175508414613,10.0,Unknown,GlobalTrade Co,Other
85060,UNKNOWN,0.0,-4,Acme Supplies Ltd,0.0,22.0,Home Decor,Acme Supplies Ltd,Home Decor
85061W,WHITE JEWELLED HEART DECORATION,0.85,1766,PACIFIC IMPORTERS LLC,0.5374780081225796,23.0,Gifts,Pacific Importers,Gifts
85062,PEARL CRYSTAL PUMPKIN T-LIGHT HLDR,1.65,1470,,0.7254810476816106,36.0,Gifts,UNKNOWN,Gifts
85063,CREAM SWEETHEART MAGAZINE RACK,15.95,-3,,10.402840442630188,6.0,Lighting,UNKNOWN,Lighting
85064,CREAM SWEETHEART LETTER RACK,5.45,201,PACIFIC IMPORTERS LLC,3.134332085746237,20.0,Stationery,Pacific Importers,Stationery
85065,CREAM SWEETHEART TRAYS,12.75,-1,ACME SUPPLIES,9.089919179873736,23.0,home decor,Acme Supplies Ltd,Home Decor
85066,CREAM SWEETHEART MINI CHEST,12.75,1751,,9.204924043557549,22.0,Unknown,UNKNOWN,Other
85067,CREAM SWEETHEART WALL CABINET,18.95,-2,,7.945826087166342,11.0,Home Decor,UNKNOWN,Home Decor
85068,CREAM SWEETHEART SHELF + HOOKS,3.975,-5,ACME SUPPLIES,2.731717570843169,18.0,Gifts,Acme Supplies Ltd,Gifts
85071A,BLUE CHARLIE+LOLA PERSONAL DOORSIGN,0.39,889,EuroParts GmbH,0.1611456937926945,28.0,Gifts,EuroParts GmbH,Gifts
85071B,RED CHARLIE+LOLA PERSONAL DOORSIGN,0.39,1299,GlobalTrade Co,0.2061186539073706,40.0,home decor,GlobalTrade Co,Home Decor
85071C,"CHARLIE+LOLA""EXTREMELY BUSY"" SIGN",0.39,683,Euro Parts,0.2300239466722773,27.0,Stationery,EuroParts GmbH,Stationery
85071D,CHARLIE+LOLA MY ROOM DOOR SIGN,0.39,403,Unknown Vendor,0.1762157590126029,6.0,Unknown,UNKNOWN,Other
85078,SCANDINAVIAN 3 HEARTS NAPKIN RING,0.65,1092,Acme Supplies Ltd,0.429786392359465,43.0,LIGHTING,Acme Supplies Ltd,Lighting
85084,HOLLY TOP CHRISTMAS STOCKING,0.85,40,,0.3424855244912113,43.0,Unknown,UNKNOWN,Other
85086A,CANDY SPOT HEART DECORATION,0.83,116,PACIFIC IMPORTERS LLC,0.3809780235700877,40.0,home decor,Pacific Importers,Home Decor
85087,CANDY SPOT CUSHION COVER,3.29,322,Unknown Vendor,1.9847875495762772,21.0,Gifts,UNKNOWN,Gifts
85088,CANDY SPOT HAND BAG,2.1,257,Global Trade Co.,1.36507485809741,16.0,Gifts,GlobalTrade Co,Gifts
85089,CANDY SPOT BUNNY,2.95,14,Euro Parts,2.1264340035314686,23.0,Gifts,EuroParts GmbH,Gifts
85092,CANDY SPOT TEA COSY,1.25,18,Acme Supplies Ltd,0.8086547852213979,17.0,Gifts,Acme Supplies Ltd,Gifts
85093,CANDY SPOT EGG WARMER HARE,0.83,708,GlobalTrade Co,0.5271518780090386,5.0,LIGHTING,GlobalTrade Co,Lighting
85094,CANDY SPOT EGG WARMER RABBIT,0.83,641,Acme Supplies Ltd,0.446556103014868,39.0,Lighting,Acme Supplies Ltd,Lighting
85095,THREE CANVAS LUGGAGE TAGS,1.28,150,Unknown Vendor,0.5125754226360071,18.0,Lighting,UNKNOWN,Lighting
85096,HILDA CANDY SPOT RABBIT,3.75,14,Euro Parts,1.657709027090504,16.0,home decor,EuroParts GmbH,Home Decor
85098B,BLUE FLYING SINGING CANARY,1.875,-6,,1.1008014199961509,11.0,Unknown,UNKNOWN,Other
85099B,JUMBO BAG RED RETROSPOT,2.08,47363,,1.3234945568947376,9.0,Kitchen,UNKNOWN,Kitchen
85099C,JUMBO  BAG BAROQUE BLACK WHITE,2.08,13641,Acme Supplies Ltd,1.1359023506766248,16.0,LIGHTING,Acme Supplies Ltd,Lighting
85099F,JUMBO BAG STRAWBERRY,2.08,16035,GlobalTrade Co,1.3639343203926682,8.0,LIGHTING,GlobalTrade Co,Lighting
85099F,JUMBO BAG STRAWBERRY,5.06,46,Acme Supplies Ltd,2.9482181250332884,23.0,Home Decor,Acme Supplies Ltd,Home Decor
85103,SILVER T-LIGHT SETTING,5.91,74,ACME SUPPLIES,2.517433460586835,17.0,Stationery,Acme Supplies Ltd,Stationery
85104,SILVER GLASS T-LIGHT SET,2.95,-157,ACME SUPPLIES,1.8107865689183815,10.0,Kitchen,Acme Supplies Ltd,Kitchen
85106,CUT GLASS HEXAGON T-LIGHT HOLDER,1.6749999999999998,109,Global Trade Co.,1.1624489583767614,36.0,Lighting,GlobalTrade Co,Lighting
85107,CUT GLASS T-LIGHT HOLDER OCTAGON,2.55,690,acme-supplies,1.6669846263623125,42.0,Lighting,Acme Supplies Ltd,Lighting
85109,PINK BOUDOIR T-LIGHT HOLDER,0.85,12,Acme Supplies Ltd,0.6061916911362172,3.0,Lighting,Acme Supplies Ltd,Lighting
85110,UNKNOWN,0.0,-1,ACME SUPPLIES,0.0,34.0,Kitchen,Acme Supplies Ltd,Kitchen
85111,SILVER GLITTER FLOWER VOTIVE HOLDER,0.29,1304,Acme Supplies Ltd,0.21650758726343,7.0,LIGHTING,Acme Supplies Ltd,Lighting
85114A,BLACK ENCHANTED FOREST PLACEMAT,1.65,649,Unknown Vendor,0.7809323773060866,32.0,Lighting,UNKNOWN,Lighting
85114B,IVORY ENCHANTED FOREST PLACEMAT,1.65,476,EuroParts GmbH,0.6668028785555358,24.0,Kitchen,EuroParts GmbH,Kitchen
85114C,RED ENCHANTED FOREST PLACEMAT,1.65,516,Unknown Vendor,1.2360117473034276,22.0,Lighting,UNKNOWN,Lighting
85114A,BLACK ENCHANTED FOREST PLACEMAT,3.29,49,Global Trade Co.,1.6396565790900477,18.0,Gifts,GlobalTrade Co,Gifts
85114B,IVORY ENCHANTED FOREST PLACEMAT,3.29,36,acme-supplies,2.085224399568213,9.0,LIGHTING,Acme Supplies Ltd,Lighting
85114C,RED ENCHANTED FOREST PLACEMAT,3.29,162,Euro Parts,1.5194496847740155,9.0,Gifts,EuroParts GmbH,Gifts
85115B,S/4 BLACK DISCO PARTITION PANEL,8.29,3,GlobalTrade Co,4.999533086175809,4.0,Home Decor,GlobalTrade Co,Home Decor
85116,BLACK CANDELABRA T-LIGHT HOLDER,1.63,911,GlobalTrade Co,1.167751959772326,16.0,LIGHTING,GlobalTrade Co,Lighting
85118,HEART T-LIGHT HOLDER,1.25,92,acme-supplies,0.6400792607499419,33.0,Lighting,Acme Supplies Ltd,Lighting
85119,WATERING CAN SINGLE HOOK PISTACHIO,1.68,0,Acme Supplies Ltd,1.0661093379140834,43.0,home decor,Acme Supplies Ltd,Home Decor
85123A,WHITE HANGING HEART T-LIGHT HOLDER,2.95,38830,acme-supplies,1.374010455434365,16.0,Home Decor,Acme Supplies Ltd,Home Decor
85123A,WHITE HANGING HEART T-LIGHT HOLDER,6.63,292,GlobalTrade Co,4.101837722726802,7.0,Kitchen,GlobalTrade Co,Kitchen
85124B,BLUE JUICY FRUIT PHOTO FRAME,2.55,87,EuroParts GmbH,1.320281938997128,13.0,Home Decor,EuroParts GmbH,Home Decor
85124C,GREEN JUICY FRUIT PHOTO FRAME,2.55,86,Acme Supplies Ltd,1.2085033707897468,42.0,Lighting,Acme Supplies Ltd,Lighting
85125,SMALL ROUND CUT GLASS CANDLESTICK,4.95,102,ACME SUPPLIES,2.522587902844048,7.0,Kitchen,Acme Supplies Ltd,Kitchen
85126,LARGE ROUND CUTGLASS CANDLESTICK,3.375,-2,Euro Parts,1.561256012174838,31.0,home decor,EuroParts GmbH,Home Decor
85127,SMALL SQUARE CUT GLASS CANDLESTICK,4.95,182,Acme Supplies Ltd,3.542569656829132,13.0,Kitchen,Acme Supplies Ltd,Kitchen
85129B,BEADED CRYSTAL HEART GREEN SMALL,2.46,119,GlobalTrade Co,1.3259779091190478,7.0,Gifts,GlobalTrade Co,Gifts
85129C,BEADED CRYSTAL HEART BLUE SMALL,1.25,80,,0.6073096959262857,34.0,Kitchen,UNKNOWN,Kitchen
85129D,BEADED CRYSTAL HEART PINK SMALL,2.46,208,ACME SUPPLIES,1.3700791511147183,38.0,Kitchen,Acme Supplies Ltd,Kitchen
85130A,BEADED PEARL HEART WHITE LARGE,1.65,54,Acme Supplies Ltd,0.8451096363307511,17.0,Home Decor,Acme Supplies Ltd,Home Decor
85130B,BEADED CRYSTAL HEART GREEN LARGE,0.79,834,Pacific Importers,0.6865936394183142,21.0,home decor,Pacific Importers,Home Decor
85130C,BEADED CRYSTAL HEART BLUE  LARGE,0.79,483,GlobalTrade Co,0.5845423056363392,24.0,Unknown,GlobalTrade Co,Other
85130D,BEADED CRYSTAL HEART PINK LARGE,0.79,565,Pacific Importers,0.4371163060768994,36.0,Kitchen,Pacific Importers,Kitchen
85131A,BEADED PEARL HEART WHITE ON STICK,0.83,983,Euro Parts,0.5821302026919358,19.0,Stationery,EuroParts GmbH,Stationery
85131B,BEADED CRYSTAL HEART GREEN ON STICK,0.83,623,Acme Supplies Ltd,0.4963832228690694,14.0,Unknown,Acme Supplies Ltd,Other
85131C,BEADED CRYSTAL HEART BLUE ON STICK,0.83,193,Pacific Importers,0.3776769607098748,27.0,Gifts,Pacific Importers,Gifts
85131D,BEADED CRYSTAL HEART PINK ON STICK,0.83,850,Pacific Importers,0.5326259065746297,19.0,home decor,Pacific Importers,Home Decor
85132A,CHARLIE + LOLA BISCUITS TINS,5.79,448,Acme Supplies Ltd,3.356475008425474,12.0,home decor,Acme Supplies Ltd,Home Decor
85132B,CHARLIE AND LOLA TABLE TINS,1.95,487,PACIFIC IMPORTERS LLC,1.2240389521195607,30.0,LIGHTING,Pacific Importers,Lighting
85132C,CHARLIE AND LOLA FIGURES TINS,1.95,1406,acme-supplies,1.387211659080161,20.0,Gifts,Acme Supplies Ltd,Gifts
85132A,CHARLIE + LOLA BISCUITS TINS,8.29,8,Pacific Importers,4.593920906758517,20.0,Kitchen,Pacific Importers,Kitchen
85132B,CHARLIE AND LOLA TABLE TINS,8.29,9,Acme Supplies Ltd,5.930766873765156,34.0,Home Decor,Acme Supplies Ltd,Home Decor
85132C,CHARLIE AND LOLA FIGURES TINS,8.29,3,Global Trade Co.,5.4940661449382215,16.0,Unknown,GlobalTrade Co,Other
85135A,YELLOW DRAGONFLY HELICOPTER,7.95,28,GlobalTrade Co,4.539543206255493,18.0,LIGHTING,GlobalTrade Co,Lighting
85135B,BLUE DRAGONFLY HELICOPTER,7.95,55,Euro Parts,4.858465592468284,20.0,Gifts,EuroParts GmbH,Gifts
85135C,RED DRAGONFLY HELICOPTER,7.95,92,Acme Supplies Ltd,4.085929501234149,18.0,Gifts,Acme Supplies Ltd,Gifts
85136A,YELLOW SHARK HELICOPTER,7.95,-5,Global Trade Co.,3.6996769455108383,19.0,Stationery,GlobalTrade Co,Stationery
85136B,BLUE SHARK HELICOPTER,7.95,-2,Global Trade Co.,5.036904611187727,9.0,Kitchen,GlobalTrade Co,Kitchen
85136C,RED SHARK HELICOPTER,7.95,16,EuroParts GmbH,3.302003867071873,14.0,LIGHTING,EuroParts GmbH,Lighting
85141,JARDIN ETCHED GLASS FRUITBOWL,3.95,111,Pacific Importers,2.031554784696622,36.0,Unknown,Pacific Importers,Other
85144,JARDIN ETCHED GLASS BUTTER DISH,1.95,184,PACIFIC IMPORTERS LLC,1.2054121010405567,12.0,Gifts,Pacific Importers,Gifts
85145,JARDIN ETCHED GLASS LARGE BELL JAR,3.95,47,Euro Parts,1.6578807565574492,7.0,home decor,EuroParts GmbH,Home Decor
85146,JARDIN ETCHED GLASS SMALL BELL JAR,1.95,53,,0.796300960575315,23.0,Gifts,UNKNOWN,Gifts
85150,LADIES & GENTLEMEN METAL SIGN,2.55,4152,GlobalTrade Co,1.4216466337785638,5.0,Gifts,GlobalTrade Co,Gifts
85152,HAND OVER THE CHOCOLATE   SIGN,2.1,8194,Pacific Importers,1.0845272820741123,21.0,Gifts,Pacific Importers,Gifts
85159A,"BLACK TEA,COFFEE,SUGAR JARS",1.95,413,Euro Parts,1.0791387999826356,37.0,LIGHTING,EuroParts GmbH,Lighting
85159B,"WHITE TEA,COFFEE,SUGAR JARS",1.95,584,Unknown Vendor,0.9592881839931036,23.0,Home Decor,UNKNOWN,Home Decor
85160A,WHITE BIRD GARDEN DESIGN MUG,0.625,-15,,0.2860320071437771,16.0,Lighting,UNKNOWN,Lighting
85160B,BLACK BIRD GARDEN DESIGN MUG,0.39,104,GlobalTrade Co,0.2500680682278161,6.0,Stationery,GlobalTrade Co,Stationery
85160A,WHITE BIRD GARDEN DESIGN MUG,16.13,1,ACME SUPPLIES,9.357011236889868,20.0,home decor,Acme Supplies Ltd,Home Decor
85161,ACRYLIC GEOMETRIC LAMP,17.95,15,Pacific Importers,8.437468832174147,31.0,Home Decor,Pacific Importers,Home Decor
85163A,WHITE BAROQUE WALL CLOCK,11.85,66,EuroParts GmbH,6.065497145413342,37.0,Stationery,EuroParts GmbH,Stationery
85163B,BLACK BAROQUE WALL CLOCK,10.95,83,Pacific Importers,6.648103806119696,40.0,Gifts,Pacific Importers,Gifts
85167B,BLACK GRAND BAROQUE PHOTO FRAME,4.25,25,Pacific Importers,1.807441155555311,18.0,LIGHTING,Pacific Importers,Lighting
85168B,BLACK BAROQUE CARRIAGE CLOCK,8.29,51,Euro Parts,3.7438349063858194,22.0,Stationery,EuroParts GmbH,Stationery
85169A,IVORY LOVE BIRD CANDLE,1.25,800,GlobalTrade Co,0.5320449517969832,26.0,Kitchen,GlobalTrade Co,Kitchen
85169B,BLACK LOVE BIRD CANDLE,1.25,329,,0.8553888330624271,37.0,Kitchen,UNKNOWN,Kitchen
85169C,EAU DE NIL LOVE BIRD CANDLE,1.25,417,Global Trade Co.,0.829179039530254,21.0,Lighting,GlobalTrade Co,Lighting
85169D,PINK LOVE BIRD CANDLE,1.25,350,GlobalTrade Co,0.829574407697175,6.0,Lighting,GlobalTrade Co,Lighting
85170A,SET/6 IVORY BIRD T-LIGHT CANDLES,1.05,2,Global Trade Co.,0.6832495637274403,35.0,Stationery,GlobalTrade Co,Stationery
85170B,SET/6 BLACK BIRD T-LIGHT CANDLES,2.1,214,EuroParts GmbH,1.3319982863973538,4.0,Home Decor,EuroParts GmbH,Home Decor
85170C,SET/6 EAU DE NIL BIRD T-LIGHTS,2.46,335,Acme Supplies Ltd,1.3946900391406083,15.0,Home Decor,Acme Supplies Ltd,Home Decor
85170D,SET/6 PINK BIRD T-LIGHT CANDLES,2.46,446,ACME SUPPLIES,1.537001498779626,32.0,Gifts,Acme Supplies Ltd,Gifts
85172,HYACINTH BULB T-LIGHT CANDLES,0.42,-755,Unknown Vendor,0.1736391485538322,36.0,Home Decor,UNKNOWN,Home Decor
85173,SET/6 FROG PRINCE T-LIGHT CANDLES,2.55,474,ACME SUPPLIES,1.520015030139491,32.0,Lighting,Acme Supplies Ltd,Lighting
85174,S/4 CACTI CANDLES,4.95,614,Pacific Importers,3.32767312484264,26.0,Home Decor,Pacific Importers,Home Decor
85175,CACTI T-LIGHT CANDLES,0.42,2503,Pacific Importers,0.2415526789765053,35.0,Gifts,Pacific Importers,Gifts
85176,SEWING SUSAN 21 NEEDLE SET,0.85,917,Pacific Importers,0.446360215207103,43.0,Kitchen,Pacific Importers,Kitchen
85177,BASKET OF FLOWERS SEWING KIT,0.85,812,PACIFIC IMPORTERS LLC,0.4225344536032913,12.0,Home Decor,Pacific Importers,Home Decor
85178,VICTORIAN SEWING KIT,1.25,2230,ACME SUPPLIES,0.7812258969459112,20.0,Home Decor,Acme Supplies Ltd,Home Decor
85179A,GREEN BITTY LIGHT CHAIN,2.46,193,Pacific Importers,1.5805018320203514,21.0,Lighting,Pacific Importers,Lighting
85179B,UNKNOWN,0.0,-1,GlobalTrade Co,0.0,9.0,Stationery,GlobalTrade Co,Stationery
85179C,PINK BITTY LIGHT CHAIN,2.46,106,PACIFIC IMPORTERS LLC,1.278749644998913,21.0,Kitchen,Pacific Importers,Kitchen
85179A,GREEN BITTY LIGHT CHAIN,2.46,1,Acme Supplies Ltd,1.6467739566589892,26.0,LIGHTING,Acme Supplies Ltd,Lighting
85180A,RED HEARTS LIGHT CHAIN,2.51,497,Pacific Importers,1.4971510915503332,17.0,Stationery,Pacific Importers,Stationery
85180B,PINK HEARTS LIGHT CHAIN,2.51,271,ACME SUPPLIES,1.7795718570606922,43.0,LIGHTING,Acme Supplies Ltd,Lighting
85183A,CHARLIE & LOLA WASTEPAPER BIN BLUE,1.25,665,acme-supplies,0.730917797379334,44.0,Gifts,Acme Supplies Ltd,Gifts
85183B,CHARLIE & LOLA WASTEPAPER BIN FLORA,1.25,996,ACME SUPPLIES,0.7264630499241107,25.0,Gifts,Acme Supplies Ltd,Gifts
85184C,S/4 VALENTINE DECOUPAGE HEART BOX,2.95,1656,ACME SUPPLIES,1.7766580865877386,6.0,Stationery,Acme Supplies Ltd,Stationery
85184C,SET 4 VALENTINE DECOUPAGE HEART BOX,5.79,2,Euro Parts,3.834487567196144,40.0,Lighting,EuroParts GmbH,Lighting
85185B,PINK HORSE SOCK PUPPET,2.95,249,GlobalTrade Co,2.176042919390386,6.0,Unknown,GlobalTrade Co,Other
85185D,FROG SOCK PUPPET,2.95,15,,1.2559541632277782,7.0,LIGHTING,UNKNOWN,Lighting
85186A,EASTER BUNNY GARLAND OF FLOWERS,0.83,615,Unknown Vendor,0.3475227519945905,43.0,Lighting,UNKNOWN,Lighting
85186C,BUNNY EGG GARLAND,0.83,508,Pacific Importers,0.6043583730168318,25.0,Unknown,Pacific Importers,Other
85187,S/12 MINI RABBIT EASTER,1.65,337,Acme Supplies Ltd,0.966003173736764,42.0,Unknown,Acme Supplies Ltd,Other
85188A,GREEN METAL SWINGING BUNNY,0.85,316,GlobalTrade Co,0.5229336468336634,39.0,Lighting,GlobalTrade Co,Lighting
85188B,PINK METAL SWINGING BUNNY,0.85,8,Euro Parts,0.4835210214744318,13.0,Unknown,EuroParts GmbH,Other
85189,HANGING BUTTERFLY  EGG,0.85,3,GlobalTrade Co,0.3678630921507236,13.0,Unknown,GlobalTrade Co,Other
85194L,HANGING SPRING FLOWER EGG LARGE,0.85,920,Acme Supplies Ltd,0.5685065900795532,15.0,Unknown,Acme Supplies Ltd,Other
85194S,HANGING SPRING FLOWER EGG SMALL,0.65,1168,Pacific Importers,0.4299936067576534,16.0,Kitchen,Pacific Importers,Kitchen
85195,HANGING HEART BASKET,2.1,-2,Euro Parts,1.069101941297217,10.0,Gifts,EuroParts GmbH,Gifts
85197,SET OF 12 MINI BUNNIES IN A BUCKET,2.1,63,Euro Parts,1.0650858452428744,27.0,Unknown,EuroParts GmbH,Other
85198,ASSORTED FARMYARD ANIMALS IN BUCKET,0.85,79,ACME SUPPLIES,0.5892578108193918,20.0,Gifts,Acme Supplies Ltd,Gifts
85199L,LARGE HANGING IVORY & RED WOOD BIRD,0.65,714,EuroParts GmbH,0.2764612761361518,23.0,home decor,EuroParts GmbH,Home Decor
85199S,SMALL HANGING IVORY/RED WOOD BIRD,0.42,2643,ACME SUPPLIES,0.2975224568084151,12.0,Gifts,Acme Supplies Ltd,Gifts
85200,BUNNY EGG BOX,1.25,189,ACME SUPPLIES,0.6122894893294626,9.0,home decor,Acme Supplies Ltd,Home Decor
85202,HANGING WOOD AND FELT HEART,0.42,676,,0.2551687579200576,16.0,Kitchen,UNKNOWN,Kitchen
85203,HANGING WOOD AND FELT BUTTERFLY,0.42,896,acme-supplies,0.3055911443132613,17.0,Gifts,Acme Supplies Ltd,Gifts
85204,HANGING WOOD AND FELT FLOWER,0.42,923,acme-supplies,0.267684007725887,18.0,Stationery,Acme Supplies Ltd,Stationery
85205B,PINK FELT EASTER RABBIT GARLAND,2.55,122,Acme Supplies Ltd,1.38987860762683,4.0,Home Decor,Acme Supplies Ltd,Home Decor
85206A,CREAM FELT EASTER EGG BASKET,1.65,903,,1.0582060056428773,32.0,Kitchen,UNKNOWN,Kitchen
85206B,PINK FELT EASTER EGG BASKET,1.65,14,Euro Parts,0.8586482399727037,32.0,Home Decor,EuroParts GmbH,Home Decor
85208,SET/12 FUNKY FELT FLOWER PEG IN BAG,2.1,202,PACIFIC IMPORTERS LLC,1.6388792492902555,20.0,Stationery,Pacific Importers,Stationery
85211,S/4 GROOVY CAT MAGNETS,1.65,146,EuroParts GmbH,1.2355845930072773,33.0,Lighting,EuroParts GmbH,Lighting
85212,MINI PAINTED GARDEN DECORATION,0.29,2476,ACME SUPPLIES,0.1922052084647484,15.0,Lighting,Acme Supplies Ltd,Lighting
85213,MINI  ZINC GARDEN DECORATIONS,0.85,930,Global Trade Co.,0.5318041932710907,22.0,Unknown,GlobalTrade Co,Other
85214,TUB 24 PINK FLOWER PEGS,1.65,234,GlobalTrade Co,0.8651797689591565,37.0,LIGHTING,GlobalTrade Co,Lighting
85215,ASSORTED CHEESE FRIDGE MAGNETS,0.945,314,Acme Supplies Ltd,0.3942599442430322,25.0,Lighting,Acme Supplies Ltd,Lighting
85216,ASSORTED CAKES FRIDGE MAGNETS,0.65,55,Pacific Importers,0.2670654392979979,44.0,Kitchen,Pacific Importers,Kitchen
85224,ASSORTED COLOUR SILK GLASSES CASE,1.05,-4,,0.6236616113774336,35.0,Lighting,UNKNOWN,Lighting
85225,BLING KEY RING STAND,1.0,6,Acme Supplies Ltd,0.6667114523636679,40.0,Kitchen,Acme Supplies Ltd,Kitchen
85226A,UNKNOWN,0.0,1,GlobalTrade Co,0.0,37.0,Kitchen,GlobalTrade Co,Kitchen
85226C,UNKNOWN,0.0,-6,ACME SUPPLIES,0.0,38.0,Home Decor,Acme Supplies Ltd,Home Decor
85227,SET OF 6 3D KIT CARDS FOR KIDS,0.85,1488,acme-supplies,0.3499443935952334,22.0,Lighting,Acme Supplies Ltd,Lighting
85230A,OPIUM SCENTED VOTIVE CANDLE,0.29,840,,0.1532253357572329,5.0,Gifts,UNKNOWN,Gifts
85230B,CINNAMON SCENTED VOTIVE CANDLE,0.29,1288,Global Trade Co.,0.140062644704179,10.0,home decor,GlobalTrade Co,Home Decor
85230E,STRAWBRY SCENTED VOTIVE CANDLE,0.29,875,Global Trade Co.,0.1613982062679478,42.0,Lighting,GlobalTrade Co,Lighting
85230F,JASMINE VOTIVE CANDLE,0.29,290,EuroParts GmbH,0.1233462039092034,34.0,Lighting,EuroParts GmbH,Lighting
85230G,ORANGE VOTIVE CANDLE,0.29,984,ACME SUPPLIES,0.2128443616194638,31.0,Lighting,Acme Supplies Ltd,Lighting
85231B,CINAMMON SET OF 9 T-LIGHTS,0.85,857,Pacific Importers,0.4064184818181349,9.0,Unknown,Pacific Importers,Other
85231G,ORANGE SCENTED SET/9 T-LIGHTS,0.85,475,Global Trade Co.,0.6143865632063665,4.0,Gifts,GlobalTrade Co,Gifts
85231B,CINAMMON SET OF 9 T-LIGHTS,1.63,3,Pacific Importers,0.8949720449484269,23.0,Gifts,Pacific Importers,Gifts
85231G,ORANGE SCENTED SET/9 T-LIGHTS,1.63,6,Unknown Vendor,1.2142415180221018,8.0,Kitchen,UNKNOWN,Kitchen
85232A,SET/3 POLKADOT STACKING TINS,4.95,61,EuroParts GmbH,2.9399061493448158,30.0,Gifts,EuroParts GmbH,Gifts
85232B,SET OF 3 BABUSHKA STACKING TINS,4.95,25,GlobalTrade Co,3.592667937184587,44.0,Kitchen,GlobalTrade Co,Kitchen
85232D,SET/3 DECOUPAGE STACKING TINS,4.95,217,Euro Parts,1.9892671229127408,38.0,home decor,EuroParts GmbH,Home Decor
90000A,RASPBERRY ANT COPPER FLOWER NECKLAC,5.95,13,ACME SUPPLIES,3.938207313871725,34.0,Home Decor,Acme Supplies Ltd,Home Decor
90000B,MIDNIGHT BLUE COPPER FLOWER NECKLAC,6.23,11,Acme Supplies Ltd,4.461101949090035,44.0,Kitchen,Acme Supplies Ltd,Kitchen
90000C,UNKNOWN,0.0,-1,ACME SUPPLIES,0.0,11.0,Lighting,Acme Supplies Ltd,Lighting
90000D,COPPER/OLIVE GREEN FLOWER NECKLACE,6.23,21,GlobalTrade Co,2.7016024197019566,13.0,Stationery,GlobalTrade Co,Stationery
90001A,ANTIQUE RASPBERRY FLOWER EARRINGS,4.15,5,Pacific Importers,2.276691711937601,25.0,LIGHTING,Pacific Importers,Lighting
90001B,ANTIQUE MID BLUE FLOWER EARRINGS,4.25,5,PACIFIC IMPORTERS LLC,3.088847372872741,13.0,Stationery,Pacific Importers,Stationery
90001C,ANTIQUE OPAL WHITE FLOWER EARRINGS,4.24,5,,2.500901655322611,4.0,Unknown,UNKNOWN,Other
90001D,ANTIQUE OLIVE GREEN FLOWER EARRINGS,4.25,7,Pacific Importers,0.5161448886623244,5.0,Lighting,Pacific Importers,Lighting
90002D,FLOWER BURST SILVER RING CRYSTAL,3.75,22,Pacific Importers,1.6852280302678602,23.0,LIGHTING,Pacific Importers,Lighting
90003B,ROSE COLOUR PAIR HEART HAIR SLIDES,3.75,11,Acme Supplies Ltd,1.5010362333098497,37.0,Kitchen,Acme Supplies Ltd,Kitchen
90003C,MIDNIGHT BLUE PAIR HEART HAIR SLIDE,3.73,28,Acme Supplies Ltd,2.5496378884682,17.0,Lighting,Acme Supplies Ltd,Lighting
90003D,CRYSTAL PAIR HEART HAIR SLIDES,3.73,26,Pacific Importers,1.606328591978534,13.0,LIGHTING,Pacific Importers,Lighting
90003E,GREEN PAIR HEART HAIR SLIDES,3.73,19,Global Trade Co.,2.3194909383589657,33.0,Unknown,GlobalTrade Co,Other
90005A,JADE GREEN ENAMEL HAIR COMB,1.95,17,Euro Parts,1.404225730206618,30.0,Gifts,EuroParts GmbH,Gifts
90010A,MIDNIGHT BLUE GLASS/SILVER BRACELET,9.57,43,ACME SUPPLIES,4.526879583124165,30.0,Kitchen,Acme Supplies Ltd,Kitchen
90010B,BLACK/WHITE GLASS/SILVER BRACELET,8.95,-39,Acme Supplies Ltd,5.663967159512123,34.0,home decor,Acme Supplies Ltd,Home Decor
90010E,AMBER GLASS/SILVER BRACELET,9.15,25,Global Trade Co.,3.912032191905799,27.0,Lighting,GlobalTrade Co,Lighting
90011A,MIDNIGHT BLUE CRYSTAL DROP EARRINGS,2.9,6,acme-supplies,1.7728114709951772,22.0,Gifts,Acme Supplies Ltd,Gifts
90011B,BLACK CRYSTAL DROP EARRINGS,2.95,12,Acme Supplies Ltd,1.349259501884182,30.0,LIGHTING,Acme Supplies Ltd,Lighting
90011C,GREEN CRYSTAL DROP EARRINGS,2.9,2,EuroParts GmbH,1.9069928639229052,27.0,Unknown,EuroParts GmbH,Other
90011D,PURPLE CRYSTAL DROP EARRINGS,2.9,3,Acme Supplies Ltd,1.4657497642158168,13.0,Gifts,Acme Supplies Ltd,Gifts
90011E,AMBER CRYSTAL DROP EARRINGS,2.9,3,PACIFIC IMPORTERS LLC,1.630341873936716,21.0,Kitchen,Pacific Importers,Kitchen
90012A,MIDNIGHT BLUE DROP CRYSTAL NECKLACE,6.465,-7,GlobalTrade Co,3.942361458973001,30.0,Unknown,GlobalTrade Co,Other
90012B,BLACK DROP CRYSTAL NECKLACE,2.95,8,ACME SUPPLIES,1.3568397965128929,3.0,Unknown,Acme Supplies Ltd,Other
90013A,MIDNIGHT BLUE VINTAGE EARRINGS,3.73,44,GlobalTrade Co,2.460208172205304,7.0,Unknown,GlobalTrade Co,Other
90013B,BLACK VINTAGE EARRINGS,4.15,36,Euro Parts,2.099585094774973,12.0,LIGHTING,EuroParts GmbH,Lighting
90013C,GREEN VINTAGE EARRINGS,4.15,39,GlobalTrade Co,2.622095126523275,44.0,Home Decor,GlobalTrade Co,Home Decor
90013D,PURPLE VINTAGE EARRINGS,4.15,6,EuroParts GmbH,1.8899061311408405,36.0,Unknown,EuroParts GmbH,Other
90014A,SILVER/MOP ORBIT NECKLACE,9.95,15,Acme Supplies Ltd,6.376369748186114,38.0,Home Decor,Acme Supplies Ltd,Home Decor
90014B,GOLD M PEARL  ORBIT NECKLACE,9.95,16,Euro Parts,4.426414963562433,4.0,Gifts,EuroParts GmbH,Gifts
90014C,SILVER/BLACK ORBIT NECKLACE,9.95,-3,acme-supplies,5.4613039982602185,20.0,home decor,Acme Supplies Ltd,Home Decor
90016A,SILVER/M.O.P PENDANT ORBIT NECKLACE,8.32,17,EuroParts GmbH,4.04786408672761,15.0,Home Decor,EuroParts GmbH,Home Decor
90016B,GOLD/M.O.P PENDANT ORBIT NECKLACE,8.32,22,Pacific Importers,5.507268726334868,7.0,Gifts,Pacific Importers,Gifts
90016C,SILVER/BLACK PENDANT ORBIT NECKLACE,8.32,3,,4.091045933124019,22.0,Home Decor,UNKNOWN,Home Decor
90018A,SILVER M.O.P ORBIT DROP EARRINGS,4.15,45,GlobalTrade Co,2.9406943875393137,4.0,Gifts,GlobalTrade Co,Gifts
90018B,GOLD M.O.P ORBIT DROP EARRINGS,4.15,22,Acme Supplies Ltd,2.9553688570681054,13.0,Gifts,Acme Supplies Ltd,Gifts
90018C,SILVER BLACK ORBIT DROP EARRINGS,4.15,11,Acme Supplies Ltd,1.9453310103610968,32.0,LIGHTING,Acme Supplies Ltd,Lighting
90019A,SILVER M.O.P ORBIT BRACELET,5.4,38,Euro Parts,3.320168836064599,34.0,home decor,EuroParts GmbH,Home Decor
90019B,GOLD M.O.P ORBIT BRACELET,5.4,18,Pacific Importers,2.325786342850733,34.0,Unknown,Pacific Importers,Other
90019C,SILVER BLACK ORBIT BRACELET,5.4,13,Euro Parts,2.9000051182470794,40.0,home decor,EuroParts GmbH,Home Decor
90020,FILIGREE DIAMANTE CHAIN,12.48,1,acme-supplies,8.107789314461558,30.0,home decor,Acme Supplies Ltd,Home Decor
90021,LASER CUT MULTI STRAND NECKLACE,11.95,1,GlobalTrade Co,7.5380377299497745,12.0,Unknown,GlobalTrade Co,Other
90022,EDWARDIAN DROP EARRINGS JET BLACK,3.75,20,Acme Supplies Ltd,2.319919628596173,24.0,Gifts,Acme Supplies Ltd,Gifts
90023,FILIGREE DIAMANTE EARRINGS,4.24,13,Unknown Vendor,2.1152906416750663,19.0,Unknown,UNKNOWN,Other
90024B,NEW BAROQUE B'FLY NECKLACE RED,8.32,6,PACIFIC IMPORTERS LLC,4.428808652752979,24.0,Gifts,Pacific Importers,Gifts
90024C,NEW BAROQUE B'FLY NECKLACE GREEN,8.49,4,,3.7019044689769007,21.0,Unknown,UNKNOWN,Other
90024D,NEW BAROQUE B'FLY NECKLACE PINK,8.41,2,acme-supplies,5.480443671946305,19.0,LIGHTING,Acme Supplies Ltd,Lighting
90024E,NEW BAROQUE B'FLY NECKLACE MONTANA,8.405000000000001,2,PACIFIC IMPORTERS LLC,4.84431486796073,26.0,Stationery,Pacific Importers,Stationery
90024F,NEW BAROQUE B'FLY NECKLACE CRYSTAL,8.405000000000001,5,EuroParts GmbH,5.44701129895283,38.0,Home Decor,EuroParts GmbH,Home Decor
90025A,BAROQUE BUTTERFLY EARRINGS BLACK,3.75,2,GlobalTrade Co,1.826738376295896,34.0,home decor,GlobalTrade Co,Home Decor
90025B,BAROQUE BUTTERFLY EARRINGS RED,3.73,1,Euro Parts,1.9155541074830789,38.0,Gifts,EuroParts GmbH,Gifts
90025D,BAROQUE BUTTERFLY EARRINGS PINK,3.73,3,,1.92831812279308,30.0,Lighting,UNKNOWN,Lighting
90025E,BAROQUE BUTTERFLY EARRINGS MONTANA,3.73,1,,1.5256067159249909,16.0,Unknown,UNKNOWN,Other
90025F,BAROQUE BUTTERFLY EARRINGS CRYSTAL,3.74,4,EuroParts GmbH,1.9424316655352865,38.0,Unknown,EuroParts GmbH,Other
90026A,GLASS BEAD HOOP NECKLACE BLACK,8.5,2,acme-supplies,5.789831106216149,8.0,Kitchen,Acme Supplies Ltd,Kitchen
90026B,GLASS BEAD HOOP NECKLACE MONTANA,8.5,3,GlobalTrade Co,6.069463024855472,11.0,Lighting,GlobalTrade Co,Lighting
90026C,GLASS BEAD HOOP NECKLACE GREEN,8.5,4,Unknown Vendor,4.941699489016884,23.0,Lighting,UNKNOWN,Lighting
90026D,GLASS BEAD HOOP NECKLACE AMETHYST,8.5,3,Acme Supplies Ltd,4.755117543277181,14.0,LIGHTING,Acme Supplies Ltd,Lighting
90027A,GLASS BEAD HOOP EARRINGS BLACK,2.95,6,EuroParts GmbH,1.2118264188071,32.0,home decor,EuroParts GmbH,Home Decor
90027B,GLASS BEAD HOOP EARRINGS MONTANA,2.9,3,EuroParts GmbH,2.052392402649164,33.0,Stationery,EuroParts GmbH,Stationery
90027C,GLASS BEAD HOOP EARRINGS GREEN,2.9,5,PACIFIC IMPORTERS LLC,1.1732053666272608,42.0,Home Decor,Pacific Importers,Home Decor
90027D,GLASS BEAD HOOP EARRINGS AMETHYST,3.32,9,Unknown Vendor,2.425799593204266,23.0,Stationery,UNKNOWN,Stationery
90028,NEW BAROQUE LARGE NECKLACE BLK/WHIT,8.32,16,GlobalTrade Co,4.752597716179721,33.0,Home Decor,GlobalTrade Co,Home Decor
90029,NEW BAROQUE SMALL NECKLACE BLACK,8.41,5,GlobalTrade Co,4.370484181837209,29.0,Gifts,GlobalTrade Co,Gifts
90030A,SPOTTED WHITE NATURAL SEED NECKLACE,1.0,72,Acme Supplies Ltd,0.7234764521949311,27.0,home decor,Acme Supplies Ltd,Home Decor
90030B,RED KUKUI COCONUT SEED NECKLACE,1.0,122,Global Trade Co.,0.4085368475885338,7.0,Stationery,GlobalTrade Co,Stationery
90030C,BROWN KUKUI COCONUT SEED NECKLACE,1.0,77,acme-supplies,0.6034987132041805,8.0,Kitchen,Acme Supplies Ltd,Kitchen
90031,BILI NUT AND WOOD NECKLACE,1.0,50,GlobalTrade Co,0.5921263835747682,7.0,Home Decor,GlobalTrade Co,Home Decor
90032,IVORY SHELL HEART NECKLACE,6.25,21,Euro Parts,2.979763377649898,29.0,Stationery,EuroParts GmbH,Stationery
90033,IVORY SHELL HEART EARRINGS,2.48,10,,1.364274290411983,10.0,home decor,UNKNOWN,Home Decor
90034,WHITE SILVER NECKLACE SHELL GLASS,10.085,2,ACME SUPPLIES,6.336328874980024,11.0,Kitchen,Acme Supplies Ltd,Kitchen
90035A,"PEARL & SHELL 42""NECKL. GREEN",10.685,-4,GlobalTrade Co,6.993288893539188,17.0,home decor,GlobalTrade Co,Home Decor
90035C,"PEARL & SHELL 42""NECKL. IVORY",10.75,2,,4.302697180883507,38.0,Lighting,UNKNOWN,Lighting
90036A,FLOWER GARLAND NECKLACE RED,7.95,6,Acme Supplies Ltd,5.78679466922825,43.0,Unknown,Acme Supplies Ltd,Other
90036B,"FLOWER GLASS GARLAND NECKL.36""GREEN",7.95,4,Acme Supplies Ltd,3.6377918486830008,9.0,Gifts,Acme Supplies Ltd,Gifts
90036C,"FLOWER GLASS GARLAND NECKL.36""BLUE",7.9,9,ACME SUPPLIES,3.805849900624824,34.0,LIGHTING,Acme Supplies Ltd,Lighting
90036D,"FLOWER GLASS GARLAND NECKL.36""BLACK",7.95,12,Pacific Importers,3.913114862643133,10.0,home decor,Pacific Importers,Home Decor
90036E,"FLOWER GLASS GARLD NECKL36""AMETHYST",7.9,14,ACME SUPPLIES,3.264572677566378,23.0,Gifts,Acme Supplies Ltd,Gifts
90036F,"FLOWER GLASS GARLD NECKL36""TURQUOIS",8.07,8,Unknown Vendor,3.575560723080873,39.0,home decor,UNKNOWN,Home Decor
90037A,TINY CRYSTAL BRACELET RED,2.48,1,Global Trade Co.,1.8481517331155324,21.0,Lighting,GlobalTrade Co,Lighting
90037B,TINY CRYSTAL BRACELET GREEN,2.48,10,Pacific Importers,1.2656081280434843,41.0,home decor,Pacific Importers,Home Decor
90037C,TINY CRYSTAL BRACELET BLUE,2.48,5,acme-supplies,1.0920813464142949,8.0,home decor,Acme Supplies Ltd,Home Decor
90037D,UNKNOWN,0.0,-5,Global Trade Co.,0.0,21.0,Stationery,GlobalTrade Co,Stationery
90038A,GLASS AND PAINTED BEADS BRACELET TO,3.73,15,PACIFIC IMPORTERS LLC,2.431254987793148,30.0,Unknown,Pacific Importers,Other
90038B,GLASS AND PAINTED BEADS BRACELET OL,3.73,13,EuroParts GmbH,2.607639390894613,19.0,Lighting,EuroParts GmbH,Lighting
90038C,GLASS AND BEADS BRACELET IVORY,3.73,9,EuroParts GmbH,1.827451227008308,44.0,Kitchen,EuroParts GmbH,Kitchen
90039A,FIRE POLISHED GLASS BRACELET RED,3.73,8,Pacific Importers,1.5192973683536493,21.0,Unknown,Pacific Importers,Other
90039B,FIRE POLISHED GLASS BRACELET MONTAN,3.74,11,,1.788024834144971,33.0,Home Decor,UNKNOWN,Home Decor
90039C,FIRE POLISHED GLASS BRACELET BLACK,3.73,6,Euro Parts,1.565781234335167,13.0,Stationery,EuroParts GmbH,Stationery
90039D,FIRE POLISHED GLASS BRACELET GREEN,3.73,21,EuroParts GmbH,1.6269820897705192,17.0,Unknown,EuroParts GmbH,Other
90040A,MURANO STYLE GLASS BRACELET RED,4.15,14,Acme Supplies Ltd,2.2867655440787007,12.0,Home Decor,Acme Supplies Ltd,Home Decor
90040B,MURANO STYLE GLASS BRACELET BLACK,3.81,18,Acme Supplies Ltd,1.8305961475439871,25.0,Lighting,Acme Supplies Ltd,Lighting
90040C,MURANO STYLE GLASS BRACELET GOLD,3.73,15,ACME SUPPLIES,2.1655673444149404,5.0,home decor,Acme Supplies Ltd,Home Decor
90041,PEARL AND CHERRY QUARTZ BRACLET,3.73,5,PACIFIC IMPORTERS LLC,1.822936094877262,5.0,Gifts,Pacific Importers,Gifts
90042A,FRESHWATER PEARL BRACELET GOLD,2.55,3,Global Trade Co.,1.8594295412343809,20.0,Unknown,GlobalTrade Co,Other
90042B,UNKNOWN,0.0,1,Global Trade Co.,0.0,27.0,Unknown,GlobalTrade Co,Other
90042C,FRESHWATER PEARL BRACELET IVORY,2.54,15,,1.5198906273543045,22.0,Home Decor,UNKNOWN,Home Decor
90043,COPPER AND BRASS BAG CHARM,7.455,4,,3.9067808010930873,31.0,LIGHTING,UNKNOWN,Lighting
90046,WHITE WITH METAL BAG CHARM,4.95,3,,2.64033697312518,24.0,Home Decor,UNKNOWN,Home Decor
90048,GREEN WITH METAL BAG CHARM,4.95,3,GlobalTrade Co,2.693534080547841,17.0,Gifts,GlobalTrade Co,Gifts
90049,IVORY GOLD METAL BAG CHARM,9.96,5,EuroParts GmbH,6.520341516962416,41.0,Home Decor,EuroParts GmbH,Home Decor
90050,CRACKED GLAZE NECKLACE IVORY,6.95,6,acme-supplies,3.878611856599573,12.0,Home Decor,Acme Supplies Ltd,Home Decor
90051,CRACKED GLAZE NECKLACE RED,6.95,10,ACME SUPPLIES,4.863995594875596,23.0,Unknown,Acme Supplies Ltd,Other
90052,CRACKED GLAZE NECKLACE BROWN,7.07,2,ACME SUPPLIES,5.164162547784688,31.0,Gifts,Acme Supplies Ltd,Gifts
90053,CRACKED GLAZE EARRINGS IVORY,2.48,4,GlobalTrade Co,1.2836012611329148,34.0,Gifts,GlobalTrade Co,Gifts
90054,CRACKED GLAZE EARRINGS RED,2.48,9,Global Trade Co.,1.4786828098340905,12.0,home decor,GlobalTrade Co,Home Decor
90055,CRACKED GLAZE EARRINGS BROWN,2.48,5,Euro Parts,1.074509073970666,15.0,Unknown,EuroParts GmbH,Other
90056,CHUNKY CRACKED GLAZE NECKLACE IVORY,10.82,4,Acme Supplies Ltd,5.0871762838912025,25.0,home decor,Acme Supplies Ltd,Home Decor
90057,DIAMANTE RING ASSORTED IN BOX.,1.25,628,EuroParts GmbH,0.6808912729356951,25.0,Lighting,EuroParts GmbH,Lighting
90058A,CRYSTAL STUD EARRINGS CLEAR DISPLAY,0.38,288,Pacific Importers,0.1794249612149366,33.0,LIGHTING,Pacific Importers,Lighting
90058B,CRYSTAL STUD EARRINGS ASSORTED COL,0.38,576,GlobalTrade Co,0.2685825452748994,6.0,LIGHTING,GlobalTrade Co,Lighting
90059A,DIAMANTE HAIR GRIP PACK/2 CRYSTAL,1.65,39,Pacific Importers,0.7514103128741292,5.0,Lighting,Pacific Importers,Lighting
90059B,DIAMANTE HAIR GRIP PACK/2 BLACK DIA,1.65,10,GlobalTrade Co,0.9231441244469104,23.0,LIGHTING,GlobalTrade Co,Lighting
90059C,DIAMANTE HAIR GRIP PACK/2 MONTANA,1.65,9,Pacific Importers,1.009791311365578,4.0,LIGHTING,Pacific Importers,Lighting
90059D,DIAMANTE HAIR GRIP PACK/2 PERIDOT,1.65,19,Global Trade Co.,1.0595514069628875,6.0,Unknown,GlobalTrade Co,Other
90059E,DIAMANTE HAIR GRIP PACK/2 RUBY,1.65,19,ACME SUPPLIES,0.8812225610170578,3.0,Home Decor,Acme Supplies Ltd,Home Decor
90059F,DIAMANTE HAIR GRIP PACK/2 LT ROSE,1.65,15,Acme Supplies Ltd,1.1619047121885306,17.0,Stationery,Acme Supplies Ltd,Stationery
90060B,FIRE POLISHED GLASS NECKL GOLD,5.95,1,Pacific Importers,3.56352463211978,35.0,Lighting,Pacific Importers,Lighting
90060D,FIRE POLISHED GLASS NECKL BRONZE,5.95,3,,3.295274952782026,8.0,Lighting,UNKNOWN,Lighting
90060F,FIRE POLISHED GLASS NECKL GREEN,5.82,6,GlobalTrade Co,2.464969171563999,9.0,Unknown,GlobalTrade Co,Other
90062,CARNIVAL BRACELET,12.75,43,EuroParts GmbH,7.173676752936549,21.0,home decor,EuroParts GmbH,Home Decor
90063A,WHITE VINT ART DECO CRYSTAL NECKLAC,8.5,12,PACIFIC IMPORTERS LLC,5.841689126426798,3.0,Unknown,Pacific Importers,Other
90063B,BLACK VINT ART DEC CRYSTAL NECKLACE,8.5,9,,5.2282595292084135,41.0,Stationery,UNKNOWN,Stationery
90064A,WHITE VINTAGE CRYSTAL EARRINGS,3.95,10,Euro Parts,2.7304645922805064,21.0,Stationery,EuroParts GmbH,Stationery
90064B,BLACK VINTAGE  CRYSTAL EARRINGS,3.75,11,Pacific Importers,2.1483903176615886,28.0,LIGHTING,Pacific Importers,Lighting
90065A,WHITE VINTAGE CRYSTAL BRACELET,6.75,9,PACIFIC IMPORTERS LLC,2.9798657782857134,14.0,Gifts,Pacific Importers,Gifts
90065B,BLACK VINT ART DEC CRYSTAL BRACELET,6.75,2,,2.732224135787269,23.0,LIGHTING,UNKNOWN,Lighting
90067A,PINK VINTAGE VICTORIAN EARRINGS,2.95,14,GlobalTrade Co,1.4930741819869455,15.0,Unknown,GlobalTrade Co,Other
90067B,BROWN VINTAGE VICTORIAN EARRINGS,2.9,2,GlobalTrade Co,1.8684603285702592,30.0,Lighting,GlobalTrade Co,Lighting
90068,"RUBY GLASS NECKLACE 42""",7.5,1,Acme Supplies Ltd,5.074432247846946,16.0,home decor,Acme Supplies Ltd,Home Decor
90069,RUBY GLASS CLUSTER NECKLACE,7.5,2,Euro Parts,3.7763511908783647,24.0,LIGHTING,EuroParts GmbH,Lighting
90070,RUBY GLASS CLUSTER BRACELET,6.23,17,Euro Parts,3.5727733744859207,32.0,home decor,EuroParts GmbH,Home Decor
90071,RUBY GLASS CLUSTER EARRINGS,1.23,44,Acme Supplies Ltd,0.6732916883588721,22.0,LIGHTING,Acme Supplies Ltd,Lighting
90072,RUBY DROP CHANDELIER EARRINGS,4.15,21,Pacific Importers,2.256284344270449,29.0,LIGHTING,Pacific Importers,Lighting
90073,VINTAGE ENAMEL & CRYSTAL EARRINGS,4.98,27,Global Trade Co.,2.3952408071078626,40.0,Kitchen,GlobalTrade Co,Kitchen
90074,BLACK DIAMOND CLUSTER NECKLACE,9.57,4,Acme Supplies Ltd,4.284775016296171,44.0,Kitchen,Acme Supplies Ltd,Kitchen
90075,MONTANA DIAMOND CLUSTER NECKLACE,9.57,4,Unknown Vendor,4.486808325795448,43.0,LIGHTING,UNKNOWN,Lighting
90076,MONTANA DIAMOND CLUSTER EARRINGS,2.9,8,ACME SUPPLIES,1.2161623729707964,36.0,Home Decor,Acme Supplies Ltd,Home Decor
90077,BLACK DIAMOND CLUSTER EARRINGS,2.96,3,Acme Supplies Ltd,1.389263448529226,41.0,Lighting,Acme Supplies Ltd,Lighting
90078,PINK/WHITE GLASS DEMI CHOKER,7.5,2,Pacific Importers,3.024152356266621,43.0,LIGHTING,Pacific Importers,Lighting
90079,VINTAGE ENAMEL & CRYSTAL NECKLACE,4.965,10,EuroParts GmbH,3.076018285705171,39.0,Kitchen,EuroParts GmbH,Kitchen
90081A,LILY BROOCH AMETHYST COLOUR,4.95,15,Acme Supplies Ltd,2.5281203932991607,3.0,home decor,Acme Supplies Ltd,Home Decor
90081B,LILY BROOCH WHITE/SILVER COLOUR,4.95,1,PACIFIC IMPORTERS LLC,3.665973212547119,17.0,Lighting,Pacific Importers,Lighting
90081C,LILY BROOCH OLIVE COLOUR,4.98,20,Pacific Importers,2.3296488195030878,34.0,Unknown,Pacific Importers,Other
90082A,DIAMANTE BOW BROOCH GREEN COLOUR,6.35,30,Acme Supplies Ltd,3.3086039975130723,10.0,Lighting,Acme Supplies Ltd,Lighting
90082B,DIAMANTE BOW BROOCH RED COLOUR,6.35,30,ACME SUPPLIES,3.3353019750808075,35.0,Kitchen,Acme Supplies Ltd,Kitchen
90082D,DIAMANTE BOW BROOCH BLACK COLOUR,6.35,-9,Pacific Importers,2.5587834499988187,20.0,home decor,Pacific Importers,Home Decor
90083,CRYSTAL CZECH CROSS PHONE CHARM,1.63,25,GlobalTrade Co,1.1307681372090113,31.0,Lighting,GlobalTrade Co,Lighting
90084,PINK CRYSTAL GUITAR PHONE CHARM,0.425,2,,0.1747591759464683,23.0,Stationery,UNKNOWN,Stationery
90085,CRYSTAL STILETTO PHONE CHARM,1.63,34,Euro Parts,1.1883725957130322,35.0,Home Decor,EuroParts GmbH,Home Decor
90086,CRYSTAL FROG PHONE CHARM,1.63,102,Unknown Vendor,1.1609284172989105,7.0,Gifts,UNKNOWN,Gifts
90087,CRYSTAL SEA HORSE PHONE CHARM,1.63,107,acme-supplies,0.957515253127042,20.0,home decor,Acme Supplies Ltd,Home Decor
90089,PINK CRYSTAL SKULL PHONE CHARM,1.63,32,Unknown Vendor,0.962121275486892,12.0,Kitchen,UNKNOWN,Kitchen
90091,UNKNOWN,0.0,-1,Global Trade Co.,0.0,38.0,Unknown,GlobalTrade Co,Other
90092,BLUE CRYSTAL BOOT PHONE CHARM,1.66,1,GlobalTrade Co,0.8888760569341693,35.0,Gifts,GlobalTrade Co,Gifts
90093,CLEAR CRYSTAL STAR PHONE CHARM,1.63,52,Acme Supplies Ltd,1.0212403126784764,25.0,Home Decor,Acme Supplies Ltd,Home Decor
90094,NECKLACE+BRACELET SET FRUIT SALAD,2.55,14,Acme Supplies Ltd,1.0599557869044745,42.0,home decor,Acme Supplies Ltd,Home Decor
90095,UNKNOWN,0.0,-1,EuroParts GmbH,0.0,7.0,LIGHTING,EuroParts GmbH,Lighting
90096,NECKLACE+BRACELET SET BLUE BLOSSOM,2.46,-9,Global Trade Co.,1.3776753912924278,36.0,home decor,GlobalTrade Co,Home Decor
90098,NECKLACE+BRACELET PINK BUTTERFLY,2.55,23,ACME SUPPLIES,1.510537903737136,26.0,Stationery,Acme Supplies Ltd,Stationery
90099,NECKLACE+BRACELET SET BLUE HIBISCUS,2.55,8,PACIFIC IMPORTERS LLC,1.8123772439997183,19.0,Stationery,Pacific Importers,Stationery
90100,NECKLACE+BRACELET SET PINK DAISY,1.275,-4,acme-supplies,0.5567048078813986,33.0,Stationery,Acme Supplies Ltd,Stationery
90101,WHITE FRANGIPANI NECKLACE,2.51,33,Pacific Importers,1.7266962040398317,9.0,Stationery,Pacific Importers,Stationery
90102,WHITE FRANGIPANI HAIR CLIP,0.85,10,GlobalTrade Co,0.4024890828443907,19.0,Kitchen,GlobalTrade Co,Kitchen
90103,PURPLE FRANGIPANI NECKLACE,2.48,29,Euro Parts,1.3340646069067077,30.0,home decor,EuroParts GmbH,Home Decor
90104,PURPLE FRANGIPANI HAIRCLIP,0.825,31,Euro Parts,0.4214189530564154,40.0,Kitchen,EuroParts GmbH,Kitchen
90108,BLUE BLOSSOM HAIR CLIP,1.05,60,Global Trade Co.,0.5670570627780341,24.0,Lighting,GlobalTrade Co,Lighting
90112,PINK DOLLY HAIR CLIPS,0.525,4,GlobalTrade Co,0.2376535477708376,17.0,Unknown,GlobalTrade Co,Other
90114,SUMMER DAISIES BAG CHARM,2.46,167,GlobalTrade Co,1.4175738340614608,39.0,Lighting,GlobalTrade Co,Lighting
90115,SUMMER BUTTERFLIES BAG CHARM,2.46,54,Euro Parts,1.674214269844807,17.0,Unknown,EuroParts GmbH,Other
90116,FRUIT SALAD BAG CHARM,2.46,64,GlobalTrade Co,1.3641607829362303,27.0,Home Decor,GlobalTrade Co,Home Decor
90118,PINK DAISY BAG CHARM,2.46,24,ACME SUPPLIES,1.4064182888483494,23.0,LIGHTING,Acme Supplies Ltd,Lighting
90119,METALIC LEAVES BAG CHARMS,2.46,84,Acme Supplies Ltd,1.714788890927211,40.0,Lighting,Acme Supplies Ltd,Lighting
90120A,PINK MURANO TWIST BRACELET,4.24,7,Global Trade Co.,2.743790242122838,4.0,Home Decor,GlobalTrade Co,Home Decor
90120B,BLUE MURANO TWIST BRACELET,4.24,39,Pacific Importers,2.4238343422433606,29.0,LIGHTING,Pacific Importers,Lighting
90120C,GREEN MURANO TWIST BRACELET,4.24,51,Euro Parts,2.078420341912743,34.0,Home Decor,EuroParts GmbH,Home Decor
90120D,WHITE MURANO TWIST BRACELET,4.195,-8,ACME SUPPLIES,2.977293696055122,23.0,Home Decor,Acme Supplies Ltd,Home Decor
90122A,PINK CRYSTAL+GLASS BRACELET,4.98,22,GlobalTrade Co,2.9977465601466435,6.0,Stationery,GlobalTrade Co,Stationery
90122B,JADE CRYSTAL+GLASS BRACELET,4.98,6,Euro Parts,2.3774602844229387,21.0,Gifts,EuroParts GmbH,Gifts
90122C,TURQUOISE CRYSTAL+GLASS BRACELET,4.98,24,Euro Parts,2.4610757288480523,4.0,Gifts,EuroParts GmbH,Gifts
90123A,PINK HEART OF GLASS BRACELET,5.95,15,GlobalTrade Co,4.052524657709733,28.0,Kitchen,GlobalTrade Co,Kitchen
90123B,TURQUOISE HEART OF GLASS BRACELET,5.95,9,Global Trade Co.,2.471933133047126,36.0,Home Decor,GlobalTrade Co,Home Decor
90123C,GREEN HEART OF GLASS BRACELET,5.95,14,GlobalTrade Co,4.446031979487518,16.0,Stationery,GlobalTrade Co,Stationery
90123D,WHITE HEART OF GLASS BRACELET,5.82,6,,2.593526371579031,17.0,Lighting,UNKNOWN,Lighting
90124A,PINK MURANO TWIST NECKLACE,9.95,8,Acme Supplies Ltd,6.752308639694834,22.0,Lighting,Acme Supplies Ltd,Lighting
90124B,BLUE MURANO TWIST NECKLACE,9.96,12,,5.360186754266087,36.0,Kitchen,UNKNOWN,Kitchen
90124C,GREEN MURANO TWIST NECKLACE,9.95,11,EuroParts GmbH,5.694142858298602,38.0,Kitchen,EuroParts GmbH,Kitchen
90125A,PINK BERTIE GLASS BEAD BAG CHARM,1.24,115,Pacific Importers,0.8782023506196267,21.0,Home Decor,Pacific Importers,Home Decor
90125B,AQUA BERTIE GLASS BEAD BAG CHARM,1.66,30,Acme Supplies Ltd,0.9039014011513328,11.0,LIGHTING,Acme Supplies Ltd,Lighting
90125C,TURQUOISE BERTIE GLASS BEAD CHARM,1.63,77,Global Trade Co.,0.95864018647058,9.0,Home Decor,GlobalTrade Co,Home Decor
90125D,PURPLE BERTIE GLASS BEAD BAG CHARM,1.66,95,Global Trade Co.,0.6926431038597278,32.0,LIGHTING,GlobalTrade Co,Lighting
90125E,AMBER BERTIE GLASS BEAD BAG CHARM,1.66,11,ACME SUPPLIES,0.6653638823169903,15.0,Lighting,Acme Supplies Ltd,Lighting
90126A,PINK BERTIE MOBILE PHONE CHARM,3.36,1,PACIFIC IMPORTERS LLC,1.6318846506500295,29.0,Lighting,Pacific Importers,Lighting
90126C,AMBER BERTIE MOBILE PHONE CHARM,3.29,2,Unknown Vendor,2.0996914314959607,37.0,Lighting,UNKNOWN,Lighting
90127A,PINK BEADS+HAND PHONE CHARM,2.46,2,Pacific Importers,1.0884090731822167,15.0,Lighting,Pacific Importers,Lighting
90128A,PINK LEAVES AND BEADS PHONE CHARM,2.485,3,EuroParts GmbH,1.0929444636702568,17.0,Gifts,EuroParts GmbH,Gifts
90128B,BLUE LEAVES AND BEADS PHONE CHARM,1.88,2,Acme Supplies Ltd,1.0224120800876244,11.0,Home Decor,Acme Supplies Ltd,Home Decor
90128C,GREEN LEAVES AND BEADS PHONE CHARM,2.485,2,Global Trade Co.,1.557456264329505,25.0,Home Decor,GlobalTrade Co,Home Decor
90128D,PURPLE LEAVES AND BEADS PHONE CHAR,2.485,2,Acme Supplies Ltd,1.6133246152576377,38.0,Lighting,Acme Supplies Ltd,Lighting
90129A,PINK GLASS TASSLE BAG CHARM,1.63,45,PACIFIC IMPORTERS LLC,0.7538061095731228,42.0,Stationery,Pacific Importers,Stationery
90129B,TURQUOISE GLASS TASSLE BAG CHARM,1.66,57,,0.7102407136231567,5.0,Lighting,UNKNOWN,Lighting
90129C,GREEN GLASS TASSLE BAG CHARM,1.66,35,PACIFIC IMPORTERS LLC,1.2103706767223612,36.0,Unknown,Pacific Importers,Other
90129D,AMBER GLASS TASSLE BAG CHARM,1.66,14,Acme Supplies Ltd,0.8154471682685811,21.0,home decor,Acme Supplies Ltd,Home Decor
90129E,PURPLE GLASS TASSLE BAG CHARM,1.63,42,GlobalTrade Co,1.138834176885777,30.0,home decor,GlobalTrade Co,Home Decor
90129F,RED GLASS TASSLE BAG CHARM,1.66,40,Pacific Importers,1.1656885327188973,25.0,Kitchen,Pacific Importers,Kitchen
90130A,WHITE STONE/CRYSTAL EARRINGS,2.9,6,Global Trade Co.,1.9441104306389825,42.0,Unknown,GlobalTrade Co,Other
90130B,TURQ STONE/CRYSTAL EARRINGS,2.9,39,Euro Parts,1.3313661107523589,9.0,Stationery,EuroParts GmbH,Stationery
90130C,GREEN STONE/CRYSTAL EARRINGS,2.9,14,Euro Parts,1.9941284811430136,43.0,Kitchen,EuroParts GmbH,Kitchen
90130D,RED STONE/CRYSTAL EARRINGS,2.9,3,PACIFIC IMPORTERS LLC,1.9407893176302105,14.0,home decor,Pacific Importers,Home Decor
90131,PINK/AMETHYST/GOLD NECKLACE,7.01,5,GlobalTrade Co,4.268059856225603,16.0,Stationery,GlobalTrade Co,Stationery
90132,LIGHT TOPAZ TEAL/AQUA COL NECKLACE,5.09,3,acme-supplies,2.6367254256534896,17.0,Kitchen,Acme Supplies Ltd,Kitchen
90133,TEAL/FUSCHIA COL BEAD NECKLACE,4.98,19,Acme Supplies Ltd,2.4495524972365867,5.0,Lighting,Acme Supplies Ltd,Lighting
90134,OLD ROSE COMBO BEAD NECKLACE,2.9,54,GlobalTrade Co,1.2837175502615643,17.0,LIGHTING,GlobalTrade Co,Lighting
90135,ORANGE/WHT/FUSCHIA STONES NECKLACE,4.965,8,Global Trade Co.,2.871830343006989,26.0,Lighting,GlobalTrade Co,Lighting
90135A,ORANGE/FUSCHIA STONES NECKLACE,4.98,1,EuroParts GmbH,3.0121097060136632,10.0,Stationery,EuroParts GmbH,Stationery
90136,PALE PINK/AMETHYST STONE NECKLACE,9.95,3,PACIFIC IMPORTERS LLC,5.231398034471229,7.0,Kitchen,Pacific Importers,Kitchen
90137,PINK COMBO MINI CRYSTALS NECKLACE,5.4,3,Acme Supplies Ltd,3.0584286379168417,6.0,Gifts,Acme Supplies Ltd,Gifts
90138,WHITE/PINK MINI CRYSTALS NECKLACE,5.4,10,GlobalTrade Co,2.8470423244279144,16.0,Stationery,GlobalTrade Co,Stationery
90140,PINK SWEETIE NECKLACE,7.56,2,ACME SUPPLIES,4.720102027670576,18.0,LIGHTING,Acme Supplies Ltd,Lighting
90141A,GREEN PENDANT TRIPLE SHELL NECKLACE,5.4,12,ACME SUPPLIES,3.8633799027355047,22.0,Stationery,Acme Supplies Ltd,Stationery
90141B,IVORY PENDANT TRIPLE SHELL NECKLACE,4.98,9,Euro Parts,2.277713016747825,26.0,LIGHTING,EuroParts GmbH,Lighting
90141C,TURQ PENDANT TRIPLE SHELL NECKLACE,5.4,10,Acme Supplies Ltd,2.880862650716903,8.0,Unknown,Acme Supplies Ltd,Other
90141D,ROSE PENDANT TRIPLE SHELL NECKLACE,5.23,4,Global Trade Co.,2.349859979532052,33.0,Home Decor,GlobalTrade Co,Home Decor
90141E,ORANGE PENDANT TRIPLE SHELL NECKLAC,4.95,5,ACME SUPPLIES,3.062715082231569,8.0,Stationery,Acme Supplies Ltd,Stationery
90142A,GREEN PENDANT SHELL NECKLACE,5.09,1,,3.334482812653934,37.0,Gifts,UNKNOWN,Gifts
90142D,MOP PENDANT SHELL NECKLACE,4.95,10,Pacific Importers,3.5945388092250927,17.0,Lighting,Pacific Importers,Lighting
90143,SILVER BRACELET W PASTEL FLOWER,7.5,31,acme-supplies,3.732038806435033,31.0,Kitchen,Acme Supplies Ltd,Kitchen
90144,SILVER DROP EARRINGS WITH FLOWER,3.73,18,Pacific Importers,2.73250072925732,5.0,Home Decor,Pacific Importers,Home Decor
90145,SILVER HOOP EARRINGS WITH FLOWER,5.95,28,EuroParts GmbH,2.5117445140665557,13.0,Kitchen,EuroParts GmbH,Kitchen
90146,FINE SILVER NECKLACE W PASTEL FLOWE,7.9,17,Unknown Vendor,4.827333332203087,5.0,Lighting,UNKNOWN,Lighting
90147,CHUNKY SILVER NECKLACE PASTEL FLOWE,9.95,30,ACME SUPPLIES,4.178964695113147,30.0,Stationery,Acme Supplies Ltd,Stationery
90148,LONG SILVER NECKLACE PASTEL FLOWER,12.75,7,,9.088467312887678,12.0,Unknown,UNKNOWN,Other
90149,SILVER FLOWR PINK SHELL NECKLACE,7.49,53,,4.384894443109148,35.0,Gifts,UNKNOWN,Gifts
90151,SILVER/NATURAL SHELL NECKLACE,8.5,8,,5.391311343519319,18.0,Home Decor,UNKNOWN,Home Decor
90152A,SILVER/NAT SHELL NECKLACE W PENDANT,5.95,5,PACIFIC IMPORTERS LLC,4.111752700708518,12.0,Gifts,Pacific Importers,Gifts
90152B,BLUE/GREEN SHELL NECKLACE W PENDANT,5.73,2,PACIFIC IMPORTERS LLC,2.5934479533915997,35.0,LIGHTING,Pacific Importers,Lighting
90152C,BLUE/NAT SHELL NECKLACE W PENDANT,5.95,1,Global Trade Co.,2.460366927736164,38.0,home decor,GlobalTrade Co,Home Decor
90154,LAZER CUT NECKLACE W PASTEL BEADS,8.95,57,EuroParts GmbH,6.333095189572009,5.0,Gifts,EuroParts GmbH,Gifts
90155,RESIN NECKLACE W PASTEL BEADS,7.5,9,Pacific Importers,3.826699722079698,7.0,Gifts,Pacific Importers,Gifts
90156,RESIN BRACELET W PASTEL BEADS,4.95,4,EuroParts GmbH,2.203455957983814,14.0,Gifts,EuroParts GmbH,Gifts
90157,RIVIERA NECKLACE,4.98,10,Global Trade Co.,2.808527936242792,15.0,Lighting,GlobalTrade Co,Lighting
90158,ST TROPEZ NECKLACE,4.98,45,EuroParts GmbH,3.034847489938161,26.0,Gifts,EuroParts GmbH,Gifts
90159,COTE D'AZURE NECKLACE,4.98,6,Euro Parts,2.0459817617654354,34.0,Unknown,EuroParts GmbH,Other
90160A,PURPLE BOUDICCA LARGE BRACELET,6.95,31,Acme Supplies Ltd,3.448683688710366,18.0,Gifts,Acme Supplies Ltd,Gifts
90160B,RED BOUDICCA LARGE BRACELET,6.95,30,Euro Parts,2.8597856941785498,34.0,Lighting,EuroParts GmbH,Lighting
90160C,TURQ+RED BOUDICCA LARGE BRACELET,6.95,54,Pacific Importers,3.8024658342180513,39.0,LIGHTING,Pacific Importers,Lighting
90160D,PINK BOUDICCA LARGE BRACELET,6.95,38,Euro Parts,4.95733082070364,38.0,Kitchen,EuroParts GmbH,Kitchen
90161A,ANT COPPER RED BOUDICCA BRACELET,4.98,24,Global Trade Co.,3.704763153233291,23.0,Lighting,GlobalTrade Co,Lighting
90161B,ANT COPPER TURQ BOUDICCA BRACELET,4.98,76,GlobalTrade Co,3.102373885756823,14.0,home decor,GlobalTrade Co,Home Decor
90161C,ANT COPPER LIME BOUDICCA BRACELET,4.98,83,,2.273734500266544,23.0,home decor,UNKNOWN,Home Decor
90161D,ANT COPPER PINK BOUDICCA BRACELET,4.98,64,acme-supplies,3.5708954867687903,23.0,Unknown,Acme Supplies Ltd,Other
90162A,ANT SILVER TURQUOISE BOUDICCA RING,2.95,6,Euro Parts,1.7130258774540623,8.0,LIGHTING,EuroParts GmbH,Lighting
90162B,ANT SILVER LIME GREEN BOUDICCA RING,2.95,26,Pacific Importers,1.338746164746263,11.0,Unknown,Pacific Importers,Other
90162C,ANT SILVER FUSCHIA BOUDICCA RING,2.95,14,Pacific Importers,2.1316827862088403,3.0,Stationery,Pacific Importers,Stationery
90162D,ANT SILVER PURPLE BOUDICCA RING,2.95,10,GlobalTrade Co,1.962086794871604,14.0,Lighting,GlobalTrade Co,Lighting
90163A,PINK ROSEBUD & PEARL NECKLACE,7.5,12,Pacific Importers,4.920726340898273,16.0,Kitchen,Pacific Importers,Kitchen
90163B,WHITE ROSEBUD & PEARL NECKLACE,7.48,7,GlobalTrade Co,4.848635082533752,8.0,Stationery,GlobalTrade Co,Stationery
90164A,PINK ROSEBUD PEARL BRACELET,7.48,12,Acme Supplies Ltd,3.5164896516304864,3.0,Stationery,Acme Supplies Ltd,Stationery
90164B,WHITE  ROSEBUD PEARL BRACELET,7.48,24,acme-supplies,3.544415518890304,24.0,Home Decor,Acme Supplies Ltd,Home Decor
90165A,PINK ROSEBUD PEARL EARRINGS,2.48,16,Acme Supplies Ltd,1.5894383226348574,36.0,Gifts,Acme Supplies Ltd,Gifts
90165B,WHITE ROSEBUD  PEARL EARRINGS,2.48,19,Unknown Vendor,1.1827193470958246,23.0,Stationery,UNKNOWN,Stationery
90166,PINK & WHITE ROSEBUD RING,4.15,21,Unknown Vendor,2.2971706396064286,5.0,Stationery,UNKNOWN,Stationery
90167,BEADED LOVE HEART JEWELLERY SET,0.425,20,GlobalTrade Co,0.2863227715570988,44.0,Unknown,GlobalTrade Co,Other
90168,2 DAISIES HAIR COMB,2.9,12,EuroParts GmbH,1.9557118058693088,8.0,Kitchen,EuroParts GmbH,Kitchen
90169,DAISY HAIR COMB,2.48,13,GlobalTrade Co,1.385431218552446,8.0,Stationery,GlobalTrade Co,Stationery
90170,DAISY HAIR BAND,1.65,73,EuroParts GmbH,1.117489689353954,22.0,LIGHTING,EuroParts GmbH,Lighting
90173,PAIR BUTTERFLY HAIR CLIPS,3.75,4,Euro Parts,2.6006911075099497,23.0,home decor,EuroParts GmbH,Home Decor
90174,BUTTERFLY HAIR BAND,2.48,26,,1.5603453521147377,4.0,Kitchen,UNKNOWN,Kitchen
90175A,WHITE GLASS CHUNKY CHARM BRACELET,9.15,27,Global Trade Co.,4.391533792017715,28.0,Gifts,GlobalTrade Co,Gifts
90175B,PINK GLASS CHUNKY CHARM BRACELET,9.15,10,Euro Parts,4.537522726684716,33.0,home decor,EuroParts GmbH,Home Decor
90175C,BLUE GLASS CHUNKY CHARM BRACELET,8.95,9,acme-supplies,4.566239919317863,28.0,Unknown,Acme Supplies Ltd,Other
90175D,TIGRIS EYE CHUNKY CHARM BRACELET,9.15,23,Unknown Vendor,4.034065155017982,34.0,LIGHTING,UNKNOWN,Lighting
90176A,CLASSIC DIAMANTE NECKLACE JET,7.5,2,Acme Supplies Ltd,3.717044003471106,12.0,home decor,Acme Supplies Ltd,Home Decor
90176B,DIAMANTE NECKLACE BLACK,7.5,4,PACIFIC IMPORTERS LLC,3.549987963820397,25.0,Home Decor,Pacific Importers,Home Decor
90176C,DIAMANTE NECKLACE,7.91,3,PACIFIC IMPORTERS LLC,4.424577643845115,8.0,Home Decor,Pacific Importers,Home Decor
90176D,DIAMANTE NECKLACE PURPLE,7.5,6,EuroParts GmbH,5.384648563164695,25.0,Gifts,EuroParts GmbH,Gifts
90176E,DIAMANTE NECKLACE GREEN,7.5,4,Acme Supplies Ltd,3.27426083147914,30.0,Gifts,Acme Supplies Ltd,Gifts
90177A,CLASSIC DIAMANTE EARRINGS JET,2.9,8,,1.8910719428066065,32.0,home decor,UNKNOWN,Home Decor
90177B,DROP DIAMANTE EARRINGS BLACK DIAMON,2.9,14,ACME SUPPLIES,1.8575922494793249,16.0,Unknown,Acme Supplies Ltd,Other
90177C,DROP DIAMANTE EARRINGS CRYSTAL,2.9,20,PACIFIC IMPORTERS LLC,1.257190511643308,39.0,LIGHTING,Pacific Importers,Lighting
90177D,DROP DIAMANTE EARRINGS PURPLE,2.95,19,ACME SUPPLIES,2.132556008065239,34.0,Unknown,Acme Supplies Ltd,Other
90177E,DROP DIAMANTE EARRINGS GREEN,2.925,8,GlobalTrade Co,1.751973416958044,36.0,LIGHTING,GlobalTrade Co,Lighting
90178A,AMBER CHUNKY GLASS+BEAD NECKLACE,11.95,8,Pacific Importers,6.301281992149999,43.0,Lighting,Pacific Importers,Lighting
90178B,PURPLE CHUNKY GLASS+BEAD NECKLACE,11.95,1,Global Trade Co.,0.8653070118013862,24.0,Stationery,GlobalTrade Co,Stationery
90179A,AMBER FINE BEAD NECKLACE W TASSEL,5.82,6,ACME SUPPLIES,2.8522534387641287,33.0,Stationery,Acme Supplies Ltd,Stationery
90179B,PURPLE FINE BEAD NECKLACE W TASSEL,5.82,3,ACME SUPPLIES,3.740679538063355,9.0,LIGHTING,Acme Supplies Ltd,Lighting
90179C,BLACK FINE BEAD NECKLACE W TASSEL,5.95,6,Global Trade Co.,2.462698589769205,43.0,Stationery,GlobalTrade Co,Stationery
90180A,BLACK+WHITE NECKLACE W TASSEL,9.95,-15,EuroParts GmbH,6.903238490974289,23.0,Kitchen,EuroParts GmbH,Kitchen
90180B,PURPLE AMETHYST NECKLACE W TASSEL,9.95,5,,5.540754974751742,18.0,Lighting,UNKNOWN,Lighting
90181A,AMBER GLASS/SHELL/PEARL NECKLACE,9.15,7,Acme Supplies Ltd,5.699009058231309,22.0,home decor,Acme Supplies Ltd,Home Decor
90181B,AMETHYST GLASS/SHELL/PEARL NECKLACE,9.15,15,GlobalTrade Co,4.368514117930904,21.0,Stationery,GlobalTrade Co,Stationery
90181C,BLACK GLASS/SHELL/PEARL NECKLACE,9.15,1,Acme Supplies Ltd,5.82832856478868,34.0,Kitchen,Acme Supplies Ltd,Kitchen
90182A,AMBER 3 BEAD DROP EARRINGS,2.9,8,Acme Supplies Ltd,1.943823880031676,17.0,LIGHTING,Acme Supplies Ltd,Lighting
90182B,AMETHYST 3 BEAD DROP EARRINGS,2.9,5,PACIFIC IMPORTERS LLC,1.640311384687665,7.0,LIGHTING,Pacific Importers,Lighting
90182C,BLACK 3 BEAD DROP EARRINGS,2.9,8,PACIFIC IMPORTERS LLC,1.786992827922721,13.0,Kitchen,Pacific Importers,Kitchen
90183A,AMBER DROP EARRINGS W LONG BEADS,2.9,34,ACME SUPPLIES,1.7815855890999277,17.0,Home Decor,Acme Supplies Ltd,Home Decor
90183B,AMETHYST DROP EARRINGS W LONG BEADS,2.9,21,acme-supplies,2.0675027397967134,31.0,Kitchen,Acme Supplies Ltd,Kitchen
90183C,BLACK DROP EARRINGS W LONG BEADS,2.9,9,Acme Supplies Ltd,1.6653372182220338,6.0,Gifts,Acme Supplies Ltd,Gifts
90183C,BLACK DROP EARRINGS W LONG BEADS,2.9,1,Euro Parts,2.014435839664251,38.0,Unknown,EuroParts GmbH,Other
90184A,AMBER CHUNKY BEAD BRACELET W STRAP,9.15,13,Unknown Vendor,6.226329966610472,25.0,Kitchen,UNKNOWN,Kitchen
90184B,AMETHYST CHUNKY BEAD BRACELET W STR,8.95,33,Acme Supplies Ltd,4.865906352873727,17.0,Gifts,Acme Supplies Ltd,Gifts
90184C,BLACK CHUNKY BEAD BRACELET W STRAP,9.15,21,acme-supplies,4.396845585173564,5.0,Gifts,Acme Supplies Ltd,Gifts
90184C,BLACK CHUNKY BEAD BRACELET W STRAP,9.15,1,,4.960478029522667,34.0,Home Decor,UNKNOWN,Home Decor
90185A,AMBER DIAMANTE EXPANDABLE RING,4.24,25,,2.9221065856504267,12.0,home decor,UNKNOWN,Home Decor
90185B,AMETHYST DIAMANTE EXPANDABLE RING,4.195,14,Global Trade Co.,2.012221470716823,42.0,Home Decor,GlobalTrade Co,Home Decor
90185C,BLACK DIAMANTE EXPANDABLE RING,4.25,10,Acme Supplies Ltd,2.4800990644634022,40.0,LIGHTING,Acme Supplies Ltd,Lighting
90185D,CRYSTAL DIAMANTE EXPANDABLE RING,4.25,35,Acme Supplies Ltd,2.899068912591612,24.0,LIGHTING,Acme Supplies Ltd,Lighting
90186A,AMETHYST HOOP EARRING FLORAL LEAF,2.925,12,Pacific Importers,1.5318725651626777,16.0,Kitchen,Pacific Importers,Kitchen
90186B,CRYSTAL HOOP EARRING FLORAL LEAF,2.95,22,GlobalTrade Co,1.8430814502052848,19.0,Home Decor,GlobalTrade Co,Home Decor
90187A,BLUE DROP EARRINGS W BEAD CLUSTER,3.32,1,Acme Supplies Ltd,1.6134238890447223,23.0,Home Decor,Acme Supplies Ltd,Home Decor
90187B,GREEN DROP EARRINGS W BEAD CLUSTER,3.32,12,Pacific Importers,1.4549827155178017,17.0,home decor,Pacific Importers,Home Decor
90188,DROP EARRINGS W FLOWER & LEAF,2.54,10,Acme Supplies Ltd,1.7222075761075493,17.0,Unknown,Acme Supplies Ltd,Other
90189A,SILVER 2 STRAND NECKLACE-LEAF CHARM,7.5,2,Euro Parts,3.2597926364478558,3.0,Stationery,EuroParts GmbH,Stationery
90190A,SILVER/CRYSTAL DROP EARRINGS W LEAF,2.9,16,GlobalTrade Co,1.4354521160057785,26.0,LIGHTING,GlobalTrade Co,Lighting
90190B,GOLD/AMBER DROP EARRINGS W LEAF,2.9,13,Acme Supplies Ltd,2.027936063327401,14.0,Kitchen,Acme Supplies Ltd,Kitchen
90190C,SILVER/AMETHYST DROP EARRINGS LEAF,2.9,20,Pacific Importers,1.511666326384847,12.0,LIGHTING,Pacific Importers,Lighting
90191,SILVER LARIAT 40CM,12.48,-34,GlobalTrade Co,9.242262086677856,44.0,home decor,GlobalTrade Co,Home Decor
90192,JADE DROP EARRINGS W FILIGREE,4.98,40,Unknown Vendor,3.6996769455108383,44.0,Kitchen,UNKNOWN,Kitchen
90194,SILVER LARIAT BLACK STONE EARRINGS,4.25,16,Pacific Importers,2.0990605804246654,33.0,LIGHTING,Pacific Importers,Lighting
90195A,PURPLE GEMSTONE BRACELET,8.95,-26,acme-supplies,3.708364281197782,13.0,Kitchen,Acme Supplies Ltd,Kitchen
90195B,BLACK GEMSTONE BRACELET,8.95,4,EuroParts GmbH,5.788610737773349,18.0,Home Decor,EuroParts GmbH,Home Decor
90196A,PURPLE GEMSTONE NECKLACE 45CM,12.75,8,acme-supplies,7.112527268068234,11.0,Unknown,Acme Supplies Ltd,Other
90196B,BLACK GEMSTONE NECKLACE 45CM,12.75,5,,5.54960956616961,16.0,Home Decor,UNKNOWN,Home Decor
90197B,BLACK GLASS BRACELET W HEART CHARMS,4.98,35,GlobalTrade Co,3.2252122734787285,21.0,Gifts,GlobalTrade Co,Gifts
90198A,VINTAGE ROSE BEAD BRACELET RASPBERR,4.15,75,Pacific Importers,1.7052815554850658,33.0,Lighting,Pacific Importers,Lighting
90198B,VINTAGE ROSE BEAD BRACELET BLACK,4.25,36,Acme Supplies Ltd,2.99441757710721,11.0,Lighting,Acme Supplies Ltd,Lighting
90199A,5 STRAND GLASS NECKLACE BLACK,6.35,11,Global Trade Co.,2.8481552459543176,38.0,home decor,GlobalTrade Co,Home Decor
90199B,5 STRAND GLASS NECKLACE AMETHYST,6.23,9,Euro Parts,2.769603551607234,41.0,Lighting,EuroParts GmbH,Lighting
90199C,5 STRAND GLASS NECKLACE CRYSTAL,6.35,18,Euro Parts,2.930431682235179,28.0,home decor,EuroParts GmbH,Home Decor
90199D,5 STRAND GLASS NECKLACE AMBER,6.23,6,ACME SUPPLIES,4.585860794691951,10.0,Stationery,Acme Supplies Ltd,Stationery
90200A,PURPLE SWEETHEART BRACELET,4.15,78,ACME SUPPLIES,2.666828495768712,26.0,Home Decor,Acme Supplies Ltd,Home Decor
90200B,BLACK SWEETHEART BRACELET,4.25,92,Euro Parts,2.89204015900216,10.0,LIGHTING,EuroParts GmbH,Lighting
90200C,BLUE SWEETHEART BRACELET,4.24,21,,2.286090318827405,21.0,Gifts,UNKNOWN,Gifts
90200D,PINK SWEETHEART BRACELET,4.15,176,Acme Supplies Ltd,2.148494236700948,32.0,Gifts,Acme Supplies Ltd,Gifts
90200E,GREEN SWEETHEART BRACELET,4.15,103,Global Trade Co.,2.0005880198525547,24.0,Lighting,GlobalTrade Co,Lighting
90201A,PURPLE ENAMEL FLOWER RING,2.9,65,GlobalTrade Co,1.6478577487370951,11.0,Unknown,GlobalTrade Co,Other
90201B,BLACK ENAMEL FLOWER RING,2.95,79,,1.7497631673740293,6.0,Stationery,UNKNOWN,Stationery
90201C,RED ENAMEL FLOWER RING,2.95,57,Acme Supplies Ltd,1.8323075260714696,39.0,home decor,Acme Supplies Ltd,Home Decor
90201D,GREEN ENAMEL FLOWER RING,2.9,77,ACME SUPPLIES,1.420975281558675,23.0,Stationery,Acme Supplies Ltd,Stationery
90202A,PURPLE ENAMEL FLOWER HAIR TIE,2.9,16,EuroParts GmbH,2.122883892116536,3.0,Lighting,EuroParts GmbH,Lighting
90202B,WHITE ENAMEL FLOWER HAIR TIE,2.9,11,Acme Supplies Ltd,1.332304875680243,30.0,home decor,Acme Supplies Ltd,Home Decor
90202C,GREEN ENAMEL FLOWER HAIR TIE,2.95,14,Pacific Importers,2.177036902946321,8.0,home decor,Pacific Importers,Home Decor
90202D,PINK ENAMEL FLOWER HAIR TIE,2.9,16,Global Trade Co.,1.1750789643451165,38.0,Lighting,GlobalTrade Co,Lighting
90204,PAIR OF ENAMEL BUTTERFLY HAIRCLIP,3.35,25,GlobalTrade Co,1.904119873655252,13.0,LIGHTING,GlobalTrade Co,Lighting
90205A,LARGE MINT DIAMANTE HAIRSLIDE,1.65,31,GlobalTrade Co,0.852519926512315,7.0,Home Decor,GlobalTrade Co,Home Decor
90205C,LARGE CRYSTAL DIAMANTE HAIRSLIDE,1.65,29,Pacific Importers,0.91936877154472,26.0,Unknown,Pacific Importers,Other
90206A,GOLD DIAMANTE STAR BROOCH,4.98,12,ACME SUPPLIES,2.986668361163516,20.0,Stationery,Acme Supplies Ltd,Stationery
90206C,CRYSTAL DIAMANTE STAR BROOCH,4.98,46,Pacific Importers,2.751231902416152,22.0,Gifts,Pacific Importers,Gifts
90208,PAIR OF PINK FLOWER CLUSTER SLIDE,2.48,47,Euro Parts,1.3520870660617843,30.0,Lighting,EuroParts GmbH,Lighting
90209A,PURPLE ENAMEL+GLASS HAIR COMB,2.1,78,EuroParts GmbH,1.3785517103287803,15.0,Home Decor,EuroParts GmbH,Home Decor
90209B,GREEN ENAMEL+GLASS HAIR COMB,2.07,186,ACME SUPPLIES,1.3249173613001437,7.0,Gifts,Acme Supplies Ltd,Gifts
90209C,PINK ENAMEL+GLASS HAIR COMB,2.1,189,Acme Supplies Ltd,1.4524543922963482,32.0,LIGHTING,Acme Supplies Ltd,Lighting
90210A,GREY ACRYLIC FACETED BANGLE,2.9,34,acme-supplies,1.413708365958088,3.0,Stationery,Acme Supplies Ltd,Stationery
90210B,CLEAR ACRYLIC FACETED BANGLE,2.95,41,GlobalTrade Co,1.809338186321071,24.0,Lighting,GlobalTrade Co,Lighting
90210C,RED   ACRYLIC FACETED BANGLE,2.9,89,Global Trade Co.,1.7539727071737468,20.0,home decor,GlobalTrade Co,Home Decor
90210D,PURPLE ACRYLIC FACETED BANGLE,1.25,79,EuroParts GmbH,0.6617602922568013,7.0,LIGHTING,EuroParts GmbH,Lighting
90211A,DIAMOND LAS VEGAS NECKLACE 45CM,5.94,12,Acme Supplies Ltd,3.3865136296156737,33.0,LIGHTING,Acme Supplies Ltd,Lighting
90211B,JET BLACK LAS VEGAS NECKLACE 45CM,5.94,7,Acme Supplies Ltd,3.0283530759326105,8.0,Unknown,Acme Supplies Ltd,Other
90212B,JET BLACK LAS VEGAS BRACELET ROUND,3.75,10,GlobalTrade Co,1.6861707718722931,29.0,Lighting,GlobalTrade Co,Lighting
90212C,PURPLE LAS VEGAS BRACELET ROUND,3.75,7,EuroParts GmbH,1.7806140889948368,27.0,LIGHTING,EuroParts GmbH,Lighting
90214A,"LETTER ""A"" BLING KEY RING",0.83,130,ACME SUPPLIES,0.3626517142795489,31.0,Unknown,Acme Supplies Ltd,Other
90214B,"LETTER ""B"" BLING KEY RING",0.83,37,PACIFIC IMPORTERS LLC,0.5304317115927311,30.0,Home Decor,Pacific Importers,Home Decor
90214C,"LETTER ""C"" BLING KEY RING",0.83,91,acme-supplies,0.5239413076982086,18.0,Home Decor,Acme Supplies Ltd,Home Decor
90214D,"LETTER ""D"" BLING KEY RING",0.83,68,,0.608151150943953,14.0,LIGHTING,UNKNOWN,Lighting
90214E,"LETTER ""E"" BLING KEY RING",0.83,72,,0.5439715791645235,22.0,Stationery,UNKNOWN,Stationery
90214F,"LETTER ""F"" BLING KEY RING",0.83,27,GlobalTrade Co,0.3471193161586562,20.0,Unknown,GlobalTrade Co,Other
90214G,"LETTER ""G"" BLING KEY RING",0.83,60,ACME SUPPLIES,0.5888732230263611,36.0,Lighting,Acme Supplies Ltd,Lighting
90214H,"LETTER ""H"" BLING KEY RING",0.83,48,Global Trade Co.,0.5826071348357333,25.0,Home Decor,GlobalTrade Co,Home Decor
90214I,"LETTER ""I"" BLING KEY RING",0.83,38,acme-supplies,0.4607845531844689,29.0,Lighting,Acme Supplies Ltd,Lighting
90214J,"LETTER ""J"" BLING KEY RING",0.83,71,EuroParts GmbH,0.5021932161783612,19.0,Stationery,EuroParts GmbH,Stationery
90214K,"LETTER ""K"" BLING KEY RING",0.83,78,Euro Parts,0.6155507555832667,23.0,Unknown,EuroParts GmbH,Other
90214L,"LETTER ""L"" BLING KEY RING",0.83,94,EuroParts GmbH,0.4866344176978923,42.0,Lighting,EuroParts GmbH,Lighting
90214M,"LETTER ""M"" BLING KEY RING",0.83,60,Euro Parts,0.594995991143254,33.0,Gifts,EuroParts GmbH,Gifts
90214N,"LETTER ""N"" BLING KEY RING",0.83,41,GlobalTrade Co,0.3561227591438591,5.0,Lighting,GlobalTrade Co,Lighting
90214O,"LETTER ""O"" BLING KEY RING",0.83,16,ACME SUPPLIES,0.3875005678598723,19.0,Kitchen,Acme Supplies Ltd,Kitchen
90214P,"LETTER ""P"" BLING KEY RING",0.83,39,EuroParts GmbH,0.4600393110697028,28.0,Kitchen,EuroParts GmbH,Kitchen
90214R,"LETTER ""R"" BLING KEY RING",0.83,41,GlobalTrade Co,0.501871852821987,25.0,home decor,GlobalTrade Co,Home Decor
90214S,"LETTER ""S"" BLING KEY RING",0.83,94,EuroParts GmbH,0.5691141909661435,8.0,Stationery,EuroParts GmbH,Stationery
90214T,"LETTER ""T"" BLING KEY RING",0.83,24,acme-supplies,0.6190901444490957,30.0,Stationery,Acme Supplies Ltd,Stationery
90214U,"LETTER ""U"" BLING KEY RING",0.29,12,Acme Supplies Ltd,0.1554684268921228,10.0,Stationery,Acme Supplies Ltd,Stationery
90214V,"LETTER ""V"" BLING KEY RING",0.83,26,Unknown Vendor,0.3457742422986947,10.0,Gifts,UNKNOWN,Gifts
90214W,"LETTER ""W"" BLING KEY RING",0.83,16,ACME SUPPLIES,0.5647403217072918,21.0,Unknown,Acme Supplies Ltd,Other
90214Y,"LETTER ""Y"" BLING KEY RING",0.83,66,Unknown Vendor,0.5075725988935558,23.0,Gifts,UNKNOWN,Gifts
90214Z,"LETTER ""Z"" BLING KEY RING",0.83,22,Unknown Vendor,0.3896767005012125,31.0,home decor,UNKNOWN,Home Decor
AMAZONFEE,AMAZON FEE,5909.875,-30,Euro Parts,3387.4810137764307,25.0,Lighting,EuroParts GmbH,Lighting
B,ADJUST BAD DEBT,-11062.06,3,PACIFIC IMPORTERS LLC,7298.842166148076,34.0,LIGHTING,Pacific Importers,Lighting
BANK CHARGES,BANK CHARGES,82.73,-13,Pacific Importers,55.39965850046612,12.0,Home Decor,Pacific Importers,Home Decor
C2,CARRIAGE,50.0,290,,28.74332220997833,29.0,Unknown,UNKNOWN,Other
CRUK,CRUK COMMISSION,471.77,-16,GlobalTrade Co,239.10487060761216,3.0,Kitchen,GlobalTrade Co,Kitchen
D,DISCOUNT,22.97,-1194,Global Trade Co.,17.01640348829847,41.0,Kitchen,GlobalTrade Co,Kitchen
DCGS0003,BOXED GLASS ASHTRAY,2.46,-3,PACIFIC IMPORTERS LLC,1.5551552080335402,31.0,home decor,Pacific Importers,Home Decor
DCGS0004,HAYNES CAMPER SHOULDER BAG,16.63,1,Global Trade Co.,9.028146481355131,5.0,LIGHTING,GlobalTrade Co,Lighting
DCGS0055,UNKNOWN,0.0,-1,Global Trade Co.,0.0,39.0,Kitchen,GlobalTrade Co,Kitchen
DCGS0057,UNKNOWN,0.0,-6,GlobalTrade Co,0.0,33.0,home decor,GlobalTrade Co,Home Decor
DCGS0066P,UNKNOWN,0.0,-3,Pacific Importers,0.0,13.0,Lighting,Pacific Importers,Lighting
DCGS0067,EBAY,0.0,-11,,0.0,24.0,Lighting,UNKNOWN,Lighting
DCGS0068,EBAY,0.0,-10,ACME SUPPLIES,0.0,20.0,Stationery,Acme Supplies Ltd,Stationery
DCGS0069,OOH LA LA DOGS COLLAR,7.895,-4,,3.959307662723925,37.0,Home Decor,UNKNOWN,Home Decor
DCGS0070,CAMOUFLAGE DOG COLLAR,6.36,-7,EuroParts GmbH,3.943942852599968,8.0,Stationery,EuroParts GmbH,Stationery
DCGS0071,UNKNOWN,0.0,-2,Euro Parts,0.0,5.0,Lighting,EuroParts GmbH,Lighting
DCGS0072,UNKNOWN,0.0,-1,Pacific Importers,0.0,23.0,Gifts,Pacific Importers,Gifts
DCGS0073,EBAY,0.0,-4,Euro Parts,0.0,11.0,Stationery,EuroParts GmbH,Stationery
DCGS0074,UNKNOWN,0.0,-1,Acme Supplies Ltd,0.0,30.0,Unknown,Acme Supplies Ltd,Other
DCGS0076,SUNJAR LED NIGHT NIGHT LIGHT,16.13,3,Euro Parts,7.168617513599563,21.0,Lighting,EuroParts GmbH,Lighting
DCGSSBOY,BOYS PARTY BAG,3.29,47,Acme Supplies Ltd,2.391058107577111,30.0,Lighting,Acme Supplies Ltd,Lighting
DCGSSGIRL,GIRLS PARTY BAG,3.29,47,,2.3147588669413346,29.0,LIGHTING,UNKNOWN,Lighting
DOT,DOTCOM POSTAGE,184.94,1707,Unknown Vendor,89.09727903467358,15.0,LIGHTING,UNKNOWN,Lighting
M,MANUAL,7.95,3164,GlobalTrade Co,5.34581982439783,40.0,Gifts,GlobalTrade Co,Gifts
PADS,PADS TO MATCH ALL CUSHIONS,0.001,4,ACME SUPPLIES,0.0006130000576108,23.0,Gifts,Acme Supplies Ltd,Gifts
POST,POSTAGE,18.0,6353,EuroParts GmbH,13.316699682134177,29.0,Gifts,EuroParts GmbH,Gifts
S,SAMPLES,19.5,-59,acme-supplies,10.349858626319952,8.0,LIGHTING,Acme Supplies Ltd,Lighting
GIFT_0001_10,DOTCOMGIFTSHOP GIFT VOUCHER £10.00,8.33,39,,5.318798415793812,40.0,Home Decor,UNKNOWN,Home Decor
GIFT_0001_20,DOTCOMGIFTSHOP GIFT VOUCHER £20.00,16.67,20,Acme Supplies Ltd,7.038699172482354,13.0,Unknown,Acme Supplies Ltd,Other
GIFT_0001_30,DOTCOMGIFTSHOP GIFT VOUCHER £30.00,25.0,37,Acme Supplies Ltd,13.467164284643552,43.0,Lighting,Acme Supplies Ltd,Lighting
GIFT_0001_40,DOTCOMGIFTSHOP GIFT VOUCHER £40.00,33.33,3,Unknown Vendor,24.57541492659072,19.0,Gifts,UNKNOWN,Gifts
GIFT_0001_50,DOTCOMGIFTSHOP GIFT VOUCHER £50.00,41.67,4,EuroParts GmbH,24.528766563417783,41.0,Home Decor,EuroParts GmbH,Home Decor
M,MANUAL,2.55,1,Euro Parts,1.276932456726349,9.0,Kitchen,EuroParts GmbH,Kitchen
